 Reporting Area,MMWR Year,MMWR Week,"Legionellosis, Current week","Legionellosis, Current week, flag","Legionellosis, Previous 52 weeks Med","Legionellosis, Previous 52 weeks Med, flag","Legionellosis, Previous 52 weeks Max","Legionellosis, Previous 52 weeks Max, flag","Legionellosis, Cum 2017","Legionellosis, Cum 2017, flag","Legionellosis, Cum 2016","Legionellosis, Cum 2016, flag","Malaria, Current week","Malaria, Current week, flag","Malaria, Previous 52 weeks Med","Malaria, Previous 52 weeks Med, flag","Malaria, Previous 52 weeks Max","Malaria, Previous 52 weeks Max, flag","Malaria, Cum 2017","Malaria, Cum 2017, flag","Malaria, Cum 2016","Malaria, Cum 2016, flag",Location 1,Location 2
UNITED STATES,2017,1,43,,97,,210,,43,,85,,10,,31,,84,,10,,22,,,
NEW ENGLAND,2017,1,1,,4,,21,,1,,3,,,-,2,,7,,,-,1,,,
MID. ATLANTIC,2017,1,13,,20,,64,,13,,23,,5,,8,,24,,5,,5,,,
NEW YORK CITY,2017,1,11,,4,,31,,11,,4,,4,,5,,17,,4,,5,,,
E.N. CENTRAL,2017,1,19,,17,,71,,19,,22,,1,,3,,25,,1,,2,,,
W.N. CENTRAL,2017,1,1,,5,,18,,1,,2,,1,,1,,5,,1,,1,,,
S. ATLANTIC,2017,1,5,,19,,33,,5,,20,,,-,8,,26,,,-,11,,,
E.S. CENTRAL,2017,1,3,,5,,13,,3,,3,,,-,1,,3,,,-,1,,,
W.S. CENTRAL,2017,1,,-,6,,27,,,-,1,,,-,2,,10,,,-,1,,,
MOUNTAIN,2017,1,1,,3,,10,,1,,1,,1,,1,,5,,1,,,-,,
PACIFIC,2017,1,,-,10,,19,,,-,10,,2,,3,,9,,2,,,-,,
AMER. SAMOA,2017,1,,N,0,,0,,,N,,N,,-,0,,0,,,-,,-,,
TEXAS,2017,1,,-,4,,16,,,-,,-,,-,2,,9,,,-,1,,"TEXAS
(31.827233, -99.423022)",
WYOMING,2017,1,,-,0,,1,,,-,,-,,-,0,,1,,,-,,-,"WYOMING
(43.23558, -108.110518)",
UTAH,2017,1,,-,0,,3,,,-,,-,,-,0,,3,,,-,,-,"UTAH
(39.359772, -111.584173)",
VIRGIN ISL.,2017,1,,-,0,,0,,,-,,-,,-,0,,0,,,-,,-,"VIRGIN ISLANDS
(18.060868, -64.840836)",
OHIO,2017,1,19,,8,,32,,19,,8,,1,,1,,13,,1,,1,,"OHIO
(40.056807, -82.405897)",
C.N.M.I.,2017,1,,-,,-,,-,,-,,-,,-,,-,,-,,-,,-,"NORTHERN MARIANA ISLANDS
(15.1834, 145.725693)",
OREGON,2017,1,,-,1,,3,,,-,,-,2,,0,,3,,2,,,-,"OREGON
(44.567912, -120.156945)",
COLORADO,2017,1,,-,0,,4,,,-,,-,,-,0,,0,,,-,,-,"COLORADO
(38.841772, -106.132562)",
ARKANSAS,2017,1,,-,0,,6,,,-,1,,,-,0,,1,,,-,,-,"ARKANSAS
(34.748745, -92.275105)",
SOUTH CAROLINA,2017,1,,-,1,,4,,,-,,-,,-,0,,3,,,-,,-,"SOUTH CAROLINA
(34.009286, -81.037094)",
KENTUCKY,2017,1,,-,1,,6,,,-,,-,,-,0,,2,,,-,,-,"KENTUCKY
(37.64591, -84.774043)",
NEW YORK,2017,1,2,,7,,26,,2,,7,,,-,1,,8,,,-,,-,"NEW YORK
(42.826892, -75.544286)",
FLORIDA,2017,1,5,,5,,13,,5,,4,,,-,1,,4,,,-,3,,"FLORIDA
(28.915325, -81.922409)",
MONTANA,2017,1,,-,0,,1,,,-,,-,,-,0,,1,,,-,,-,"MONTANA
(47.062617, -109.430168)",
DELAWARE,2017,1,,-,0,,2,,,-,2,,,-,0,,2,,,-,,-,"DELAWARE
(39.008676, -75.574561)",
NEW MEXICO,2017,1,,-,0,,3,,,-,,-,,-,0,,1,,,-,,-,"NEW MEXICO
(34.520396, -106.244402)",
VIRGINIA,2017,1,,-,2,,7,,,-,,-,,-,1,,4,,,-,,-,"VIRGINIA
(37.542699, -78.45822)",
IDAHO,2017,1,,-,0,,1,,,-,,-,,-,0,,0,,,-,,-,"IDAHO
(43.680635, -114.364237)",
RHODE ISLAND,2017,1,,-,0,,5,,,-,,-,,-,0,,3,,,-,,-,"RHODE ISLAND
(41.707447, -71.522488)",
TENNESSEE,2017,1,3,,2,,7,,3,,3,,,-,0,,2,,,-,,-,"TENNESSEE
(35.681402, -85.774444)",
NORTH CAROLINA,2017,1,,-,4,,8,,,-,7,,,-,1,,4,,,-,3,,"NORTH CAROLINA
(35.47995, -79.180571)",
PENNSYLVANIA,2017,1,,-,6,,18,,,-,9,,1,,1,,5,,1,,,-,"PENNSYLVANIA
(40.789676, -77.858055)",
MISSISSIPPI,2017,1,,-,0,,3,,,-,,-,,-,0,,1,,,-,,-,"MISSISSIPPI
(32.738663, -89.537312)",
WEST VIRGINIA,2017,1,,-,0,,3,,,-,,-,,-,0,,1,,,-,,-,"WEST VIRGINIA
(38.668501, -80.709421)",
OKLAHOMA,2017,1,,-,0,,20,,,-,,-,,-,0,,1,,,-,,-,"OKLAHOMA
(35.468494, -97.521264)",
ARIZONA,2017,1,1,,1,,3,,1,,1,,1,,0,,4,,1,,,-,"ARIZONA
(34.869712, -111.760902)",
NORTH DAKOTA,2017,1,,-,0,,2,,,-,,-,,-,0,,1,,,-,,-,"NORTH DAKOTA
(47.475879, -100.121011)",
MAINE,2017,1,,-,0,,2,,,-,,-,,-,0,,1,,,-,1,,"MAINE
(45.252223, -68.986647)",
GEORGIA,2017,1,,-,2,,6,,,-,3,,,-,1,,5,,,-,3,,"GEORGIA
(32.836038, -83.631709)",
WISCONSIN,2017,1,,-,0,,3,,,-,1,,,-,0,,2,,,-,,-,"WISCONSIN
(44.395526, -89.834513)",
NEBRASKA,2017,1,,-,0,,3,,,-,,-,,-,0,,1,,,-,,-,"NEBRASKA
(41.640503, -99.367122)",
MISSOURI,2017,1,1,,2,,13,,1,,1,,,-,0,,3,,,-,,-,"MISSOURI
(38.636168, -92.566292)",
CALIFORNIA,2017,1,,-,9,,18,,,-,10,,,-,2,,7,,,-,,-,"CALIFORNIA
(37.640735, -121.002435)",
ILLINOIS,2017,1,,-,4,,17,,,-,3,,,-,1,,5,,,-,1,,"ILLINOIS
(40.477092, -88.993221)",
HAWAII,2017,1,,-,0,,1,,,-,,-,,-,0,,1,,,-,,-,"HAWAII
(21.30992, -157.858158)",
MINNESOTA,2017,1,,-,1,,9,,,-,,-,,-,0,,0,,,-,,-,"MINNESOTA
(46.357661, -94.793397)",
NEW HAMPSHIRE,2017,1,,-,0,,3,,,-,,-,,-,0,,2,,,-,,-,"NEW HAMPSHIRE
(43.657736, -71.500736)",
SOUTH DAKOTA,2017,1,,-,0,,1,,,-,,-,,-,0,,1,,,-,1,,"SOUTH DAKOTA
(44.35371, -100.373709)",
KANSAS,2017,1,,-,0,,4,,,-,1,,1,,0,,2,,1,,,-,"KANSAS
(38.345528, -98.201847)",
LOUISIANA,2017,1,,-,0,,2,,,-,,-,,-,0,,1,,,-,,-,"LOUISIANA
(31.2931, -92.463284)",
NEW JERSEY,2017,1,,-,2,,7,,,-,3,,,-,1,,7,,,-,,-,"NEW JERSEY
(40.104655, -74.386686)",
CONNECTICUT,2017,1,1,,1,,6,,1,,1,,,-,0,,1,,,-,,-,"CONNECTICUT
(41.544654, -72.651713)",
MICHIGAN,2017,1,,-,3,,23,,,-,5,,,-,0,,4,,,-,,-,"MICHIGAN
(44.66399, -84.711206)",
ALABAMA,2017,1,,-,1,,4,,,-,,-,,-,0,,1,,,-,1,,"ALABAMA
(32.839182, -86.631125)",
NEVADA,2017,1,,-,0,,4,,,-,,-,,-,0,,1,,,-,,-,"NEVADA
(39.491833, -117.070159)",
DIST. OF COL.,2017,1,,-,0,,0,,,-,,-,,-,0,,3,,,-,1,,"DISTRICT OF COLUMBIA
(38.892062, -77.019912)",
MARYLAND,2017,1,,-,3,,6,,,-,4,,,-,3,,10,,,-,1,,"MARYLAND
(39.290443, -76.612333)",
GUAM,2017,1,,-,0,,0,,,-,,-,,-,0,,0,,,-,,-,"GUAM
(13.3532, 144.653198)",
VERMONT,2017,1,,-,0,,2,,,-,,-,,-,0,,2,,,-,,-,"VERMONT
(43.622479, -72.51927)",
ALASKA,2017,1,,-,0,,1,,,-,,-,,-,0,,1,,,-,,-,"ALASKA
(64.836661, -147.738891)",
IOWA,2017,1,,-,0,,2,,,-,,-,,-,0,,3,,,-,,-,"IOWA
(42.46942, -93.815856)",
INDIANA,2017,1,,-,2,,12,,,-,5,,,-,0,,2,,,-,,-,"INDIANA
(39.76845, -86.156212)",
WASHINGTON,2017,1,,-,0,,6,,,-,,-,,-,1,,4,,,-,,-,"WASHINGTON
(47.517368, -120.467672)",
PUERTO RICO,2017,1,,-,0,,1,,,-,,-,,-,0,,1,,,-,,-,"PUERTO RICO
(18.215692, -66.414655)",
MASSACHUSETTS,2017,1,,-,2,,11,,,-,2,,,-,1,,6,,,-,,-,"MASSACHUSETTS
(42.268546, -72.085064)",
UNITED STATES,2017,2,41,,97,,210,,87,,161,,11,,32,,85,,27,,39,,,
NEW ENGLAND,2017,2,,-,4,,21,,1,,5,,,-,2,,7,,,-,4,,,
MID. ATLANTIC,2017,2,9,,20,,64,,24,,33,,4,,8,,24,,11,,11,,,
NEW YORK CITY,2017,2,7,,4,,31,,18,,8,,4,,4,,17,,8,,7,,,
E.N. CENTRAL,2017,2,9,,17,,71,,28,,34,,1,,3,,25,,2,,4,,,
W.N. CENTRAL,2017,2,2,,5,,19,,4,,3,,,-,1,,5,,1,,1,,,
S. ATLANTIC,2017,2,11,,19,,34,,16,,44,,3,,8,,26,,7,,14,,,
E.S. CENTRAL,2017,2,6,,5,,13,,9,,7,,,-,1,,3,,,-,3,,,
W.S. CENTRAL,2017,2,3,,6,,27,,3,,3,,1,,2,,11,,1,,1,,,
MOUNTAIN,2017,2,1,,3,,10,,2,,6,,2,,1,,5,,3,,,-,,
PACIFIC,2017,2,,-,10,,20,,,-,26,,,-,3,,9,,2,,1,,,
AMER. SAMOA,2017,2,,N,0,,0,,,N,,N,,-,0,,0,,,-,,-,,
NEW MEXICO,2017,2,,-,0,,3,,,-,,-,,-,0,,1,,,-,,-,"NEW MEXICO
(34.520396, -106.244402)",
MONTANA,2017,2,1,,0,,1,,1,,,-,,-,0,,1,,,-,,-,"MONTANA
(47.062617, -109.430168)",
ALASKA,2017,2,,-,0,,1,,,-,,-,,-,0,,1,,,-,,-,"ALASKA
(64.836661, -147.738891)",
GEORGIA,2017,2,,-,2,,6,,,-,8,,,-,1,,5,,1,,3,,"GEORGIA
(32.836038, -83.631709)",
IOWA,2017,2,,-,0,,2,,,-,,-,,-,0,,3,,,-,,-,"IOWA
(42.46942, -93.815856)",
NEBRASKA,2017,2,1,,0,,3,,1,,,-,,-,0,,1,,,-,,-,"NEBRASKA
(41.640503, -99.367122)",
ALABAMA,2017,2,2,,1,,4,,2,,1,,,-,0,,1,,,-,1,,"ALABAMA
(32.839182, -86.631125)",
PUERTO RICO,2017,2,,-,0,,1,,,-,,-,,-,0,,1,,,-,,-,"PUERTO RICO
(18.215692, -66.414655)",
CONNECTICUT,2017,2,,-,1,,6,,1,,1,,,-,0,,1,,,-,1,,"CONNECTICUT
(41.544654, -72.651713)",
MARYLAND,2017,2,2,,2,,6,,2,,6,,2,,3,,10,,5,,2,,"MARYLAND
(39.290443, -76.612333)",
NEW HAMPSHIRE,2017,2,,-,0,,3,,,-,,-,,-,0,,2,,,-,1,,"NEW HAMPSHIRE
(43.657736, -71.500736)",
WYOMING,2017,2,,-,0,,1,,,-,,-,,-,0,,1,,,-,,-,"WYOMING
(43.23558, -108.110518)",
TENNESSEE,2017,2,2,,2,,7,,5,,6,,,-,0,,2,,,-,1,,"TENNESSEE
(35.681402, -85.774444)",
C.N.M.I.,2017,2,,-,,-,,-,,-,,-,,-,,-,,-,,-,,-,"NORTHERN MARIANA ISLANDS
(15.1834, 145.725693)",
KENTUCKY,2017,2,2,,1,,6,,2,,,-,,-,0,,2,,,-,,-,"KENTUCKY
(37.64591, -84.774043)",
GUAM,2017,9,,-,0,,0,,,-,,-,,-,0,,0,,,-,,-,"GUAM
(13.3532, 144.653198)",
CALIFORNIA,2017,2,,-,9,,18,,,-,25,,,-,2,,7,,,-,,-,"CALIFORNIA
(37.640735, -121.002435)",
OKLAHOMA,2017,2,,-,0,,20,,,-,,-,,-,0,,1,,,-,,-,"OKLAHOMA
(35.468494, -97.521264)",
NEW YORK,2017,2,,-,6,,26,,2,,11,,,-,1,,8,,,-,1,,"NEW YORK
(42.826892, -75.544286)",
IDAHO,2017,2,,-,0,,1,,,-,1,,,-,0,,0,,,-,,-,"IDAHO
(43.680635, -114.364237)",
UTAH,2017,2,,-,0,,3,,,-,2,,1,,0,,3,,1,,,-,"UTAH
(39.359772, -111.584173)",
SOUTH CAROLINA,2017,2,2,,1,,4,,2,,1,,,-,0,,3,,,-,,-,"SOUTH CAROLINA
(34.009286, -81.037094)",
WEST VIRGINIA,2017,2,,-,0,,3,,,-,,-,,-,0,,1,,,-,,-,"WEST VIRGINIA
(38.668501, -80.709421)",
LOUISIANA,2017,2,,-,0,,2,,,-,,-,,-,0,,1,,,-,,-,"LOUISIANA
(31.2931, -92.463284)",
VIRGINIA,2017,2,,-,2,,7,,,-,2,,,-,1,,4,,,-,1,,"VIRGINIA
(37.542699, -78.45822)",
VIRGIN ISL.,2017,2,,-,0,,0,,,-,,-,,-,0,,0,,,-,,-,"VIRGIN ISLANDS
(18.060868, -64.840836)",
ARIZONA,2017,2,,-,1,,3,,1,,3,,,-,0,,4,,1,,,-,"ARIZONA
(34.869712, -111.760902)",
NEVADA,2017,2,,-,0,,4,,,-,,-,,-,0,,1,,,-,,-,"NEVADA
(39.491833, -117.070159)",
MICHIGAN,2017,2,,-,3,,23,,,-,9,,,-,0,,4,,,-,2,,"MICHIGAN
(44.66399, -84.711206)",
NORTH CAROLINA,2017,2,,-,4,,10,,,-,12,,,-,0,,4,,,-,4,,"NORTH CAROLINA
(35.47995, -79.180571)",
INDIANA,2017,2,,-,2,,12,,,-,5,,,-,0,,2,,,-,,-,"INDIANA
(39.76845, -86.156212)",
SOUTH DAKOTA,2017,2,,-,0,,1,,,-,,-,,-,0,,1,,,-,1,,"SOUTH DAKOTA
(44.35371, -100.373709)",
ARKANSAS,2017,2,,-,0,,6,,,-,1,,,-,0,,1,,,-,,-,"ARKANSAS
(34.748745, -92.275105)",
MAINE,2017,2,,-,0,,2,,,-,,-,,-,0,,1,,,-,1,,"MAINE
(45.252223, -68.986647)",
ILLINOIS,2017,2,,-,4,,17,,,-,6,,,-,1,,5,,,-,1,,"ILLINOIS
(40.477092, -88.993221)",
OHIO,2017,2,9,,8,,32,,28,,13,,1,,1,,13,,2,,1,,"OHIO
(40.056807, -82.405897)",
RHODE ISLAND,2017,2,,-,0,,5,,,-,,-,,-,0,,3,,,-,,-,"RHODE ISLAND
(41.707447, -71.522488)",
MASSACHUSETTS,2017,2,,-,2,,11,,,-,3,,,-,1,,6,,,-,1,,"MASSACHUSETTS
(42.268546, -72.085064)",
KANSAS,2017,2,,-,0,,4,,,-,1,,,-,0,,2,,1,,,-,"KANSAS
(38.345528, -98.201847)",
WASHINGTON,2017,2,,-,1,,6,,,-,,-,,-,1,,4,,,-,,-,"WASHINGTON
(47.517368, -120.467672)",
COLORADO,2017,2,,-,0,,4,,,-,,-,1,,0,,2,,1,,,-,"COLORADO
(38.841772, -106.132562)",
TEXAS,2017,2,3,,4,,16,,3,,2,,1,,2,,11,,1,,1,,"TEXAS
(31.827233, -99.423022)",
DIST. OF COL.,2017,2,,-,0,,0,,,-,,-,,-,0,,3,,,-,1,,"DISTRICT OF COLUMBIA
(38.892062, -77.019912)",
MISSISSIPPI,2017,2,,-,0,,3,,,-,,-,,-,0,,1,,,-,1,,"MISSISSIPPI
(32.738663, -89.537312)",
PENNSYLVANIA,2017,2,2,,6,,19,,4,,10,,,-,1,,5,,2,,2,,"PENNSYLVANIA
(40.789676, -77.858055)",
GUAM,2017,2,,-,0,,0,,,-,,-,,-,0,,0,,,-,,-,"GUAM
(13.3532, 144.653198)",
VERMONT,2017,2,,-,0,,2,,,-,1,,,-,0,,2,,,-,,-,"VERMONT
(43.622479, -72.51927)",
FLORIDA,2017,2,7,,5,,13,,12,,12,,1,,1,,4,,1,,3,,"FLORIDA
(28.915325, -81.922409)",
OREGON,2017,2,,-,1,,3,,,-,1,,,-,0,,3,,2,,1,,"OREGON
(44.567912, -120.156945)",
HAWAII,2017,2,,-,0,,1,,,-,,-,,-,0,,1,,,-,,-,"HAWAII
(21.30992, -157.858158)",
MISSOURI,2017,2,1,,2,,13,,3,,2,,,-,0,,3,,,-,,-,"MISSOURI
(38.636168, -92.566292)",
MINNESOTA,2017,2,,-,1,,9,,,-,,-,,-,0,,0,,,-,,-,"MINNESOTA
(46.357661, -94.793397)",
NEW JERSEY,2017,2,,-,2,,7,,,-,4,,,-,1,,7,,1,,1,,"NEW JERSEY
(40.104655, -74.386686)",
DELAWARE,2017,2,,-,0,,2,,,-,3,,,-,0,,2,,,-,,-,"DELAWARE
(39.008676, -75.574561)",
NORTH DAKOTA,2017,2,,-,0,,2,,,-,,-,,-,0,,1,,,-,,-,"NORTH DAKOTA
(47.475879, -100.121011)",
WISCONSIN,2017,2,,-,0,,3,,,-,1,,,-,0,,2,,,-,,-,"WISCONSIN
(44.395526, -89.834513)",
UNITED STATES,2017,3,36,,97,,208,,147,,229,,15,,33,,85,,46,,60,,,
NEW ENGLAND,2017,3,,-,4,,21,,3,,6,,,-,2,,7,,,-,8,,,
MID. ATLANTIC,2017,3,11,,20,,64,,37,,64,,6,,8,,24,,17,,12,,,
NEW YORK CITY,2017,3,4,,4,,31,,22,,35,,2,,4,,17,,10,,7,,,
E.N. CENTRAL,2017,3,7,,19,,69,,35,,41,,2,,3,,25,,4,,6,,,
W.N. CENTRAL,2017,3,1,,5,,20,,8,,4,,,-,1,,5,,2,,2,,,
S. ATLANTIC,2017,3,9,,18,,34,,29,,57,,6,,8,,26,,15,,22,,,
E.S. CENTRAL,2017,3,2,,5,,13,,19,,10,,,-,1,,3,,1,,4,,,
W.S. CENTRAL,2017,3,2,,6,,27,,6,,5,,,-,2,,14,,1,,3,,,
MOUNTAIN,2017,3,3,,3,,10,,7,,9,,1,,1,,5,,4,,1,,,
PACIFIC,2017,3,1,,10,,21,,3,,33,,,-,3,,9,,2,,2,,,
AMER. SAMOA,2017,3,,N,0,,0,,,N,,N,,-,0,,0,,,-,,-,,
UTAH,2017,3,,-,0,,3,,,-,2,,,-,0,,3,,1,,,-,"UTAH
(39.359772, -111.584173)",
GUAM,2017,3,,-,0,,0,,,-,,-,,-,0,,0,,,-,,-,"GUAM
(13.3532, 144.653198)",
NEVADA,2017,3,,-,0,,4,,,-,,-,,-,0,,1,,,-,,-,"NEVADA
(39.491833, -117.070159)",
CONNECTICUT,2017,3,,-,1,,6,,1,,1,,,-,0,,0,,,-,1,,"CONNECTICUT
(41.544654, -72.651713)",
WASHINGTON,2017,3,,-,1,,6,,,-,,-,,-,1,,4,,,-,,-,"WASHINGTON
(47.517368, -120.467672)",
ARKANSAS,2017,3,,-,0,,6,,,-,1,,,-,0,,1,,,-,,-,"ARKANSAS
(34.748745, -92.275105)",
C.N.M.I.,2017,3,,-,,-,,-,,-,,-,,-,,-,,-,,-,,-,"NORTHERN MARIANA ISLANDS
(15.1834, 145.725693)",
NORTH CAROLINA,2017,3,,-,4,,10,,,-,13,,,-,1,,4,,1,,4,,"NORTH CAROLINA
(35.47995, -79.180571)",
MAINE,2017,3,,-,0,,2,,,-,1,,,-,0,,1,,,-,1,,"MAINE
(45.252223, -68.986647)",
TENNESSEE,2017,3,2,,2,,7,,10,,8,,,-,0,,2,,,-,1,,"TENNESSEE
(35.681402, -85.774444)",
DELAWARE,2017,3,,-,0,,2,,,-,3,,,-,0,,2,,,-,,-,"DELAWARE
(39.008676, -75.574561)",
MONTANA,2017,3,,-,0,,1,,1,,,-,,-,0,,1,,,-,,-,"MONTANA
(47.062617, -109.430168)",
OKLAHOMA,2017,3,,-,0,,20,,,-,,-,,-,0,,1,,,-,,-,"OKLAHOMA
(35.468494, -97.521264)",
MISSOURI,2017,3,,-,2,,13,,4,,3,,,-,0,,3,,,-,,-,"MISSOURI
(38.636168, -92.566292)",
CALIFORNIA,2017,3,,-,8,,18,,1,,32,,,-,2,,7,,,-,1,,"CALIFORNIA
(37.640735, -121.002435)",
ILLINOIS,2017,3,,-,4,,17,,,-,11,,,-,1,,5,,,-,2,,"ILLINOIS
(40.477092, -88.993221)",
RHODE ISLAND,2017,3,,-,0,,5,,,-,,-,,-,0,,3,,,-,,-,"RHODE ISLAND
(41.707447, -71.522488)",
IOWA,2017,3,,-,1,,2,,1,,,-,,-,0,,3,,,-,,-,"IOWA
(42.46942, -93.815856)",
VIRGINIA,2017,3,,-,2,,7,,1,,3,,2,,1,,4,,2,,2,,"VIRGINIA
(37.542699, -78.45822)",
PENNSYLVANIA,2017,3,7,,6,,19,,13,,11,,1,,1,,5,,3,,2,,"PENNSYLVANIA
(40.789676, -77.858055)",
FLORIDA,2017,3,7,,5,,13,,19,,20,,1,,1,,4,,2,,5,,"FLORIDA
(28.915325, -81.922409)",
IDAHO,2017,3,,-,0,,1,,,-,2,,1,,0,,0,,1,,,-,"IDAHO
(43.680635, -114.364237)",
NEBRASKA,2017,3,1,,0,,3,,3,,,-,,-,0,,1,,,-,1,,"NEBRASKA
(41.640503, -99.367122)",
WEST VIRGINIA,2017,3,,-,0,,3,,,-,,-,,-,0,,1,,,-,,-,"WEST VIRGINIA
(38.668501, -80.709421)",
MISSISSIPPI,2017,3,,-,0,,3,,,-,,-,,-,0,,1,,,-,2,,"MISSISSIPPI
(32.738663, -89.537312)",
VIRGIN ISL.,2017,3,,-,0,,0,,,-,,-,,-,0,,0,,,-,,-,"VIRGIN ISLANDS
(18.060868, -64.840836)",
KENTUCKY,2017,3,,-,2,,6,,5,,,-,,-,0,,2,,1,,,-,"KENTUCKY
(37.64591, -84.774043)",
MASSACHUSETTS,2017,3,,-,2,,11,,1,,3,,,-,1,,6,,,-,4,,"MASSACHUSETTS
(42.268546, -72.085064)",
WYOMING,2017,3,,-,0,,1,,,-,,-,,-,0,,1,,,-,,-,"WYOMING
(43.23558, -108.110518)",
WISCONSIN,2017,3,,-,0,,3,,,-,2,,,-,0,,2,,,-,,-,"WISCONSIN
(44.395526, -89.834513)",
VERMONT,2017,3,,-,0,,2,,,-,1,,,-,0,,2,,,-,,-,"VERMONT
(43.622479, -72.51927)",
NEW MEXICO,2017,3,,-,0,,3,,,-,1,,,-,0,,1,,,-,,-,"NEW MEXICO
(34.520396, -106.244402)",
OHIO,2017,3,7,,8,,32,,35,,17,,2,,1,,13,,4,,1,,"OHIO
(40.056807, -82.405897)",
DIST. OF COL.,2017,3,,-,0,,0,,,-,,-,,-,0,,3,,,-,2,,"DISTRICT OF COLUMBIA
(38.892062, -77.019912)",
MARYLAND,2017,3,2,,3,,6,,6,,7,,1,,3,,10,,7,,4,,"MARYLAND
(39.290443, -76.612333)",
MINNESOTA,2017,3,,-,1,,9,,,-,,-,,-,0,,0,,,-,,-,"MINNESOTA
(46.357661, -94.793397)",
INDIANA,2017,3,,-,2,,12,,,-,5,,,-,0,,2,,,-,,-,"INDIANA
(39.76845, -86.156212)",
LOUISIANA,2017,3,,-,0,,2,,,-,,-,,-,0,,1,,,-,,-,"LOUISIANA
(31.2931, -92.463284)",
SOUTH DAKOTA,2017,3,,-,0,,1,,,-,,-,,-,0,,1,,,-,1,,"SOUTH DAKOTA
(44.35371, -100.373709)",
KANSAS,2017,3,,-,0,,4,,,-,1,,,-,0,,2,,1,,,-,"KANSAS
(38.345528, -98.201847)",
NEW HAMPSHIRE,2017,3,,-,0,,3,,1,,,-,,-,0,,2,,,-,2,,"NEW HAMPSHIRE
(43.657736, -71.500736)",
ALASKA,2017,3,,-,0,,1,,,-,,-,,-,0,,1,,,-,,-,"ALASKA
(64.836661, -147.738891)",
NEW JERSEY,2017,3,,-,2,,7,,,-,5,,,-,1,,7,,1,,2,,"NEW JERSEY
(40.104655, -74.386686)",
ALABAMA,2017,3,,-,1,,4,,4,,2,,,-,0,,1,,,-,1,,"ALABAMA
(32.839182, -86.631125)",
TEXAS,2017,3,2,,4,,16,,6,,4,,,-,2,,14,,1,,3,,"TEXAS
(31.827233, -99.423022)",
ARIZONA,2017,3,1,,1,,3,,4,,4,,,-,0,,4,,1,,,-,"ARIZONA
(34.869712, -111.760902)",
PUERTO RICO,2017,3,,-,0,,1,,,-,,-,,-,0,,1,,,-,,-,"PUERTO RICO
(18.215692, -66.414655)",
OREGON,2017,3,1,,1,,3,,2,,1,,,-,0,,3,,2,,1,,"OREGON
(44.567912, -120.156945)",
GEORGIA,2017,3,,-,2,,6,,1,,8,,2,,1,,5,,3,,5,,"GEORGIA
(32.836038, -83.631709)",
MICHIGAN,2017,3,,-,3,,24,,,-,6,,,-,0,,4,,,-,3,,"MICHIGAN
(44.66399, -84.711206)",
COLORADO,2017,3,2,,0,,4,,2,,,-,,-,0,,2,,1,,1,,"COLORADO
(38.841772, -106.132562)",
HAWAII,2017,3,,-,0,,1,,,-,,-,,-,0,,1,,,-,,-,"HAWAII
(21.30992, -157.858158)",
NORTH DAKOTA,2017,3,,-,0,,2,,,-,,-,,-,0,,1,,1,,,-,"NORTH DAKOTA
(47.475879, -100.121011)",
SOUTH CAROLINA,2017,3,,-,1,,4,,2,,3,,,-,0,,3,,,-,,-,"SOUTH CAROLINA
(34.009286, -81.037094)",
NEW YORK,2017,3,,-,7,,26,,2,,13,,3,,1,,8,,3,,1,,"NEW YORK
(42.826892, -75.544286)",
UNITED STATES,2017,4,24,,100,,208,,209,,297,,21,,33,,85,,74,,86,,,
NEW ENGLAND,2017,4,1,,4,,21,,7,,9,,,-,2,,7,,3,,9,,,
MID. ATLANTIC,2017,4,6,,20,,64,,46,,76,,5,,8,,24,,23,,17,,,
NEW YORK CITY,2017,4,5,,4,,31,,27,,39,,3,,4,,17,,13,,8,,,
E.N. CENTRAL,2017,4,4,,21,,69,,50,,62,,,-,3,,25,,4,,6,,,
W.N. CENTRAL,2017,4,,-,5,,24,,9,,12,,,-,1,,5,,2,,2,,,
S. ATLANTIC,2017,4,9,,18,,34,,43,,63,,13,,8,,26,,31,,30,,,
E.S. CENTRAL,2017,4,2,,5,,13,,23,,13,,,-,1,,3,,1,,4,,,
W.S. CENTRAL,2017,4,1,,6,,27,,9,,10,,3,,2,,16,,4,,9,,,
MOUNTAIN,2017,4,,-,3,,10,,10,,12,,,-,1,,5,,4,,2,,,
PACIFIC,2017,4,1,,10,,22,,12,,40,,,-,3,,9,,2,,7,,,
AMER. SAMOA,2017,4,,N,0,,0,,,N,,N,,-,0,,0,,,-,,-,,
COLORADO,2017,4,,-,0,,4,,2,,,-,,-,0,,2,,1,,2,,"COLORADO
(38.841772, -106.132562)",
DELAWARE,2017,4,,-,0,,2,,,-,3,,,-,0,,2,,,-,,-,"DELAWARE
(39.008676, -75.574561)",
NORTH DAKOTA,2017,4,,-,0,,2,,,-,,-,,-,0,,1,,1,,,-,"NORTH DAKOTA
(47.475879, -100.121011)",
VIRGIN ISL.,2017,4,,-,0,,0,,,-,,-,,-,0,,0,,,-,,-,"VIRGIN ISLANDS
(18.060868, -64.840836)",
MONTANA,2017,4,,-,0,,1,,2,,,-,,-,0,,1,,,-,,-,"MONTANA
(47.062617, -109.430168)",
MINNESOTA,2017,4,,-,1,,10,,,-,,-,,-,0,,0,,,-,,-,"MINNESOTA
(46.357661, -94.793397)",
HAWAII,2017,4,,-,0,,1,,,-,,-,,-,0,,1,,,-,,-,"HAWAII
(21.30992, -157.858158)",
IOWA,2017,4,,-,1,,2,,1,,2,,,-,0,,3,,,-,,-,"IOWA
(42.46942, -93.815856)",
MICHIGAN,2017,4,,-,3,,24,,6,,7,,,-,0,,4,,,-,3,,"MICHIGAN
(44.66399, -84.711206)",
TEXAS,2017,4,1,,4,,16,,7,,7,,3,,2,,16,,4,,8,,"TEXAS
(31.827233, -99.423022)",
C.N.M.I.,2017,4,,-,,-,,-,,-,,-,,-,,-,,-,,-,,-,"NORTHERN MARIANA ISLANDS
(15.1834, 145.725693)",
VERMONT,2017,4,,-,0,,2,,,-,1,,,-,0,,2,,,-,,-,"VERMONT
(43.622479, -72.51927)",
NEW MEXICO,2017,4,,-,0,,3,,1,,1,,,-,0,,1,,,-,,-,"NEW MEXICO
(34.520396, -106.244402)",
DIST. OF COL.,2017,4,,-,0,,0,,,-,,-,,-,0,,3,,1,,3,,"DISTRICT OF COLUMBIA
(38.892062, -77.019912)",
GUAM,2017,4,,-,0,,0,,,-,,-,,-,0,,0,,,-,,-,"GUAM
(13.3532, 144.653198)",
WYOMING,2017,4,,-,0,,1,,,-,,-,,-,0,,1,,,-,,-,"WYOMING
(43.23558, -108.110518)",
ALABAMA,2017,4,1,,1,,4,,5,,2,,,-,0,,1,,,-,1,,"ALABAMA
(32.839182, -86.631125)",
MASSACHUSETTS,2017,4,1,,2,,11,,4,,4,,,-,1,,6,,3,,5,,"MASSACHUSETTS
(42.268546, -72.085064)",
INDIANA,2017,4,,-,2,,12,,1,,7,,,-,0,,2,,,-,,-,"INDIANA
(39.76845, -86.156212)",
TENNESSEE,2017,4,,-,2,,7,,10,,9,,,-,0,,2,,,-,1,,"TENNESSEE
(35.681402, -85.774444)",
SOUTH DAKOTA,2017,4,,-,0,,1,,,-,,-,,-,0,,1,,,-,1,,"SOUTH DAKOTA
(44.35371, -100.373709)",
WASHINGTON,2017,4,,-,1,,6,,,-,,-,,-,1,,4,,,-,,-,"WASHINGTON
(47.517368, -120.467672)",
LOUISIANA,2017,4,,-,0,,2,,,-,2,,,-,0,,1,,,-,1,,"LOUISIANA
(31.2931, -92.463284)",
ARIZONA,2017,4,,-,1,,3,,5,,6,,,-,1,,4,,1,,,-,"ARIZONA
(34.869712, -111.760902)",
PUERTO RICO,2017,4,,-,0,,1,,,-,1,,,-,0,,1,,,-,,-,"PUERTO RICO
(18.215692, -66.414655)",
WISCONSIN,2017,4,,-,0,,3,,,-,3,,,-,0,,2,,,-,,-,"WISCONSIN
(44.395526, -89.834513)",
OREGON,2017,4,1,,1,,3,,3,,1,,,-,0,,3,,2,,1,,"OREGON
(44.567912, -120.156945)",
OHIO,2017,4,4,,8,,32,,39,,30,,,-,1,,13,,4,,1,,"OHIO
(40.056807, -82.405897)",
OKLAHOMA,2017,4,,-,0,,20,,,-,,-,,-,0,,1,,,-,,-,"OKLAHOMA
(35.468494, -97.521264)",
CONNECTICUT,2017,4,,-,1,,6,,2,,2,,,-,0,,0,,,-,1,,"CONNECTICUT
(41.544654, -72.651713)",
UTAH,2017,4,,-,0,,3,,,-,2,,,-,0,,3,,1,,,-,"UTAH
(39.359772, -111.584173)",
NEW JERSEY,2017,4,,-,2,,7,,,-,6,,,-,1,,7,,2,,4,,"NEW JERSEY
(40.104655, -74.386686)",
NORTH CAROLINA,2017,4,,-,4,,11,,2,,13,,,-,1,,4,,1,,5,,"NORTH CAROLINA
(35.47995, -79.180571)",
KENTUCKY,2017,4,1,,2,,6,,8,,2,,,-,0,,2,,1,,,-,"KENTUCKY
(37.64591, -84.774043)",
NEW YORK,2017,4,,-,7,,26,,2,,17,,2,,1,,8,,5,,2,,"NEW YORK
(42.826892, -75.544286)",
NEW HAMPSHIRE,2017,4,,-,0,,3,,1,,,-,,-,0,,2,,,-,2,,"NEW HAMPSHIRE
(43.657736, -71.500736)",
IDAHO,2017,4,,-,0,,1,,,-,3,,,-,0,,1,,1,,,-,"IDAHO
(43.680635, -114.364237)",
CALIFORNIA,2017,4,,-,9,,18,,9,,39,,,-,2,,7,,,-,5,,"CALIFORNIA
(37.640735, -121.002435)",
WEST VIRGINIA,2017,4,,-,0,,3,,,-,,-,,-,0,,1,,,-,1,,"WEST VIRGINIA
(38.668501, -80.709421)",
KANSAS,2017,4,,-,0,,4,,,-,1,,,-,0,,2,,1,,,-,"KANSAS
(38.345528, -98.201847)",
ARKANSAS,2017,4,,-,0,,6,,2,,1,,,-,0,,1,,,-,,-,"ARKANSAS
(34.748745, -92.275105)",
MISSISSIPPI,2017,4,,-,0,,3,,,-,,-,,-,0,,1,,,-,2,,"MISSISSIPPI
(32.738663, -89.537312)",
MAINE,2017,4,,-,0,,2,,,-,2,,,-,0,,1,,,-,1,,"MAINE
(45.252223, -68.986647)",
FLORIDA,2017,4,6,,5,,13,,26,,22,,2,,1,,4,,4,,5,,"FLORIDA
(28.915325, -81.922409)",
PENNSYLVANIA,2017,4,1,,6,,19,,17,,14,,,-,1,,5,,3,,3,,"PENNSYLVANIA
(40.789676, -77.858055)",
NEVADA,2017,4,,-,0,,4,,,-,,-,,-,0,,1,,,-,,-,"NEVADA
(39.491833, -117.070159)",
RHODE ISLAND,2017,4,,-,0,,5,,,-,,-,,-,0,,3,,,-,,-,"RHODE ISLAND
(41.707447, -71.522488)",
MISSOURI,2017,4,,-,2,,13,,5,,9,,,-,0,,3,,,-,,-,"MISSOURI
(38.636168, -92.566292)",
VIRGINIA,2017,4,,-,3,,7,,2,,3,,1,,1,,4,,5,,5,,"VIRGINIA
(37.542699, -78.45822)",
SOUTH CAROLINA,2017,4,,-,1,,4,,3,,3,,,-,0,,3,,,-,,-,"SOUTH CAROLINA
(34.009286, -81.037094)",
ALASKA,2017,4,,-,0,,1,,,-,,-,,-,0,,1,,,-,1,,"ALASKA
(64.836661, -147.738891)",
MARYLAND,2017,4,3,,3,,6,,9,,8,,10,,3,,10,,17,,5,,"MARYLAND
(39.290443, -76.612333)",
GEORGIA,2017,4,,-,2,,6,,1,,11,,,-,1,,5,,3,,6,,"GEORGIA
(32.836038, -83.631709)",
ILLINOIS,2017,4,,-,4,,17,,4,,15,,,-,1,,5,,,-,2,,"ILLINOIS
(40.477092, -88.993221)",
NEBRASKA,2017,4,,-,0,,3,,3,,,-,,-,0,,1,,,-,1,,"NEBRASKA
(41.640503, -99.367122)",
UNITED STATES,2017,5,30,,102,,208,,260,,348,,11,,33,,85,,101,,111,,,
NEW ENGLAND,2017,5,,-,4,,21,,8,,11,,,-,2,,7,,3,,13,,,
MID. ATLANTIC,2017,5,8,,20,,64,,55,,88,,5,,9,,24,,33,,29,,,
NEW YORK CITY,2017,5,4,,4,,31,,31,,41,,3,,4,,17,,16,,13,,,
E.N. CENTRAL,2017,5,3,,20,,69,,57,,75,,1,,3,,25,,7,,10,,,
W.N. CENTRAL,2017,5,1,,5,,24,,11,,13,,,-,1,,5,,3,,2,,,
S. ATLANTIC,2017,5,9,,19,,34,,57,,72,,4,,9,,26,,36,,34,,,
E.S. CENTRAL,2017,5,3,,5,,13,,25,,14,,,-,1,,3,,2,,4,,,
W.S. CENTRAL,2017,5,4,,6,,27,,17,,14,,,-,2,,16,,6,,10,,,
MOUNTAIN,2017,5,2,,3,,10,,15,,16,,1,,2,,5,,6,,2,,,
PACIFIC,2017,5,,-,10,,24,,15,,45,,,-,3,,9,,5,,7,,,
AMER. SAMOA,2017,5,,N,0,,0,,,N,,N,,-,0,,0,,,-,,-,,
TENNESSEE,2017,5,,-,2,,7,,9,,10,,,-,0,,2,,1,,1,,"TENNESSEE
(35.681402, -85.774444)",
PUERTO RICO,2017,5,,-,0,,1,,,-,1,,,-,0,,1,,,-,,-,"PUERTO RICO
(18.215692, -66.414655)",
UTAH,2017,5,,-,0,,3,,,-,2,,,-,0,,3,,1,,,-,"UTAH
(39.359772, -111.584173)",
OHIO,2017,5,3,,8,,32,,42,,35,,1,,1,,13,,5,,3,,"OHIO
(40.056807, -82.405897)",
FLORIDA,2017,5,9,,5,,13,,34,,27,,,-,1,,4,,4,,5,,"FLORIDA
(28.915325, -81.922409)",
ALASKA,2017,5,,-,0,,1,,,-,,-,,-,0,,1,,,-,1,,"ALASKA
(64.836661, -147.738891)",
DELAWARE,2017,5,,-,0,,2,,,-,3,,,-,0,,2,,1,,1,,"DELAWARE
(39.008676, -75.574561)",
MINNESOTA,2017,5,,-,1,,10,,,-,,-,,-,0,,0,,,-,,-,"MINNESOTA
(46.357661, -94.793397)",
MARYLAND,2017,5,,-,3,,7,,9,,9,,4,,3,,10,,21,,5,,"MARYLAND
(39.290443, -76.612333)",
C.N.M.I.,2017,5,,-,,-,,-,,-,,-,,-,,-,,-,,-,,-,"NORTHERN MARIANA ISLANDS
(15.1834, 145.725693)",
NEW YORK,2017,5,,-,7,,26,,2,,22,,1,,1,,8,,6,,3,,"NEW YORK
(42.826892, -75.544286)",
KANSAS,2017,5,,-,0,,4,,,-,1,,,-,0,,2,,1,,,-,"KANSAS
(38.345528, -98.201847)",
NEW HAMPSHIRE,2017,5,,-,0,,3,,2,,,-,,-,0,,2,,,-,2,,"NEW HAMPSHIRE
(43.657736, -71.500736)",
NORTH CAROLINA,2017,5,,-,4,,11,,4,,15,,,-,1,,4,,1,,5,,"NORTH CAROLINA
(35.47995, -79.180571)",
VIRGIN ISL.,2017,5,,-,0,,0,,,-,,-,,-,0,,0,,,-,,-,"VIRGIN ISLANDS
(18.060868, -64.840836)",
INDIANA,2017,5,,-,2,,12,,4,,7,,,-,0,,2,,,-,,-,"INDIANA
(39.76845, -86.156212)",
OREGON,2017,5,,-,1,,3,,3,,1,,,-,0,,3,,2,,1,,"OREGON
(44.567912, -120.156945)",
MONTANA,2017,5,,-,0,,1,,2,,1,,,-,0,,1,,,-,,-,"MONTANA
(47.062617, -109.430168)",
CONNECTICUT,2017,5,,-,1,,6,,2,,2,,,-,0,,0,,,-,1,,"CONNECTICUT
(41.544654, -72.651713)",
MISSOURI,2017,5,1,,2,,13,,6,,10,,,-,0,,3,,,-,,-,"MISSOURI
(38.636168, -92.566292)",
NEVADA,2017,5,,-,0,,4,,,-,1,,,-,0,,1,,,-,,-,"NEVADA
(39.491833, -117.070159)",
WISCONSIN,2017,5,,-,0,,3,,,-,6,,,-,0,,2,,,-,1,,"WISCONSIN
(44.395526, -89.834513)",
HAWAII,2017,5,,-,0,,1,,,-,,-,,-,0,,1,,,-,,-,"HAWAII
(21.30992, -157.858158)",
VERMONT,2017,5,,-,0,,2,,,-,1,,,-,0,,2,,,-,,-,"VERMONT
(43.622479, -72.51927)",
ALABAMA,2017,5,,-,1,,4,,5,,2,,,-,0,,1,,,-,1,,"ALABAMA
(32.839182, -86.631125)",
WASHINGTON,2017,5,,-,1,,6,,,-,,-,,-,1,,4,,,-,,-,"WASHINGTON
(47.517368, -120.467672)",
PENNSYLVANIA,2017,5,4,,6,,19,,22,,17,,1,,1,,6,,5,,7,,"PENNSYLVANIA
(40.789676, -77.858055)",
CALIFORNIA,2017,5,,-,9,,19,,12,,44,,,-,2,,7,,3,,5,,"CALIFORNIA
(37.640735, -121.002435)",
NEBRASKA,2017,5,,-,0,,3,,3,,,-,,-,0,,1,,,-,1,,"NEBRASKA
(41.640503, -99.367122)",
RHODE ISLAND,2017,5,,-,0,,5,,,-,,-,,-,0,,3,,,-,,-,"RHODE ISLAND
(41.707447, -71.522488)",
ARKANSAS,2017,5,1,,0,,6,,3,,1,,,-,0,,1,,,-,,-,"ARKANSAS
(34.748745, -92.275105)",
GUAM,2017,5,,-,0,,0,,,-,,-,,-,0,,0,,,-,,-,"GUAM
(13.3532, 144.653198)",
WYOMING,2017,5,,-,0,,1,,1,,,-,,-,0,,1,,,-,,-,"WYOMING
(43.23558, -108.110518)",
NEW MEXICO,2017,5,,-,0,,3,,1,,2,,,-,0,,1,,,-,,-,"NEW MEXICO
(34.520396, -106.244402)",
MICHIGAN,2017,5,,-,3,,24,,6,,8,,,-,0,,4,,2,,3,,"MICHIGAN
(44.66399, -84.711206)",
NORTH DAKOTA,2017,5,,-,0,,2,,,-,,-,,-,0,,1,,1,,,-,"NORTH DAKOTA
(47.475879, -100.121011)",
IOWA,2017,5,,-,1,,2,,2,,2,,,-,0,,3,,1,,,-,"IOWA
(42.46942, -93.815856)",
TEXAS,2017,5,2,,4,,16,,11,,10,,,-,2,,16,,6,,9,,"TEXAS
(31.827233, -99.423022)",
DIST. OF COL.,2017,5,,-,0,,0,,,-,,-,,-,0,,3,,1,,3,,"DISTRICT OF COLUMBIA
(38.892062, -77.019912)",
IDAHO,2017,5,,-,0,,1,,,-,3,,1,,0,,1,,2,,,-,"IDAHO
(43.680635, -114.364237)",
SOUTH DAKOTA,2017,5,,-,0,,1,,,-,,-,,-,0,,1,,,-,1,,"SOUTH DAKOTA
(44.35371, -100.373709)",
COLORADO,2017,5,1,,0,,4,,3,,,-,,-,0,,2,,1,,2,,"COLORADO
(38.841772, -106.132562)",
MISSISSIPPI,2017,5,,-,0,,3,,,-,,-,,-,0,,1,,,-,2,,"MISSISSIPPI
(32.738663, -89.537312)",
NEW JERSEY,2017,5,,-,2,,7,,,-,8,,,-,1,,7,,6,,6,,"NEW JERSEY
(40.104655, -74.386686)",
ARIZONA,2017,5,1,,1,,3,,8,,7,,,-,1,,4,,2,,,-,"ARIZONA
(34.869712, -111.760902)",
MASSACHUSETTS,2017,5,,-,2,,11,,4,,5,,,-,1,,6,,3,,8,,"MASSACHUSETTS
(42.268546, -72.085064)",
VIRGINIA,2017,5,,-,3,,7,,2,,4,,,-,1,,4,,5,,7,,"VIRGINIA
(37.542699, -78.45822)",
GEORGIA,2017,5,,-,2,,6,,5,,11,,,-,1,,5,,3,,6,,"GEORGIA
(32.836038, -83.631709)",
SOUTH CAROLINA,2017,5,,-,1,,4,,3,,3,,,-,0,,3,,,-,1,,"SOUTH CAROLINA
(34.009286, -81.037094)",
WEST VIRGINIA,2017,5,,-,0,,3,,,-,,-,,-,0,,0,,,-,1,,"WEST VIRGINIA
(38.668501, -80.709421)",
OKLAHOMA,2017,5,,-,0,,20,,,-,,-,,-,0,,1,,,-,,-,"OKLAHOMA
(35.468494, -97.521264)",
LOUISIANA,2017,5,1,,0,,2,,3,,3,,,-,0,,1,,,-,1,,"LOUISIANA
(31.2931, -92.463284)",
ILLINOIS,2017,5,,-,4,,17,,5,,19,,,-,1,,5,,,-,3,,"ILLINOIS
(40.477092, -88.993221)",
MAINE,2017,5,,-,0,,2,,,-,3,,,-,0,,1,,,-,2,,"MAINE
(45.252223, -68.986647)",
KENTUCKY,2017,5,3,,2,,6,,11,,2,,,-,0,,2,,1,,,-,"KENTUCKY
(37.64591, -84.774043)",
UNITED STATES,2017,6,35,,109,,208,,336,,397,,7,,33,,85,,119,,137,,,
NEW ENGLAND,2017,6,1,,4,,21,,10,,14,,,-,2,,7,,4,,15,,,
MID. ATLANTIC,2017,6,15,,20,,64,,87,,96,,2,,8,,24,,35,,33,,,
NEW YORK CITY,2017,6,2,,4,,31,,33,,43,,1,,4,,17,,17,,15,,,
E.N. CENTRAL,2017,6,,-,20,,69,,60,,85,,,-,3,,25,,7,,13,,,
W.N. CENTRAL,2017,6,1,,5,,25,,16,,16,,,-,1,,5,,4,,4,,,
S. ATLANTIC,2017,6,8,,19,,34,,71,,80,,4,,9,,26,,46,,43,,,
E.S. CENTRAL,2017,6,3,,5,,13,,30,,18,,,-,1,,3,,2,,4,,,
W.S. CENTRAL,2017,6,3,,6,,27,,20,,16,,,-,2,,16,,6,,12,,,
MOUNTAIN,2017,6,2,,3,,10,,17,,19,,1,,2,,5,,8,,3,,,
PACIFIC,2017,6,2,,10,,32,,25,,53,,,-,3,,9,,7,,10,,,
AMER. SAMOA,2017,6,,N,0,,0,,,N,,N,,-,0,,0,,,-,,-,,
DELAWARE,2017,6,,-,0,,2,,,-,3,,,-,0,,3,,1,,3,,"DELAWARE
(39.008676, -75.574561)",
WASHINGTON,2017,6,1,,1,,7,,1,,,-,,-,1,,4,,,-,1,,"WASHINGTON
(47.517368, -120.467672)",
ALASKA,2017,6,,-,0,,1,,,-,,-,,-,0,,1,,,-,1,,"ALASKA
(64.836661, -147.738891)",
MASSACHUSETTS,2017,6,,-,2,,11,,4,,7,,,-,1,,6,,3,,9,,"MASSACHUSETTS
(42.268546, -72.085064)",
NORTH CAROLINA,2017,6,,-,4,,11,,6,,15,,,-,1,,4,,1,,5,,"NORTH CAROLINA
(35.47995, -79.180571)",
CONNECTICUT,2017,6,,-,1,,6,,2,,2,,,-,0,,0,,,-,1,,"CONNECTICUT
(41.544654, -72.651713)",
ARIZONA,2017,6,,-,1,,4,,8,,8,,1,,1,,4,,4,,1,,"ARIZONA
(34.869712, -111.760902)",
TENNESSEE,2017,6,2,,2,,7,,12,,10,,,-,0,,2,,1,,1,,"TENNESSEE
(35.681402, -85.774444)",
CALIFORNIA,2017,6,1,,9,,25,,20,,50,,,-,2,,7,,5,,7,,"CALIFORNIA
(37.640735, -121.002435)",
NEW YORK,2017,6,8,,7,,26,,26,,25,,1,,1,,8,,7,,4,,"NEW YORK
(42.826892, -75.544286)",
GUAM,2017,6,,-,0,,0,,,-,,-,,-,0,,0,,,-,,-,"GUAM
(13.3532, 144.653198)",
PENNSYLVANIA,2017,6,5,,6,,19,,28,,19,,,-,1,,6,,5,,7,,"PENNSYLVANIA
(40.789676, -77.858055)",
OREGON,2017,6,,-,1,,3,,3,,3,,,-,0,,3,,2,,1,,"OREGON
(44.567912, -120.156945)",
C.N.M.I.,2017,6,,-,,-,,-,,-,,-,,-,,-,,-,,-,,-,"NORTHERN MARIANA ISLANDS
(15.1834, 145.725693)",
TEXAS,2017,6,2,,4,,16,,13,,11,,,-,2,,16,,6,,10,,"TEXAS
(31.827233, -99.423022)",
NORTH DAKOTA,2017,6,,-,0,,2,,,-,,-,,-,0,,1,,1,,,-,"NORTH DAKOTA
(47.475879, -100.121011)",
OKLAHOMA,2017,6,,-,0,,20,,,-,,-,,-,0,,1,,,-,,-,"OKLAHOMA
(35.468494, -97.521264)",
FLORIDA,2017,6,5,,6,,13,,39,,29,,,-,1,,4,,4,,5,,"FLORIDA
(28.915325, -81.922409)",
SOUTH DAKOTA,2017,6,,-,0,,1,,,-,,-,,-,0,,1,,,-,2,,"SOUTH DAKOTA
(44.35371, -100.373709)",
ARKANSAS,2017,6,1,,0,,6,,4,,2,,,-,0,,1,,,-,,-,"ARKANSAS
(34.748745, -92.275105)",
INDIANA,2017,6,,-,2,,12,,5,,7,,,-,0,,2,,,-,,-,"INDIANA
(39.76845, -86.156212)",
MICHIGAN,2017,6,,-,3,,24,,6,,11,,,-,0,,4,,2,,3,,"MICHIGAN
(44.66399, -84.711206)",
VERMONT,2017,6,,-,0,,2,,,-,1,,,-,0,,2,,1,,,-,"VERMONT
(43.622479, -72.51927)",
HAWAII,2017,6,,-,0,,1,,1,,,-,,-,0,,1,,,-,,-,"HAWAII
(21.30992, -157.858158)",
ALABAMA,2017,6,1,,1,,4,,6,,3,,,-,0,,1,,,-,1,,"ALABAMA
(32.839182, -86.631125)",
PUERTO RICO,2017,6,,-,0,,1,,,-,1,,,-,0,,1,,,-,,-,"PUERTO RICO
(18.215692, -66.414655)",
SOUTH CAROLINA,2017,6,,-,1,,4,,3,,3,,,-,0,,3,,1,,1,,"SOUTH CAROLINA
(34.009286, -81.037094)",
RHODE ISLAND,2017,6,1,,0,,7,,2,,,-,,-,0,,3,,,-,,-,"RHODE ISLAND
(41.707447, -71.522488)",
MARYLAND,2017,6,3,,3,,7,,13,,9,,1,,3,,12,,24,,11,,"MARYLAND
(39.290443, -76.612333)",
GEORGIA,2017,6,,-,2,,6,,8,,13,,,-,1,,5,,3,,7,,"GEORGIA
(32.836038, -83.631709)",
NEW HAMPSHIRE,2017,6,,-,0,,3,,2,,,-,,-,0,,2,,,-,3,,"NEW HAMPSHIRE
(43.657736, -71.500736)",
IOWA,2017,6,,-,1,,2,,4,,2,,,-,0,,3,,1,,1,,"IOWA
(42.46942, -93.815856)",
COLORADO,2017,6,2,,0,,4,,5,,,-,,-,0,,2,,1,,2,,"COLORADO
(38.841772, -106.132562)",
MISSISSIPPI,2017,6,,-,0,,3,,,-,1,,,-,0,,1,,,-,2,,"MISSISSIPPI
(32.738663, -89.537312)",
NEW JERSEY,2017,6,,-,2,,7,,,-,9,,,-,1,,7,,6,,7,,"NEW JERSEY
(40.104655, -74.386686)",
MISSOURI,2017,6,1,,2,,13,,9,,11,,,-,0,,3,,1,,,-,"MISSOURI
(38.636168, -92.566292)",
DIST. OF COL.,2017,6,,-,0,,0,,,-,,-,,-,0,,3,,2,,3,,"DISTRICT OF COLUMBIA
(38.892062, -77.019912)",
WEST VIRGINIA,2017,6,,-,0,,3,,,-,1,,,-,0,,0,,,-,1,,"WEST VIRGINIA
(38.668501, -80.709421)",
ILLINOIS,2017,6,,-,4,,17,,7,,23,,,-,1,,5,,,-,5,,"ILLINOIS
(40.477092, -88.993221)",
LOUISIANA,2017,6,,-,0,,2,,3,,3,,,-,0,,1,,,-,2,,"LOUISIANA
(31.2931, -92.463284)",
UTAH,2017,6,,-,0,,3,,,-,3,,,-,0,,3,,1,,,-,"UTAH
(39.359772, -111.584173)",
MAINE,2017,6,,-,0,,2,,,-,4,,,-,0,,1,,,-,2,,"MAINE
(45.252223, -68.986647)",
KENTUCKY,2017,6,,-,2,,6,,12,,4,,,-,0,,2,,1,,,-,"KENTUCKY
(37.64591, -84.774043)",
NEBRASKA,2017,6,,-,0,,3,,3,,,-,,-,0,,1,,,-,1,,"NEBRASKA
(41.640503, -99.367122)",
WISCONSIN,2017,6,,-,0,,3,,,-,6,,,-,0,,3,,,-,1,,"WISCONSIN
(44.395526, -89.834513)",
WYOMING,2017,6,,-,0,,1,,1,,,-,,-,0,,1,,,-,,-,"WYOMING
(43.23558, -108.110518)",
NEVADA,2017,6,,-,0,,4,,,-,2,,,-,0,,1,,,-,,-,"NEVADA
(39.491833, -117.070159)",
VIRGINIA,2017,6,,-,3,,8,,2,,7,,3,,1,,4,,10,,7,,"VIRGINIA
(37.542699, -78.45822)",
MONTANA,2017,6,,-,0,,1,,2,,1,,,-,0,,1,,,-,,-,"MONTANA
(47.062617, -109.430168)",
IDAHO,2017,6,,-,0,,1,,,-,3,,,-,0,,1,,2,,,-,"IDAHO
(43.680635, -114.364237)",
VIRGIN ISL.,2017,6,,-,0,,0,,,-,,-,,-,0,,0,,,-,,-,"VIRGIN ISLANDS
(18.060868, -64.840836)",
KANSAS,2017,6,,-,0,,4,,,-,1,,,-,0,,2,,1,,,-,"KANSAS
(38.345528, -98.201847)",
MINNESOTA,2017,6,,-,1,,11,,,-,2,,,-,0,,0,,,-,,-,"MINNESOTA
(46.357661, -94.793397)",
NEW MEXICO,2017,6,,-,0,,3,,1,,2,,,-,0,,1,,,-,,-,"NEW MEXICO
(34.520396, -106.244402)",
OHIO,2017,6,,-,8,,32,,42,,38,,,-,1,,13,,5,,4,,"OHIO
(40.056807, -82.405897)",
UNITED STATES,2017,7,35,,110,,208,,400,,450,,18,,34,,85,,143,,155,,,
NEW ENGLAND,2017,7,,-,4,,21,,13,,15,,,-,2,,7,,4,,15,,,
MID. ATLANTIC,2017,7,7,,20,,64,,96,,104,,4,,8,,24,,41,,34,,,
NEW YORK CITY,2017,7,3,,4,,31,,36,,47,,4,,4,,17,,21,,15,,,
E.N. CENTRAL,2017,7,5,,20,,69,,70,,96,,1,,3,,25,,9,,17,,,
W.N. CENTRAL,2017,7,,-,5,,25,,17,,20,,1,,1,,5,,5,,4,,,
S. ATLANTIC,2017,7,13,,19,,35,,92,,96,,12,,9,,26,,58,,50,,,
E.S. CENTRAL,2017,7,3,,5,,13,,35,,22,,,-,1,,3,,2,,6,,,
W.S. CENTRAL,2017,7,3,,6,,27,,25,,18,,,-,2,,17,,8,,13,,,
MOUNTAIN,2017,7,3,,3,,10,,22,,20,,,-,2,,5,,9,,3,,,
PACIFIC,2017,7,1,,10,,32,,30,,59,,,-,3,,9,,7,,13,,,
AMER. SAMOA,2017,7,,N,0,,0,,,N,,N,,-,0,,0,,,-,,-,,
DELAWARE,2017,7,,-,0,,2,,1,,4,,,-,0,,3,,1,,3,,"DELAWARE
(39.008676, -75.574561)",
OKLAHOMA,2017,7,1,,0,,20,,1,,1,,,-,0,,1,,,-,,-,"OKLAHOMA
(35.468494, -97.521264)",
HAWAII,2017,7,,-,0,,1,,1,,,-,,-,0,,1,,,-,,-,"HAWAII
(21.30992, -157.858158)",
NEW JERSEY,2017,7,,-,2,,7,,,-,9,,,-,1,,7,,6,,7,,"NEW JERSEY
(40.104655, -74.386686)",
NORTH CAROLINA,2017,7,,-,4,,11,,7,,17,,,-,1,,4,,1,,6,,"NORTH CAROLINA
(35.47995, -79.180571)",
MISSOURI,2017,7,,-,2,,13,,9,,13,,1,,0,,3,,2,,,-,"MISSOURI
(38.636168, -92.566292)",
MISSISSIPPI,2017,7,,-,0,,3,,,-,2,,,-,0,,1,,,-,2,,"MISSISSIPPI
(32.738663, -89.537312)",
COLORADO,2017,7,,-,0,,4,,5,,,-,,-,0,,2,,1,,2,,"COLORADO
(38.841772, -106.132562)",
ALASKA,2017,7,,-,0,,1,,,-,,-,,-,0,,1,,,-,1,,"ALASKA
(64.836661, -147.738891)",
KENTUCKY,2017,7,1,,2,,6,,14,,5,,,-,0,,2,,1,,,-,"KENTUCKY
(37.64591, -84.774043)",
MARYLAND,2017,7,1,,3,,7,,15,,11,,8,,3,,12,,32,,12,,"MARYLAND
(39.290443, -76.612333)",
ARKANSAS,2017,7,,-,0,,6,,5,,2,,,-,0,,1,,,-,,-,"ARKANSAS
(34.748745, -92.275105)",
SOUTH DAKOTA,2017,7,,-,0,,1,,,-,,-,,-,0,,1,,,-,2,,"SOUTH DAKOTA
(44.35371, -100.373709)",
LOUISIANA,2017,7,,-,0,,2,,3,,3,,,-,0,,1,,,-,2,,"LOUISIANA
(31.2931, -92.463284)",
FLORIDA,2017,7,11,,6,,13,,50,,34,,2,,1,,4,,6,,6,,"FLORIDA
(28.915325, -81.922409)",
ALABAMA,2017,7,,-,1,,4,,7,,3,,,-,0,,1,,,-,2,,"ALABAMA
(32.839182, -86.631125)",
TEXAS,2017,7,2,,4,,16,,16,,12,,,-,2,,17,,8,,11,,"TEXAS
(31.827233, -99.423022)",
VIRGINIA,2017,7,,-,3,,9,,3,,11,,1,,1,,4,,11,,8,,"VIRGINIA
(37.542699, -78.45822)",
NEW MEXICO,2017,7,,-,0,,3,,1,,2,,,-,0,,1,,,-,,-,"NEW MEXICO
(34.520396, -106.244402)",
ILLINOIS,2017,7,,-,4,,17,,7,,25,,,-,1,,5,,,-,6,,"ILLINOIS
(40.477092, -88.993221)",
NEBRASKA,2017,7,,-,0,,3,,3,,,-,,-,0,,1,,,-,1,,"NEBRASKA
(41.640503, -99.367122)",
UTAH,2017,7,,-,0,,3,,,-,3,,,-,0,,3,,1,,,-,"UTAH
(39.359772, -111.584173)",
PENNSYLVANIA,2017,7,1,,7,,19,,30,,20,,,-,1,,6,,7,,7,,"PENNSYLVANIA
(40.789676, -77.858055)",
NEW HAMPSHIRE,2017,7,,-,0,,3,,2,,,-,,-,0,,2,,,-,3,,"NEW HAMPSHIRE
(43.657736, -71.500736)",
WISCONSIN,2017,7,,-,0,,3,,,-,7,,,-,0,,3,,,-,2,,"WISCONSIN
(44.395526, -89.834513)",
OHIO,2017,7,5,,8,,32,,51,,44,,1,,1,,13,,6,,5,,"OHIO
(40.056807, -82.405897)",
MONTANA,2017,7,,-,0,,1,,3,,1,,,-,0,,1,,1,,,-,"MONTANA
(47.062617, -109.430168)",
ARIZONA,2017,7,3,,1,,4,,12,,9,,,-,1,,4,,4,,1,,"ARIZONA
(34.869712, -111.760902)",
VIRGIN ISL.,2017,7,,-,0,,0,,,-,,-,,-,0,,0,,,-,,-,"VIRGIN ISLANDS
(18.060868, -64.840836)",
IOWA,2017,7,,-,1,,2,,4,,2,,,-,0,,3,,1,,1,,"IOWA
(42.46942, -93.815856)",
NORTH DAKOTA,2017,7,,-,0,,2,,1,,,-,,-,0,,1,,1,,,-,"NORTH DAKOTA
(47.475879, -100.121011)",
GUAM,2017,7,,-,0,,0,,,-,,-,,-,0,,0,,,-,,-,"GUAM
(13.3532, 144.653198)",
CALIFORNIA,2017,7,,-,9,,27,,24,,54,,,-,2,,7,,5,,9,,"CALIFORNIA
(37.640735, -121.002435)",
C.N.M.I.,2017,7,,-,,-,,-,,-,,-,,-,,-,,-,,-,,-,"NORTHERN MARIANA ISLANDS
(15.1834, 145.725693)",
MICHIGAN,2017,7,,-,3,,24,,6,,13,,,-,0,,4,,3,,4,,"MICHIGAN
(44.66399, -84.711206)",
OREGON,2017,7,,-,1,,3,,3,,4,,,-,0,,3,,2,,2,,"OREGON
(44.567912, -120.156945)",
KANSAS,2017,7,,-,0,,4,,,-,1,,,-,0,,2,,1,,,-,"KANSAS
(38.345528, -98.201847)",
MINNESOTA,2017,7,,-,1,,11,,,-,4,,,-,0,,0,,,-,,-,"MINNESOTA
(46.357661, -94.793397)",
NEVADA,2017,7,,-,0,,4,,,-,2,,,-,0,,1,,,-,,-,"NEVADA
(39.491833, -117.070159)",
GEORGIA,2017,7,1,,2,,6,,13,,15,,1,,1,,5,,4,,10,,"GEORGIA
(32.836038, -83.631709)",
WEST VIRGINIA,2017,7,,-,0,,3,,,-,1,,,-,0,,0,,,-,1,,"WEST VIRGINIA
(38.668501, -80.709421)",
INDIANA,2017,7,,-,2,,12,,6,,7,,,-,0,,2,,,-,,-,"INDIANA
(39.76845, -86.156212)",
VERMONT,2017,7,,-,0,,2,,,-,1,,,-,0,,2,,1,,,-,"VERMONT
(43.622479, -72.51927)",
WASHINGTON,2017,7,1,,1,,9,,2,,1,,,-,1,,4,,,-,1,,"WASHINGTON
(47.517368, -120.467672)",
WYOMING,2017,7,,-,0,,1,,1,,,-,,-,0,,1,,,-,,-,"WYOMING
(43.23558, -108.110518)",
MASSACHUSETTS,2017,7,,-,2,,11,,4,,8,,,-,1,,6,,3,,9,,"MASSACHUSETTS
(42.268546, -72.085064)",
MAINE,2017,7,,-,0,,2,,,-,4,,,-,0,,1,,,-,2,,"MAINE
(45.252223, -68.986647)",
SOUTH CAROLINA,2017,7,,-,1,,4,,3,,3,,,-,0,,3,,1,,1,,"SOUTH CAROLINA
(34.009286, -81.037094)",
CONNECTICUT,2017,7,,-,1,,6,,5,,2,,,-,0,,0,,,-,1,,"CONNECTICUT
(41.544654, -72.651713)",
TENNESSEE,2017,7,2,,2,,7,,14,,12,,,-,0,,2,,1,,2,,"TENNESSEE
(35.681402, -85.774444)",
NEW YORK,2017,7,3,,8,,26,,30,,28,,,-,1,,8,,7,,5,,"NEW YORK
(42.826892, -75.544286)",
PUERTO RICO,2017,7,,-,0,,1,,,-,1,,,-,0,,1,,,-,,-,"PUERTO RICO
(18.215692, -66.414655)",
DIST. OF COL.,2017,7,,-,0,,0,,,-,,-,,-,0,,3,,2,,3,,"DISTRICT OF COLUMBIA
(38.892062, -77.019912)",
RHODE ISLAND,2017,7,,-,0,,7,,2,,,-,,-,0,,3,,,-,,-,"RHODE ISLAND
(41.707447, -71.522488)",
IDAHO,2017,7,,-,0,,1,,,-,3,,,-,0,,1,,2,,,-,"IDAHO
(43.680635, -114.364237)",
UNITED STATES,2017,8,24,,110,,208,,460,,514,,8,,34,,85,,162,,170,,,
NEW ENGLAND,2017,8,,-,4,,21,,19,,15,,,-,2,,7,,10,,16,,,
MID. ATLANTIC,2017,8,10,,20,,64,,113,,115,,5,,8,,24,,48,,36,,,
NEW YORK CITY,2017,8,2,,4,,31,,38,,47,,5,,4,,17,,26,,16,,,
E.N. CENTRAL,2017,8,2,,21,,69,,80,,107,,,-,3,,25,,10,,19,,,
W.N. CENTRAL,2017,8,1,,5,,25,,19,,23,,,-,1,,5,,6,,5,,,
S. ATLANTIC,2017,8,5,,19,,36,,98,,112,,3,,9,,26,,61,,54,,,
E.S. CENTRAL,2017,8,,-,5,,13,,37,,25,,,-,1,,3,,3,,6,,,
W.S. CENTRAL,2017,8,2,,6,,27,,29,,20,,,-,2,,17,,8,,14,,,
MOUNTAIN,2017,8,4,,3,,10,,30,,25,,,-,2,,5,,9,,4,,,
PACIFIC,2017,8,,-,10,,34,,35,,72,,,-,3,,9,,7,,16,,,
AMER. SAMOA,2017,8,,N,0,,0,,,N,,N,,-,0,,0,,,-,,-,,
CALIFORNIA,2017,8,,-,9,,29,,29,,66,,,-,2,,7,,5,,10,,"CALIFORNIA
(37.640735, -121.002435)",
TENNESSEE,2017,8,,-,2,,7,,14,,12,,,-,0,,2,,2,,2,,"TENNESSEE
(35.681402, -85.774444)",
MASSACHUSETTS,2017,8,,-,2,,11,,9,,8,,,-,2,,6,,9,,10,,"MASSACHUSETTS
(42.268546, -72.085064)",
TEXAS,2017,8,2,,4,,16,,19,,13,,,-,2,,17,,8,,12,,"TEXAS
(31.827233, -99.423022)",
WISCONSIN,2017,8,,-,0,,3,,,-,7,,,-,0,,3,,1,,2,,"WISCONSIN
(44.395526, -89.834513)",
MAINE,2017,8,,-,0,,2,,,-,4,,,-,0,,1,,,-,2,,"MAINE
(45.252223, -68.986647)",
C.N.M.I.,2017,8,,-,,-,,-,,-,,-,,-,,-,,-,,-,,-,"NORTHERN MARIANA ISLANDS
(15.1834, 145.725693)",
DIST. OF COL.,2017,8,,-,0,,0,,,-,,-,,-,0,,3,,2,,3,,"DISTRICT OF COLUMBIA
(38.892062, -77.019912)",
ARIZONA,2017,8,3,,1,,6,,18,,11,,,-,1,,4,,4,,1,,"ARIZONA
(34.869712, -111.760902)",
WASHINGTON,2017,8,,-,1,,9,,2,,2,,,-,1,,4,,,-,3,,"WASHINGTON
(47.517368, -120.467672)",
MISSOURI,2017,8,1,,2,,13,,10,,15,,,-,0,,3,,2,,1,,"MISSOURI
(38.636168, -92.566292)",
GEORGIA,2017,8,,-,2,,6,,14,,18,,,-,1,,5,,4,,10,,"GEORGIA
(32.836038, -83.631709)",
KANSAS,2017,8,,-,0,,4,,,-,1,,,-,0,,2,,1,,,-,"KANSAS
(38.345528, -98.201847)",
IDAHO,2017,8,,-,0,,1,,,-,4,,,-,0,,1,,2,,,-,"IDAHO
(43.680635, -114.364237)",
MINNESOTA,2017,8,,-,1,,11,,,-,4,,,-,0,,0,,,-,,-,"MINNESOTA
(46.357661, -94.793397)",
LOUISIANA,2017,8,,-,0,,2,,4,,4,,,-,0,,1,,,-,2,,"LOUISIANA
(31.2931, -92.463284)",
OKLAHOMA,2017,8,,-,0,,20,,1,,1,,,-,0,,1,,,-,,-,"OKLAHOMA
(35.468494, -97.521264)",
MISSISSIPPI,2017,8,,-,0,,3,,1,,2,,,-,0,,1,,,-,2,,"MISSISSIPPI
(32.738663, -89.537312)",
NEW MEXICO,2017,8,,-,0,,3,,1,,2,,,-,0,,1,,,-,,-,"NEW MEXICO
(34.520396, -106.244402)",
DELAWARE,2017,8,,-,0,,2,,1,,5,,,-,0,,3,,1,,4,,"DELAWARE
(39.008676, -75.574561)",
FLORIDA,2017,8,4,,6,,13,,54,,38,,1,,1,,4,,7,,6,,"FLORIDA
(28.915325, -81.922409)",
MICHIGAN,2017,8,,-,4,,26,,13,,18,,,-,0,,4,,3,,4,,"MICHIGAN
(44.66399, -84.711206)",
OHIO,2017,8,2,,8,,32,,53,,46,,,-,1,,13,,6,,6,,"OHIO
(40.056807, -82.405897)",
NEW YORK,2017,8,7,,8,,26,,37,,33,,,-,1,,8,,7,,5,,"NEW YORK
(42.826892, -75.544286)",
PUERTO RICO,2017,8,,-,0,,1,,,-,1,,,-,0,,1,,,-,,-,"PUERTO RICO
(18.215692, -66.414655)",
MONTANA,2017,8,,-,0,,1,,4,,1,,,-,0,,1,,1,,,-,"MONTANA
(47.062617, -109.430168)",
OREGON,2017,8,,-,1,,3,,3,,4,,,-,0,,3,,2,,2,,"OREGON
(44.567912, -120.156945)",
INDIANA,2017,8,,-,2,,12,,7,,8,,,-,0,,2,,,-,,-,"INDIANA
(39.76845, -86.156212)",
VIRGIN ISL.,2017,8,,-,0,,0,,,-,,-,,-,0,,0,,,-,,-,"VIRGIN ISLANDS
(18.060868, -64.840836)",
ILLINOIS,2017,8,,-,4,,17,,7,,28,,,-,1,,5,,,-,7,,"ILLINOIS
(40.477092, -88.993221)",
IOWA,2017,8,,-,1,,2,,5,,3,,,-,0,,3,,2,,1,,"IOWA
(42.46942, -93.815856)",
GUAM,2017,8,,-,0,,0,,,-,,-,,-,0,,0,,,-,,-,"GUAM
(13.3532, 144.653198)",
NORTH CAROLINA,2017,8,,-,4,,11,,7,,19,,,-,1,,4,,1,,7,,"NORTH CAROLINA
(35.47995, -79.180571)",
CONNECTICUT,2017,8,,-,1,,6,,6,,2,,,-,0,,0,,,-,1,,"CONNECTICUT
(41.544654, -72.651713)",
NEVADA,2017,8,1,,0,,4,,1,,3,,,-,0,,1,,,-,1,,"NEVADA
(39.491833, -117.070159)",
COLORADO,2017,8,,-,0,,4,,5,,,-,,-,0,,2,,1,,2,,"COLORADO
(38.841772, -106.132562)",
NORTH DAKOTA,2017,8,,-,0,,2,,1,,,-,,-,0,,1,,1,,,-,"NORTH DAKOTA
(47.475879, -100.121011)",
ALABAMA,2017,8,,-,1,,4,,7,,5,,,-,0,,1,,,-,2,,"ALABAMA
(32.839182, -86.631125)",
NEBRASKA,2017,8,,-,0,,3,,3,,,-,,-,0,,1,,,-,1,,"NEBRASKA
(41.640503, -99.367122)",
RHODE ISLAND,2017,8,,-,0,,7,,2,,,-,,-,0,,3,,,-,,-,"RHODE ISLAND
(41.707447, -71.522488)",
WEST VIRGINIA,2017,8,,-,0,,3,,,-,1,,,-,0,,0,,,-,1,,"WEST VIRGINIA
(38.668501, -80.709421)",
PENNSYLVANIA,2017,8,1,,7,,19,,32,,23,,,-,1,,6,,8,,8,,"PENNSYLVANIA
(40.789676, -77.858055)",
UTAH,2017,8,,-,0,,3,,,-,4,,,-,0,,3,,1,,,-,"UTAH
(39.359772, -111.584173)",
WYOMING,2017,8,,-,0,,1,,1,,,-,,-,0,,1,,,-,,-,"WYOMING
(43.23558, -108.110518)",
ALASKA,2017,8,,-,0,,1,,,-,,-,,-,0,,1,,,-,1,,"ALASKA
(64.836661, -147.738891)",
MARYLAND,2017,8,1,,3,,7,,16,,15,,2,,3,,12,,34,,14,,"MARYLAND
(39.290443, -76.612333)",
VERMONT,2017,8,,-,0,,2,,,-,1,,,-,0,,2,,1,,,-,"VERMONT
(43.622479, -72.51927)",
NEW JERSEY,2017,8,,-,2,,7,,6,,12,,,-,1,,7,,7,,7,,"NEW JERSEY
(40.104655, -74.386686)",
KENTUCKY,2017,8,,-,2,,6,,15,,6,,,-,0,,2,,1,,,-,"KENTUCKY
(37.64591, -84.774043)",
HAWAII,2017,8,,-,0,,1,,1,,,-,,-,0,,0,,,-,,-,"HAWAII
(21.30992, -157.858158)",
VIRGINIA,2017,8,,-,2,,9,,3,,12,,,-,1,,4,,11,,8,,"VIRGINIA
(37.542699, -78.45822)",
SOUTH CAROLINA,2017,8,,-,1,,4,,3,,4,,,-,0,,3,,1,,1,,"SOUTH CAROLINA
(34.009286, -81.037094)",
ARKANSAS,2017,8,,-,0,,6,,5,,2,,,-,0,,1,,,-,,-,"ARKANSAS
(34.748745, -92.275105)",
NEW HAMPSHIRE,2017,8,,-,0,,3,,2,,,-,,-,0,,2,,,-,3,,"NEW HAMPSHIRE
(43.657736, -71.500736)",
SOUTH DAKOTA,2017,8,,-,0,,1,,,-,,-,,-,0,,1,,,-,2,,"SOUTH DAKOTA
(44.35371, -100.373709)",
UNITED STATES,2017,9,21,,110,,210,,508,,568,,7,,34,,85,,179,,189,,,
NEW ENGLAND,2017,9,,-,4,,21,,22,,16,,,-,2,,7,,11,,18,,,
MID. ATLANTIC,2017,9,7,,20,,64,,123,,128,,2,,8,,24,,51,,40,,,
NEW YORK CITY,2017,9,3,,4,,31,,41,,48,,1,,4,,17,,27,,18,,,
E.N. CENTRAL,2017,9,,-,21,,69,,88,,117,,,-,3,,25,,14,,21,,,
W.N. CENTRAL,2017,9,3,,5,,26,,23,,25,,,-,1,,5,,6,,6,,,
S. ATLANTIC,2017,9,9,,19,,36,,112,,123,,4,,9,,26,,66,,57,,,
E.S. CENTRAL,2017,9,,-,5,,13,,40,,29,,,-,1,,3,,4,,8,,,
W.S. CENTRAL,2017,9,1,,6,,27,,30,,20,,,-,2,,17,,9,,15,,,
MOUNTAIN,2017,9,1,,3,,10,,32,,27,,1,,2,,5,,10,,5,,,
PACIFIC,2017,9,,-,11,,35,,38,,83,,,-,3,,9,,8,,19,,,
AMER. SAMOA,2017,9,,N,0,,0,,,N,,N,,-,0,,0,,,-,,-,,
ARKANSAS,2017,9,,-,0,,6,,5,,2,,,-,0,,1,,,-,,-,"ARKANSAS
(34.748745, -92.275105)",
IOWA,2017,9,,-,1,,2,,5,,3,,,-,0,,3,,2,,2,,"IOWA
(42.46942, -93.815856)",
MICHIGAN,2017,9,,-,4,,26,,17,,21,,,-,0,,4,,3,,5,,"MICHIGAN
(44.66399, -84.711206)",
SOUTH DAKOTA,2017,9,,-,0,,1,,,-,,-,,-,0,,1,,,-,2,,"SOUTH DAKOTA
(44.35371, -100.373709)",
ILLINOIS,2017,9,,-,5,,17,,9,,28,,,-,1,,5,,4,,7,,"ILLINOIS
(40.477092, -88.993221)",
MARYLAND,2017,9,1,,3,,7,,18,,17,,4,,3,,12,,38,,16,,"MARYLAND
(39.290443, -76.612333)",
ALABAMA,2017,9,,-,1,,4,,7,,6,,,-,0,,1,,,-,2,,"ALABAMA
(32.839182, -86.631125)",
MAINE,2017,9,,-,0,,2,,,-,4,,,-,0,,1,,,-,3,,"MAINE
(45.252223, -68.986647)",
DELAWARE,2017,9,,-,0,,2,,1,,5,,,-,0,,3,,1,,4,,"DELAWARE
(39.008676, -75.574561)",
NEW YORK,2017,9,1,,8,,26,,38,,35,,,-,1,,8,,7,,7,,"NEW YORK
(42.826892, -75.544286)",
CONNECTICUT,2017,9,,-,1,,6,,8,,3,,,-,0,,1,,,-,1,,"CONNECTICUT
(41.544654, -72.651713)",
SOUTH CAROLINA,2017,9,,-,1,,4,,4,,4,,,-,0,,3,,1,,1,,"SOUTH CAROLINA
(34.009286, -81.037094)",
LOUISIANA,2017,9,,-,0,,2,,4,,4,,,-,0,,1,,,-,2,,"LOUISIANA
(31.2931, -92.463284)",
PUERTO RICO,2017,9,,-,0,,1,,,-,2,,,-,0,,1,,,-,,-,"PUERTO RICO
(18.215692, -66.414655)",
RHODE ISLAND,2017,9,,-,0,,7,,2,,,-,,-,0,,3,,1,,,-,"RHODE ISLAND
(41.707447, -71.522488)",
VERMONT,2017,9,,-,0,,2,,,-,1,,,-,0,,2,,1,,,-,"VERMONT
(43.622479, -72.51927)",
COLORADO,2017,9,1,,0,,4,,6,,,-,,-,0,,2,,1,,2,,"COLORADO
(38.841772, -106.132562)",
KENTUCKY,2017,9,,-,2,,6,,18,,7,,,-,0,,2,,1,,,-,"KENTUCKY
(37.64591, -84.774043)",
WISCONSIN,2017,9,,-,0,,3,,,-,8,,,-,0,,3,,1,,3,,"WISCONSIN
(44.395526, -89.834513)",
MONTANA,2017,9,,-,0,,1,,4,,1,,,-,0,,1,,1,,,-,"MONTANA
(47.062617, -109.430168)",
MINNESOTA,2017,9,,-,1,,12,,,-,4,,,-,0,,0,,,-,,-,"MINNESOTA
(46.357661, -94.793397)",
TENNESSEE,2017,9,,-,2,,7,,14,,14,,,-,0,,2,,2,,4,,"TENNESSEE
(35.681402, -85.774444)",
FLORIDA,2017,9,4,,6,,13,,58,,43,,,-,1,,4,,7,,6,,"FLORIDA
(28.915325, -81.922409)",
GEORGIA,2017,9,,-,2,,6,,14,,19,,,-,1,,5,,4,,11,,"GEORGIA
(32.836038, -83.631709)",
ALASKA,2017,9,,-,0,,1,,,-,,-,,-,0,,1,,,-,1,,"ALASKA
(64.836661, -147.738891)",
KANSAS,2017,9,,-,0,,4,,1,,2,,,-,0,,2,,1,,,-,"KANSAS
(38.345528, -98.201847)",
WASHINGTON,2017,9,,-,1,,9,,2,,4,,,-,0,,4,,,-,3,,"WASHINGTON
(47.517368, -120.467672)",
TEXAS,2017,9,1,,4,,17,,20,,13,,,-,2,,17,,9,,12,,"TEXAS
(31.827233, -99.423022)",
IDAHO,2017,9,,-,0,,1,,,-,5,,,-,0,,1,,2,,,-,"IDAHO
(43.680635, -114.364237)",
OHIO,2017,9,,-,8,,32,,53,,50,,,-,1,,13,,6,,6,,"OHIO
(40.056807, -82.405897)",
NEW HAMPSHIRE,2017,9,,-,0,,3,,2,,,-,,-,0,,2,,,-,3,,"NEW HAMPSHIRE
(43.657736, -71.500736)",
VIRGINIA,2017,9,4,,2,,9,,9,,12,,,-,1,,4,,12,,8,,"VIRGINIA
(37.542699, -78.45822)",
CALIFORNIA,2017,9,,-,9,,30,,32,,74,,,-,2,,7,,5,,12,,"CALIFORNIA
(37.640735, -121.002435)",
NORTH DAKOTA,2017,9,,-,0,,2,,1,,,-,,-,0,,1,,1,,,-,"NORTH DAKOTA
(47.475879, -100.121011)",
MISSISSIPPI,2017,9,,-,0,,3,,1,,2,,,-,0,,1,,1,,2,,"MISSISSIPPI
(32.738663, -89.537312)",
ARIZONA,2017,9,,-,1,,6,,19,,12,,1,,1,,4,,5,,1,,"ARIZONA
(34.869712, -111.760902)",
OKLAHOMA,2017,9,,-,0,,20,,1,,1,,,-,0,,1,,,-,1,,"OKLAHOMA
(35.468494, -97.521264)",
C.N.M.I.,2017,9,,-,,-,,-,,-,,-,,-,,-,,-,,-,,-,"NORTHERN MARIANA ISLANDS
(15.1834, 145.725693)",
NORTH CAROLINA,2017,9,,-,4,,11,,8,,22,,,-,0,,4,,1,,7,,"NORTH CAROLINA
(35.47995, -79.180571)",
VIRGIN ISL.,2017,9,,-,0,,0,,,-,,-,,-,0,,0,,,-,,-,"VIRGIN ISLANDS
(18.060868, -64.840836)",
HAWAII,2017,9,,-,0,,1,,1,,1,,,-,0,,0,,,-,,-,"HAWAII
(21.30992, -157.858158)",
INDIANA,2017,9,,-,2,,12,,9,,10,,,-,0,,2,,,-,,-,"INDIANA
(39.76845, -86.156212)",
UTAH,2017,9,,-,0,,3,,,-,4,,,-,0,,3,,1,,1,,"UTAH
(39.359772, -111.584173)",
WEST VIRGINIA,2017,9,,-,0,,3,,,-,1,,,-,0,,0,,,-,1,,"WEST VIRGINIA
(38.668501, -80.709421)",
PENNSYLVANIA,2017,9,3,,7,,19,,38,,28,,1,,1,,6,,10,,8,,"PENNSYLVANIA
(40.789676, -77.858055)",
NEVADA,2017,9,,-,0,,4,,1,,3,,,-,0,,1,,,-,1,,"NEVADA
(39.491833, -117.070159)",
MISSOURI,2017,9,2,,2,,13,,12,,16,,,-,0,,3,,2,,1,,"MISSOURI
(38.636168, -92.566292)",
DIST. OF COL.,2017,9,,-,0,,0,,,-,,-,,-,0,,3,,2,,3,,"DISTRICT OF COLUMBIA
(38.892062, -77.019912)",
OREGON,2017,9,,-,1,,3,,3,,4,,,-,0,,3,,3,,3,,"OREGON
(44.567912, -120.156945)",
NEW MEXICO,2017,9,,-,0,,3,,1,,2,,,-,0,,1,,,-,,-,"NEW MEXICO
(34.520396, -106.244402)",
WYOMING,2017,9,,-,0,,1,,1,,,-,,-,0,,1,,,-,,-,"WYOMING
(43.23558, -108.110518)",
NEBRASKA,2017,9,1,,0,,3,,4,,,-,,-,0,,1,,,-,1,,"NEBRASKA
(41.640503, -99.367122)",
NEW JERSEY,2017,9,,-,2,,7,,6,,17,,,-,1,,7,,7,,7,,"NEW JERSEY
(40.104655, -74.386686)",
MASSACHUSETTS,2017,9,,-,2,,11,,10,,8,,,-,1,,6,,9,,11,,"MASSACHUSETTS
(42.268546, -72.085064)",
UNITED STATES,2017,10,18,,111,,212,,566,,629,,8,,34,,86,,198,,210,,,
NEW ENGLAND,2017,10,,-,4,,21,,22,,19,,,-,2,,7,,11,,18,,,
MID. ATLANTIC,2017,10,,-,20,,64,,123,,145,,1,,8,,24,,53,,43,,,
NEW YORK CITY,2017,10,,-,4,,31,,41,,53,,,-,4,,17,,27,,20,,,
E.N. CENTRAL,2017,10,5,,21,,69,,100,,128,,1,,3,,25,,19,,22,,,
W.N. CENTRAL,2017,10,,-,5,,26,,24,,27,,,-,1,,5,,6,,7,,,
S. ATLANTIC,2017,10,5,,20,,36,,130,,135,,3,,9,,26,,75,,66,,,
E.S. CENTRAL,2017,10,,-,5,,13,,43,,32,,,-,1,,3,,4,,9,,,
W.S. CENTRAL,2017,10,2,,6,,27,,39,,22,,1,,2,,19,,10,,18,,,
MOUNTAIN,2017,10,4,,3,,10,,42,,28,,,-,2,,5,,10,,6,,,
PACIFIC,2017,10,2,,11,,35,,43,,93,,2,,3,,9,,10,,21,,,
KENTUCKY,2017,10,,-,2,,6,,18,,7,,,-,0,,2,,1,,1,,"KENTUCKY
(37.64591, -84.774043)",
AMER. SAMOA,2017,10,,N,0,,0,,,N,,N,,-,0,,0,,,-,,-,,
VERMONT,2017,10,,-,0,,2,,,-,1,,,-,0,,2,,1,,,-,"VERMONT
(43.622479, -72.51927)",
MISSISSIPPI,2017,10,,-,0,,3,,1,,3,,,-,0,,1,,1,,2,,"MISSISSIPPI
(32.738663, -89.537312)",
CONNECTICUT,2017,10,,-,1,,6,,8,,3,,,-,0,,1,,,-,1,,"CONNECTICUT
(41.544654, -72.651713)",
GUAM,2017,10,,-,0,,0,,,-,,-,,-,0,,0,,,-,,-,"GUAM
(13.3532, 144.653198)",
OKLAHOMA,2017,10,,-,0,,20,,1,,1,,,-,0,,1,,,-,1,,"OKLAHOMA
(35.468494, -97.521264)",
NEVADA,2017,10,,-,0,,4,,1,,3,,,-,0,,1,,,-,1,,"NEVADA
(39.491833, -117.070159)",
IOWA,2017,10,,-,1,,2,,5,,3,,,-,0,,3,,2,,3,,"IOWA
(42.46942, -93.815856)",
WISCONSIN,2017,10,,-,0,,3,,,-,8,,,-,0,,3,,1,,3,,"WISCONSIN
(44.395526, -89.834513)",
HAWAII,2017,10,,-,0,,1,,1,,1,,,-,0,,0,,,-,,-,"HAWAII
(21.30992, -157.858158)",
MISSOURI,2017,10,,-,2,,13,,12,,17,,,-,0,,3,,2,,1,,"MISSOURI
(38.636168, -92.566292)",
CALIFORNIA,2017,10,,-,10,,30,,34,,84,,,-,2,,7,,5,,14,,"CALIFORNIA
(37.640735, -121.002435)",
NEW JERSEY,2017,10,,-,2,,7,,6,,21,,,-,1,,7,,8,,7,,"NEW JERSEY
(40.104655, -74.386686)",
NEBRASKA,2017,10,,-,0,,3,,4,,,-,,-,0,,1,,,-,1,,"NEBRASKA
(41.640503, -99.367122)",
NEW HAMPSHIRE,2017,10,,-,0,,3,,2,,,-,,-,0,,2,,,-,3,,"NEW HAMPSHIRE
(43.657736, -71.500736)",
NEW YORK,2017,10,,-,8,,26,,38,,39,,1,,1,,8,,8,,7,,"NEW YORK
(42.826892, -75.544286)",
ALASKA,2017,10,,-,0,,1,,1,,,-,,-,0,,1,,,-,1,,"ALASKA
(64.836661, -147.738891)",
KANSAS,2017,10,,-,0,,4,,2,,3,,,-,0,,2,,1,,,-,"KANSAS
(38.345528, -98.201847)",
VIRGIN ISL.,2017,10,,-,0,,0,,,-,,-,,-,0,,0,,,-,,-,"VIRGIN ISLANDS
(18.060868, -64.840836)",
INDIANA,2017,10,,-,2,,12,,9,,11,,,-,0,,2,,,-,,-,"INDIANA
(39.76845, -86.156212)",
ILLINOIS,2017,10,,-,6,,17,,15,,31,,,-,1,,5,,5,,8,,"ILLINOIS
(40.477092, -88.993221)",
PENNSYLVANIA,2017,10,,-,7,,19,,38,,32,,,-,1,,6,,10,,9,,"PENNSYLVANIA
(40.789676, -77.858055)",
ARIZONA,2017,10,3,,2,,6,,26,,13,,,-,1,,4,,5,,1,,"ARIZONA
(34.869712, -111.760902)",
LOUISIANA,2017,10,,-,0,,2,,4,,4,,,-,0,,1,,,-,3,,"LOUISIANA
(31.2931, -92.463284)",
ALABAMA,2017,10,,-,1,,4,,9,,7,,,-,0,,1,,,-,2,,"ALABAMA
(32.839182, -86.631125)",
WASHINGTON,2017,10,2,,0,,9,,4,,4,,2,,0,,4,,2,,3,,"WASHINGTON
(47.517368, -120.467672)",
RHODE ISLAND,2017,10,,-,0,,7,,2,,,-,,-,0,,3,,1,,,-,"RHODE ISLAND
(41.707447, -71.522488)",
DELAWARE,2017,10,,-,0,,2,,2,,5,,,-,0,,3,,1,,5,,"DELAWARE
(39.008676, -75.574561)",
SOUTH DAKOTA,2017,10,,-,0,,1,,,-,,-,,-,0,,1,,,-,2,,"SOUTH DAKOTA
(44.35371, -100.373709)",
GEORGIA,2017,10,,-,2,,6,,19,,20,,,-,1,,5,,7,,12,,"GEORGIA
(32.836038, -83.631709)",
SOUTH CAROLINA,2017,10,,-,1,,4,,6,,4,,,-,0,,3,,1,,2,,"SOUTH CAROLINA
(34.009286, -81.037094)",
COLORADO,2017,10,,-,0,,4,,6,,,-,,-,0,,2,,1,,3,,"COLORADO
(38.841772, -106.132562)",
UTAH,2017,10,,-,0,,3,,2,,4,,,-,0,,3,,1,,1,,"UTAH
(39.359772, -111.584173)",
MICHIGAN,2017,10,,-,4,,26,,17,,24,,,-,0,,4,,6,,5,,"MICHIGAN
(44.66399, -84.711206)",
ARKANSAS,2017,10,1,,1,,6,,9,,2,,1,,0,,1,,1,,,-,"ARKANSAS
(34.748745, -92.275105)",
VIRGINIA,2017,10,,-,3,,9,,11,,13,,,-,1,,4,,12,,8,,"VIRGINIA
(37.542699, -78.45822)",
DIST. OF COL.,2017,10,,-,0,,0,,,-,,-,,-,0,,3,,2,,3,,"DISTRICT OF COLUMBIA
(38.892062, -77.019912)",
OREGON,2017,10,,-,1,,3,,3,,4,,,-,0,,3,,3,,3,,"OREGON
(44.567912, -120.156945)",
PUERTO RICO,2017,10,,-,0,,1,,,-,2,,,-,0,,1,,,-,,-,"PUERTO RICO
(18.215692, -66.414655)",
C.N.M.I.,2017,10,,-,,-,,-,,-,,-,,-,,-,,-,,-,,-,"NORTHERN MARIANA ISLANDS
(15.1834, 145.725693)",
NORTH CAROLINA,2017,10,,-,4,,11,,10,,25,,,-,0,,4,,1,,8,,"NORTH CAROLINA
(35.47995, -79.180571)",
MASSACHUSETTS,2017,10,,-,2,,11,,10,,10,,,-,1,,6,,9,,11,,"MASSACHUSETTS
(42.268546, -72.085064)",
TEXAS,2017,10,1,,4,,18,,25,,15,,,-,2,,19,,9,,14,,"TEXAS
(31.827233, -99.423022)",
MONTANA,2017,10,,-,0,,1,,4,,1,,,-,0,,1,,1,,,-,"MONTANA
(47.062617, -109.430168)",
MAINE,2017,10,,-,0,,2,,,-,5,,,-,0,,1,,,-,3,,"MAINE
(45.252223, -68.986647)",
WEST VIRGINIA,2017,10,,-,0,,3,,,-,2,,,-,0,,0,,,-,1,,"WEST VIRGINIA
(38.668501, -80.709421)",
NEW MEXICO,2017,10,,-,0,,3,,1,,2,,,-,0,,1,,,-,,-,"NEW MEXICO
(34.520396, -106.244402)",
IDAHO,2017,10,1,,0,,1,,1,,5,,,-,0,,1,,2,,,-,"IDAHO
(43.680635, -114.364237)",
FLORIDA,2017,10,5,,6,,13,,64,,46,,1,,1,,4,,8,,7,,"FLORIDA
(28.915325, -81.922409)",
MARYLAND,2017,10,,-,3,,7,,18,,20,,2,,4,,12,,43,,20,,"MARYLAND
(39.290443, -76.612333)",
MINNESOTA,2017,10,,-,1,,12,,,-,4,,,-,0,,0,,,-,,-,"MINNESOTA
(46.357661, -94.793397)",
NORTH DAKOTA,2017,10,,-,0,,2,,1,,,-,,-,0,,1,,1,,,-,"NORTH DAKOTA
(47.475879, -100.121011)",
OHIO,2017,10,5,,8,,32,,59,,54,,1,,1,,13,,7,,6,,"OHIO
(40.056807, -82.405897)",
WYOMING,2017,10,,-,0,,1,,1,,,-,,-,0,,1,,,-,,-,"WYOMING
(43.23558, -108.110518)",
TENNESSEE,2017,10,,-,2,,7,,15,,15,,,-,0,,2,,2,,4,,"TENNESSEE
(35.681402, -85.774444)",
UNITED STATES,2017,11,20,,120,,226,,657,,720,,5,,37,,88,,226,,235,,,
NEW ENGLAND,2017,11,1,,4,,21,,28,,23,,,-,3,,7,,12,,22,,,
MID. ATLANTIC,2017,11,4,,28,,71,,176,,174,,1,,10,,26,,68,,51,,,
NEW YORK CITY,2017,11,2,,4,,31,,46,,55,,1,,4,,17,,29,,21,,,
E.N. CENTRAL,2017,11,,-,21,,69,,108,,142,,,-,3,,25,,20,,22,,,
W.N. CENTRAL,2017,11,1,,5,,26,,26,,28,,,-,1,,5,,6,,7,,,
MAINE,2017,11,,-,0,,2,,,-,5,,,-,0,,1,,,-,3,,"MAINE
(45.252223, -68.986647)",
NEW HAMPSHIRE,2017,11,,-,0,,3,,3,,1,,,-,0,,2,,,-,3,,"NEW HAMPSHIRE
(43.657736, -71.500736)",
ILLINOIS,2017,11,,-,6,,17,,16,,33,,,-,1,,5,,6,,8,,"ILLINOIS
(40.477092, -88.993221)",
KANSAS,2017,11,,-,0,,4,,2,,3,,,-,0,,2,,1,,,-,"KANSAS
(38.345528, -98.201847)",
OHIO,2017,11,,-,8,,32,,62,,59,,,-,1,,13,,7,,6,,"OHIO
(40.056807, -82.405897)",
S. ATLANTIC,2017,11,5,,20,,36,,137,,149,,2,,9,,25,,81,,69,,,
E.S. CENTRAL,2017,11,1,,5,,13,,45,,36,,,-,1,,3,,5,,9,,,
W.S. CENTRAL,2017,11,7,,6,,27,,50,,24,,1,,3,,20,,13,,23,,,
MOUNTAIN,2017,11,,-,4,,14,,43,,38,,,-,2,,5,,10,,9,,,
ALABAMA,2017,11,,-,1,,4,,9,,8,,,-,0,,1,,,-,2,,"ALABAMA
(32.839182, -86.631125)",
WYOMING,2017,11,,-,0,,1,,1,,,-,,-,0,,1,,,-,1,,"WYOMING
(43.23558, -108.110518)",
DELAWARE,2017,11,,-,0,,2,,2,,5,,,-,0,,3,,1,,5,,"DELAWARE
(39.008676, -75.574561)",
COLORADO,2017,11,,-,1,,4,,6,,8,,,-,0,,2,,1,,3,,"COLORADO
(38.841772, -106.132562)",
IDAHO,2017,11,,-,0,,1,,1,,5,,,-,0,,1,,2,,,-,"IDAHO
(43.680635, -114.364237)",
PACIFIC,2017,11,1,,11,,35,,44,,106,,1,,3,,9,,11,,23,,,
AMER. SAMOA,2017,11,,N,0,,0,,,N,,N,,-,0,,0,,,-,,-,,
RHODE ISLAND,2017,11,,-,0,,7,,2,,,-,,-,0,,3,,1,,,-,"RHODE ISLAND
(41.707447, -71.522488)",
MASSACHUSETTS,2017,11,1,,2,,11,,15,,13,,,-,1,,6,,10,,15,,"MASSACHUSETTS
(42.268546, -72.085064)",
NORTH CAROLINA,2017,11,,-,4,,11,,12,,28,,,-,1,,4,,4,,8,,"NORTH CAROLINA
(35.47995, -79.180571)",
NEBRASKA,2017,11,1,,0,,3,,5,,,-,,-,0,,1,,,-,1,,"NEBRASKA
(41.640503, -99.367122)",
VERMONT,2017,11,,-,0,,2,,,-,1,,,-,0,,2,,1,,,-,"VERMONT
(43.622479, -72.51927)",
OKLAHOMA,2017,11,,-,0,,20,,1,,1,,,-,0,,1,,,-,1,,"OKLAHOMA
(35.468494, -97.521264)",
INDIANA,2017,11,,-,2,,12,,13,,13,,,-,0,,2,,,-,,-,"INDIANA
(39.76845, -86.156212)",
MARYLAND,2017,11,,-,3,,7,,18,,22,,1,,3,,12,,44,,22,,"MARYLAND
(39.290443, -76.612333)",
C.N.M.I.,2017,11,,-,,-,,-,,-,,-,,-,,-,,-,,-,,-,"NORTHERN MARIANA ISLANDS
(15.1834, 145.725693)",
IOWA,2017,11,,-,1,,2,,6,,3,,,-,0,,3,,2,,3,,"IOWA
(42.46942, -93.815856)",
KENTUCKY,2017,11,,-,2,,6,,18,,9,,,-,0,,2,,1,,1,,"KENTUCKY
(37.64591, -84.774043)",
TEXAS,2017,11,4,,4,,19,,32,,17,,1,,2,,20,,12,,19,,"TEXAS
(31.827233, -99.423022)",
MISSOURI,2017,11,,-,2,,13,,12,,17,,,-,0,,3,,2,,1,,"MISSOURI
(38.636168, -92.566292)",
UTAH,2017,11,,-,0,,3,,2,,4,,,-,0,,3,,1,,2,,"UTAH
(39.359772, -111.584173)",
ARKANSAS,2017,11,3,,1,,6,,13,,2,,,-,0,,1,,1,,,-,"ARKANSAS
(34.748745, -92.275105)",
VIRGIN ISL.,2017,11,,-,0,,0,,,-,,-,,-,0,,0,,,-,,-,"VIRGIN ISLANDS
(18.060868, -64.840836)",
CALIFORNIA,2017,11,,-,9,,30,,34,,95,,,-,2,,7,,5,,15,,"CALIFORNIA
(37.640735, -121.002435)",
MISSISSIPPI,2017,11,,-,0,,3,,2,,3,,,-,0,,2,,2,,2,,"MISSISSIPPI
(32.738663, -89.537312)",
DIST. OF COL.,2017,11,,-,0,,0,,,-,,-,,-,0,,3,,2,,3,,"DISTRICT OF COLUMBIA
(38.892062, -77.019912)",
MINNESOTA,2017,11,,-,1,,12,,,-,5,,,-,0,,0,,,-,,-,"MINNESOTA
(46.357661, -94.793397)",
NORTH DAKOTA,2017,11,,-,0,,2,,1,,,-,,-,0,,1,,1,,,-,"NORTH DAKOTA
(47.475879, -100.121011)",
MONTANA,2017,11,,-,0,,1,,4,,1,,,-,0,,1,,1,,,-,"MONTANA
(47.062617, -109.430168)",
OREGON,2017,11,,-,1,,3,,3,,4,,,-,0,,3,,3,,3,,"OREGON
(44.567912, -120.156945)",
LOUISIANA,2017,11,,-,0,,2,,4,,4,,,-,0,,2,,,-,3,,"LOUISIANA
(31.2931, -92.463284)",
SOUTH DAKOTA,2017,11,,-,0,,1,,,-,,-,,-,0,,1,,,-,2,,"SOUTH DAKOTA
(44.35371, -100.373709)",
GUAM,2017,11,,-,0,,0,,,-,,-,,-,0,,0,,,-,,-,"GUAM
(13.3532, 144.653198)",
NEVADA,2017,11,,-,0,,4,,2,,3,,,-,0,,1,,,-,2,,"NEVADA
(39.491833, -117.070159)",
VIRGINIA,2017,11,,-,3,,9,,11,,13,,,-,1,,4,,13,,8,,"VIRGINIA
(37.542699, -78.45822)",
ALASKA,2017,11,,-,0,,1,,1,,,-,1,,0,,1,,1,,1,,"ALASKA
(64.836661, -147.738891)",
SOUTH CAROLINA,2017,11,,-,1,,4,,6,,4,,,-,0,,3,,1,,2,,"SOUTH CAROLINA
(34.009286, -81.037094)",
TENNESSEE,2017,11,1,,2,,7,,16,,16,,,-,0,,2,,2,,4,,"TENNESSEE
(35.681402, -85.774444)",
HAWAII,2017,11,,-,0,,1,,1,,2,,,-,0,,0,,,-,,-,"HAWAII
(21.30992, -157.858158)",
PENNSYLVANIA,2017,11,2,,14,,37,,86,,50,,,-,2,,10,,21,,14,,"PENNSYLVANIA
(40.789676, -77.858055)",
NEW MEXICO,2017,11,,-,0,,3,,1,,2,,,-,0,,1,,,-,,-,"NEW MEXICO
(34.520396, -106.244402)",
CONNECTICUT,2017,11,,-,1,,6,,8,,3,,,-,0,,1,,,-,1,,"CONNECTICUT
(41.544654, -72.651713)",
MICHIGAN,2017,11,,-,4,,26,,17,,27,,,-,0,,4,,6,,5,,"MICHIGAN
(44.66399, -84.711206)",
NEW YORK,2017,11,,-,8,,26,,38,,47,,,-,1,,8,,8,,7,,"NEW YORK
(42.826892, -75.544286)",
ARIZONA,2017,11,,-,2,,6,,26,,15,,,-,1,,4,,5,,1,,"ARIZONA
(34.869712, -111.760902)",
WEST VIRGINIA,2017,11,,-,0,,3,,,-,3,,,-,0,,0,,,-,1,,"WEST VIRGINIA
(38.668501, -80.709421)",
NEW JERSEY,2017,11,,-,2,,7,,6,,22,,,-,1,,7,,10,,9,,"NEW JERSEY
(40.104655, -74.386686)",
WISCONSIN,2017,11,,-,0,,3,,,-,10,,,-,0,,3,,1,,3,,"WISCONSIN
(44.395526, -89.834513)",
WASHINGTON,2017,11,1,,1,,9,,5,,5,,,-,1,,4,,2,,4,,"WASHINGTON
(47.517368, -120.467672)",
PUERTO RICO,2017,11,,-,0,,1,,,-,2,,,-,0,,1,,,-,,-,"PUERTO RICO
(18.215692, -66.414655)",
GEORGIA,2017,11,,-,2,,6,,19,,22,,,-,1,,5,,7,,12,,"GEORGIA
(32.836038, -83.631709)",
FLORIDA,2017,11,5,,6,,13,,69,,52,,1,,1,,4,,9,,8,,"FLORIDA
(28.915325, -81.922409)",
UNITED STATES,2017,12,12,,121,,224,,705,,805,,9,,37,,88,,251,,248,,,
NEW ENGLAND,2017,12,1,,4,,21,,29,,27,,,-,2,,7,,12,,22,,,
MID. ATLANTIC,2017,12,3,,28,,71,,187,,200,,2,,10,,26,,71,,56,,,
NEW YORK CITY,2017,12,2,,4,,31,,48,,58,,,-,4,,17,,29,,26,,,
E.N. CENTRAL,2017,12,1,,21,,69,,114,,151,,2,,3,,25,,24,,24,,,
W.N. CENTRAL,2017,12,1,,6,,26,,32,,32,,1,,1,,5,,10,,8,,,
S. ATLANTIC,2017,12,3,,20,,36,,143,,166,,2,,9,,25,,89,,72,,,
E.S. CENTRAL,2017,12,1,,5,,13,,48,,43,,,-,1,,3,,5,,9,,,
W.S. CENTRAL,2017,12,1,,7,,27,,52,,29,,1,,3,,20,,14,,22,,,
MOUNTAIN,2017,12,,-,4,,14,,45,,39,,,-,1,,5,,11,,10,,,
PACIFIC,2017,12,1,,11,,35,,55,,118,,1,,3,,9,,15,,25,,,
AMER. SAMOA,2017,12,,N,0,,0,,,N,,N,,-,0,,0,,,-,,-,,
MARYLAND,2017,12,,-,3,,8,,19,,22,,2,,3,,13,,47,,25,,"MARYLAND
(39.290443, -76.612333)",
VIRGINIA,2017,12,1,,3,,9,,12,,13,,,-,1,,4,,13,,8,,"VIRGINIA
(37.542699, -78.45822)",
CONNECTICUT,2017,12,1,,1,,6,,9,,3,,,-,0,,1,,,-,1,,"CONNECTICUT
(41.544654, -72.651713)",
MONTANA,2017,12,,-,0,,1,,4,,1,,,-,0,,1,,1,,1,,"MONTANA
(47.062617, -109.430168)",
GEORGIA,2017,12,,-,2,,6,,20,,23,,,-,1,,5,,11,,12,,"GEORGIA
(32.836038, -83.631709)",
NEW JERSEY,2017,12,,-,2,,7,,6,,25,,,-,1,,7,,11,,9,,"NEW JERSEY
(40.104655, -74.386686)",
MISSOURI,2017,12,1,,2,,13,,16,,19,,1,,0,,3,,3,,1,,"MISSOURI
(38.636168, -92.566292)",
OKLAHOMA,2017,12,,-,0,,20,,1,,1,,,-,0,,1,,,-,1,,"OKLAHOMA
(35.468494, -97.521264)",
NEW HAMPSHIRE,2017,12,,-,0,,3,,3,,1,,,-,0,,2,,,-,3,,"NEW HAMPSHIRE
(43.657736, -71.500736)",
IOWA,2017,12,,-,1,,2,,7,,4,,,-,0,,3,,2,,3,,"IOWA
(42.46942, -93.815856)",
ALABAMA,2017,12,,-,1,,4,,10,,10,,,-,0,,1,,,-,2,,"ALABAMA
(32.839182, -86.631125)",
NORTH DAKOTA,2017,12,,-,0,,2,,1,,1,,,-,0,,1,,1,,,-,"NORTH DAKOTA
(47.475879, -100.121011)",
TEXAS,2017,12,1,,4,,19,,34,,21,,1,,2,,20,,13,,18,,"TEXAS
(31.827233, -99.423022)",
RHODE ISLAND,2017,12,,-,0,,9,,2,,3,,,-,0,,3,,1,,,-,"RHODE ISLAND
(41.707447, -71.522488)",
MINNESOTA,2017,12,,-,1,,12,,,-,5,,,-,0,,0,,,-,,-,"MINNESOTA
(46.357661, -94.793397)",
WASHINGTON,2017,12,,-,1,,9,,5,,7,,1,,0,,4,,3,,5,,"WASHINGTON
(47.517368, -120.467672)",
FLORIDA,2017,12,2,,6,,13,,71,,61,,,-,1,,4,,9,,8,,"FLORIDA
(28.915325, -81.922409)",
DIST. OF COL.,2017,12,,-,0,,0,,,-,,-,,-,0,,3,,2,,3,,"DISTRICT OF COLUMBIA
(38.892062, -77.019912)",
MISSISSIPPI,2017,12,,-,0,,3,,3,,3,,,-,0,,2,,2,,2,,"MISSISSIPPI
(32.738663, -89.537312)",
MASSACHUSETTS,2017,12,,-,2,,11,,15,,13,,,-,1,,6,,10,,15,,"MASSACHUSETTS
(42.268546, -72.085064)",
NEW YORK,2017,12,,-,7,,26,,45,,55,,2,,1,,8,,10,,7,,"NEW YORK
(42.826892, -75.544286)",
ILLINOIS,2017,12,,-,6,,17,,18,,36,,,-,1,,5,,6,,10,,"ILLINOIS
(40.477092, -88.993221)",
LOUISIANA,2017,12,,-,0,,2,,4,,4,,,-,0,,2,,,-,3,,"LOUISIANA
(31.2931, -92.463284)",
PENNSYLVANIA,2017,12,1,,14,,37,,88,,62,,,-,2,,10,,21,,14,,"PENNSYLVANIA
(40.789676, -77.858055)",
OREGON,2017,12,,-,1,,3,,4,,4,,,-,0,,3,,3,,3,,"OREGON
(44.567912, -120.156945)",
DELAWARE,2017,12,,-,0,,2,,2,,5,,,-,0,,3,,1,,5,,"DELAWARE
(39.008676, -75.574561)",
CALIFORNIA,2017,12,1,,10,,30,,43,,105,,,-,2,,7,,8,,16,,"CALIFORNIA
(37.640735, -121.002435)",
ARKANSAS,2017,12,,-,1,,6,,13,,3,,,-,0,,1,,1,,,-,"ARKANSAS
(34.748745, -92.275105)",
PUERTO RICO,2017,12,,-,0,,1,,,-,3,,,-,0,,1,,,-,,-,"PUERTO RICO
(18.215692, -66.414655)",
COLORADO,2017,12,,-,1,,4,,6,,8,,,-,0,,2,,1,,3,,"COLORADO
(38.841772, -106.132562)",
WEST VIRGINIA,2017,12,,-,0,,3,,,-,3,,,-,0,,0,,,-,1,,"WEST VIRGINIA
(38.668501, -80.709421)",
WISCONSIN,2017,12,,-,0,,3,,,-,11,,,-,0,,3,,1,,3,,"WISCONSIN
(44.395526, -89.834513)",
NEW MEXICO,2017,12,,-,0,,3,,1,,2,,,-,0,,1,,,-,,-,"NEW MEXICO
(34.520396, -106.244402)",
VERMONT,2017,12,,-,0,,2,,,-,1,,,-,0,,2,,1,,,-,"VERMONT
(43.622479, -72.51927)",
ARIZONA,2017,12,,-,2,,6,,27,,16,,,-,1,,4,,6,,1,,"ARIZONA
(34.869712, -111.760902)",
NEVADA,2017,12,,-,0,,4,,3,,3,,,-,0,,1,,,-,2,,"NEVADA
(39.491833, -117.070159)",
SOUTH CAROLINA,2017,12,,-,1,,4,,6,,5,,,-,0,,3,,1,,2,,"SOUTH CAROLINA
(34.009286, -81.037094)",
IDAHO,2017,12,,-,0,,1,,1,,5,,,-,0,,1,,2,,,-,"IDAHO
(43.680635, -114.364237)",
VIRGIN ISL.,2017,12,,-,0,,0,,,-,,-,,-,0,,0,,,-,,-,"VIRGIN ISLANDS
(18.060868, -64.840836)",
MAINE,2017,12,,-,0,,2,,,-,6,,,-,0,,1,,,-,3,,"MAINE
(45.252223, -68.986647)",
NEBRASKA,2017,12,,-,0,,3,,6,,,-,,-,0,,1,,1,,1,,"NEBRASKA
(41.640503, -99.367122)",
ALASKA,2017,12,,-,0,,1,,1,,,-,,-,0,,1,,1,,1,,"ALASKA
(64.836661, -147.738891)",
UTAH,2017,12,,-,0,,3,,2,,4,,,-,0,,3,,1,,2,,"UTAH
(39.359772, -111.584173)",
C.N.M.I.,2017,12,,-,,-,,-,,-,,-,,-,,-,,-,,-,,-,"NORTHERN MARIANA ISLANDS
(15.1834, 145.725693)",
KENTUCKY,2017,12,,-,2,,6,,18,,10,,,-,0,,2,,1,,1,,"KENTUCKY
(37.64591, -84.774043)",
TENNESSEE,2017,12,1,,2,,7,,17,,20,,,-,0,,2,,2,,4,,"TENNESSEE
(35.681402, -85.774444)",
NORTH CAROLINA,2017,12,,-,4,,11,,13,,34,,,-,1,,4,,5,,8,,"NORTH CAROLINA
(35.47995, -79.180571)",
HAWAII,2017,12,,-,0,,1,,2,,2,,,-,0,,0,,,-,,-,"HAWAII
(21.30992, -157.858158)",
OHIO,2017,12,1,,8,,32,,63,,60,,2,,1,,13,,10,,6,,"OHIO
(40.056807, -82.405897)",
GUAM,2017,12,,-,0,,0,,,-,,-,,-,0,,0,,,-,,-,"GUAM
(13.3532, 144.653198)",
INDIANA,2017,12,,-,2,,12,,14,,16,,,-,0,,2,,,-,,-,"INDIANA
(39.76845, -86.156212)",
SOUTH DAKOTA,2017,12,,-,0,,1,,,-,,-,,-,0,,1,,1,,3,,"SOUTH DAKOTA
(44.35371, -100.373709)",
WYOMING,2017,12,,-,0,,1,,1,,,-,,-,0,,1,,,-,1,,"WYOMING
(43.23558, -108.110518)",
MICHIGAN,2017,12,,-,4,,26,,19,,28,,,-,0,,4,,7,,5,,"MICHIGAN
(44.66399, -84.711206)",
KANSAS,2017,12,,-,0,,4,,2,,3,,,-,0,,2,,2,,,-,"KANSAS
(38.345528, -98.201847)",
UNITED STATES,2017,13,24,,123,,224,,753,,882,,6,,38,,87,,269,,266,,,
NEW ENGLAND,2017,13,,-,4,,21,,35,,34,,2,,3,,7,,14,,25,,,
MID. ATLANTIC,2017,13,5,,28,,71,,186,,217,,1,,10,,26,,75,,59,,,
NEW YORK CITY,2017,13,1,,4,,31,,49,,59,,1,,4,,17,,30,,27,,,
E.N. CENTRAL,2017,13,9,,21,,69,,131,,167,,,-,3,,25,,26,,27,,,
W.N. CENTRAL,2017,13,1,,6,,26,,35,,36,,,-,1,,5,,11,,8,,,
S. ATLANTIC,2017,13,4,,20,,37,,147,,176,,2,,9,,24,,91,,76,,,
E.S. CENTRAL,2017,13,,-,5,,13,,51,,48,,,-,1,,3,,6,,9,,,
W.S. CENTRAL,2017,13,2,,7,,27,,59,,35,,,-,3,,22,,15,,24,,,
MOUNTAIN,2017,13,2,,4,,14,,47,,44,,,-,1,,5,,12,,12,,,
PACIFIC,2017,13,1,,11,,35,,63,,125,,1,,3,,9,,19,,26,,,
AMER. SAMOA,2017,13,,N,0,,0,,,N,,N,,-,0,,0,,,-,,-,,
MINNESOTA,2017,13,,-,1,,12,,,-,7,,,-,0,,0,,,-,,-,"MINNESOTA
(46.357661, -94.793397)",
CONNECTICUT,2017,13,,-,1,,6,,12,,4,,1,,0,,2,,1,,1,,"CONNECTICUT
(41.544654, -72.651713)",
CALIFORNIA,2017,13,,-,10,,30,,51,,111,,,-,2,,7,,11,,16,,"CALIFORNIA
(37.640735, -121.002435)",
TEXAS,2017,13,1,,5,,19,,40,,27,,,-,2,,22,,14,,19,,"TEXAS
(31.827233, -99.423022)",
ILLINOIS,2017,13,,-,6,,17,,22,,39,,,-,1,,5,,6,,10,,"ILLINOIS
(40.477092, -88.993221)",
NORTH DAKOTA,2017,13,,-,0,,2,,1,,1,,,-,0,,1,,1,,,-,"NORTH DAKOTA
(47.475879, -100.121011)",
NEW YORK,2017,13,4,,7,,26,,42,,61,,,-,1,,8,,10,,7,,"NEW YORK
(42.826892, -75.544286)",
MASSACHUSETTS,2017,13,,-,2,,11,,15,,18,,,-,1,,6,,10,,18,,"MASSACHUSETTS
(42.268546, -72.085064)",
PUERTO RICO,2017,13,,-,0,,1,,,-,3,,,-,0,,1,,,-,,-,"PUERTO RICO
(18.215692, -66.414655)",
KANSAS,2017,13,,-,0,,4,,3,,3,,,-,0,,2,,2,,,-,"KANSAS
(38.345528, -98.201847)",
UTAH,2017,13,,-,0,,3,,2,,5,,,-,0,,3,,2,,2,,"UTAH
(39.359772, -111.584173)",
WEST VIRGINIA,2017,13,,-,0,,3,,,-,3,,,-,0,,0,,,-,1,,"WEST VIRGINIA
(38.668501, -80.709421)",
FLORIDA,2017,13,4,,5,,13,,74,,64,,1,,1,,4,,9,,8,,"FLORIDA
(28.915325, -81.922409)",
DIST. OF COL.,2017,13,,-,0,,0,,,-,,-,,-,0,,3,,2,,4,,"DISTRICT OF COLUMBIA
(38.892062, -77.019912)",
MISSISSIPPI,2017,13,,-,0,,3,,3,,4,,,-,0,,2,,3,,2,,"MISSISSIPPI
(32.738663, -89.537312)",
ARKANSAS,2017,13,,-,1,,6,,13,,3,,,-,0,,1,,1,,,-,"ARKANSAS
(34.748745, -92.275105)",
PENNSYLVANIA,2017,13,,-,14,,37,,88,,70,,,-,2,,10,,21,,16,,"PENNSYLVANIA
(40.789676, -77.858055)",
MONTANA,2017,13,,-,0,,1,,4,,1,,,-,0,,1,,1,,2,,"MONTANA
(47.062617, -109.430168)",
INDIANA,2017,13,,-,2,,12,,18,,18,,,-,0,,2,,,-,1,,"INDIANA
(39.76845, -86.156212)",
OKLAHOMA,2017,13,1,,0,,20,,2,,1,,,-,0,,1,,,-,1,,"OKLAHOMA
(35.468494, -97.521264)",
NEW MEXICO,2017,13,,-,0,,3,,1,,3,,,-,0,,1,,,-,,-,"NEW MEXICO
(34.520396, -106.244402)",
NEVADA,2017,13,,-,0,,4,,3,,3,,,-,0,,1,,,-,2,,"NEVADA
(39.491833, -117.070159)",
WISCONSIN,2017,13,,-,0,,4,,,-,12,,,-,0,,3,,1,,3,,"WISCONSIN
(44.395526, -89.834513)",
HAWAII,2017,13,,-,0,,1,,2,,2,,,-,0,,0,,,-,,-,"HAWAII
(21.30992, -157.858158)",
NEBRASKA,2017,13,,-,0,,3,,6,,,-,,-,0,,1,,1,,1,,"NEBRASKA
(41.640503, -99.367122)",
KENTUCKY,2017,13,,-,2,,6,,19,,11,,,-,0,,2,,1,,1,,"KENTUCKY
(37.64591, -84.774043)",
OHIO,2017,13,9,,8,,32,,72,,68,,,-,1,,13,,12,,7,,"OHIO
(40.056807, -82.405897)",
C.N.M.I.,2017,13,,-,,-,,-,,-,,-,,-,,-,,-,,-,,-,"NORTHERN MARIANA ISLANDS
(15.1834, 145.725693)",
NEW HAMPSHIRE,2017,13,,-,0,,3,,6,,2,,,-,0,,2,,,-,3,,"NEW HAMPSHIRE
(43.657736, -71.500736)",
SOUTH CAROLINA,2017,13,,-,1,,4,,6,,6,,,-,0,,3,,1,,2,,"SOUTH CAROLINA
(34.009286, -81.037094)",
MARYLAND,2017,13,,-,3,,8,,19,,22,,1,,3,,13,,48,,25,,"MARYLAND
(39.290443, -76.612333)",
VIRGINIA,2017,13,,-,3,,9,,12,,14,,,-,1,,4,,13,,10,,"VIRGINIA
(37.542699, -78.45822)",
MAINE,2017,13,,-,0,,2,,,-,6,,1,,0,,1,,1,,3,,"MAINE
(45.252223, -68.986647)",
SOUTH DAKOTA,2017,13,,-,0,,1,,,-,,-,,-,0,,1,,1,,3,,"SOUTH DAKOTA
(44.35371, -100.373709)",
DELAWARE,2017,13,,-,0,,2,,2,,5,,,-,0,,3,,2,,5,,"DELAWARE
(39.008676, -75.574561)",
NEW JERSEY,2017,13,,-,2,,7,,6,,27,,,-,1,,7,,14,,9,,"NEW JERSEY
(40.104655, -74.386686)",
IDAHO,2017,13,,-,0,,1,,1,,5,,,-,0,,1,,2,,,-,"IDAHO
(43.680635, -114.364237)",
MICHIGAN,2017,13,,-,4,,26,,19,,30,,,-,0,,4,,7,,6,,"MICHIGAN
(44.66399, -84.711206)",
VERMONT,2017,13,,-,0,,2,,,-,1,,,-,0,,2,,1,,,-,"VERMONT
(43.622479, -72.51927)",
ARIZONA,2017,13,2,,2,,6,,29,,18,,,-,1,,4,,6,,1,,"ARIZONA
(34.869712, -111.760902)",
COLORADO,2017,13,,-,1,,4,,6,,9,,,-,0,,2,,1,,4,,"COLORADO
(38.841772, -106.132562)",
IOWA,2017,13,,-,1,,2,,7,,4,,,-,0,,3,,3,,3,,"IOWA
(42.46942, -93.815856)",
MISSOURI,2017,13,1,,2,,13,,18,,21,,,-,0,,3,,3,,1,,"MISSOURI
(38.636168, -92.566292)",
WASHINGTON,2017,13,,-,0,,9,,5,,8,,1,,0,,4,,4,,6,,"WASHINGTON
(47.517368, -120.467672)",
WYOMING,2017,13,,-,0,,1,,1,,,-,,-,0,,1,,,-,1,,"WYOMING
(43.23558, -108.110518)",
NORTH CAROLINA,2017,13,,-,4,,11,,14,,36,,,-,1,,4,,5,,8,,"NORTH CAROLINA
(35.47995, -79.180571)",
OREGON,2017,13,1,,1,,3,,4,,4,,,-,0,,3,,3,,3,,"OREGON
(44.567912, -120.156945)",
LOUISIANA,2017,13,,-,0,,2,,4,,4,,,-,0,,2,,,-,4,,"LOUISIANA
(31.2931, -92.463284)",
VIRGIN ISL.,2017,13,,-,0,,0,,,-,,-,,-,0,,0,,,-,,-,"VIRGIN ISLANDS
(18.060868, -64.840836)",
TENNESSEE,2017,13,,-,2,,7,,19,,21,,,-,0,,2,,2,,4,,"TENNESSEE
(35.681402, -85.774444)",
ALASKA,2017,13,,-,0,,1,,1,,,-,,-,0,,1,,1,,1,,"ALASKA
(64.836661, -147.738891)",
RHODE ISLAND,2017,13,,-,0,,9,,2,,3,,,-,0,,3,,1,,,-,"RHODE ISLAND
(41.707447, -71.522488)",
ALABAMA,2017,13,,-,1,,4,,10,,12,,,-,0,,1,,,-,2,,"ALABAMA
(32.839182, -86.631125)",
GUAM,2017,13,,-,0,,0,,,-,,-,,-,0,,0,,,-,,-,"GUAM
(13.3532, 144.653198)",
GEORGIA,2017,13,,-,2,,6,,20,,26,,,-,1,,5,,11,,13,,"GEORGIA
(32.836038, -83.631709)",
UNITED STATES,2017,14,28,,123,,228,,827,,941,,8,,38,,87,,290,,281,,,
NEW ENGLAND,2017,14,1,,4,,21,,36,,38,,,-,3,,7,,20,,26,,,
MID. ATLANTIC,2017,14,6,,28,,71,,207,,227,,,-,10,,26,,75,,62,,,
NEW YORK CITY,2017,14,3,,4,,31,,52,,60,,,-,4,,17,,30,,28,,,
E.N. CENTRAL,2017,14,5,,21,,73,,150,,177,,2,,3,,25,,29,,27,,,
W.N. CENTRAL,2017,14,2,,6,,26,,39,,38,,,-,1,,5,,14,,8,,,
S. ATLANTIC,2017,14,6,,20,,37,,153,,187,,4,,10,,24,,97,,83,,,
E.S. CENTRAL,2017,14,1,,5,,13,,57,,52,,,-,1,,3,,6,,9,,,
W.S. CENTRAL,2017,14,6,,7,,27,,66,,40,,2,,3,,23,,17,,24,,,
MOUNTAIN,2017,14,1,,4,,14,,49,,47,,,-,1,,5,,13,,13,,,
PACIFIC,2017,14,,-,11,,35,,70,,135,,,-,3,,9,,19,,29,,,
AMER. SAMOA,2017,14,,N,0,,0,,,N,,N,,-,0,,0,,,-,,-,,
WISCONSIN,2017,14,,-,0,,4,,,-,12,,,-,0,,3,,1,,3,,"WISCONSIN
(44.395526, -89.834513)",
MISSOURI,2017,14,1,,2,,13,,20,,21,,,-,0,,3,,6,,1,,"MISSOURI
(38.636168, -92.566292)",
ARIZONA,2017,14,,-,2,,6,,30,,18,,,-,1,,4,,7,,1,,"ARIZONA
(34.869712, -111.760902)",
ALABAMA,2017,14,,-,1,,4,,14,,13,,,-,0,,1,,,-,2,,"ALABAMA
(32.839182, -86.631125)",
IOWA,2017,14,,-,1,,2,,8,,5,,,-,0,,3,,3,,3,,"IOWA
(42.46942, -93.815856)",
IDAHO,2017,14,,-,0,,1,,1,,5,,,-,0,,1,,2,,,-,"IDAHO
(43.680635, -114.364237)",
ARKANSAS,2017,14,,-,1,,6,,13,,4,,,-,0,,1,,1,,,-,"ARKANSAS
(34.748745, -92.275105)",
FLORIDA,2017,14,6,,5,,13,,80,,67,,2,,1,,4,,11,,8,,"FLORIDA
(28.915325, -81.922409)",
CONNECTICUT,2017,14,,-,1,,6,,12,,5,,,-,0,,2,,1,,1,,"CONNECTICUT
(41.544654, -72.651713)",
TEXAS,2017,14,6,,5,,19,,47,,30,,1,,2,,22,,15,,19,,"TEXAS
(31.827233, -99.423022)",
UTAH,2017,14,,-,0,,3,,2,,6,,,-,0,,3,,2,,2,,"UTAH
(39.359772, -111.584173)",
ALASKA,2017,14,,-,0,,1,,1,,,-,,-,0,,1,,1,,1,,"ALASKA
(64.836661, -147.738891)",
MAINE,2017,14,,-,0,,2,,,-,6,,,-,0,,1,,1,,4,,"MAINE
(45.252223, -68.986647)",
NEBRASKA,2017,14,1,,0,,3,,7,,,-,,-,0,,1,,1,,1,,"NEBRASKA
(41.640503, -99.367122)",
NEW HAMPSHIRE,2017,14,,-,0,,3,,6,,2,,,-,0,,2,,,-,3,,"NEW HAMPSHIRE
(43.657736, -71.500736)",
WYOMING,2017,14,,-,0,,1,,1,,,-,,-,0,,1,,,-,1,,"WYOMING
(43.23558, -108.110518)",
MICHIGAN,2017,14,,-,4,,30,,30,,34,,,-,0,,4,,7,,6,,"MICHIGAN
(44.66399, -84.711206)",
DELAWARE,2017,14,,-,0,,2,,2,,5,,,-,0,,3,,2,,6,,"DELAWARE
(39.008676, -75.574561)",
MASSACHUSETTS,2017,14,1,,2,,11,,16,,20,,,-,1,,6,,16,,18,,"MASSACHUSETTS
(42.268546, -72.085064)",
NEW MEXICO,2017,14,,-,0,,3,,1,,4,,,-,0,,1,,,-,,-,"NEW MEXICO
(34.520396, -106.244402)",
VIRGINIA,2017,14,,-,3,,9,,12,,15,,,-,1,,4,,15,,10,,"VIRGINIA
(37.542699, -78.45822)",
PENNSYLVANIA,2017,14,2,,14,,37,,92,,72,,,-,2,,10,,21,,16,,"PENNSYLVANIA
(40.789676, -77.858055)",
NORTH CAROLINA,2017,14,,-,4,,11,,14,,40,,,-,1,,4,,5,,9,,"NORTH CAROLINA
(35.47995, -79.180571)",
ILLINOIS,2017,14,,-,6,,17,,23,,41,,,-,1,,5,,7,,10,,"ILLINOIS
(40.477092, -88.993221)",
SOUTH DAKOTA,2017,14,,-,0,,1,,,-,,-,,-,0,,1,,1,,3,,"SOUTH DAKOTA
(44.35371, -100.373709)",
VIRGIN ISL.,2017,14,,-,0,,0,,,-,,-,,-,0,,0,,,-,,-,"VIRGIN ISLANDS
(18.060868, -64.840836)",
OHIO,2017,14,5,,8,,32,,78,,72,,2,,1,,13,,14,,7,,"OHIO
(40.056807, -82.405897)",
MONTANA,2017,14,,-,0,,1,,4,,2,,,-,0,,1,,1,,3,,"MONTANA
(47.062617, -109.430168)",
LOUISIANA,2017,14,,-,0,,2,,4,,5,,,-,0,,2,,,-,4,,"LOUISIANA
(31.2931, -92.463284)",
WASHINGTON,2017,14,,-,0,,9,,5,,9,,,-,0,,6,,4,,7,,"WASHINGTON
(47.517368, -120.467672)",
TENNESSEE,2017,14,1,,2,,7,,20,,24,,,-,0,,2,,2,,4,,"TENNESSEE
(35.681402, -85.774444)",
PUERTO RICO,2017,14,,-,0,,1,,,-,4,,,-,0,,1,,,-,,-,"PUERTO RICO
(18.215692, -66.414655)",
MINNESOTA,2017,14,,-,1,,12,,,-,8,,,-,0,,0,,,-,,-,"MINNESOTA
(46.357661, -94.793397)",
WEST VIRGINIA,2017,14,,-,0,,3,,,-,3,,,-,0,,0,,,-,1,,"WEST VIRGINIA
(38.668501, -80.709421)",
VERMONT,2017,14,,-,0,,2,,,-,2,,,-,0,,2,,1,,,-,"VERMONT
(43.622479, -72.51927)",
MARYLAND,2017,14,,-,3,,8,,19,,23,,2,,3,,13,,50,,28,,"MARYLAND
(39.290443, -76.612333)",
RHODE ISLAND,2017,14,,-,0,,9,,2,,3,,,-,0,,3,,1,,,-,"RHODE ISLAND
(41.707447, -71.522488)",
KANSAS,2017,14,,-,0,,4,,3,,3,,,-,0,,2,,2,,,-,"KANSAS
(38.345528, -98.201847)",
NEVADA,2017,14,,-,0,,4,,3,,3,,,-,0,,1,,,-,2,,"NEVADA
(39.491833, -117.070159)",
COLORADO,2017,14,1,,1,,4,,7,,9,,,-,0,,2,,1,,4,,"COLORADO
(38.841772, -106.132562)",
NEW YORK,2017,14,1,,7,,26,,57,,67,,,-,1,,8,,10,,8,,"NEW YORK
(42.826892, -75.544286)",
MISSISSIPPI,2017,14,,-,0,,3,,3,,4,,,-,0,,2,,3,,2,,"MISSISSIPPI
(32.738663, -89.537312)",
C.N.M.I.,2017,14,,-,,-,,-,,-,,-,,-,,-,,-,,-,,-,"NORTHERN MARIANA ISLANDS
(15.1834, 145.725693)",
INDIANA,2017,14,,-,2,,12,,19,,18,,,-,0,,2,,,-,1,,"INDIANA
(39.76845, -86.156212)",
HAWAII,2017,14,,-,0,,1,,2,,2,,,-,0,,0,,,-,,-,"HAWAII
(21.30992, -157.858158)",
NEW JERSEY,2017,14,,-,2,,7,,6,,28,,,-,1,,7,,14,,10,,"NEW JERSEY
(40.104655, -74.386686)",
GEORGIA,2017,14,,-,2,,6,,20,,28,,,-,1,,5,,11,,15,,"GEORGIA
(32.836038, -83.631709)",
NORTH DAKOTA,2017,14,,-,0,,2,,1,,1,,,-,0,,1,,1,,,-,"NORTH DAKOTA
(47.475879, -100.121011)",
CALIFORNIA,2017,14,,-,10,,30,,55,,118,,,-,2,,7,,11,,18,,"CALIFORNIA
(37.640735, -121.002435)",
SOUTH CAROLINA,2017,14,,-,1,,4,,6,,6,,,-,0,,3,,1,,2,,"SOUTH CAROLINA
(34.009286, -81.037094)",
GUAM,2017,14,,-,0,,0,,,-,,-,,-,0,,0,,,-,,-,"GUAM
(13.3532, 144.653198)",
DIST. OF COL.,2017,14,,-,0,,0,,,-,,-,,-,0,,3,,2,,4,,"DISTRICT OF COLUMBIA
(38.892062, -77.019912)",
OKLAHOMA,2017,14,,-,0,,20,,2,,1,,1,,0,,1,,1,,1,,"OKLAHOMA
(35.468494, -97.521264)",
OREGON,2017,14,,-,1,,3,,7,,6,,,-,0,,3,,3,,3,,"OREGON
(44.567912, -120.156945)",
KENTUCKY,2017,14,,-,2,,6,,20,,11,,,-,0,,2,,1,,1,,"KENTUCKY
(37.64591, -84.774043)",
UNITED STATES,2017,15,19,,123,,234,,859,,1010,,14,,38,,87,,310,,302,,,
NEW ENGLAND,2017,15,,-,4,,21,,37,,41,,,-,3,,7,,20,,29,,,
MID. ATLANTIC,2017,15,8,,28,,71,,221,,248,,1,,10,,26,,77,,67,,,
NEW YORK CITY,2017,15,2,,4,,31,,54,,67,,1,,4,,17,,31,,33,,,
E.N. CENTRAL,2017,15,3,,22,,79,,154,,188,,1,,3,,27,,32,,28,,,
W.N. CENTRAL,2017,15,1,,6,,26,,42,,40,,,-,1,,5,,16,,10,,,
S. ATLANTIC,2017,15,3,,20,,37,,138,,196,,11,,10,,24,,108,,86,,,
E.S. CENTRAL,2017,15,,-,5,,13,,58,,58,,,-,1,,3,,6,,10,,,
W.S. CENTRAL,2017,15,2,,7,,27,,72,,44,,,-,3,,23,,17,,24,,,
MOUNTAIN,2017,15,1,,4,,14,,51,,49,,1,,1,,5,,14,,14,,,
PACIFIC,2017,15,1,,11,,35,,86,,146,,,-,3,,9,,20,,34,,,
AMER. SAMOA,2017,15,,N,0,,0,,,N,,N,,-,0,,0,,,-,,-,,
SOUTH DAKOTA,2017,15,,-,0,,1,,,-,,-,,-,0,,1,,1,,3,,"SOUTH DAKOTA
(44.35371, -100.373709)",
ILLINOIS,2017,15,,-,6,,17,,23,,42,,,-,1,,5,,9,,10,,"ILLINOIS
(40.477092, -88.993221)",
SOUTH CAROLINA,2017,15,,-,1,,4,,6,,7,,,-,0,,3,,1,,2,,"SOUTH CAROLINA
(34.009286, -81.037094)",
ARKANSAS,2017,15,,-,1,,6,,13,,4,,,-,0,,1,,,-,,-,"ARKANSAS
(34.748745, -92.275105)",
GEORGIA,2017,15,,-,2,,6,,20,,30,,,-,1,,5,,11,,15,,"GEORGIA
(32.836038, -83.631709)",
WISCONSIN,2017,15,,-,1,,8,,,-,13,,,-,0,,3,,1,,3,,"WISCONSIN
(44.395526, -89.834513)",
DIST. OF COL.,2017,15,,-,0,,0,,,-,,-,,-,0,,3,,2,,4,,"DISTRICT OF COLUMBIA
(38.892062, -77.019912)",
VERMONT,2017,15,,-,0,,2,,,-,2,,,-,0,,2,,1,,,-,"VERMONT
(43.622479, -72.51927)",
MICHIGAN,2017,15,,-,4,,30,,30,,38,,,-,0,,4,,7,,6,,"MICHIGAN
(44.66399, -84.711206)",
NEW JERSEY,2017,15,,-,2,,7,,6,,31,,,-,1,,7,,14,,10,,"NEW JERSEY
(40.104655, -74.386686)",
GUAM,2017,15,,-,0,,0,,,-,,-,,-,0,,0,,,-,,-,"GUAM
(13.3532, 144.653198)",
IDAHO,2017,15,,-,0,,1,,1,,5,,,-,0,,1,,2,,,-,"IDAHO
(43.680635, -114.364237)",
KENTUCKY,2017,15,,-,2,,6,,21,,14,,,-,0,,2,,1,,1,,"KENTUCKY
(37.64591, -84.774043)",
FLORIDA,2017,15,,-,5,,13,,60,,70,,2,,1,,4,,13,,8,,"FLORIDA
(28.915325, -81.922409)",
NEW HAMPSHIRE,2017,15,,-,0,,3,,6,,3,,,-,0,,2,,,-,4,,"NEW HAMPSHIRE
(43.657736, -71.500736)",
HAWAII,2017,15,,-,0,,1,,2,,2,,,-,0,,0,,,-,,-,"HAWAII
(21.30992, -157.858158)",
NORTH CAROLINA,2017,15,,-,4,,11,,16,,42,,,-,0,,4,,5,,9,,"NORTH CAROLINA
(35.47995, -79.180571)",
TENNESSEE,2017,15,,-,2,,7,,20,,24,,,-,0,,2,,2,,4,,"TENNESSEE
(35.681402, -85.774444)",
PUERTO RICO,2017,15,,-,0,,1,,,-,4,,,-,0,,1,,,-,,-,"PUERTO RICO
(18.215692, -66.414655)",
MONTANA,2017,15,1,,0,,1,,5,,2,,,-,0,,1,,1,,3,,"MONTANA
(47.062617, -109.430168)",
WEST VIRGINIA,2017,15,,-,0,,3,,,-,3,,,-,0,,0,,,-,1,,"WEST VIRGINIA
(38.668501, -80.709421)",
NEW MEXICO,2017,15,,-,0,,3,,1,,4,,,-,0,,1,,,-,,-,"NEW MEXICO
(34.520396, -106.244402)",
TEXAS,2017,15,1,,5,,19,,52,,34,,,-,2,,22,,16,,19,,"TEXAS
(31.827233, -99.423022)",
DELAWARE,2017,15,,-,0,,2,,2,,5,,,-,0,,3,,2,,6,,"DELAWARE
(39.008676, -75.574561)",
INDIANA,2017,15,,-,2,,12,,20,,20,,,-,0,,4,,,-,2,,"INDIANA
(39.76845, -86.156212)",
UTAH,2017,15,,-,0,,3,,3,,7,,,-,0,,3,,2,,2,,"UTAH
(39.359772, -111.584173)",
CONNECTICUT,2017,15,,-,1,,6,,13,,5,,,-,0,,2,,1,,1,,"CONNECTICUT
(41.544654, -72.651713)",
IOWA,2017,15,,-,1,,2,,8,,5,,,-,0,,3,,3,,3,,"IOWA
(42.46942, -93.815856)",
KANSAS,2017,15,,-,0,,4,,3,,4,,,-,0,,2,,2,,,-,"KANSAS
(38.345528, -98.201847)",
WASHINGTON,2017,15,,-,0,,9,,5,,9,,,-,0,,6,,4,,7,,"WASHINGTON
(47.517368, -120.467672)",
NEVADA,2017,15,,-,0,,4,,3,,3,,,-,0,,1,,,-,2,,"NEVADA
(39.491833, -117.070159)",
MAINE,2017,15,,-,0,,2,,,-,6,,,-,0,,1,,1,,5,,"MAINE
(45.252223, -68.986647)",
MARYLAND,2017,15,,-,3,,8,,19,,23,,7,,3,,13,,57,,31,,"MARYLAND
(39.290443, -76.612333)",
LOUISIANA,2017,15,,-,0,,2,,4,,5,,,-,0,,2,,,-,4,,"LOUISIANA
(31.2931, -92.463284)",
OKLAHOMA,2017,15,1,,0,,20,,3,,1,,,-,0,,1,,1,,1,,"OKLAHOMA
(35.468494, -97.521264)",
ALABAMA,2017,15,,-,1,,4,,14,,16,,,-,0,,1,,,-,3,,"ALABAMA
(32.839182, -86.631125)",
OHIO,2017,15,3,,8,,32,,81,,75,,1,,1,,13,,15,,7,,"OHIO
(40.056807, -82.405897)",
NEW YORK,2017,15,4,,7,,26,,63,,73,,,-,1,,8,,10,,8,,"NEW YORK
(42.826892, -75.544286)",
RHODE ISLAND,2017,15,,-,0,,9,,2,,3,,,-,0,,3,,1,,,-,"RHODE ISLAND
(41.707447, -71.522488)",
OREGON,2017,15,1,,1,,3,,8,,6,,,-,0,,3,,3,,4,,"OREGON
(44.567912, -120.156945)",
NORTH DAKOTA,2017,15,,-,0,,2,,1,,1,,,-,0,,1,,2,,1,,"NORTH DAKOTA
(47.475879, -100.121011)",
VIRGIN ISL.,2017,15,,-,0,,0,,,-,,-,,-,0,,0,,,-,,-,"VIRGIN ISLANDS
(18.060868, -64.840836)",
MINNESOTA,2017,15,,-,1,,12,,,-,8,,,-,0,,0,,,-,,-,"MINNESOTA
(46.357661, -94.793397)",
MISSISSIPPI,2017,15,,-,0,,3,,3,,4,,,-,0,,2,,3,,2,,"MISSISSIPPI
(32.738663, -89.537312)",
C.N.M.I.,2017,15,,-,,-,,-,,-,,-,,-,,-,,-,,-,,-,"NORTHERN MARIANA ISLANDS
(15.1834, 145.725693)",
ALASKA,2017,15,,-,0,,1,,1,,,-,,-,0,,1,,1,,1,,"ALASKA
(64.836661, -147.738891)",
VIRGINIA,2017,15,3,,3,,9,,15,,16,,2,,1,,4,,17,,10,,"VIRGINIA
(37.542699, -78.45822)",
WYOMING,2017,15,,-,0,,1,,1,,,-,,-,0,,1,,,-,1,,"WYOMING
(43.23558, -108.110518)",
CALIFORNIA,2017,15,,-,10,,30,,70,,129,,,-,2,,7,,12,,22,,"CALIFORNIA
(37.640735, -121.002435)",
ARIZONA,2017,15,,-,2,,6,,30,,18,,1,,1,,4,,8,,1,,"ARIZONA
(34.869712, -111.760902)",
COLORADO,2017,15,,-,1,,4,,7,,10,,,-,0,,2,,1,,5,,"COLORADO
(38.841772, -106.132562)",
MASSACHUSETTS,2017,15,,-,2,,11,,16,,22,,,-,1,,6,,16,,19,,"MASSACHUSETTS
(42.268546, -72.085064)",
NEBRASKA,2017,15,,-,0,,3,,7,,,-,,-,0,,1,,1,,1,,"NEBRASKA
(41.640503, -99.367122)",
MISSOURI,2017,15,1,,2,,13,,23,,22,,,-,0,,3,,7,,2,,"MISSOURI
(38.636168, -92.566292)",
PENNSYLVANIA,2017,15,2,,14,,37,,98,,77,,,-,2,,10,,22,,16,,"PENNSYLVANIA
(40.789676, -77.858055)",
