Reporting Area,MMWR Year,MMWR Week,"West Nile virus disease§, Neuroinvasive Current week","West Nile virus disease§, Neuroinvasive Current week, flag ","West Nile virus disease§, Neuroinvasive Previous 52 weeks Med","West Nile virus disease§, Neuroinvasive Previous 52 weeks Med, flag","West Nile virus disease§, Neuroinvasive Previous 52 weeks Max","West Nile virus disease§, Neuroinvasive Previous 52 weeks Max, flag","West Nile virus disease§, Neuroinvasive Cum 2017","West Nile virus disease§, Neuroinvasive Cum 2017, flag","West Nile virus disease§, Neuroinvasive Cum 2016","West Nile virus disease§, Neuroinvasive Cum 2016, flag","West Nile virus disease§, Nonneuroinvasive Current week","West Nile virus disease§, Nonneuroinvasiveś Current week, flag","West Nile virus disease§, Nonneuroinvasiveś Previous 52 weeks Med","West Nile virus disease§, Nonneuroinvasiveś Previous 52 weeks Med, flag","West Nile virus disease§, Nonneuroinvasiveś Previous 52 weeks Max","West Nile virus disease§, Nonneuroinvasiveś Previous 52 weeks Max, flag","West Nile virus disease§, Nonneuroinvasiveś Cum 2017","West Nile virus disease§, Nonneuroinvasiveś Cum 2017, flag","West Nile virus disease§, Nonneuroinvasiveś Cum 2016","West Nile virus disease§, Nonneuroinvasiveś Cum 2016, flag",Location 1,Location 2
UNITED STATES,2017,1,,-,7,,98,,,-,,-,,-,4,,111,,,-,,-,,
NEW ENGLAND,2017,1,,-,0,,4,,,-,,-,,-,0,,3,,,-,,-,,
MID. ATLANTIC,2017,1,,-,0,,6,,,-,,-,,-,0,,8,,,-,,-,,
NEW YORK CITY,2017,1,,-,0,,3,,,-,,-,,-,0,,0,,,-,,-,,
E.N. CENTRAL,2017,1,,-,0,,17,,,-,,-,,-,0,,29,,,-,,-,,
W.N. CENTRAL,2017,1,,-,0,,15,,,-,,-,,-,0,,47,,,-,,-,,
S. ATLANTIC,2017,1,,-,0,,6,,,-,,-,,-,0,,2,,,-,,-,,
E.S. CENTRAL,2017,1,,-,0,,4,,,-,,-,,-,0,,4,,,-,,-,,
W.S. CENTRAL,2017,1,,-,2,,20,,,-,,-,,-,1,,12,,,-,,-,,
MOUNTAIN,2017,1,,-,0,,17,,,-,,-,,-,0,,23,,,-,,-,,
PACIFIC,2017,1,,-,0,,39,,,-,,-,,-,0,,21,,,-,,-,,
AMER. SAMOA,2017,1,,-,0,,0,,,-,,-,,-,0,,0,,,-,,-,,
WEST VIRGINIA,2017,1,,-,0,,0,,,-,,-,,-,0,,1,,,-,,-,"WEST VIRGINIA
(38.668501, -80.709421)",
SOUTH CAROLINA,2017,1,,-,0,,2,,,-,,-,,-,0,,2,,,-,,-,"SOUTH CAROLINA
(34.009286, -81.037094)",
FLORIDA,2017,1,,-,0,,3,,,-,,-,,-,0,,1,,,-,,-,"FLORIDA
(28.915325, -81.922409)",
PUERTO RICO,2017,1,,-,0,,0,,,-,,-,,-,0,,0,,,-,,-,"PUERTO RICO
(18.215692, -66.414655)",
MISSOURI,2017,1,,-,0,,2,,,-,,-,,-,0,,1,,,-,,-,"MISSOURI
(38.636168, -92.566292)",
TEXAS,2017,1,,-,1,,18,,,-,,-,,-,0,,10,,,-,,-,"TEXAS
(31.827233, -99.423022)",
MINNESOTA,2017,1,,-,0,,3,,,-,,-,,-,0,,13,,,-,,-,"MINNESOTA
(46.357661, -94.793397)",
HAWAII,2017,1,,-,0,,0,,,-,,-,,-,0,,0,,,-,,-,"HAWAII
(21.30992, -157.858158)",
OHIO,2017,1,,-,0,,3,,,-,,-,,-,0,,2,,,-,,-,"OHIO
(40.056807, -82.405897)",
NEBRASKA,2017,1,,-,0,,7,,,-,,-,,-,0,,7,,,-,,-,"NEBRASKA
(41.640503, -99.367122)",
NEW YORK,2017,1,,-,0,,0,,,-,,-,,-,0,,7,,,-,,-,"NEW YORK
(42.826892, -75.544286)",
MONTANA,2017,1,,-,0,,1,,,-,,-,,-,0,,1,,,-,,-,"MONTANA
(47.062617, -109.430168)",
ILLINOIS,2017,1,,-,0,,0,,,-,,-,,-,0,,27,,,-,,-,"ILLINOIS
(40.477092, -88.993221)",
ARIZONA,2017,1,,-,0,,6,,,-,,-,,-,0,,3,,,-,,-,"ARIZONA
(34.869712, -111.760902)",
MICHIGAN,2017,1,,-,0,,10,,,-,,-,,-,0,,1,,,-,,-,"MICHIGAN
(44.66399, -84.711206)",
CALIFORNIA,2017,1,,-,0,,38,,,-,,-,,-,0,,20,,,-,,-,"CALIFORNIA
(37.640735, -121.002435)",
WISCONSIN,2017,1,,-,0,,2,,,-,,-,,-,0,,2,,,-,,-,"WISCONSIN
(44.395526, -89.834513)",
DIST. OF COL.,2017,1,,-,0,,1,,,-,,-,,-,0,,0,,,-,,-,"DISTRICT OF COLUMBIA
(38.892062, -77.019912)",
VIRGIN ISL.,2017,1,,-,0,,0,,,-,,-,,-,0,,0,,,-,,-,"VIRGIN ISLANDS
(18.060868, -64.840836)",
PENNSYLVANIA,2017,1,,-,0,,2,,,-,,-,,-,0,,1,,,-,,-,"PENNSYLVANIA
(40.789676, -77.858055)",
KENTUCKY,2017,1,,-,0,,1,,,-,,-,,-,0,,1,,,-,,-,"KENTUCKY
(37.64591, -84.774043)",
NEW JERSEY,2017,1,,-,0,,1,,,-,,-,,-,0,,0,,,-,,-,"NEW JERSEY
(40.104655, -74.386686)",
NORTH CAROLINA,2017,1,,-,0,,1,,,-,,-,,-,0,,0,,,-,,-,"NORTH CAROLINA
(35.47995, -79.180571)",
NEW HAMPSHIRE,2017,1,,-,0,,0,,,-,,-,,-,0,,0,,,-,,-,"NEW HAMPSHIRE
(43.657736, -71.500736)",
IDAHO,2017,1,,-,0,,1,,,-,,-,,-,0,,2,,,-,,-,"IDAHO
(43.680635, -114.364237)",
DELAWARE,2017,1,,-,0,,0,,,-,,-,,-,0,,0,,,-,,-,"DELAWARE
(39.008676, -75.574561)",
MASSACHUSETTS,2017,1,,-,0,,2,,,-,,-,,-,0,,2,,,-,,-,"MASSACHUSETTS
(42.268546, -72.085064)",
IOWA,2017,1,,-,0,,3,,,-,,-,,-,0,,5,,,-,,-,"IOWA
(42.46942, -93.815856)",
OKLAHOMA,2017,1,,-,0,,3,,,-,,-,,-,0,,2,,,-,,-,"OKLAHOMA
(35.468494, -97.521264)",
CONNECTICUT,2017,1,,-,0,,1,,,-,,-,,-,0,,0,,,-,,-,"CONNECTICUT
(41.544654, -72.651713)",
MARYLAND,2017,1,,-,0,,1,,,-,,-,,-,0,,0,,,-,,-,"MARYLAND
(39.290443, -76.612333)",
ALABAMA,2017,1,,-,0,,1,,,-,,-,,-,0,,2,,,-,,-,"ALABAMA
(32.839182, -86.631125)",
ARKANSAS,2017,1,,-,0,,2,,,-,,-,,-,0,,1,,,-,,-,"ARKANSAS
(34.748745, -92.275105)",
MAINE,2017,1,,-,0,,0,,,-,,-,,-,0,,0,,,-,,-,"MAINE
(45.252223, -68.986647)",
COLORADO,2017,1,,-,0,,9,,,-,,-,,-,0,,16,,,-,,-,"COLORADO
(38.841772, -106.132562)",
ALASKA,2017,1,,-,0,,0,,,-,,-,,-,0,,0,,,-,,-,"ALASKA
(64.836661, -147.738891)",
KANSAS,2017,1,,-,0,,3,,,-,,-,,-,0,,2,,,-,,-,"KANSAS
(38.345528, -98.201847)",
GUAM,2017,1,,-,0,,0,,,-,,-,,-,0,,0,,,-,,-,"GUAM
(13.3532, 144.653198)",
NEVADA,2017,1,,-,0,,2,,,-,,-,,-,0,,1,,,-,,-,"NEVADA
(39.491833, -117.070159)",
SOUTH DAKOTA,2017,1,,-,0,,8,,,-,,-,,-,0,,16,,,-,,-,"SOUTH DAKOTA
(44.35371, -100.373709)",
OREGON,2017,1,,-,0,,1,,,-,,-,,-,0,,1,,,-,,-,"OREGON
(44.567912, -120.156945)",
VERMONT,2017,1,,-,0,,1,,,-,,-,,-,0,,1,,,-,,-,"VERMONT
(43.622479, -72.51927)",
NORTH DAKOTA,2017,1,,-,0,,3,,,-,,-,,-,0,,10,,,-,,-,"NORTH DAKOTA
(47.475879, -100.121011)",
TENNESSEE,2017,1,,-,0,,1,,,-,,-,,-,0,,1,,,-,,-,"TENNESSEE
(35.681402, -85.774444)",
INDIANA,2017,1,,-,0,,4,,,-,,-,,-,0,,1,,,-,,-,"INDIANA
(39.76845, -86.156212)",
NEW MEXICO,2017,1,,-,0,,2,,,-,,-,,-,0,,0,,,-,,-,"NEW MEXICO
(34.520396, -106.244402)",
UTAH,2017,1,,-,0,,3,,,-,,-,,-,0,,2,,,-,,-,"UTAH
(39.359772, -111.584173)",
MISSISSIPPI,2017,1,,-,0,,4,,,-,,-,,-,0,,2,,,-,,-,"MISSISSIPPI
(32.738663, -89.537312)",
C.N.M.I.,2017,1,,-,,-,,-,,-,,-,,-,,-,,-,,-,,-,"NORTHERN MARIANA ISLANDS
(15.1834, 145.725693)",
GEORGIA,2017,1,,-,0,,2,,,-,,-,,-,0,,1,,,-,,-,"GEORGIA
(32.836038, -83.631709)",
RHODE ISLAND,2017,1,,-,0,,1,,,-,,-,,-,0,,0,,,-,,-,"RHODE ISLAND
(41.707447, -71.522488)",
VIRGINIA,2017,1,,-,0,,1,,,-,,-,,-,0,,2,,,-,,-,"VIRGINIA
(37.542699, -78.45822)",
WASHINGTON,2017,1,,-,0,,3,,,-,,-,,-,0,,1,,,-,,-,"WASHINGTON
(47.517368, -120.467672)",
LOUISIANA,2017,1,,-,0,,6,,,-,,-,,-,0,,3,,,-,,-,"LOUISIANA
(31.2931, -92.463284)",
WYOMING,2017,1,,-,0,,2,,,-,,-,,-,0,,2,,,-,,-,"WYOMING
(43.23558, -108.110518)",
UNITED STATES,2017,2,,-,8,,102,,,-,,-,,-,5,,111,,,-,,-,,
NEW ENGLAND,2017,2,,-,0,,3,,,-,,-,,-,0,,3,,,-,,-,,
MID. ATLANTIC,2017,2,,-,0,,6,,,-,,-,,-,0,,4,,,-,,-,,
NEW YORK CITY,2017,2,,-,0,,3,,,-,,-,,-,0,,0,,,-,,-,,
E.N. CENTRAL,2017,2,,-,0,,17,,,-,,-,,-,0,,29,,,-,,-,,
W.N. CENTRAL,2017,2,,-,0,,15,,,-,,-,,-,0,,47,,,-,,-,,
S. ATLANTIC,2017,2,,-,0,,6,,,-,,-,,-,0,,2,,,-,,-,,
E.S. CENTRAL,2017,2,,-,0,,4,,,-,,-,,-,0,,4,,,-,,-,,
W.S. CENTRAL,2017,2,,-,2,,20,,,-,,-,,-,1,,12,,,-,,-,,
MOUNTAIN,2017,2,,-,0,,17,,,-,,-,,-,0,,23,,,-,,-,,
PACIFIC,2017,2,,-,0,,42,,,-,,-,,-,0,,24,,,-,,-,,
AMER. SAMOA,2017,2,,-,0,,0,,,-,,-,,-,0,,0,,,-,,-,,
WASHINGTON,2017,2,,-,0,,3,,,-,,-,,-,0,,1,,,-,,-,"WASHINGTON
(47.517368, -120.467672)",
IDAHO,2017,2,,-,0,,1,,,-,,-,,-,0,,2,,,-,,-,"IDAHO
(43.680635, -114.364237)",
MAINE,2017,2,,-,0,,0,,,-,,-,,-,0,,0,,,-,,-,"MAINE
(45.252223, -68.986647)",
MONTANA,2017,2,,-,0,,1,,,-,,-,,-,0,,1,,,-,,-,"MONTANA
(47.062617, -109.430168)",
NEW MEXICO,2017,2,,-,0,,2,,,-,,-,,-,0,,0,,,-,,-,"NEW MEXICO
(34.520396, -106.244402)",
NEW HAMPSHIRE,2017,2,,-,0,,0,,,-,,-,,-,0,,0,,,-,,-,"NEW HAMPSHIRE
(43.657736, -71.500736)",
INDIANA,2017,2,,-,0,,4,,,-,,-,,-,0,,1,,,-,,-,"INDIANA
(39.76845, -86.156212)",
MARYLAND,2017,2,,-,0,,1,,,-,,-,,-,0,,0,,,-,,-,"MARYLAND
(39.290443, -76.612333)",
WISCONSIN,2017,2,,-,0,,2,,,-,,-,,-,0,,2,,,-,,-,"WISCONSIN
(44.395526, -89.834513)",
GUAM,2017,2,,-,0,,0,,,-,,-,,-,0,,0,,,-,,-,"GUAM
(13.3532, 144.653198)",
SOUTH DAKOTA,2017,2,,-,0,,8,,,-,,-,,-,0,,16,,,-,,-,"SOUTH DAKOTA
(44.35371, -100.373709)",
VIRGINIA,2017,2,,-,0,,2,,,-,,-,,-,0,,1,,,-,,-,"VIRGINIA
(37.542699, -78.45822)",
PENNSYLVANIA,2017,2,,-,0,,2,,,-,,-,,-,0,,1,,,-,,-,"PENNSYLVANIA
(40.789676, -77.858055)",
DIST. OF COL.,2017,2,,-,0,,1,,,-,,-,,-,0,,0,,,-,,-,"DISTRICT OF COLUMBIA
(38.892062, -77.019912)",
KENTUCKY,2017,2,,-,0,,1,,,-,,-,,-,0,,1,,,-,,-,"KENTUCKY
(37.64591, -84.774043)",
RHODE ISLAND,2017,2,,-,0,,1,,,-,,-,,-,0,,0,,,-,,-,"RHODE ISLAND
(41.707447, -71.522488)",
MICHIGAN,2017,2,,-,0,,10,,,-,,-,,-,0,,1,,,-,,-,"MICHIGAN
(44.66399, -84.711206)",
PUERTO RICO,2017,2,,-,0,,0,,,-,,-,,-,0,,0,,,-,,-,"PUERTO RICO
(18.215692, -66.414655)",
NEW YORK,2017,2,,-,0,,0,,,-,,-,,-,0,,4,,,-,,-,"NEW YORK
(42.826892, -75.544286)",
NEVADA,2017,2,,-,0,,2,,,-,,-,,-,0,,1,,,-,,-,"NEVADA
(39.491833, -117.070159)",
COLORADO,2017,2,,-,0,,9,,,-,,-,,-,0,,16,,,-,,-,"COLORADO
(38.841772, -106.132562)",
SOUTH CAROLINA,2017,2,,-,0,,2,,,-,,-,,-,0,,2,,,-,,-,"SOUTH CAROLINA
(34.009286, -81.037094)",
TEXAS,2017,2,,-,1,,18,,,-,,-,,-,0,,10,,,-,,-,"TEXAS
(31.827233, -99.423022)",
OKLAHOMA,2017,2,,-,0,,3,,,-,,-,,-,0,,2,,,-,,-,"OKLAHOMA
(35.468494, -97.521264)",
DELAWARE,2017,2,,-,0,,0,,,-,,-,,-,0,,0,,,-,,-,"DELAWARE
(39.008676, -75.574561)",
ARKANSAS,2017,2,,-,0,,2,,,-,,-,,-,0,,1,,,-,,-,"ARKANSAS
(34.748745, -92.275105)",
GEORGIA,2017,2,,-,0,,2,,,-,,-,,-,0,,1,,,-,,-,"GEORGIA
(32.836038, -83.631709)",
ALABAMA,2017,2,,-,0,,1,,,-,,-,,-,0,,2,,,-,,-,"ALABAMA
(32.839182, -86.631125)",
NEW JERSEY,2017,2,,-,0,,1,,,-,,-,,-,0,,0,,,-,,-,"NEW JERSEY
(40.104655, -74.386686)",
NEBRASKA,2017,2,,-,0,,7,,,-,,-,,-,0,,7,,,-,,-,"NEBRASKA
(41.640503, -99.367122)",
MISSISSIPPI,2017,2,,-,0,,4,,,-,,-,,-,0,,2,,,-,,-,"MISSISSIPPI
(32.738663, -89.537312)",
CONNECTICUT,2017,2,,-,0,,1,,,-,,-,,-,0,,0,,,-,,-,"CONNECTICUT
(41.544654, -72.651713)",
HAWAII,2017,2,,-,0,,0,,,-,,-,,-,0,,0,,,-,,-,"HAWAII
(21.30992, -157.858158)",
ALASKA,2017,2,,-,0,,0,,,-,,-,,-,0,,0,,,-,,-,"ALASKA
(64.836661, -147.738891)",
KANSAS,2017,2,,-,0,,3,,,-,,-,,-,0,,2,,,-,,-,"KANSAS
(38.345528, -98.201847)",
VERMONT,2017,2,,-,0,,1,,,-,,-,,-,0,,1,,,-,,-,"VERMONT
(43.622479, -72.51927)",
MASSACHUSETTS,2017,2,,-,0,,2,,,-,,-,,-,0,,2,,,-,,-,"MASSACHUSETTS
(42.268546, -72.085064)",
VIRGIN ISL.,2017,2,,-,0,,0,,,-,,-,,-,0,,0,,,-,,-,"VIRGIN ISLANDS
(18.060868, -64.840836)",
TENNESSEE,2017,2,,-,0,,1,,,-,,-,,-,0,,1,,,-,,-,"TENNESSEE
(35.681402, -85.774444)",
IOWA,2017,2,,-,0,,3,,,-,,-,,-,0,,5,,,-,,-,"IOWA
(42.46942, -93.815856)",
OREGON,2017,2,,-,0,,1,,,-,,-,,-,0,,1,,,-,,-,"OREGON
(44.567912, -120.156945)",
NORTH DAKOTA,2017,2,,-,0,,3,,,-,,-,,-,0,,10,,,-,,-,"NORTH DAKOTA
(47.475879, -100.121011)",
FLORIDA,2017,2,,-,0,,3,,,-,,-,,-,0,,1,,,-,,-,"FLORIDA
(28.915325, -81.922409)",
OHIO,2017,2,,-,0,,3,,,-,,-,,-,0,,2,,,-,,-,"OHIO
(40.056807, -82.405897)",
ILLINOIS,2017,2,,-,0,,0,,,-,,-,,-,0,,27,,,-,,-,"ILLINOIS
(40.477092, -88.993221)",
WEST VIRGINIA,2017,2,,-,0,,0,,,-,,-,,-,0,,1,,,-,,-,"WEST VIRGINIA
(38.668501, -80.709421)",
C.N.M.I.,2017,2,,-,,-,,-,,-,,-,,-,,-,,-,,-,,-,"NORTHERN MARIANA ISLANDS
(15.1834, 145.725693)",
WYOMING,2017,2,,-,0,,2,,,-,,-,,-,0,,2,,,-,,-,"WYOMING
(43.23558, -108.110518)",
LOUISIANA,2017,2,,-,0,,6,,,-,,-,,-,0,,3,,,-,,-,"LOUISIANA
(31.2931, -92.463284)",
NORTH CAROLINA,2017,2,,-,0,,1,,,-,,-,,-,0,,0,,,-,,-,"NORTH CAROLINA
(35.47995, -79.180571)",
CALIFORNIA,2017,2,,-,0,,41,,,-,,-,,-,0,,23,,,-,,-,"CALIFORNIA
(37.640735, -121.002435)",
UTAH,2017,2,,-,0,,3,,,-,,-,,-,0,,2,,,-,,-,"UTAH
(39.359772, -111.584173)",
MISSOURI,2017,2,,-,0,,2,,,-,,-,,-,0,,1,,,-,,-,"MISSOURI
(38.636168, -92.566292)",
ARIZONA,2017,2,,-,0,,6,,,-,,-,,-,0,,3,,,-,,-,"ARIZONA
(34.869712, -111.760902)",
MINNESOTA,2017,2,,-,0,,3,,,-,,-,,-,0,,13,,,-,,-,"MINNESOTA
(46.357661, -94.793397)",
UNITED STATES,2017,3,,-,8,,102,,,-,,-,,-,5,,111,,,-,,-,,
NEW ENGLAND,2017,3,,-,0,,3,,,-,,-,,-,0,,3,,,-,,-,,
MID. ATLANTIC,2017,3,,-,0,,6,,,-,,-,,-,0,,4,,,-,,-,,
NEW YORK CITY,2017,3,,-,0,,3,,,-,,-,,-,0,,0,,,-,,-,,
E.N. CENTRAL,2017,3,,-,0,,17,,,-,,-,,-,0,,29,,,-,,-,,
W.N. CENTRAL,2017,3,,-,0,,15,,,-,,-,,-,0,,47,,,-,,-,,
S. ATLANTIC,2017,3,,-,0,,6,,,-,,-,,-,0,,2,,,-,,-,,
E.S. CENTRAL,2017,3,,-,0,,4,,,-,,-,,-,0,,4,,,-,,-,,
W.S. CENTRAL,2017,3,,-,2,,20,,,-,,-,,-,1,,12,,,-,,-,,
MOUNTAIN,2017,3,,-,0,,17,,,-,,-,,-,0,,23,,,-,,-,,
PACIFIC,2017,3,,-,0,,42,,,-,,-,,-,0,,24,,,-,,-,,
AMER. SAMOA,2017,3,,-,0,,0,,,-,,-,,-,0,,0,,,-,,-,,
GEORGIA,2017,3,,-,0,,2,,,-,,-,,-,0,,1,,,-,,-,"GEORGIA
(32.836038, -83.631709)",
ALASKA,2017,3,,-,0,,0,,,-,,-,,-,0,,0,,,-,,-,"ALASKA
(64.836661, -147.738891)",
TENNESSEE,2017,3,,-,0,,1,,,-,,-,,-,0,,1,,,-,,-,"TENNESSEE
(35.681402, -85.774444)",
MASSACHUSETTS,2017,3,,-,0,,2,,,-,,-,,-,0,,2,,,-,,-,"MASSACHUSETTS
(42.268546, -72.085064)",
SOUTH DAKOTA,2017,3,,-,0,,8,,,-,,-,,-,0,,16,,,-,,-,"SOUTH DAKOTA
(44.35371, -100.373709)",
GUAM,2017,3,,-,0,,0,,,-,,-,,-,0,,0,,,-,,-,"GUAM
(13.3532, 144.653198)",
DIST. OF COL.,2017,3,,-,0,,1,,,-,,-,,-,0,,0,,,-,,-,"DISTRICT OF COLUMBIA
(38.892062, -77.019912)",
LOUISIANA,2017,3,,-,0,,6,,,-,,-,,-,0,,3,,,-,,-,"LOUISIANA
(31.2931, -92.463284)",
KANSAS,2017,3,,-,0,,3,,,-,,-,,-,0,,2,,,-,,-,"KANSAS
(38.345528, -98.201847)",
KENTUCKY,2017,3,,-,0,,1,,,-,,-,,-,0,,1,,,-,,-,"KENTUCKY
(37.64591, -84.774043)",
NEBRASKA,2017,3,,-,0,,7,,,-,,-,,-,0,,7,,,-,,-,"NEBRASKA
(41.640503, -99.367122)",
COLORADO,2017,3,,-,0,,9,,,-,,-,,-,0,,16,,,-,,-,"COLORADO
(38.841772, -106.132562)",
NEW YORK,2017,3,,-,0,,0,,,-,,-,,-,0,,4,,,-,,-,"NEW YORK
(42.826892, -75.544286)",
VERMONT,2017,3,,-,0,,1,,,-,,-,,-,0,,1,,,-,,-,"VERMONT
(43.622479, -72.51927)",
ARIZONA,2017,3,,-,0,,6,,,-,,-,,-,0,,3,,,-,,-,"ARIZONA
(34.869712, -111.760902)",
NEVADA,2017,3,,-,0,,2,,,-,,-,,-,0,,1,,,-,,-,"NEVADA
(39.491833, -117.070159)",
INDIANA,2017,3,,-,0,,4,,,-,,-,,-,0,,1,,,-,,-,"INDIANA
(39.76845, -86.156212)",
SOUTH CAROLINA,2017,3,,-,0,,2,,,-,,-,,-,0,,2,,,-,,-,"SOUTH CAROLINA
(34.009286, -81.037094)",
WISCONSIN,2017,3,,-,0,,2,,,-,,-,,-,0,,2,,,-,,-,"WISCONSIN
(44.395526, -89.834513)",
NEW MEXICO,2017,3,,-,0,,2,,,-,,-,,-,0,,0,,,-,,-,"NEW MEXICO
(34.520396, -106.244402)",
RHODE ISLAND,2017,3,,-,0,,1,,,-,,-,,-,0,,0,,,-,,-,"RHODE ISLAND
(41.707447, -71.522488)",
NORTH CAROLINA,2017,3,,-,0,,1,,,-,,-,,-,0,,0,,,-,,-,"NORTH CAROLINA
(35.47995, -79.180571)",
ILLINOIS,2017,3,,-,0,,0,,,-,,-,,-,0,,27,,,-,,-,"ILLINOIS
(40.477092, -88.993221)",
DELAWARE,2017,3,,-,0,,0,,,-,,-,,-,0,,0,,,-,,-,"DELAWARE
(39.008676, -75.574561)",
PENNSYLVANIA,2017,3,,-,0,,2,,,-,,-,,-,0,,1,,,-,,-,"PENNSYLVANIA
(40.789676, -77.858055)",
MAINE,2017,3,,-,0,,0,,,-,,-,,-,0,,0,,,-,,-,"MAINE
(45.252223, -68.986647)",
WASHINGTON,2017,3,,-,0,,3,,,-,,-,,-,0,,1,,,-,,-,"WASHINGTON
(47.517368, -120.467672)",
OREGON,2017,3,,-,0,,1,,,-,,-,,-,0,,1,,,-,,-,"OREGON
(44.567912, -120.156945)",
IOWA,2017,3,,-,0,,3,,,-,,-,,-,0,,5,,,-,,-,"IOWA
(42.46942, -93.815856)",
MONTANA,2017,3,,-,0,,1,,,-,,-,,-,0,,1,,,-,,-,"MONTANA
(47.062617, -109.430168)",
C.N.M.I.,2017,3,,-,,-,,-,,-,,-,,-,,-,,-,,-,,-,"NORTHERN MARIANA ISLANDS
(15.1834, 145.725693)",
NEW JERSEY,2017,3,,-,0,,1,,,-,,-,,-,0,,0,,,-,,-,"NEW JERSEY
(40.104655, -74.386686)",
NORTH DAKOTA,2017,3,,-,0,,3,,,-,,-,,-,0,,10,,,-,,-,"NORTH DAKOTA
(47.475879, -100.121011)",
IDAHO,2017,3,,-,0,,1,,,-,,-,,-,0,,2,,,-,,-,"IDAHO
(43.680635, -114.364237)",
MISSOURI,2017,3,,-,0,,2,,,-,,-,,-,0,,1,,,-,,-,"MISSOURI
(38.636168, -92.566292)",
ARKANSAS,2017,3,,-,0,,2,,,-,,-,,-,0,,1,,,-,,-,"ARKANSAS
(34.748745, -92.275105)",
ALABAMA,2017,3,,-,0,,1,,,-,,-,,-,0,,2,,,-,,-,"ALABAMA
(32.839182, -86.631125)",
NEW HAMPSHIRE,2017,3,,-,0,,0,,,-,,-,,-,0,,0,,,-,,-,"NEW HAMPSHIRE
(43.657736, -71.500736)",
WEST VIRGINIA,2017,3,,-,0,,0,,,-,,-,,-,0,,1,,,-,,-,"WEST VIRGINIA
(38.668501, -80.709421)",
OKLAHOMA,2017,3,,-,0,,3,,,-,,-,,-,0,,2,,,-,,-,"OKLAHOMA
(35.468494, -97.521264)",
WYOMING,2017,3,,-,0,,2,,,-,,-,,-,0,,2,,,-,,-,"WYOMING
(43.23558, -108.110518)",
HAWAII,2017,3,,-,0,,0,,,-,,-,,-,0,,0,,,-,,-,"HAWAII
(21.30992, -157.858158)",
VIRGINIA,2017,3,,-,0,,2,,,-,,-,,-,0,,1,,,-,,-,"VIRGINIA
(37.542699, -78.45822)",
MISSISSIPPI,2017,3,,-,0,,4,,,-,,-,,-,0,,2,,,-,,-,"MISSISSIPPI
(32.738663, -89.537312)",
TEXAS,2017,3,,-,1,,18,,,-,,-,,-,0,,10,,,-,,-,"TEXAS
(31.827233, -99.423022)",
MINNESOTA,2017,3,,-,0,,3,,,-,,-,,-,0,,13,,,-,,-,"MINNESOTA
(46.357661, -94.793397)",
FLORIDA,2017,3,,-,0,,3,,,-,,-,,-,0,,1,,,-,,-,"FLORIDA
(28.915325, -81.922409)",
MARYLAND,2017,3,,-,0,,1,,,-,,-,,-,0,,0,,,-,,-,"MARYLAND
(39.290443, -76.612333)",
MICHIGAN,2017,3,,-,0,,10,,,-,,-,,-,0,,1,,,-,,-,"MICHIGAN
(44.66399, -84.711206)",
UTAH,2017,3,,-,0,,3,,,-,,-,,-,0,,2,,,-,,-,"UTAH
(39.359772, -111.584173)",
CONNECTICUT,2017,3,,-,0,,1,,,-,,-,,-,0,,0,,,-,,-,"CONNECTICUT
(41.544654, -72.651713)",
OHIO,2017,3,,-,0,,3,,,-,,-,,-,0,,2,,,-,,-,"OHIO
(40.056807, -82.405897)",
CALIFORNIA,2017,3,,-,0,,41,,,-,,-,,-,0,,23,,,-,,-,"CALIFORNIA
(37.640735, -121.002435)",
VIRGIN ISL.,2017,3,,-,0,,0,,,-,,-,,-,0,,0,,,-,,-,"VIRGIN ISLANDS
(18.060868, -64.840836)",
PUERTO RICO,2017,3,,-,0,,0,,,-,,-,,-,0,,0,,,-,,-,"PUERTO RICO
(18.215692, -66.414655)",
UNITED STATES,2017,4,,-,8,,102,,,-,,-,,-,5,,111,,1,,1,,,
NEW ENGLAND,2017,4,,-,0,,3,,,-,,-,,-,0,,3,,,-,,-,,
MID. ATLANTIC,2017,4,,-,0,,6,,,-,,-,,-,0,,4,,,-,,-,,
NEW YORK CITY,2017,4,,-,0,,3,,,-,,-,,-,0,,0,,,-,,-,,
E.N. CENTRAL,2017,4,,-,0,,17,,,-,,-,,-,0,,29,,1,,,-,,
W.N. CENTRAL,2017,4,,-,0,,15,,,-,,-,,-,0,,47,,,-,,-,,
S. ATLANTIC,2017,4,,-,0,,6,,,-,,-,,-,0,,2,,,-,,-,,
E.S. CENTRAL,2017,4,,-,0,,4,,,-,,-,,-,0,,4,,,-,,-,,
W.S. CENTRAL,2017,4,,-,2,,20,,,-,,-,,-,1,,12,,,-,,-,,
MOUNTAIN,2017,4,,-,0,,17,,,-,,-,,-,0,,23,,,-,1,,,
PACIFIC,2017,4,,-,0,,42,,,-,,-,,-,0,,25,,,-,,-,,
AMER. SAMOA,2017,4,,-,0,,0,,,-,,-,,-,0,,0,,,-,,-,,
TENNESSEE,2017,4,,-,0,,1,,,-,,-,,-,0,,1,,,-,,-,"TENNESSEE
(35.681402, -85.774444)",
ARIZONA,2017,4,,-,0,,6,,,-,,-,,-,0,,3,,,-,1,,"ARIZONA
(34.869712, -111.760902)",
OKLAHOMA,2017,4,,-,0,,3,,,-,,-,,-,0,,2,,,-,,-,"OKLAHOMA
(35.468494, -97.521264)",
ILLINOIS,2017,4,,-,0,,0,,,-,,-,,-,0,,27,,1,,,-,"ILLINOIS
(40.477092, -88.993221)",
WASHINGTON,2017,4,,-,0,,3,,,-,,-,,-,0,,1,,,-,,-,"WASHINGTON
(47.517368, -120.467672)",
UTAH,2017,4,,-,0,,3,,,-,,-,,-,0,,2,,,-,,-,"UTAH
(39.359772, -111.584173)",
NEW JERSEY,2017,4,,-,0,,1,,,-,,-,,-,0,,0,,,-,,-,"NEW JERSEY
(40.104655, -74.386686)",
C.N.M.I.,2017,4,,-,,-,,-,,-,,-,,-,,-,,-,,-,,-,"NORTHERN MARIANA ISLANDS
(15.1834, 145.725693)",
NEW YORK,2017,4,,-,0,,0,,,-,,-,,-,0,,4,,,-,,-,"NEW YORK
(42.826892, -75.544286)",
IOWA,2017,4,,-,0,,3,,,-,,-,,-,0,,5,,,-,,-,"IOWA
(42.46942, -93.815856)",
TEXAS,2017,4,,-,1,,18,,,-,,-,,-,0,,10,,,-,,-,"TEXAS
(31.827233, -99.423022)",
SOUTH CAROLINA,2017,4,,-,0,,2,,,-,,-,,-,0,,2,,,-,,-,"SOUTH CAROLINA
(34.009286, -81.037094)",
MISSISSIPPI,2017,4,,-,0,,4,,,-,,-,,-,0,,2,,,-,,-,"MISSISSIPPI
(32.738663, -89.537312)",
VERMONT,2017,4,,-,0,,1,,,-,,-,,-,0,,1,,,-,,-,"VERMONT
(43.622479, -72.51927)",
PENNSYLVANIA,2017,4,,-,0,,2,,,-,,-,,-,0,,1,,,-,,-,"PENNSYLVANIA
(40.789676, -77.858055)",
NEBRASKA,2017,4,,-,0,,7,,,-,,-,,-,0,,7,,,-,,-,"NEBRASKA
(41.640503, -99.367122)",
VIRGINIA,2017,4,,-,0,,2,,,-,,-,,-,0,,1,,,-,,-,"VIRGINIA
(37.542699, -78.45822)",
MONTANA,2017,4,,-,0,,1,,,-,,-,,-,0,,1,,,-,,-,"MONTANA
(47.062617, -109.430168)",
WYOMING,2017,4,,-,0,,2,,,-,,-,,-,0,,2,,,-,,-,"WYOMING
(43.23558, -108.110518)",
CONNECTICUT,2017,4,,-,0,,1,,,-,,-,,-,0,,0,,,-,,-,"CONNECTICUT
(41.544654, -72.651713)",
OHIO,2017,4,,-,0,,3,,,-,,-,,-,0,,2,,,-,,-,"OHIO
(40.056807, -82.405897)",
IDAHO,2017,4,,-,0,,1,,,-,,-,,-,0,,2,,,-,,-,"IDAHO
(43.680635, -114.364237)",
INDIANA,2017,4,,-,0,,4,,,-,,-,,-,0,,1,,,-,,-,"INDIANA
(39.76845, -86.156212)",
NEW HAMPSHIRE,2017,4,,-,0,,0,,,-,,-,,-,0,,0,,,-,,-,"NEW HAMPSHIRE
(43.657736, -71.500736)",
RHODE ISLAND,2017,4,,-,0,,1,,,-,,-,,-,0,,0,,,-,,-,"RHODE ISLAND
(41.707447, -71.522488)",
NEW MEXICO,2017,4,,-,0,,2,,,-,,-,,-,0,,0,,,-,,-,"NEW MEXICO
(34.520396, -106.244402)",
ALASKA,2017,4,,-,0,,0,,,-,,-,,-,0,,0,,,-,,-,"ALASKA
(64.836661, -147.738891)",
PUERTO RICO,2017,4,,-,0,,0,,,-,,-,,-,0,,0,,,-,,-,"PUERTO RICO
(18.215692, -66.414655)",
ALABAMA,2017,4,,-,0,,1,,,-,,-,,-,0,,2,,,-,,-,"ALABAMA
(32.839182, -86.631125)",
MISSOURI,2017,4,,-,0,,2,,,-,,-,,-,0,,1,,,-,,-,"MISSOURI
(38.636168, -92.566292)",
ARKANSAS,2017,4,,-,0,,2,,,-,,-,,-,0,,1,,,-,,-,"ARKANSAS
(34.748745, -92.275105)",
MINNESOTA,2017,4,,-,0,,3,,,-,,-,,-,0,,13,,,-,,-,"MINNESOTA
(46.357661, -94.793397)",
NORTH CAROLINA,2017,4,,-,0,,1,,,-,,-,,-,0,,0,,,-,,-,"NORTH CAROLINA
(35.47995, -79.180571)",
OREGON,2017,4,,-,0,,1,,,-,,-,,-,0,,1,,,-,,-,"OREGON
(44.567912, -120.156945)",
VIRGIN ISL.,2017,4,,-,0,,0,,,-,,-,,-,0,,0,,,-,,-,"VIRGIN ISLANDS
(18.060868, -64.840836)",
MARYLAND,2017,4,,-,0,,1,,,-,,-,,-,0,,0,,,-,,-,"MARYLAND
(39.290443, -76.612333)",
MICHIGAN,2017,4,,-,0,,10,,,-,,-,,-,0,,1,,,-,,-,"MICHIGAN
(44.66399, -84.711206)",
HAWAII,2017,4,,-,0,,0,,,-,,-,,-,0,,0,,,-,,-,"HAWAII
(21.30992, -157.858158)",
NEVADA,2017,4,,-,0,,2,,,-,,-,,-,0,,1,,,-,,-,"NEVADA
(39.491833, -117.070159)",
KENTUCKY,2017,4,,-,0,,1,,,-,,-,,-,0,,1,,,-,,-,"KENTUCKY
(37.64591, -84.774043)",
COLORADO,2017,4,,-,0,,9,,,-,,-,,-,0,,16,,,-,,-,"COLORADO
(38.841772, -106.132562)",
SOUTH DAKOTA,2017,4,,-,0,,8,,,-,,-,,-,0,,16,,,-,,-,"SOUTH DAKOTA
(44.35371, -100.373709)",
MASSACHUSETTS,2017,4,,-,0,,2,,,-,,-,,-,0,,2,,,-,,-,"MASSACHUSETTS
(42.268546, -72.085064)",
DIST. OF COL.,2017,4,,-,0,,1,,,-,,-,,-,0,,0,,,-,,-,"DISTRICT OF COLUMBIA
(38.892062, -77.019912)",
GUAM,2017,4,,-,0,,0,,,-,,-,,-,0,,0,,,-,,-,"GUAM
(13.3532, 144.653198)",
LOUISIANA,2017,4,,-,0,,6,,,-,,-,,-,0,,3,,,-,,-,"LOUISIANA
(31.2931, -92.463284)",
KANSAS,2017,4,,-,0,,3,,,-,,-,,-,0,,2,,,-,,-,"KANSAS
(38.345528, -98.201847)",
CALIFORNIA,2017,4,,-,0,,41,,,-,,-,,-,0,,24,,,-,,-,"CALIFORNIA
(37.640735, -121.002435)",
GEORGIA,2017,4,,-,0,,2,,,-,,-,,-,0,,1,,,-,,-,"GEORGIA
(32.836038, -83.631709)",
NORTH DAKOTA,2017,4,,-,0,,3,,,-,,-,,-,0,,10,,,-,,-,"NORTH DAKOTA
(47.475879, -100.121011)",
FLORIDA,2017,4,,-,0,,3,,,-,,-,,-,0,,1,,,-,,-,"FLORIDA
(28.915325, -81.922409)",
WISCONSIN,2017,4,,-,0,,2,,,-,,-,,-,0,,2,,,-,,-,"WISCONSIN
(44.395526, -89.834513)",
MAINE,2017,4,,-,0,,0,,,-,,-,,-,0,,0,,,-,,-,"MAINE
(45.252223, -68.986647)",
WEST VIRGINIA,2017,4,,-,0,,0,,,-,,-,,-,0,,1,,,-,,-,"WEST VIRGINIA
(38.668501, -80.709421)",
DELAWARE,2017,4,,-,0,,0,,,-,,-,,-,0,,0,,,-,,-,"DELAWARE
(39.008676, -75.574561)",
UNITED STATES,2017,5,,-,8,,102,,,-,,-,,-,5,,111,,1,,1,,,
NEW ENGLAND,2017,5,,-,0,,3,,,-,,-,,-,0,,3,,,-,,-,,
MID. ATLANTIC,2017,5,,-,0,,6,,,-,,-,,-,0,,4,,,-,,-,,
NEW YORK CITY,2017,5,,-,0,,3,,,-,,-,,-,0,,0,,,-,,-,,
E.N. CENTRAL,2017,5,,-,0,,17,,,-,,-,,-,0,,29,,1,,,-,,
W.N. CENTRAL,2017,5,,-,0,,16,,,-,,-,,-,0,,47,,,-,,-,,
S. ATLANTIC,2017,5,,-,0,,6,,,-,,-,,-,0,,2,,,-,,-,,
E.S. CENTRAL,2017,5,,-,0,,4,,,-,,-,,-,0,,4,,,-,,-,,
W.S. CENTRAL,2017,5,,-,2,,20,,,-,,-,,-,1,,12,,,-,,-,,
MOUNTAIN,2017,5,,-,0,,17,,,-,,-,,-,0,,23,,,-,1,,,
PACIFIC,2017,5,,-,0,,42,,,-,,-,,-,0,,24,,,-,,-,,
AMER. SAMOA,2017,5,,-,0,,0,,,-,,-,,-,0,,0,,,-,,-,,
SOUTH DAKOTA,2017,5,,-,0,,8,,,-,,-,,-,0,,16,,,-,,-,"SOUTH DAKOTA
(44.35371, -100.373709)",
WASHINGTON,2017,5,,-,0,,3,,,-,,-,,-,0,,1,,,-,,-,"WASHINGTON
(47.517368, -120.467672)",
OKLAHOMA,2017,5,,-,0,,3,,,-,,-,,-,0,,2,,,-,,-,"OKLAHOMA
(35.468494, -97.521264)",
DIST. OF COL.,2017,5,,-,0,,1,,,-,,-,,-,0,,0,,,-,,-,"DISTRICT OF COLUMBIA
(38.892062, -77.019912)",
SOUTH CAROLINA,2017,5,,-,0,,2,,,-,,-,,-,0,,2,,,-,,-,"SOUTH CAROLINA
(34.009286, -81.037094)",
ALASKA,2017,5,,-,0,,0,,,-,,-,,-,0,,0,,,-,,-,"ALASKA
(64.836661, -147.738891)",
LOUISIANA,2017,5,,-,0,,6,,,-,,-,,-,0,,3,,,-,,-,"LOUISIANA
(31.2931, -92.463284)",
DELAWARE,2017,5,,-,0,,0,,,-,,-,,-,0,,0,,,-,,-,"DELAWARE
(39.008676, -75.574561)",
TEXAS,2017,5,,-,1,,18,,,-,,-,,-,0,,10,,,-,,-,"TEXAS
(31.827233, -99.423022)",
TENNESSEE,2017,5,,-,0,,1,,,-,,-,,-,0,,1,,,-,,-,"TENNESSEE
(35.681402, -85.774444)",
CONNECTICUT,2017,5,,-,0,,1,,,-,,-,,-,0,,0,,,-,,-,"CONNECTICUT
(41.544654, -72.651713)",
PUERTO RICO,2017,5,,-,0,,0,,,-,,-,,-,0,,0,,,-,,-,"PUERTO RICO
(18.215692, -66.414655)",
ARKANSAS,2017,5,,-,0,,2,,,-,,-,,-,0,,1,,,-,,-,"ARKANSAS
(34.748745, -92.275105)",
NEW JERSEY,2017,5,,-,0,,1,,,-,,-,,-,0,,0,,,-,,-,"NEW JERSEY
(40.104655, -74.386686)",
MICHIGAN,2017,5,,-,0,,10,,,-,,-,,-,0,,1,,,-,,-,"MICHIGAN
(44.66399, -84.711206)",
MAINE,2017,5,,-,0,,0,,,-,,-,,-,0,,0,,,-,,-,"MAINE
(45.252223, -68.986647)",
NEBRASKA,2017,5,,-,0,,7,,,-,,-,,-,0,,7,,,-,,-,"NEBRASKA
(41.640503, -99.367122)",
HAWAII,2017,5,,-,0,,0,,,-,,-,,-,0,,0,,,-,,-,"HAWAII
(21.30992, -157.858158)",
RHODE ISLAND,2017,5,,-,0,,1,,,-,,-,,-,0,,0,,,-,,-,"RHODE ISLAND
(41.707447, -71.522488)",
OREGON,2017,5,,-,0,,1,,,-,,-,,-,0,,1,,,-,,-,"OREGON
(44.567912, -120.156945)",
MISSISSIPPI,2017,5,,-,0,,4,,,-,,-,,-,0,,2,,,-,,-,"MISSISSIPPI
(32.738663, -89.537312)",
VERMONT,2017,5,,-,0,,1,,,-,,-,,-,0,,1,,,-,,-,"VERMONT
(43.622479, -72.51927)",
NEW HAMPSHIRE,2017,5,,-,0,,0,,,-,,-,,-,0,,0,,,-,,-,"NEW HAMPSHIRE
(43.657736, -71.500736)",
WISCONSIN,2017,5,,-,0,,2,,,-,,-,,-,0,,2,,,-,,-,"WISCONSIN
(44.395526, -89.834513)",
MONTANA,2017,5,,-,0,,1,,,-,,-,,-,0,,1,,,-,,-,"MONTANA
(47.062617, -109.430168)",
OHIO,2017,5,,-,0,,3,,,-,,-,,-,0,,2,,,-,,-,"OHIO
(40.056807, -82.405897)",
CALIFORNIA,2017,5,,-,0,,41,,,-,,-,,-,0,,23,,,-,,-,"CALIFORNIA
(37.640735, -121.002435)",
VIRGINIA,2017,5,,-,0,,2,,,-,,-,,-,0,,1,,,-,,-,"VIRGINIA
(37.542699, -78.45822)",
MARYLAND,2017,5,,-,0,,1,,,-,,-,,-,0,,0,,,-,,-,"MARYLAND
(39.290443, -76.612333)",
VIRGIN ISL.,2017,5,,-,0,,0,,,-,,-,,-,0,,0,,,-,,-,"VIRGIN ISLANDS
(18.060868, -64.840836)",
WYOMING,2017,5,,-,0,,2,,,-,,-,,-,0,,2,,,-,,-,"WYOMING
(43.23558, -108.110518)",
FLORIDA,2017,5,,-,0,,3,,,-,,-,,-,0,,1,,,-,,-,"FLORIDA
(28.915325, -81.922409)",
COLORADO,2017,5,,-,0,,9,,,-,,-,,-,0,,16,,,-,,-,"COLORADO
(38.841772, -106.132562)",
NEW MEXICO,2017,5,,-,0,,2,,,-,,-,,-,0,,0,,,-,,-,"NEW MEXICO
(34.520396, -106.244402)",
ALABAMA,2017,5,,-,0,,1,,,-,,-,,-,0,,2,,,-,,-,"ALABAMA
(32.839182, -86.631125)",
GEORGIA,2017,5,,-,0,,2,,,-,,-,,-,0,,1,,,-,,-,"GEORGIA
(32.836038, -83.631709)",
IDAHO,2017,5,,-,0,,1,,,-,,-,,-,0,,2,,,-,,-,"IDAHO
(43.680635, -114.364237)",
MASSACHUSETTS,2017,5,,-,0,,2,,,-,,-,,-,0,,2,,,-,,-,"MASSACHUSETTS
(42.268546, -72.085064)",
UTAH,2017,5,,-,0,,3,,,-,,-,,-,0,,2,,,-,,-,"UTAH
(39.359772, -111.584173)",
NORTH CAROLINA,2017,5,,-,0,,1,,,-,,-,,-,0,,0,,,-,,-,"NORTH CAROLINA
(35.47995, -79.180571)",
PENNSYLVANIA,2017,5,,-,0,,2,,,-,,-,,-,0,,1,,,-,,-,"PENNSYLVANIA
(40.789676, -77.858055)",
IOWA,2017,5,,-,0,,3,,,-,,-,,-,0,,5,,,-,,-,"IOWA
(42.46942, -93.815856)",
ILLINOIS,2017,5,,-,0,,0,,,-,,-,,-,0,,27,,1,,,-,"ILLINOIS
(40.477092, -88.993221)",
ARIZONA,2017,5,,-,0,,6,,,-,,-,,-,0,,3,,,-,1,,"ARIZONA
(34.869712, -111.760902)",
NEW YORK,2017,5,,-,0,,0,,,-,,-,,-,0,,4,,,-,,-,"NEW YORK
(42.826892, -75.544286)",
INDIANA,2017,5,,-,0,,4,,,-,,-,,-,0,,1,,,-,,-,"INDIANA
(39.76845, -86.156212)",
MINNESOTA,2017,5,,-,0,,3,,,-,,-,,-,0,,13,,,-,,-,"MINNESOTA
(46.357661, -94.793397)",
MISSOURI,2017,5,,-,0,,2,,,-,,-,,-,0,,1,,,-,,-,"MISSOURI
(38.636168, -92.566292)",
KENTUCKY,2017,5,,-,0,,1,,,-,,-,,-,0,,1,,,-,,-,"KENTUCKY
(37.64591, -84.774043)",
NEVADA,2017,5,,-,0,,2,,,-,,-,,-,0,,1,,,-,,-,"NEVADA
(39.491833, -117.070159)",
C.N.M.I.,2017,5,,-,,-,,-,,-,,-,,-,,-,,-,,-,,-,"NORTHERN MARIANA ISLANDS
(15.1834, 145.725693)",
NORTH DAKOTA,2017,5,,-,0,,3,,,-,,-,,-,0,,10,,,-,,-,"NORTH DAKOTA
(47.475879, -100.121011)",
KANSAS,2017,5,,-,0,,3,,,-,,-,,-,0,,2,,,-,,-,"KANSAS
(38.345528, -98.201847)",
GUAM,2017,5,,-,0,,0,,,-,,-,,-,0,,0,,,-,,-,"GUAM
(13.3532, 144.653198)",
WEST VIRGINIA,2017,5,,-,0,,0,,,-,,-,,-,0,,1,,,-,,-,"WEST VIRGINIA
(38.668501, -80.709421)",
UNITED STATES,2017,6,,-,9,,102,,,-,,-,,-,5,,111,,1,,1,,,
NEW ENGLAND,2017,6,,-,0,,3,,,-,,-,,-,0,,3,,,-,,-,,
MID. ATLANTIC,2017,6,,-,0,,6,,,-,,-,,-,0,,4,,,-,,-,,
NEW YORK CITY,2017,6,,-,0,,3,,,-,,-,,-,0,,0,,,-,,-,,
E.N. CENTRAL,2017,6,,-,0,,17,,,-,,-,,-,0,,29,,1,,,-,,
W.N. CENTRAL,2017,6,,-,0,,16,,,-,,-,,-,0,,47,,,-,,-,,
S. ATLANTIC,2017,6,,-,0,,6,,,-,,-,,-,0,,2,,,-,,-,,
E.S. CENTRAL,2017,6,,-,0,,4,,,-,,-,,-,0,,4,,,-,,-,,
W.S. CENTRAL,2017,6,,-,2,,20,,,-,,-,,-,1,,12,,,-,,-,,
MOUNTAIN,2017,6,,-,0,,17,,,-,,-,,-,0,,23,,,-,1,,,
PACIFIC,2017,6,,-,1,,43,,,-,,-,,-,0,,24,,,-,,-,,
AMER. SAMOA,2017,6,,-,0,,0,,,-,,-,,-,0,,0,,,-,,-,,
HAWAII,2017,6,,-,0,,0,,,-,,-,,-,0,,0,,,-,,-,"HAWAII
(21.30992, -157.858158)",
ALASKA,2017,6,,-,0,,0,,,-,,-,,-,0,,0,,,-,,-,"ALASKA
(64.836661, -147.738891)",
DIST. OF COL.,2017,6,,-,0,,1,,,-,,-,,-,0,,0,,,-,,-,"DISTRICT OF COLUMBIA
(38.892062, -77.019912)",
GUAM,2017,6,,-,0,,0,,,-,,-,,-,0,,0,,,-,,-,"GUAM
(13.3532, 144.653198)",
OHIO,2017,6,,-,0,,3,,,-,,-,,-,0,,2,,,-,,-,"OHIO
(40.056807, -82.405897)",
RHODE ISLAND,2017,6,,-,0,,1,,,-,,-,,-,0,,0,,,-,,-,"RHODE ISLAND
(41.707447, -71.522488)",
FLORIDA,2017,6,,-,0,,3,,,-,,-,,-,0,,1,,,-,,-,"FLORIDA
(28.915325, -81.922409)",
NEW HAMPSHIRE,2017,6,,-,0,,0,,,-,,-,,-,0,,0,,,-,,-,"NEW HAMPSHIRE
(43.657736, -71.500736)",
NORTH CAROLINA,2017,6,,-,0,,1,,,-,,-,,-,0,,0,,,-,,-,"NORTH CAROLINA
(35.47995, -79.180571)",
GEORGIA,2017,6,,-,0,,2,,,-,,-,,-,0,,1,,,-,,-,"GEORGIA
(32.836038, -83.631709)",
MICHIGAN,2017,6,,-,0,,10,,,-,,-,,-,0,,1,,,-,,-,"MICHIGAN
(44.66399, -84.711206)",
CONNECTICUT,2017,6,,-,0,,1,,,-,,-,,-,0,,0,,,-,,-,"CONNECTICUT
(41.544654, -72.651713)",
DELAWARE,2017,6,,-,0,,0,,,-,,-,,-,0,,0,,,-,,-,"DELAWARE
(39.008676, -75.574561)",
VERMONT,2017,6,,-,0,,1,,,-,,-,,-,0,,1,,,-,,-,"VERMONT
(43.622479, -72.51927)",
MINNESOTA,2017,6,,-,0,,3,,,-,,-,,-,0,,13,,,-,,-,"MINNESOTA
(46.357661, -94.793397)",
ILLINOIS,2017,6,,-,0,,0,,,-,,-,,-,0,,27,,1,,,-,"ILLINOIS
(40.477092, -88.993221)",
NEW MEXICO,2017,6,,-,0,,2,,,-,,-,,-,0,,0,,,-,,-,"NEW MEXICO
(34.520396, -106.244402)",
IOWA,2017,6,,-,0,,3,,,-,,-,,-,0,,5,,,-,,-,"IOWA
(42.46942, -93.815856)",
TENNESSEE,2017,6,,-,0,,1,,,-,,-,,-,0,,1,,,-,,-,"TENNESSEE
(35.681402, -85.774444)",
MAINE,2017,6,,-,0,,0,,,-,,-,,-,0,,0,,,-,,-,"MAINE
(45.252223, -68.986647)",
IDAHO,2017,6,,-,0,,1,,,-,,-,,-,0,,2,,,-,,-,"IDAHO
(43.680635, -114.364237)",
INDIANA,2017,6,,-,0,,4,,,-,,-,,-,0,,1,,,-,,-,"INDIANA
(39.76845, -86.156212)",
WYOMING,2017,6,,-,0,,2,,,-,,-,,-,0,,2,,,-,,-,"WYOMING
(43.23558, -108.110518)",
MASSACHUSETTS,2017,6,,-,0,,2,,,-,,-,,-,0,,2,,,-,,-,"MASSACHUSETTS
(42.268546, -72.085064)",
ARKANSAS,2017,6,,-,0,,2,,,-,,-,,-,0,,1,,,-,,-,"ARKANSAS
(34.748745, -92.275105)",
COLORADO,2017,6,,-,0,,9,,,-,,-,,-,0,,16,,,-,,-,"COLORADO
(38.841772, -106.132562)",
TEXAS,2017,6,,-,1,,18,,,-,,-,,-,0,,10,,,-,,-,"TEXAS
(31.827233, -99.423022)",
SOUTH DAKOTA,2017,6,,-,0,,8,,,-,,-,,-,0,,16,,,-,,-,"SOUTH DAKOTA
(44.35371, -100.373709)",
C.N.M.I.,2017,6,,-,,-,,-,,-,,-,,-,,-,,-,,-,,-,"NORTHERN MARIANA ISLANDS
(15.1834, 145.725693)",
CALIFORNIA,2017,6,,-,1,,42,,,-,,-,,-,0,,23,,,-,,-,"CALIFORNIA
(37.640735, -121.002435)",
PENNSYLVANIA,2017,6,,-,0,,2,,,-,,-,,-,0,,1,,,-,,-,"PENNSYLVANIA
(40.789676, -77.858055)",
NEW JERSEY,2017,6,,-,0,,1,,,-,,-,,-,0,,0,,,-,,-,"NEW JERSEY
(40.104655, -74.386686)",
MISSISSIPPI,2017,6,,-,0,,4,,,-,,-,,-,0,,2,,,-,,-,"MISSISSIPPI
(32.738663, -89.537312)",
MISSOURI,2017,6,,-,0,,2,,,-,,-,,-,0,,1,,,-,,-,"MISSOURI
(38.636168, -92.566292)",
UTAH,2017,6,,-,0,,3,,,-,,-,,-,0,,2,,,-,,-,"UTAH
(39.359772, -111.584173)",
WASHINGTON,2017,6,,-,0,,3,,,-,,-,,-,0,,1,,,-,,-,"WASHINGTON
(47.517368, -120.467672)",
OKLAHOMA,2017,6,,-,0,,3,,,-,,-,,-,0,,3,,,-,,-,"OKLAHOMA
(35.468494, -97.521264)",
ARIZONA,2017,6,,-,0,,6,,,-,,-,,-,0,,3,,,-,1,,"ARIZONA
(34.869712, -111.760902)",
NORTH DAKOTA,2017,6,,-,0,,3,,,-,,-,,-,0,,10,,,-,,-,"NORTH DAKOTA
(47.475879, -100.121011)",
KENTUCKY,2017,6,,-,0,,1,,,-,,-,,-,0,,1,,,-,,-,"KENTUCKY
(37.64591, -84.774043)",
OREGON,2017,6,,-,0,,1,,,-,,-,,-,0,,1,,,-,,-,"OREGON
(44.567912, -120.156945)",
ALABAMA,2017,6,,-,0,,1,,,-,,-,,-,0,,2,,,-,,-,"ALABAMA
(32.839182, -86.631125)",
WISCONSIN,2017,6,,-,0,,2,,,-,,-,,-,0,,2,,,-,,-,"WISCONSIN
(44.395526, -89.834513)",
KANSAS,2017,6,,-,0,,3,,,-,,-,,-,0,,2,,,-,,-,"KANSAS
(38.345528, -98.201847)",
MONTANA,2017,6,,-,0,,1,,,-,,-,,-,0,,1,,,-,,-,"MONTANA
(47.062617, -109.430168)",
VIRGIN ISL.,2017,6,,-,0,,0,,,-,,-,,-,0,,0,,,-,,-,"VIRGIN ISLANDS
(18.060868, -64.840836)",
WEST VIRGINIA,2017,6,,-,0,,0,,,-,,-,,-,0,,1,,,-,,-,"WEST VIRGINIA
(38.668501, -80.709421)",
LOUISIANA,2017,6,,-,0,,6,,,-,,-,,-,0,,3,,,-,,-,"LOUISIANA
(31.2931, -92.463284)",
NEW YORK,2017,6,,-,0,,0,,,-,,-,,-,0,,4,,,-,,-,"NEW YORK
(42.826892, -75.544286)",
VIRGINIA,2017,6,,-,0,,2,,,-,,-,,-,0,,1,,,-,,-,"VIRGINIA
(37.542699, -78.45822)",
NEBRASKA,2017,6,,-,0,,7,,,-,,-,,-,0,,7,,,-,,-,"NEBRASKA
(41.640503, -99.367122)",
PUERTO RICO,2017,6,,-,0,,0,,,-,,-,,-,0,,0,,,-,,-,"PUERTO RICO
(18.215692, -66.414655)",
NEVADA,2017,6,,-,0,,2,,,-,,-,,-,0,,1,,,-,,-,"NEVADA
(39.491833, -117.070159)",
SOUTH CAROLINA,2017,6,,-,0,,2,,,-,,-,,-,0,,2,,,-,,-,"SOUTH CAROLINA
(34.009286, -81.037094)",
MARYLAND,2017,6,,-,0,,1,,,-,,-,,-,0,,0,,,-,,-,"MARYLAND
(39.290443, -76.612333)",
UNITED STATES,2017,7,,-,9,,105,,,-,,-,,-,5,,112,,1,,1,,,
NEW ENGLAND,2017,7,,-,0,,3,,,-,,-,,-,0,,3,,,-,,-,,
MID. ATLANTIC,2017,7,,-,0,,6,,,-,,-,,-,0,,4,,,-,,-,,
NEW YORK CITY,2017,7,,-,0,,3,,,-,,-,,-,0,,0,,,-,,-,,
E.N. CENTRAL,2017,7,,-,0,,17,,,-,,-,,-,0,,29,,1,,,-,,
W.N. CENTRAL,2017,7,,-,0,,17,,,-,,-,,-,0,,48,,,-,,-,,
S. ATLANTIC,2017,7,,-,0,,6,,,-,,-,,-,0,,2,,,-,,-,,
E.S. CENTRAL,2017,7,,-,0,,4,,,-,,-,,-,0,,4,,,-,,-,,
W.S. CENTRAL,2017,7,,-,2,,20,,,-,,-,,-,1,,12,,,-,,-,,
MOUNTAIN,2017,7,,-,0,,17,,,-,,-,,-,0,,23,,,-,1,,,
PACIFIC,2017,7,,-,1,,43,,,-,,-,,-,0,,24,,,-,,-,,
AMER. SAMOA,2017,7,,-,0,,0,,,-,,-,,-,0,,0,,,-,,-,,
OKLAHOMA,2017,7,,-,0,,3,,,-,,-,,-,0,,3,,,-,,-,"OKLAHOMA
(35.468494, -97.521264)",
KENTUCKY,2017,7,,-,0,,1,,,-,,-,,-,0,,1,,,-,,-,"KENTUCKY
(37.64591, -84.774043)",
ILLINOIS,2017,7,,-,0,,0,,,-,,-,,-,0,,27,,1,,,-,"ILLINOIS
(40.477092, -88.993221)",
SOUTH DAKOTA,2017,7,,-,0,,8,,,-,,-,,-,0,,16,,,-,,-,"SOUTH DAKOTA
(44.35371, -100.373709)",
MONTANA,2017,7,,-,0,,1,,,-,,-,,-,0,,1,,,-,,-,"MONTANA
(47.062617, -109.430168)",
C.N.M.I.,2017,7,,-,,-,,-,,-,,-,,-,,-,,-,,-,,-,"NORTHERN MARIANA ISLANDS
(15.1834, 145.725693)",
WEST VIRGINIA,2017,7,,-,0,,0,,,-,,-,,-,0,,1,,,-,,-,"WEST VIRGINIA
(38.668501, -80.709421)",
ALASKA,2017,7,,-,0,,0,,,-,,-,,-,0,,0,,,-,,-,"ALASKA
(64.836661, -147.738891)",
ALABAMA,2017,7,,-,0,,1,,,-,,-,,-,0,,2,,,-,,-,"ALABAMA
(32.839182, -86.631125)",
RHODE ISLAND,2017,7,,-,0,,1,,,-,,-,,-,0,,0,,,-,,-,"RHODE ISLAND
(41.707447, -71.522488)",
GEORGIA,2017,7,,-,0,,2,,,-,,-,,-,0,,1,,,-,,-,"GEORGIA
(32.836038, -83.631709)",
NEW HAMPSHIRE,2017,7,,-,0,,0,,,-,,-,,-,0,,0,,,-,,-,"NEW HAMPSHIRE
(43.657736, -71.500736)",
DELAWARE,2017,7,,-,0,,0,,,-,,-,,-,0,,0,,,-,,-,"DELAWARE
(39.008676, -75.574561)",
HAWAII,2017,7,,-,0,,0,,,-,,-,,-,0,,0,,,-,,-,"HAWAII
(21.30992, -157.858158)",
IDAHO,2017,7,,-,0,,1,,,-,,-,,-,0,,2,,,-,,-,"IDAHO
(43.680635, -114.364237)",
VERMONT,2017,7,,-,0,,1,,,-,,-,,-,0,,1,,,-,,-,"VERMONT
(43.622479, -72.51927)",
MARYLAND,2017,7,,-,0,,1,,,-,,-,,-,0,,0,,,-,,-,"MARYLAND
(39.290443, -76.612333)",
NEW JERSEY,2017,7,,-,0,,1,,,-,,-,,-,0,,0,,,-,,-,"NEW JERSEY
(40.104655, -74.386686)",
TENNESSEE,2017,7,,-,0,,1,,,-,,-,,-,0,,1,,,-,,-,"TENNESSEE
(35.681402, -85.774444)",
LOUISIANA,2017,7,,-,0,,6,,,-,,-,,-,0,,3,,,-,,-,"LOUISIANA
(31.2931, -92.463284)",
GUAM,2017,7,,-,0,,0,,,-,,-,,-,0,,0,,,-,,-,"GUAM
(13.3532, 144.653198)",
ARIZONA,2017,7,,-,0,,6,,,-,,-,,-,0,,3,,,-,1,,"ARIZONA
(34.869712, -111.760902)",
VIRGINIA,2017,7,,-,0,,2,,,-,,-,,-,0,,1,,,-,,-,"VIRGINIA
(37.542699, -78.45822)",
DIST. OF COL.,2017,7,,-,0,,1,,,-,,-,,-,0,,0,,,-,,-,"DISTRICT OF COLUMBIA
(38.892062, -77.019912)",
NEBRASKA,2017,7,,-,0,,7,,,-,,-,,-,0,,7,,,-,,-,"NEBRASKA
(41.640503, -99.367122)",
TEXAS,2017,7,,-,1,,18,,,-,,-,,-,0,,10,,,-,,-,"TEXAS
(31.827233, -99.423022)",
MISSOURI,2017,7,,-,0,,2,,,-,,-,,-,0,,1,,,-,,-,"MISSOURI
(38.636168, -92.566292)",
FLORIDA,2017,7,,-,0,,3,,,-,,-,,-,0,,1,,,-,,-,"FLORIDA
(28.915325, -81.922409)",
COLORADO,2017,7,,-,0,,9,,,-,,-,,-,0,,16,,,-,,-,"COLORADO
(38.841772, -106.132562)",
MICHIGAN,2017,7,,-,0,,10,,,-,,-,,-,0,,1,,,-,,-,"MICHIGAN
(44.66399, -84.711206)",
PUERTO RICO,2017,7,,-,0,,0,,,-,,-,,-,0,,0,,,-,,-,"PUERTO RICO
(18.215692, -66.414655)",
NEW MEXICO,2017,7,,-,0,,2,,,-,,-,,-,0,,0,,,-,,-,"NEW MEXICO
(34.520396, -106.244402)",
MINNESOTA,2017,7,,-,0,,3,,,-,,-,,-,0,,13,,,-,,-,"MINNESOTA
(46.357661, -94.793397)",
NORTH DAKOTA,2017,7,,-,0,,6,,,-,,-,,-,0,,11,,,-,,-,"NORTH DAKOTA
(47.475879, -100.121011)",
OREGON,2017,7,,-,0,,1,,,-,,-,,-,0,,1,,,-,,-,"OREGON
(44.567912, -120.156945)",
WASHINGTON,2017,7,,-,0,,3,,,-,,-,,-,0,,1,,,-,,-,"WASHINGTON
(47.517368, -120.467672)",
NEW YORK,2017,7,,-,0,,0,,,-,,-,,-,0,,4,,,-,,-,"NEW YORK
(42.826892, -75.544286)",
WISCONSIN,2017,7,,-,0,,2,,,-,,-,,-,0,,2,,,-,,-,"WISCONSIN
(44.395526, -89.834513)",
UTAH,2017,7,,-,0,,3,,,-,,-,,-,0,,2,,,-,,-,"UTAH
(39.359772, -111.584173)",
INDIANA,2017,7,,-,0,,4,,,-,,-,,-,0,,1,,,-,,-,"INDIANA
(39.76845, -86.156212)",
KANSAS,2017,7,,-,0,,3,,,-,,-,,-,0,,2,,,-,,-,"KANSAS
(38.345528, -98.201847)",
VIRGIN ISL.,2017,7,,-,0,,0,,,-,,-,,-,0,,0,,,-,,-,"VIRGIN ISLANDS
(18.060868, -64.840836)",
NORTH CAROLINA,2017,7,,-,0,,1,,,-,,-,,-,0,,0,,,-,,-,"NORTH CAROLINA
(35.47995, -79.180571)",
MAINE,2017,7,,-,0,,0,,,-,,-,,-,0,,0,,,-,,-,"MAINE
(45.252223, -68.986647)",
SOUTH CAROLINA,2017,7,,-,0,,2,,,-,,-,,-,0,,2,,,-,,-,"SOUTH CAROLINA
(34.009286, -81.037094)",
MISSISSIPPI,2017,7,,-,0,,4,,,-,,-,,-,0,,2,,,-,,-,"MISSISSIPPI
(32.738663, -89.537312)",
CONNECTICUT,2017,7,,-,0,,1,,,-,,-,,-,0,,0,,,-,,-,"CONNECTICUT
(41.544654, -72.651713)",
IOWA,2017,7,,-,0,,3,,,-,,-,,-,0,,5,,,-,,-,"IOWA
(42.46942, -93.815856)",
PENNSYLVANIA,2017,7,,-,0,,2,,,-,,-,,-,0,,1,,,-,,-,"PENNSYLVANIA
(40.789676, -77.858055)",
OHIO,2017,7,,-,0,,3,,,-,,-,,-,0,,2,,,-,,-,"OHIO
(40.056807, -82.405897)",
CALIFORNIA,2017,7,,-,1,,42,,,-,,-,,-,0,,23,,,-,,-,"CALIFORNIA
(37.640735, -121.002435)",
WYOMING,2017,7,,-,0,,2,,,-,,-,,-,0,,2,,,-,,-,"WYOMING
(43.23558, -108.110518)",
ARKANSAS,2017,7,,-,0,,2,,,-,,-,,-,0,,1,,,-,,-,"ARKANSAS
(34.748745, -92.275105)",
MASSACHUSETTS,2017,7,,-,0,,2,,,-,,-,,-,0,,2,,,-,,-,"MASSACHUSETTS
(42.268546, -72.085064)",
NEVADA,2017,7,,-,0,,2,,,-,,-,,-,0,,1,,,-,,-,"NEVADA
(39.491833, -117.070159)",
UNITED STATES,2017,8,,-,9,,105,,,-,,-,,-,5,,112,,1,,1,,,
NEW ENGLAND,2017,8,,-,0,,3,,,-,,-,,-,0,,3,,,-,,-,,
MID. ATLANTIC,2017,8,,-,0,,6,,,-,,-,,-,0,,4,,,-,,-,,
NEW YORK CITY,2017,8,,-,0,,3,,,-,,-,,-,0,,0,,,-,,-,,
E.N. CENTRAL,2017,8,,-,0,,17,,,-,,-,,-,0,,29,,1,,,-,,
W.N. CENTRAL,2017,8,,-,0,,17,,,-,,-,,-,0,,48,,,-,,-,,
S. ATLANTIC,2017,8,,-,0,,6,,,-,,-,,-,0,,2,,,-,,-,,
E.S. CENTRAL,2017,8,,-,0,,4,,,-,,-,,-,0,,4,,,-,,-,,
W.S. CENTRAL,2017,8,,-,2,,20,,,-,,-,,-,1,,12,,,-,,-,,
MOUNTAIN,2017,8,,-,0,,17,,,-,,-,,-,0,,23,,,-,1,,,
PACIFIC,2017,8,,-,1,,43,,,-,,-,,-,0,,24,,,-,,-,,
AMER. SAMOA,2017,8,,-,0,,0,,,-,,-,,-,0,,0,,,-,,-,,
SOUTH CAROLINA,2017,8,,-,0,,2,,,-,,-,,-,0,,2,,,-,,-,"SOUTH CAROLINA
(34.009286, -81.037094)",
PUERTO RICO,2017,8,,-,0,,0,,,-,,-,,-,0,,0,,,-,,-,"PUERTO RICO
(18.215692, -66.414655)",
CALIFORNIA,2017,8,,-,1,,42,,,-,,-,,-,0,,23,,,-,,-,"CALIFORNIA
(37.640735, -121.002435)",
DELAWARE,2017,8,,-,0,,0,,,-,,-,,-,0,,0,,,-,,-,"DELAWARE
(39.008676, -75.574561)",
HAWAII,2017,8,,-,0,,0,,,-,,-,,-,0,,0,,,-,,-,"HAWAII
(21.30992, -157.858158)",
TENNESSEE,2017,8,,-,0,,1,,,-,,-,,-,0,,1,,,-,,-,"TENNESSEE
(35.681402, -85.774444)",
NORTH DAKOTA,2017,8,,-,0,,6,,,-,,-,,-,0,,11,,,-,,-,"NORTH DAKOTA
(47.475879, -100.121011)",
NORTH CAROLINA,2017,8,,-,0,,1,,,-,,-,,-,0,,0,,,-,,-,"NORTH CAROLINA
(35.47995, -79.180571)",
ALABAMA,2017,8,,-,0,,1,,,-,,-,,-,0,,2,,,-,,-,"ALABAMA
(32.839182, -86.631125)",
PENNSYLVANIA,2017,8,,-,0,,2,,,-,,-,,-,0,,1,,,-,,-,"PENNSYLVANIA
(40.789676, -77.858055)",
OREGON,2017,8,,-,0,,1,,,-,,-,,-,0,,1,,,-,,-,"OREGON
(44.567912, -120.156945)",
NEW YORK,2017,8,,-,0,,0,,,-,,-,,-,0,,4,,,-,,-,"NEW YORK
(42.826892, -75.544286)",
MISSISSIPPI,2017,8,,-,0,,4,,,-,,-,,-,0,,2,,,-,,-,"MISSISSIPPI
(32.738663, -89.537312)",
MINNESOTA,2017,8,,-,0,,3,,,-,,-,,-,0,,13,,,-,,-,"MINNESOTA
(46.357661, -94.793397)",
OKLAHOMA,2017,8,,-,0,,3,,,-,,-,,-,0,,3,,,-,,-,"OKLAHOMA
(35.468494, -97.521264)",
VIRGIN ISL.,2017,8,,-,0,,0,,,-,,-,,-,0,,0,,,-,,-,"VIRGIN ISLANDS
(18.060868, -64.840836)",
NEW MEXICO,2017,8,,-,0,,2,,,-,,-,,-,0,,0,,,-,,-,"NEW MEXICO
(34.520396, -106.244402)",
CONNECTICUT,2017,8,,-,0,,1,,,-,,-,,-,0,,0,,,-,,-,"CONNECTICUT
(41.544654, -72.651713)",
ILLINOIS,2017,8,,-,0,,0,,,-,,-,,-,0,,27,,1,,,-,"ILLINOIS
(40.477092, -88.993221)",
SOUTH DAKOTA,2017,8,,-,0,,8,,,-,,-,,-,0,,16,,,-,,-,"SOUTH DAKOTA
(44.35371, -100.373709)",
LOUISIANA,2017,8,,-,0,,6,,,-,,-,,-,0,,3,,,-,,-,"LOUISIANA
(31.2931, -92.463284)",
UTAH,2017,8,,-,0,,3,,,-,,-,,-,0,,2,,,-,,-,"UTAH
(39.359772, -111.584173)",
WYOMING,2017,8,,-,0,,2,,,-,,-,,-,0,,2,,,-,,-,"WYOMING
(43.23558, -108.110518)",
OHIO,2017,8,,-,0,,3,,,-,,-,,-,0,,2,,,-,,-,"OHIO
(40.056807, -82.405897)",
GEORGIA,2017,8,,-,0,,2,,,-,,-,,-,0,,1,,,-,,-,"GEORGIA
(32.836038, -83.631709)",
C.N.M.I.,2017,8,,-,,-,,-,,-,,-,,-,,-,,-,,-,,-,"NORTHERN MARIANA ISLANDS
(15.1834, 145.725693)",
MARYLAND,2017,8,,-,0,,1,,,-,,-,,-,0,,0,,,-,,-,"MARYLAND
(39.290443, -76.612333)",
WISCONSIN,2017,8,,-,0,,2,,,-,,-,,-,0,,2,,,-,,-,"WISCONSIN
(44.395526, -89.834513)",
MASSACHUSETTS,2017,8,,-,0,,2,,,-,,-,,-,0,,2,,,-,,-,"MASSACHUSETTS
(42.268546, -72.085064)",
COLORADO,2017,8,,-,0,,9,,,-,,-,,-,0,,16,,,-,,-,"COLORADO
(38.841772, -106.132562)",
MAINE,2017,8,,-,0,,0,,,-,,-,,-,0,,0,,,-,,-,"MAINE
(45.252223, -68.986647)",
ALASKA,2017,8,,-,0,,0,,,-,,-,,-,0,,0,,,-,,-,"ALASKA
(64.836661, -147.738891)",
ARKANSAS,2017,8,,-,0,,2,,,-,,-,,-,0,,1,,,-,,-,"ARKANSAS
(34.748745, -92.275105)",
ARIZONA,2017,8,,-,0,,6,,,-,,-,,-,0,,3,,,-,1,,"ARIZONA
(34.869712, -111.760902)",
KENTUCKY,2017,8,,-,0,,1,,,-,,-,,-,0,,1,,,-,,-,"KENTUCKY
(37.64591, -84.774043)",
MICHIGAN,2017,8,,-,0,,10,,,-,,-,,-,0,,1,,,-,,-,"MICHIGAN
(44.66399, -84.711206)",
MISSOURI,2017,8,,-,0,,3,,,-,,-,,-,0,,1,,,-,,-,"MISSOURI
(38.636168, -92.566292)",
INDIANA,2017,8,,-,0,,4,,,-,,-,,-,0,,1,,,-,,-,"INDIANA
(39.76845, -86.156212)",
NEVADA,2017,8,,-,0,,2,,,-,,-,,-,0,,1,,,-,,-,"NEVADA
(39.491833, -117.070159)",
DIST. OF COL.,2017,8,,-,0,,1,,,-,,-,,-,0,,0,,,-,,-,"DISTRICT OF COLUMBIA
(38.892062, -77.019912)",
WEST VIRGINIA,2017,8,,-,0,,0,,,-,,-,,-,0,,1,,,-,,-,"WEST VIRGINIA
(38.668501, -80.709421)",
FLORIDA,2017,8,,-,0,,3,,,-,,-,,-,0,,1,,,-,,-,"FLORIDA
(28.915325, -81.922409)",
IOWA,2017,8,,-,0,,3,,,-,,-,,-,0,,5,,,-,,-,"IOWA
(42.46942, -93.815856)",
WASHINGTON,2017,8,,-,0,,3,,,-,,-,,-,0,,1,,,-,,-,"WASHINGTON
(47.517368, -120.467672)",
NEW JERSEY,2017,8,,-,0,,1,,,-,,-,,-,0,,0,,,-,,-,"NEW JERSEY
(40.104655, -74.386686)",
NEW HAMPSHIRE,2017,8,,-,0,,0,,,-,,-,,-,0,,0,,,-,,-,"NEW HAMPSHIRE
(43.657736, -71.500736)",
TEXAS,2017,8,,-,1,,18,,,-,,-,,-,0,,10,,,-,,-,"TEXAS
(31.827233, -99.423022)",
GUAM,2017,8,,-,0,,0,,,-,,-,,-,0,,0,,,-,,-,"GUAM
(13.3532, 144.653198)",
VERMONT,2017,8,,-,0,,1,,,-,,-,,-,0,,1,,,-,,-,"VERMONT
(43.622479, -72.51927)",
RHODE ISLAND,2017,8,,-,0,,1,,,-,,-,,-,0,,0,,,-,,-,"RHODE ISLAND
(41.707447, -71.522488)",
KANSAS,2017,8,,-,0,,3,,,-,,-,,-,0,,2,,,-,,-,"KANSAS
(38.345528, -98.201847)",
NEBRASKA,2017,8,,-,0,,7,,,-,,-,,-,0,,7,,,-,,-,"NEBRASKA
(41.640503, -99.367122)",
IDAHO,2017,8,,-,0,,1,,,-,,-,,-,0,,2,,,-,,-,"IDAHO
(43.680635, -114.364237)",
VIRGINIA,2017,8,,-,0,,2,,,-,,-,,-,0,,1,,,-,,-,"VIRGINIA
(37.542699, -78.45822)",
MONTANA,2017,8,,-,0,,1,,,-,,-,,-,0,,1,,,-,,-,"MONTANA
(47.062617, -109.430168)",
UNITED STATES,2017,9,,-,8,,104,,1,,,-,,-,5,,118,,1,,1,,,
NEW ENGLAND,2017,9,,-,0,,3,,,-,,-,,-,0,,3,,,-,,-,,
MID. ATLANTIC,2017,9,,-,0,,6,,,-,,-,,-,0,,4,,,-,,-,,
NEW YORK CITY,2017,9,,-,0,,3,,,-,,-,,-,0,,0,,,-,,-,,
E.N. CENTRAL,2017,9,,-,0,,17,,,-,,-,,-,0,,29,,1,,,-,,
W.N. CENTRAL,2017,9,,-,0,,17,,,-,,-,,-,0,,48,,,-,,-,,
S. ATLANTIC,2017,9,,-,0,,6,,1,,,-,,-,0,,2,,,-,,-,,
E.S. CENTRAL,2017,9,,-,0,,4,,,-,,-,,-,0,,4,,,-,,-,,
W.S. CENTRAL,2017,9,,-,2,,20,,,-,,-,,-,1,,12,,,-,,-,,
MOUNTAIN,2017,9,,-,0,,17,,,-,,-,,-,0,,23,,,-,1,,,
PACIFIC,2017,9,,-,1,,39,,,-,,-,,-,0,,29,,,-,,-,,
AMER. SAMOA,2017,9,,-,0,,0,,,-,,-,,-,0,,0,,,-,,-,,
SOUTH DAKOTA,2017,9,,-,0,,8,,,-,,-,,-,0,,16,,,-,,-,"SOUTH DAKOTA
(44.35371, -100.373709)",
NORTH DAKOTA,2017,9,,-,0,,6,,,-,,-,,-,0,,11,,,-,,-,"NORTH DAKOTA
(47.475879, -100.121011)",
DELAWARE,2017,9,,-,0,,0,,,-,,-,,-,0,,0,,,-,,-,"DELAWARE
(39.008676, -75.574561)",
OKLAHOMA,2017,9,,-,0,,3,,,-,,-,,-,0,,3,,,-,,-,"OKLAHOMA
(35.468494, -97.521264)",
WASHINGTON,2017,9,,-,0,,3,,,-,,-,,-,0,,1,,,-,,-,"WASHINGTON
(47.517368, -120.467672)",
NEW MEXICO,2017,9,,-,0,,2,,,-,,-,,-,0,,0,,,-,,-,"NEW MEXICO
(34.520396, -106.244402)",
ILLINOIS,2017,9,,-,0,,0,,,-,,-,,-,0,,27,,1,,,-,"ILLINOIS
(40.477092, -88.993221)",
HAWAII,2017,9,,-,0,,0,,,-,,-,,-,0,,0,,,-,,-,"HAWAII
(21.30992, -157.858158)",
ARIZONA,2017,9,,-,0,,6,,,-,,-,,-,0,,3,,,-,1,,"ARIZONA
(34.869712, -111.760902)",
SOUTH CAROLINA,2017,9,,-,0,,2,,,-,,-,,-,0,,2,,,-,,-,"SOUTH CAROLINA
(34.009286, -81.037094)",
MAINE,2017,9,,-,0,,0,,,-,,-,,-,0,,0,,,-,,-,"MAINE
(45.252223, -68.986647)",
LOUISIANA,2017,9,,-,0,,6,,,-,,-,,-,0,,3,,,-,,-,"LOUISIANA
(31.2931, -92.463284)",
MONTANA,2017,9,,-,0,,1,,,-,,-,,-,0,,1,,,-,,-,"MONTANA
(47.062617, -109.430168)",
VIRGIN ISL.,2017,9,,-,0,,0,,,-,,-,,-,0,,0,,,-,,-,"VIRGIN ISLANDS
(18.060868, -64.840836)",
NEBRASKA,2017,9,,-,0,,7,,,-,,-,,-,0,,7,,,-,,-,"NEBRASKA
(41.640503, -99.367122)",
IDAHO,2017,9,,-,0,,1,,,-,,-,,-,0,,2,,,-,,-,"IDAHO
(43.680635, -114.364237)",
KANSAS,2017,9,,-,0,,3,,,-,,-,,-,0,,2,,,-,,-,"KANSAS
(38.345528, -98.201847)",
TENNESSEE,2017,9,,-,0,,1,,,-,,-,,-,0,,1,,,-,,-,"TENNESSEE
(35.681402, -85.774444)",
WISCONSIN,2017,9,,-,0,,2,,,-,,-,,-,0,,2,,,-,,-,"WISCONSIN
(44.395526, -89.834513)",
OREGON,2017,9,,-,0,,1,,,-,,-,,-,0,,1,,,-,,-,"OREGON
(44.567912, -120.156945)",
WEST VIRGINIA,2017,9,,-,0,,1,,1,,,-,,-,0,,1,,,-,,-,"WEST VIRGINIA
(38.668501, -80.709421)",
MASSACHUSETTS,2017,9,,-,0,,2,,,-,,-,,-,0,,2,,,-,,-,"MASSACHUSETTS
(42.268546, -72.085064)",
IOWA,2017,9,,-,0,,3,,,-,,-,,-,0,,5,,,-,,-,"IOWA
(42.46942, -93.815856)",
VIRGINIA,2017,9,,-,0,,2,,,-,,-,,-,0,,1,,,-,,-,"VIRGINIA
(37.542699, -78.45822)",
NEW YORK,2017,9,,-,0,,0,,,-,,-,,-,0,,4,,,-,,-,"NEW YORK
(42.826892, -75.544286)",
VERMONT,2017,9,,-,0,,1,,,-,,-,,-,0,,1,,,-,,-,"VERMONT
(43.622479, -72.51927)",
NORTH CAROLINA,2017,9,,-,0,,1,,,-,,-,,-,0,,0,,,-,,-,"NORTH CAROLINA
(35.47995, -79.180571)",
CONNECTICUT,2017,9,,-,0,,1,,,-,,-,,-,0,,0,,,-,,-,"CONNECTICUT
(41.544654, -72.651713)",
ALABAMA,2017,9,,-,0,,1,,,-,,-,,-,0,,2,,,-,,-,"ALABAMA
(32.839182, -86.631125)",
NEW JERSEY,2017,9,,-,0,,1,,,-,,-,,-,0,,0,,,-,,-,"NEW JERSEY
(40.104655, -74.386686)",
OHIO,2017,9,,-,0,,3,,,-,,-,,-,0,,2,,,-,,-,"OHIO
(40.056807, -82.405897)",
NEW HAMPSHIRE,2017,9,,-,0,,0,,,-,,-,,-,0,,0,,,-,,-,"NEW HAMPSHIRE
(43.657736, -71.500736)",
ALASKA,2017,9,,-,0,,0,,,-,,-,,-,0,,0,,,-,,-,"ALASKA
(64.836661, -147.738891)",
UTAH,2017,9,,-,0,,3,,,-,,-,,-,0,,2,,,-,,-,"UTAH
(39.359772, -111.584173)",
MISSOURI,2017,9,,-,0,,3,,,-,,-,,-,0,,1,,,-,,-,"MISSOURI
(38.636168, -92.566292)",
PUERTO RICO,2017,9,,-,0,,0,,,-,,-,,-,0,,0,,,-,,-,"PUERTO RICO
(18.215692, -66.414655)",
PENNSYLVANIA,2017,9,,-,0,,2,,,-,,-,,-,0,,1,,,-,,-,"PENNSYLVANIA
(40.789676, -77.858055)",
CALIFORNIA,2017,9,,-,1,,38,,,-,,-,,-,0,,29,,,-,,-,"CALIFORNIA
(37.640735, -121.002435)",
GEORGIA,2017,9,,-,0,,2,,,-,,-,,-,0,,1,,,-,,-,"GEORGIA
(32.836038, -83.631709)",
C.N.M.I.,2017,9,,-,,-,,-,,-,,-,,-,,-,,-,,-,,-,"NORTHERN MARIANA ISLANDS
(15.1834, 145.725693)",
MICHIGAN,2017,9,,-,0,,10,,,-,,-,,-,0,,1,,,-,,-,"MICHIGAN
(44.66399, -84.711206)",
DIST. OF COL.,2017,9,,-,0,,1,,,-,,-,,-,0,,0,,,-,,-,"DISTRICT OF COLUMBIA
(38.892062, -77.019912)",
MISSISSIPPI,2017,9,,-,0,,4,,,-,,-,,-,0,,2,,,-,,-,"MISSISSIPPI
(32.738663, -89.537312)",
RHODE ISLAND,2017,9,,-,0,,1,,,-,,-,,-,0,,0,,,-,,-,"RHODE ISLAND
(41.707447, -71.522488)",
MINNESOTA,2017,9,,-,0,,3,,,-,,-,,-,0,,13,,,-,,-,"MINNESOTA
(46.357661, -94.793397)",
FLORIDA,2017,9,,-,0,,3,,,-,,-,,-,0,,1,,,-,,-,"FLORIDA
(28.915325, -81.922409)",
NEVADA,2017,9,,-,0,,2,,,-,,-,,-,0,,1,,,-,,-,"NEVADA
(39.491833, -117.070159)",
MARYLAND,2017,9,,-,0,,1,,,-,,-,,-,0,,0,,,-,,-,"MARYLAND
(39.290443, -76.612333)",
INDIANA,2017,9,,-,0,,4,,,-,,-,,-,0,,1,,,-,,-,"INDIANA
(39.76845, -86.156212)",
ARKANSAS,2017,9,,-,0,,2,,,-,,-,,-,0,,1,,,-,,-,"ARKANSAS
(34.748745, -92.275105)",
GUAM,2017,9,,-,0,,0,,,-,,-,,-,0,,0,,,-,,-,"GUAM
(13.3532, 144.653198)",
COLORADO,2017,9,,-,0,,9,,,-,,-,,-,0,,16,,,-,,-,"COLORADO
(38.841772, -106.132562)",
KENTUCKY,2017,9,,-,0,,1,,,-,,-,,-,0,,1,,,-,,-,"KENTUCKY
(37.64591, -84.774043)",
WYOMING,2017,9,,-,0,,2,,,-,,-,,-,0,,2,,,-,,-,"WYOMING
(43.23558, -108.110518)",
TEXAS,2017,9,,-,1,,18,,,-,,-,,-,0,,10,,,-,,-,"TEXAS
(31.827233, -99.423022)",
UNITED STATES,2017,10,,-,9,,105,,2,,,-,,-,5,,112,,1,,1,,,
NEW ENGLAND,2017,10,,-,0,,3,,,-,,-,,-,0,,3,,,-,,-,,
MID. ATLANTIC,2017,10,,-,0,,6,,,-,,-,,-,0,,4,,,-,,-,,
NEW YORK CITY,2017,10,,-,0,,3,,,-,,-,,-,0,,0,,,-,,-,,
E.N. CENTRAL,2017,10,,-,0,,17,,,-,,-,,-,0,,29,,1,,,-,,
W.N. CENTRAL,2017,10,,-,0,,17,,1,,,-,,-,0,,48,,,-,,-,,
S. ATLANTIC,2017,10,,-,0,,6,,1,,,-,,-,0,,2,,,-,,-,,
E.S. CENTRAL,2017,10,,-,0,,4,,,-,,-,,-,0,,4,,,-,,-,,
W.S. CENTRAL,2017,10,,-,2,,20,,,-,,-,,-,1,,12,,,-,,-,,
MOUNTAIN,2017,10,,-,0,,17,,,-,,-,,-,0,,23,,,-,1,,,
PACIFIC,2017,10,,-,1,,43,,,-,,-,,-,0,,23,,,-,,-,,
AMER. SAMOA,2017,10,,-,0,,0,,,-,,-,,-,0,,0,,,-,,-,,
OKLAHOMA,2017,10,,-,0,,3,,,-,,-,,-,0,,3,,,-,,-,"OKLAHOMA
(35.468494, -97.521264)",
GUAM,2017,10,,-,0,,0,,,-,,-,,-,0,,0,,,-,,-,"GUAM
(13.3532, 144.653198)",
VIRGIN ISL.,2017,10,,-,0,,0,,,-,,-,,-,0,,0,,,-,,-,"VIRGIN ISLANDS
(18.060868, -64.840836)",
NORTH CAROLINA,2017,10,,-,0,,1,,,-,,-,,-,0,,0,,,-,,-,"NORTH CAROLINA
(35.47995, -79.180571)",
TENNESSEE,2017,10,,-,0,,1,,,-,,-,,-,0,,1,,,-,,-,"TENNESSEE
(35.681402, -85.774444)",
MAINE,2017,10,,-,0,,0,,,-,,-,,-,0,,0,,,-,,-,"MAINE
(45.252223, -68.986647)",
MICHIGAN,2017,10,,-,0,,10,,,-,,-,,-,0,,1,,,-,,-,"MICHIGAN
(44.66399, -84.711206)",
WEST VIRGINIA,2017,10,,-,0,,1,,1,,,-,,-,0,,1,,,-,,-,"WEST VIRGINIA
(38.668501, -80.709421)",
GEORGIA,2017,10,,-,0,,2,,,-,,-,,-,0,,1,,,-,,-,"GEORGIA
(32.836038, -83.631709)",
KANSAS,2017,10,,-,0,,3,,,-,,-,,-,0,,2,,,-,,-,"KANSAS
(38.345528, -98.201847)",
DIST. OF COL.,2017,10,,-,0,,1,,,-,,-,,-,0,,0,,,-,,-,"DISTRICT OF COLUMBIA
(38.892062, -77.019912)",
MISSOURI,2017,10,,-,0,,3,,1,,,-,,-,0,,1,,,-,,-,"MISSOURI
(38.636168, -92.566292)",
MARYLAND,2017,10,,-,0,,1,,,-,,-,,-,0,,0,,,-,,-,"MARYLAND
(39.290443, -76.612333)",
INDIANA,2017,10,,-,0,,4,,,-,,-,,-,0,,1,,,-,,-,"INDIANA
(39.76845, -86.156212)",
TEXAS,2017,10,,-,1,,18,,,-,,-,,-,0,,10,,,-,,-,"TEXAS
(31.827233, -99.423022)",
NORTH DAKOTA,2017,10,,-,0,,6,,,-,,-,,-,0,,11,,,-,,-,"NORTH DAKOTA
(47.475879, -100.121011)",
NEW YORK,2017,10,,-,0,,0,,,-,,-,,-,0,,4,,,-,,-,"NEW YORK
(42.826892, -75.544286)",
WYOMING,2017,10,,-,0,,2,,,-,,-,,-,0,,2,,,-,,-,"WYOMING
(43.23558, -108.110518)",
FLORIDA,2017,10,,-,0,,3,,,-,,-,,-,0,,1,,,-,,-,"FLORIDA
(28.915325, -81.922409)",
NEW HAMPSHIRE,2017,10,,-,0,,0,,,-,,-,,-,0,,0,,,-,,-,"NEW HAMPSHIRE
(43.657736, -71.500736)",
WASHINGTON,2017,10,,-,0,,3,,,-,,-,,-,0,,1,,,-,,-,"WASHINGTON
(47.517368, -120.467672)",
VIRGINIA,2017,10,,-,0,,2,,,-,,-,,-,0,,1,,,-,,-,"VIRGINIA
(37.542699, -78.45822)",
RHODE ISLAND,2017,10,,-,0,,1,,,-,,-,,-,0,,0,,,-,,-,"RHODE ISLAND
(41.707447, -71.522488)",
PENNSYLVANIA,2017,10,,-,0,,2,,,-,,-,,-,0,,1,,,-,,-,"PENNSYLVANIA
(40.789676, -77.858055)",
NEVADA,2017,10,,-,0,,2,,,-,,-,,-,0,,1,,,-,,-,"NEVADA
(39.491833, -117.070159)",
IOWA,2017,10,,-,0,,3,,,-,,-,,-,0,,5,,,-,,-,"IOWA
(42.46942, -93.815856)",
ARIZONA,2017,10,,-,0,,6,,,-,,-,,-,0,,3,,,-,1,,"ARIZONA
(34.869712, -111.760902)",
OHIO,2017,10,,-,0,,3,,,-,,-,,-,0,,2,,,-,,-,"OHIO
(40.056807, -82.405897)",
WISCONSIN,2017,10,,-,0,,2,,,-,,-,,-,0,,2,,,-,,-,"WISCONSIN
(44.395526, -89.834513)",
VERMONT,2017,10,,-,0,,1,,,-,,-,,-,0,,1,,,-,,-,"VERMONT
(43.622479, -72.51927)",
CONNECTICUT,2017,10,,-,0,,1,,,-,,-,,-,0,,0,,,-,,-,"CONNECTICUT
(41.544654, -72.651713)",
LOUISIANA,2017,10,,-,0,,6,,,-,,-,,-,0,,3,,,-,,-,"LOUISIANA
(31.2931, -92.463284)",
ARKANSAS,2017,10,,-,0,,2,,,-,,-,,-,0,,1,,,-,,-,"ARKANSAS
(34.748745, -92.275105)",
OREGON,2017,10,,-,0,,1,,,-,,-,,-,0,,1,,,-,,-,"OREGON
(44.567912, -120.156945)",
NEW MEXICO,2017,10,,-,0,,2,,,-,,-,,-,0,,0,,,-,,-,"NEW MEXICO
(34.520396, -106.244402)",
NEBRASKA,2017,10,,-,0,,7,,,-,,-,,-,0,,7,,,-,,-,"NEBRASKA
(41.640503, -99.367122)",
UTAH,2017,10,,-,0,,3,,,-,,-,,-,0,,2,,,-,,-,"UTAH
(39.359772, -111.584173)",
HAWAII,2017,10,,-,0,,0,,,-,,-,,-,0,,0,,,-,,-,"HAWAII
(21.30992, -157.858158)",
CALIFORNIA,2017,10,,-,1,,42,,,-,,-,,-,0,,22,,,-,,-,"CALIFORNIA
(37.640735, -121.002435)",
IDAHO,2017,10,,-,0,,1,,,-,,-,,-,0,,2,,,-,,-,"IDAHO
(43.680635, -114.364237)",
MASSACHUSETTS,2017,10,,-,0,,2,,,-,,-,,-,0,,2,,,-,,-,"MASSACHUSETTS
(42.268546, -72.085064)",
DELAWARE,2017,10,,-,0,,0,,,-,,-,,-,0,,0,,,-,,-,"DELAWARE
(39.008676, -75.574561)",
MISSISSIPPI,2017,10,,-,0,,4,,,-,,-,,-,0,,2,,,-,,-,"MISSISSIPPI
(32.738663, -89.537312)",
COLORADO,2017,10,,-,0,,9,,,-,,-,,-,0,,16,,,-,,-,"COLORADO
(38.841772, -106.132562)",
PUERTO RICO,2017,10,,-,0,,0,,,-,,-,,-,0,,0,,,-,,-,"PUERTO RICO
(18.215692, -66.414655)",
MINNESOTA,2017,10,,-,0,,3,,,-,,-,,-,0,,13,,,-,,-,"MINNESOTA
(46.357661, -94.793397)",
ALASKA,2017,10,,-,0,,0,,,-,,-,,-,0,,0,,,-,,-,"ALASKA
(64.836661, -147.738891)",
SOUTH CAROLINA,2017,10,,-,0,,2,,,-,,-,,-,0,,2,,,-,,-,"SOUTH CAROLINA
(34.009286, -81.037094)",
ILLINOIS,2017,10,,-,0,,0,,,-,,-,,-,0,,27,,1,,,-,"ILLINOIS
(40.477092, -88.993221)",
NEW JERSEY,2017,10,,-,0,,1,,,-,,-,,-,0,,0,,,-,,-,"NEW JERSEY
(40.104655, -74.386686)",
C.N.M.I.,2017,10,,-,,-,,-,,-,,-,,-,,-,,-,,-,,-,"NORTHERN MARIANA ISLANDS
(15.1834, 145.725693)",
KENTUCKY,2017,10,,-,0,,1,,,-,,-,,-,0,,1,,,-,,-,"KENTUCKY
(37.64591, -84.774043)",
ALABAMA,2017,10,,-,0,,1,,,-,,-,,-,0,,2,,,-,,-,"ALABAMA
(32.839182, -86.631125)",
SOUTH DAKOTA,2017,10,,-,0,,8,,,-,,-,,-,0,,16,,,-,,-,"SOUTH DAKOTA
(44.35371, -100.373709)",
MONTANA,2017,10,,-,0,,1,,,-,,-,,-,0,,1,,,-,,-,"MONTANA
(47.062617, -109.430168)",
UNITED STATES,2017,11,,-,9,,105,,2,,,-,,-,5,,112,,1,,1,,,
NEW ENGLAND,2017,11,,-,0,,3,,,-,,-,,-,0,,3,,,-,,-,,
MID. ATLANTIC,2017,11,,-,0,,6,,,-,,-,,-,0,,4,,,-,,-,,
NEW YORK CITY,2017,11,,-,0,,3,,,-,,-,,-,0,,0,,,-,,-,,
E.N. CENTRAL,2017,11,,-,0,,17,,,-,,-,,-,0,,29,,1,,,-,,
W.N. CENTRAL,2017,11,,-,0,,17,,1,,,-,,-,0,,48,,,-,,-,,
S. ATLANTIC,2017,11,,-,0,,6,,1,,,-,,-,0,,2,,,-,,-,,
E.S. CENTRAL,2017,11,,-,0,,4,,,-,,-,,-,0,,4,,,-,,-,,
W.S. CENTRAL,2017,11,,-,2,,20,,,-,,-,,-,1,,12,,,-,,-,,
MOUNTAIN,2017,11,,-,0,,17,,,-,,-,,-,0,,23,,,-,1,,,
PACIFIC,2017,11,,-,1,,43,,,-,,-,,-,0,,23,,,-,,-,,
AMER. SAMOA,2017,11,,-,0,,0,,,-,,-,,-,0,,0,,,-,,-,,
SOUTH CAROLINA,2017,11,,-,0,,2,,,-,,-,,-,0,,2,,,-,,-,"SOUTH CAROLINA
(34.009286, -81.037094)",
SOUTH DAKOTA,2017,11,,-,0,,8,,,-,,-,,-,0,,16,,,-,,-,"SOUTH DAKOTA
(44.35371, -100.373709)",
PENNSYLVANIA,2017,11,,-,0,,2,,,-,,-,,-,0,,1,,,-,,-,"PENNSYLVANIA
(40.789676, -77.858055)",
MARYLAND,2017,11,,-,0,,1,,,-,,-,,-,0,,0,,,-,,-,"MARYLAND
(39.290443, -76.612333)",
GEORGIA,2017,11,,-,0,,2,,,-,,-,,-,0,,1,,,-,,-,"GEORGIA
(32.836038, -83.631709)",
WISCONSIN,2017,11,,-,0,,2,,,-,,-,,-,0,,2,,,-,,-,"WISCONSIN
(44.395526, -89.834513)",
UTAH,2017,11,,-,0,,3,,,-,,-,,-,0,,2,,,-,,-,"UTAH
(39.359772, -111.584173)",
MAINE,2017,11,,-,0,,0,,,-,,-,,-,0,,0,,,-,,-,"MAINE
(45.252223, -68.986647)",
ALABAMA,2017,11,,-,0,,1,,,-,,-,,-,0,,2,,,-,,-,"ALABAMA
(32.839182, -86.631125)",
WEST VIRGINIA,2017,11,,-,0,,1,,1,,,-,,-,0,,1,,,-,,-,"WEST VIRGINIA
(38.668501, -80.709421)",
WASHINGTON,2017,11,,-,0,,3,,,-,,-,,-,0,,1,,,-,,-,"WASHINGTON
(47.517368, -120.467672)",
OREGON,2017,11,,-,0,,1,,,-,,-,,-,0,,1,,,-,,-,"OREGON
(44.567912, -120.156945)",
VIRGIN ISL.,2017,11,,-,0,,0,,,-,,-,,-,0,,0,,,-,,-,"VIRGIN ISLANDS
(18.060868, -64.840836)",
KENTUCKY,2017,11,,-,0,,1,,,-,,-,,-,0,,1,,,-,,-,"KENTUCKY
(37.64591, -84.774043)",
ARKANSAS,2017,11,,-,0,,2,,,-,,-,,-,0,,1,,,-,,-,"ARKANSAS
(34.748745, -92.275105)",
COLORADO,2017,11,,-,0,,9,,,-,,-,,-,0,,16,,,-,,-,"COLORADO
(38.841772, -106.132562)",
C.N.M.I.,2017,11,,-,,-,,-,,-,,-,,-,,-,,-,,-,,-,"NORTHERN MARIANA ISLANDS
(15.1834, 145.725693)",
NEBRASKA,2017,11,,-,0,,7,,,-,,-,,-,0,,7,,,-,,-,"NEBRASKA
(41.640503, -99.367122)",
MINNESOTA,2017,11,,-,0,,3,,,-,,-,,-,0,,13,,,-,,-,"MINNESOTA
(46.357661, -94.793397)",
FLORIDA,2017,11,,-,0,,3,,,-,,-,,-,0,,1,,,-,,-,"FLORIDA
(28.915325, -81.922409)",
OHIO,2017,11,,-,0,,3,,,-,,-,,-,0,,2,,,-,,-,"OHIO
(40.056807, -82.405897)",
OKLAHOMA,2017,11,,-,0,,3,,,-,,-,,-,0,,3,,,-,,-,"OKLAHOMA
(35.468494, -97.521264)",
GUAM,2017,11,,-,0,,0,,,-,,-,,-,0,,0,,,-,,-,"GUAM
(13.3532, 144.653198)",
VIRGINIA,2017,11,,-,0,,2,,,-,,-,,-,0,,1,,,-,,-,"VIRGINIA
(37.542699, -78.45822)",
MISSOURI,2017,11,,-,0,,3,,1,,,-,,-,0,,1,,,-,,-,"MISSOURI
(38.636168, -92.566292)",
CALIFORNIA,2017,11,,-,1,,42,,,-,,-,,-,0,,22,,,-,,-,"CALIFORNIA
(37.640735, -121.002435)",
CONNECTICUT,2017,11,,-,0,,1,,,-,,-,,-,0,,0,,,-,,-,"CONNECTICUT
(41.544654, -72.651713)",
VERMONT,2017,11,,-,0,,1,,,-,,-,,-,0,,1,,,-,,-,"VERMONT
(43.622479, -72.51927)",
MISSISSIPPI,2017,11,,-,0,,4,,,-,,-,,-,0,,2,,,-,,-,"MISSISSIPPI
(32.738663, -89.537312)",
IDAHO,2017,11,,-,0,,1,,,-,,-,,-,0,,2,,,-,,-,"IDAHO
(43.680635, -114.364237)",
KANSAS,2017,11,,-,0,,3,,,-,,-,,-,0,,2,,,-,,-,"KANSAS
(38.345528, -98.201847)",
NEVADA,2017,11,,-,0,,2,,,-,,-,,-,0,,1,,,-,,-,"NEVADA
(39.491833, -117.070159)",
TEXAS,2017,11,,-,1,,18,,,-,,-,,-,0,,10,,,-,,-,"TEXAS
(31.827233, -99.423022)",
NEW YORK,2017,11,,-,0,,0,,,-,,-,,-,0,,4,,,-,,-,"NEW YORK
(42.826892, -75.544286)",
LOUISIANA,2017,11,,-,0,,6,,,-,,-,,-,0,,3,,,-,,-,"LOUISIANA
(31.2931, -92.463284)",
NEW MEXICO,2017,11,,-,0,,2,,,-,,-,,-,0,,0,,,-,,-,"NEW MEXICO
(34.520396, -106.244402)",
PUERTO RICO,2017,11,,-,0,,0,,,-,,-,,-,0,,0,,,-,,-,"PUERTO RICO
(18.215692, -66.414655)",
INDIANA,2017,11,,-,0,,4,,,-,,-,,-,0,,1,,,-,,-,"INDIANA
(39.76845, -86.156212)",
MONTANA,2017,11,,-,0,,1,,,-,,-,,-,0,,1,,,-,,-,"MONTANA
(47.062617, -109.430168)",
DIST. OF COL.,2017,11,,-,0,,1,,,-,,-,,-,0,,0,,,-,,-,"DISTRICT OF COLUMBIA
(38.892062, -77.019912)",
NORTH DAKOTA,2017,11,,-,0,,6,,,-,,-,,-,0,,11,,,-,,-,"NORTH DAKOTA
(47.475879, -100.121011)",
MASSACHUSETTS,2017,11,,-,0,,2,,,-,,-,,-,0,,2,,,-,,-,"MASSACHUSETTS
(42.268546, -72.085064)",
HAWAII,2017,11,,-,0,,0,,,-,,-,,-,0,,0,,,-,,-,"HAWAII
(21.30992, -157.858158)",
ARIZONA,2017,11,,-,0,,6,,,-,,-,,-,0,,3,,,-,1,,"ARIZONA
(34.869712, -111.760902)",
ALASKA,2017,11,,-,0,,0,,,-,,-,,-,0,,0,,,-,,-,"ALASKA
(64.836661, -147.738891)",
NORTH CAROLINA,2017,11,,-,0,,1,,,-,,-,,-,0,,0,,,-,,-,"NORTH CAROLINA
(35.47995, -79.180571)",
TENNESSEE,2017,11,,-,0,,1,,,-,,-,,-,0,,1,,,-,,-,"TENNESSEE
(35.681402, -85.774444)",
DELAWARE,2017,11,,-,0,,0,,,-,,-,,-,0,,0,,,-,,-,"DELAWARE
(39.008676, -75.574561)",
WYOMING,2017,11,,-,0,,2,,,-,,-,,-,0,,2,,,-,,-,"WYOMING
(43.23558, -108.110518)",
ILLINOIS,2017,11,,-,0,,0,,,-,,-,,-,0,,26,,1,,,-,"ILLINOIS
(40.477092, -88.993221)",
NEW HAMPSHIRE,2017,11,,-,0,,0,,,-,,-,,-,0,,0,,,-,,-,"NEW HAMPSHIRE
(43.657736, -71.500736)",
IOWA,2017,11,,-,0,,3,,,-,,-,,-,0,,5,,,-,,-,"IOWA
(42.46942, -93.815856)",
RHODE ISLAND,2017,11,,-,0,,1,,,-,,-,,-,0,,0,,,-,,-,"RHODE ISLAND
(41.707447, -71.522488)",
MICHIGAN,2017,11,,-,0,,10,,,-,,-,,-,0,,1,,,-,,-,"MICHIGAN
(44.66399, -84.711206)",
NEW JERSEY,2017,11,,-,0,,1,,,-,,-,,-,0,,0,,,-,,-,"NEW JERSEY
(40.104655, -74.386686)",
UNITED STATES,2017,12,,-,9,,105,,2,,,-,,-,5,,112,,1,,1,,,
NEW ENGLAND,2017,12,,-,0,,3,,,-,,-,,-,0,,3,,,-,,-,,
MID. ATLANTIC,2017,12,,-,0,,6,,,-,,-,,-,0,,4,,,-,,-,,
NEW YORK CITY,2017,12,,-,0,,3,,,-,,-,,-,0,,0,,,-,,-,,
E.N. CENTRAL,2017,12,,-,0,,17,,,-,,-,,-,0,,29,,1,,,-,,
W.N. CENTRAL,2017,12,,-,0,,17,,1,,,-,,-,0,,48,,,-,,-,,
S. ATLANTIC,2017,12,,-,0,,6,,1,,,-,,-,0,,2,,,-,,-,,
E.S. CENTRAL,2017,12,,-,0,,4,,,-,,-,,-,0,,4,,,-,,-,,
W.S. CENTRAL,2017,12,,-,2,,20,,,-,,-,,-,1,,12,,,-,,-,,
MOUNTAIN,2017,12,,-,0,,17,,,-,,-,,-,0,,23,,,-,1,,,
PACIFIC,2017,12,,-,1,,43,,,-,,-,,-,0,,23,,,-,,-,,
AMER. SAMOA,2017,12,,-,0,,0,,,-,,-,,-,0,,0,,,-,,-,,
MAINE,2017,12,,-,0,,0,,,-,,-,,-,0,,0,,,-,,-,"MAINE
(45.252223, -68.986647)",
IDAHO,2017,12,,-,0,,1,,,-,,-,,-,0,,2,,,-,,-,"IDAHO
(43.680635, -114.364237)",
PENNSYLVANIA,2017,12,,-,0,,2,,,-,,-,,-,0,,1,,,-,,-,"PENNSYLVANIA
(40.789676, -77.858055)",
C.N.M.I.,2017,12,,-,,-,,-,,-,,-,,-,,-,,-,,-,,-,"NORTHERN MARIANA ISLANDS
(15.1834, 145.725693)",
MICHIGAN,2017,12,,-,0,,10,,,-,,-,,-,0,,1,,,-,,-,"MICHIGAN
(44.66399, -84.711206)",
MISSOURI,2017,12,,-,0,,3,,1,,,-,,-,0,,1,,,-,,-,"MISSOURI
(38.636168, -92.566292)",
NEBRASKA,2017,12,,-,0,,7,,,-,,-,,-,0,,7,,,-,,-,"NEBRASKA
(41.640503, -99.367122)",
WYOMING,2017,12,,-,0,,2,,,-,,-,,-,0,,2,,,-,,-,"WYOMING
(43.23558, -108.110518)",
KENTUCKY,2017,12,,-,0,,1,,,-,,-,,-,0,,1,,,-,,-,"KENTUCKY
(37.64591, -84.774043)",
COLORADO,2017,12,,-,0,,9,,,-,,-,,-,0,,16,,,-,,-,"COLORADO
(38.841772, -106.132562)",
MARYLAND,2017,12,,-,0,,1,,,-,,-,,-,0,,0,,,-,,-,"MARYLAND
(39.290443, -76.612333)",
OKLAHOMA,2017,12,,-,0,,3,,,-,,-,,-,0,,3,,,-,,-,"OKLAHOMA
(35.468494, -97.521264)",
NEW YORK,2017,12,,-,0,,0,,,-,,-,,-,0,,4,,,-,,-,"NEW YORK
(42.826892, -75.544286)",
MISSISSIPPI,2017,12,,-,0,,4,,,-,,-,,-,0,,2,,,-,,-,"MISSISSIPPI
(32.738663, -89.537312)",
NEW JERSEY,2017,12,,-,0,,1,,,-,,-,,-,0,,0,,,-,,-,"NEW JERSEY
(40.104655, -74.386686)",
RHODE ISLAND,2017,12,,-,0,,1,,,-,,-,,-,0,,0,,,-,,-,"RHODE ISLAND
(41.707447, -71.522488)",
HAWAII,2017,12,,-,0,,0,,,-,,-,,-,0,,0,,,-,,-,"HAWAII
(21.30992, -157.858158)",
CALIFORNIA,2017,12,,-,1,,42,,,-,,-,,-,0,,22,,,-,,-,"CALIFORNIA
(37.640735, -121.002435)",
UTAH,2017,12,,-,0,,3,,,-,,-,,-,0,,2,,,-,,-,"UTAH
(39.359772, -111.584173)",
MASSACHUSETTS,2017,12,,-,0,,2,,,-,,-,,-,0,,2,,,-,,-,"MASSACHUSETTS
(42.268546, -72.085064)",
WEST VIRGINIA,2017,12,,-,0,,1,,1,,,-,,-,0,,1,,,-,,-,"WEST VIRGINIA
(38.668501, -80.709421)",
INDIANA,2017,12,,-,0,,4,,,-,,-,,-,0,,1,,,-,,-,"INDIANA
(39.76845, -86.156212)",
ILLINOIS,2017,12,,-,0,,0,,,-,,-,,-,0,,27,,1,,,-,"ILLINOIS
(40.477092, -88.993221)",
GEORGIA,2017,12,,-,0,,2,,,-,,-,,-,0,,1,,,-,,-,"GEORGIA
(32.836038, -83.631709)",
NEW HAMPSHIRE,2017,12,,-,0,,0,,,-,,-,,-,0,,0,,,-,,-,"NEW HAMPSHIRE
(43.657736, -71.500736)",
DIST. OF COL.,2017,12,,-,0,,1,,,-,,-,,-,0,,0,,,-,,-,"DISTRICT OF COLUMBIA
(38.892062, -77.019912)",
ARKANSAS,2017,12,,-,0,,2,,,-,,-,,-,0,,1,,,-,,-,"ARKANSAS
(34.748745, -92.275105)",
FLORIDA,2017,12,,-,0,,3,,,-,,-,,-,0,,1,,,-,,-,"FLORIDA
(28.915325, -81.922409)",
WASHINGTON,2017,12,,-,0,,3,,,-,,-,,-,0,,1,,,-,,-,"WASHINGTON
(47.517368, -120.467672)",
SOUTH CAROLINA,2017,12,,-,0,,2,,,-,,-,,-,0,,2,,,-,,-,"SOUTH CAROLINA
(34.009286, -81.037094)",
WISCONSIN,2017,12,,-,0,,2,,,-,,-,,-,0,,2,,,-,,-,"WISCONSIN
(44.395526, -89.834513)",
ALABAMA,2017,12,,-,0,,1,,,-,,-,,-,0,,2,,,-,,-,"ALABAMA
(32.839182, -86.631125)",
DELAWARE,2017,12,,-,0,,0,,,-,,-,,-,0,,0,,,-,,-,"DELAWARE
(39.008676, -75.574561)",
OREGON,2017,12,,-,0,,1,,,-,,-,,-,0,,1,,,-,,-,"OREGON
(44.567912, -120.156945)",
SOUTH DAKOTA,2017,12,,-,0,,8,,,-,,-,,-,0,,16,,,-,,-,"SOUTH DAKOTA
(44.35371, -100.373709)",
KANSAS,2017,12,,-,0,,3,,,-,,-,,-,0,,2,,,-,,-,"KANSAS
(38.345528, -98.201847)",
IOWA,2017,12,,-,0,,3,,,-,,-,,-,0,,5,,,-,,-,"IOWA
(42.46942, -93.815856)",
MINNESOTA,2017,12,,-,0,,3,,,-,,-,,-,0,,13,,,-,,-,"MINNESOTA
(46.357661, -94.793397)",
TENNESSEE,2017,12,,-,0,,1,,,-,,-,,-,0,,1,,,-,,-,"TENNESSEE
(35.681402, -85.774444)",
NEW MEXICO,2017,12,,-,0,,2,,,-,,-,,-,0,,0,,,-,,-,"NEW MEXICO
(34.520396, -106.244402)",
VERMONT,2017,12,,-,0,,1,,,-,,-,,-,0,,1,,,-,,-,"VERMONT
(43.622479, -72.51927)",
VIRGINIA,2017,12,,-,0,,2,,,-,,-,,-,0,,1,,,-,,-,"VIRGINIA
(37.542699, -78.45822)",
NORTH DAKOTA,2017,12,,-,0,,6,,,-,,-,,-,0,,11,,,-,,-,"NORTH DAKOTA
(47.475879, -100.121011)",
CONNECTICUT,2017,12,,-,0,,1,,,-,,-,,-,0,,0,,,-,,-,"CONNECTICUT
(41.544654, -72.651713)",
OHIO,2017,12,,-,0,,3,,,-,,-,,-,0,,2,,,-,,-,"OHIO
(40.056807, -82.405897)",
LOUISIANA,2017,12,,-,0,,6,,,-,,-,,-,0,,3,,,-,,-,"LOUISIANA
(31.2931, -92.463284)",
ARIZONA,2017,12,,-,0,,6,,,-,,-,,-,0,,3,,,-,1,,"ARIZONA
(34.869712, -111.760902)",
ALASKA,2017,12,,-,0,,0,,,-,,-,,-,0,,0,,,-,,-,"ALASKA
(64.836661, -147.738891)",
GUAM,2017,12,,-,0,,0,,,-,,-,,-,0,,0,,,-,,-,"GUAM
(13.3532, 144.653198)",
TEXAS,2017,12,,-,1,,18,,,-,,-,,-,0,,10,,,-,,-,"TEXAS
(31.827233, -99.423022)",
VIRGIN ISL.,2017,12,,-,0,,0,,,-,,-,,-,0,,0,,,-,,-,"VIRGIN ISLANDS
(18.060868, -64.840836)",
NORTH CAROLINA,2017,12,,-,0,,1,,,-,,-,,-,0,,0,,,-,,-,"NORTH CAROLINA
(35.47995, -79.180571)",
PUERTO RICO,2017,12,,-,0,,0,,,-,,-,,-,0,,0,,,-,,-,"PUERTO RICO
(18.215692, -66.414655)",
NEVADA,2017,12,,-,0,,2,,,-,,-,,-,0,,1,,,-,,-,"NEVADA
(39.491833, -117.070159)",
MONTANA,2017,12,,-,0,,1,,,-,,-,,-,0,,1,,,-,,-,"MONTANA
(47.062617, -109.430168)",
UNITED STATES,2017,13,,-,9,,105,,2,,,-,,-,5,,112,,1,,1,,,
NEW ENGLAND,2017,13,,-,0,,3,,,-,,-,,-,0,,3,,,-,,-,,
MID. ATLANTIC,2017,13,,-,0,,6,,,-,,-,,-,0,,4,,,-,,-,,
NEW YORK CITY,2017,13,,-,0,,3,,,-,,-,,-,0,,0,,,-,,-,,
E.N. CENTRAL,2017,13,,-,0,,17,,,-,,-,,-,0,,29,,1,,,-,,
W.N. CENTRAL,2017,13,,-,0,,17,,1,,,-,,-,0,,48,,,-,,-,,
S. ATLANTIC,2017,13,,-,0,,6,,1,,,-,,-,0,,2,,,-,,-,,
E.S. CENTRAL,2017,13,,-,0,,4,,,-,,-,,-,0,,4,,,-,,-,,
W.S. CENTRAL,2017,13,,-,2,,20,,,-,,-,,-,1,,12,,,-,,-,,
MOUNTAIN,2017,13,,-,0,,17,,,-,,-,,-,0,,23,,,-,1,,,
PACIFIC,2017,13,,-,1,,43,,,-,,-,,-,0,,23,,,-,,-,,
AMER. SAMOA,2017,13,,-,0,,0,,,-,,-,,-,0,,0,,,-,,-,,
RHODE ISLAND,2017,13,,-,0,,1,,,-,,-,,-,0,,0,,,-,,-,"RHODE ISLAND
(41.707447, -71.522488)",
NEVADA,2017,13,,-,0,,2,,,-,,-,,-,0,,1,,,-,,-,"NEVADA
(39.491833, -117.070159)",
ARKANSAS,2017,13,,-,0,,2,,,-,,-,,-,0,,1,,,-,,-,"ARKANSAS
(34.748745, -92.275105)",
MARYLAND,2017,13,,-,0,,1,,,-,,-,,-,0,,0,,,-,,-,"MARYLAND
(39.290443, -76.612333)",
WASHINGTON,2017,13,,-,0,,3,,,-,,-,,-,0,,1,,,-,,-,"WASHINGTON
(47.517368, -120.467672)",
PENNSYLVANIA,2017,13,,-,0,,2,,,-,,-,,-,0,,1,,,-,,-,"PENNSYLVANIA
(40.789676, -77.858055)",
MISSOURI,2017,13,,-,0,,3,,1,,,-,,-,0,,1,,,-,,-,"MISSOURI
(38.636168, -92.566292)",
VIRGINIA,2017,13,,-,0,,2,,,-,,-,,-,0,,1,,,-,,-,"VIRGINIA
(37.542699, -78.45822)",
COLORADO,2017,13,,-,0,,9,,,-,,-,,-,0,,16,,,-,,-,"COLORADO
(38.841772, -106.132562)",
MICHIGAN,2017,13,,-,0,,10,,,-,,-,,-,0,,1,,,-,,-,"MICHIGAN
(44.66399, -84.711206)",
NORTH DAKOTA,2017,13,,-,0,,6,,,-,,-,,-,0,,11,,,-,,-,"NORTH DAKOTA
(47.475879, -100.121011)",
CALIFORNIA,2017,13,,-,1,,42,,,-,,-,,-,0,,22,,,-,,-,"CALIFORNIA
(37.640735, -121.002435)",
OREGON,2017,13,,-,0,,1,,,-,,-,,-,0,,1,,,-,,-,"OREGON
(44.567912, -120.156945)",
KENTUCKY,2017,13,,-,0,,1,,,-,,-,,-,0,,1,,,-,,-,"KENTUCKY
(37.64591, -84.774043)",
OKLAHOMA,2017,13,,-,0,,3,,,-,,-,,-,0,,3,,,-,,-,"OKLAHOMA
(35.468494, -97.521264)",
MINNESOTA,2017,13,,-,0,,3,,,-,,-,,-,0,,13,,,-,,-,"MINNESOTA
(46.357661, -94.793397)",
CONNECTICUT,2017,13,,-,0,,1,,,-,,-,,-,0,,0,,,-,,-,"CONNECTICUT
(41.544654, -72.651713)",
NEW JERSEY,2017,13,,-,0,,1,,,-,,-,,-,0,,0,,,-,,-,"NEW JERSEY
(40.104655, -74.386686)",
TENNESSEE,2017,13,,-,0,,1,,,-,,-,,-,0,,1,,,-,,-,"TENNESSEE
(35.681402, -85.774444)",
WYOMING,2017,13,,-,0,,2,,,-,,-,,-,0,,2,,,-,,-,"WYOMING
(43.23558, -108.110518)",
KANSAS,2017,13,,-,0,,3,,,-,,-,,-,0,,2,,,-,,-,"KANSAS
(38.345528, -98.201847)",
VIRGIN ISL.,2017,13,,-,0,,0,,,-,,-,,-,0,,0,,,-,,-,"VIRGIN ISLANDS
(18.060868, -64.840836)",
UTAH,2017,13,,-,0,,3,,,-,,-,,-,0,,2,,,-,,-,"UTAH
(39.359772, -111.584173)",
IOWA,2017,13,,-,0,,3,,,-,,-,,-,0,,5,,,-,,-,"IOWA
(42.46942, -93.815856)",
GUAM,2017,13,,-,0,,0,,,-,,-,,-,0,,0,,,-,,-,"GUAM
(13.3532, 144.653198)",
MONTANA,2017,13,,-,0,,1,,,-,,-,,-,0,,1,,,-,,-,"MONTANA
(47.062617, -109.430168)",
TEXAS,2017,13,,-,1,,18,,,-,,-,,-,0,,10,,,-,,-,"TEXAS
(31.827233, -99.423022)",
ALABAMA,2017,13,,-,0,,1,,,-,,-,,-,0,,2,,,-,,-,"ALABAMA
(32.839182, -86.631125)",
GEORGIA,2017,13,,-,0,,2,,,-,,-,,-,0,,1,,,-,,-,"GEORGIA
(32.836038, -83.631709)",
ILLINOIS,2017,13,,-,0,,0,,,-,,-,,-,0,,27,,1,,,-,"ILLINOIS
(40.477092, -88.993221)",
HAWAII,2017,13,,-,0,,0,,,-,,-,,-,0,,0,,,-,,-,"HAWAII
(21.30992, -157.858158)",
NORTH CAROLINA,2017,13,,-,0,,1,,,-,,-,,-,0,,0,,,-,,-,"NORTH CAROLINA
(35.47995, -79.180571)",
WISCONSIN,2017,13,,-,0,,2,,,-,,-,,-,0,,2,,,-,,-,"WISCONSIN
(44.395526, -89.834513)",
FLORIDA,2017,13,,-,0,,3,,,-,,-,,-,0,,1,,,-,,-,"FLORIDA
(28.915325, -81.922409)",
MASSACHUSETTS,2017,13,,-,0,,2,,,-,,-,,-,0,,2,,,-,,-,"MASSACHUSETTS
(42.268546, -72.085064)",
NEW MEXICO,2017,13,,-,0,,2,,,-,,-,,-,0,,0,,,-,,-,"NEW MEXICO
(34.520396, -106.244402)",
NEBRASKA,2017,13,,-,0,,7,,,-,,-,,-,0,,7,,,-,,-,"NEBRASKA
(41.640503, -99.367122)",
INDIANA,2017,13,,-,0,,4,,,-,,-,,-,0,,1,,,-,,-,"INDIANA
(39.76845, -86.156212)",
ALASKA,2017,13,,-,0,,0,,,-,,-,,-,0,,0,,,-,,-,"ALASKA
(64.836661, -147.738891)",
PUERTO RICO,2017,13,,-,0,,0,,,-,,-,,-,0,,0,,,-,,-,"PUERTO RICO
(18.215692, -66.414655)",
SOUTH DAKOTA,2017,13,,-,0,,8,,,-,,-,,-,0,,16,,,-,,-,"SOUTH DAKOTA
(44.35371, -100.373709)",
MISSISSIPPI,2017,13,,-,0,,4,,,-,,-,,-,0,,2,,,-,,-,"MISSISSIPPI
(32.738663, -89.537312)",
WEST VIRGINIA,2017,13,,-,0,,1,,1,,,-,,-,0,,1,,,-,,-,"WEST VIRGINIA
(38.668501, -80.709421)",
SOUTH CAROLINA,2017,13,,-,0,,2,,,-,,-,,-,0,,2,,,-,,-,"SOUTH CAROLINA
(34.009286, -81.037094)",
ARIZONA,2017,13,,-,0,,6,,,-,,-,,-,0,,3,,,-,1,,"ARIZONA
(34.869712, -111.760902)",
MAINE,2017,13,,-,0,,0,,,-,,-,,-,0,,0,,,-,,-,"MAINE
(45.252223, -68.986647)",
IDAHO,2017,13,,-,0,,1,,,-,,-,,-,0,,2,,,-,,-,"IDAHO
(43.680635, -114.364237)",
LOUISIANA,2017,13,,-,0,,6,,,-,,-,,-,0,,3,,,-,,-,"LOUISIANA
(31.2931, -92.463284)",
DIST. OF COL.,2017,13,,-,0,,1,,,-,,-,,-,0,,0,,,-,,-,"DISTRICT OF COLUMBIA
(38.892062, -77.019912)",
DELAWARE,2017,13,,-,0,,0,,,-,,-,,-,0,,0,,,-,,-,"DELAWARE
(39.008676, -75.574561)",
VERMONT,2017,13,,-,0,,1,,,-,,-,,-,0,,1,,,-,,-,"VERMONT
(43.622479, -72.51927)",
OHIO,2017,13,,-,0,,3,,,-,,-,,-,0,,2,,,-,,-,"OHIO
(40.056807, -82.405897)",
C.N.M.I.,2017,13,,-,,-,,-,,-,,-,,-,,-,,-,,-,,-,"NORTHERN MARIANA ISLANDS
(15.1834, 145.725693)",
NEW YORK,2017,13,,-,0,,0,,,-,,-,,-,0,,4,,,-,,-,"NEW YORK
(42.826892, -75.544286)",
NEW HAMPSHIRE,2017,13,,-,0,,0,,,-,,-,,-,0,,0,,,-,,-,"NEW HAMPSHIRE
(43.657736, -71.500736)",
UNITED STATES,2017,14,,-,9,,105,,2,,,-,,-,5,,112,,3,,1,,,
NEW ENGLAND,2017,14,,-,0,,3,,,-,,-,,-,0,,3,,,-,,-,,
MID. ATLANTIC,2017,14,,-,0,,6,,,-,,-,,-,0,,4,,,-,,-,,
NEW YORK CITY,2017,14,,-,0,,3,,,-,,-,,-,0,,0,,,-,,-,,
E.N. CENTRAL,2017,14,,-,0,,17,,,-,,-,,-,0,,29,,1,,,-,,
W.N. CENTRAL,2017,14,,-,0,,17,,1,,,-,,-,1,,48,,2,,,-,,
S. ATLANTIC,2017,14,,-,0,,6,,1,,,-,,-,0,,2,,,-,,-,,
E.S. CENTRAL,2017,14,,-,0,,4,,,-,,-,,-,0,,4,,,-,,-,,
W.S. CENTRAL,2017,14,,-,2,,20,,,-,,-,,-,1,,12,,,-,,-,,
MOUNTAIN,2017,14,,-,0,,17,,,-,,-,,-,0,,23,,,-,1,,,
PACIFIC,2017,14,,-,1,,43,,,-,,-,,-,0,,23,,,-,,-,,
AMER. SAMOA,2017,14,,-,0,,0,,,-,,-,,-,0,,0,,,-,,-,,
TEXAS,2017,14,,-,1,,18,,,-,,-,,-,0,,10,,,-,,-,"TEXAS
(31.827233, -99.423022)",
NEVADA,2017,14,,-,0,,2,,,-,,-,,-,0,,1,,,-,,-,"NEVADA
(39.491833, -117.070159)",
SOUTH CAROLINA,2017,14,,-,0,,2,,,-,,-,,-,0,,2,,,-,,-,"SOUTH CAROLINA
(34.009286, -81.037094)",
MASSACHUSETTS,2017,14,,-,0,,2,,,-,,-,,-,0,,2,,,-,,-,"MASSACHUSETTS
(42.268546, -72.085064)",
RHODE ISLAND,2017,14,,-,0,,1,,,-,,-,,-,0,,0,,,-,,-,"RHODE ISLAND
(41.707447, -71.522488)",
MICHIGAN,2017,14,,-,0,,10,,,-,,-,,-,0,,1,,,-,,-,"MICHIGAN
(44.66399, -84.711206)",
UTAH,2017,14,,-,0,,3,,,-,,-,,-,0,,2,,,-,,-,"UTAH
(39.359772, -111.584173)",
WYOMING,2017,14,,-,0,,2,,,-,,-,,-,0,,2,,,-,,-,"WYOMING
(43.23558, -108.110518)",
GEORGIA,2017,14,,-,0,,2,,,-,,-,,-,0,,1,,,-,,-,"GEORGIA
(32.836038, -83.631709)",
IDAHO,2017,14,,-,0,,1,,,-,,-,,-,0,,2,,,-,,-,"IDAHO
(43.680635, -114.364237)",
IOWA,2017,14,,-,0,,3,,,-,,-,,-,0,,5,,,-,,-,"IOWA
(42.46942, -93.815856)",
SOUTH DAKOTA,2017,14,,-,0,,8,,,-,,-,,-,0,,16,,,-,,-,"SOUTH DAKOTA
(44.35371, -100.373709)",
MAINE,2017,14,,-,0,,0,,,-,,-,,-,0,,0,,,-,,-,"MAINE
(45.252223, -68.986647)",
FLORIDA,2017,14,,-,0,,3,,,-,,-,,-,0,,1,,,-,,-,"FLORIDA
(28.915325, -81.922409)",
CALIFORNIA,2017,14,,-,1,,42,,,-,,-,,-,0,,22,,,-,,-,"CALIFORNIA
(37.640735, -121.002435)",
NORTH DAKOTA,2017,14,,-,0,,6,,,-,,-,,-,0,,11,,,-,,-,"NORTH DAKOTA
(47.475879, -100.121011)",
MARYLAND,2017,14,,-,0,,1,,,-,,-,,-,0,,0,,,-,,-,"MARYLAND
(39.290443, -76.612333)",
PENNSYLVANIA,2017,14,,-,0,,2,,,-,,-,,-,0,,1,,,-,,-,"PENNSYLVANIA
(40.789676, -77.858055)",
INDIANA,2017,14,,-,0,,4,,,-,,-,,-,0,,1,,,-,,-,"INDIANA
(39.76845, -86.156212)",
MISSISSIPPI,2017,14,,-,0,,4,,,-,,-,,-,0,,2,,,-,,-,"MISSISSIPPI
(32.738663, -89.537312)",
WEST VIRGINIA,2017,14,,-,0,,1,,1,,,-,,-,0,,1,,,-,,-,"WEST VIRGINIA
(38.668501, -80.709421)",
HAWAII,2017,14,,-,0,,0,,,-,,-,,-,0,,0,,,-,,-,"HAWAII
(21.30992, -157.858158)",
ALASKA,2017,14,,-,0,,0,,,-,,-,,-,0,,0,,,-,,-,"ALASKA
(64.836661, -147.738891)",
MONTANA,2017,14,,-,0,,1,,,-,,-,,-,0,,1,,,-,,-,"MONTANA
(47.062617, -109.430168)",
CONNECTICUT,2017,14,,-,0,,1,,,-,,-,,-,0,,0,,,-,,-,"CONNECTICUT
(41.544654, -72.651713)",
OREGON,2017,14,,-,0,,1,,,-,,-,,-,0,,1,,,-,,-,"OREGON
(44.567912, -120.156945)",
OKLAHOMA,2017,14,,-,0,,3,,,-,,-,,-,0,,3,,,-,,-,"OKLAHOMA
(35.468494, -97.521264)",
VIRGIN ISL.,2017,14,,-,0,,0,,,-,,-,,-,0,,0,,,-,,-,"VIRGIN ISLANDS
(18.060868, -64.840836)",
VIRGINIA,2017,14,,-,0,,2,,,-,,-,,-,0,,1,,,-,,-,"VIRGINIA
(37.542699, -78.45822)",
MINNESOTA,2017,14,,-,0,,3,,,-,,-,,-,0,,13,,,-,,-,"MINNESOTA
(46.357661, -94.793397)",
NEW JERSEY,2017,14,,-,0,,1,,,-,,-,,-,0,,0,,,-,,-,"NEW JERSEY
(40.104655, -74.386686)",
ALABAMA,2017,14,,-,0,,1,,,-,,-,,-,0,,2,,,-,,-,"ALABAMA
(32.839182, -86.631125)",
OHIO,2017,14,,-,0,,3,,,-,,-,,-,0,,2,,,-,,-,"OHIO
(40.056807, -82.405897)",
WASHINGTON,2017,14,,-,0,,3,,,-,,-,,-,0,,1,,,-,,-,"WASHINGTON
(47.517368, -120.467672)",
COLORADO,2017,14,,-,0,,9,,,-,,-,,-,0,,16,,,-,,-,"COLORADO
(38.841772, -106.132562)",
WISCONSIN,2017,14,,-,0,,2,,,-,,-,,-,0,,2,,,-,,-,"WISCONSIN
(44.395526, -89.834513)",
DELAWARE,2017,14,,-,0,,0,,,-,,-,,-,0,,0,,,-,,-,"DELAWARE
(39.008676, -75.574561)",
VERMONT,2017,14,,-,0,,1,,,-,,-,,-,0,,1,,,-,,-,"VERMONT
(43.622479, -72.51927)",
KANSAS,2017,14,,-,0,,3,,,-,,-,,-,0,,2,,2,,,-,"KANSAS
(38.345528, -98.201847)",
LOUISIANA,2017,14,,-,0,,6,,,-,,-,,-,0,,3,,,-,,-,"LOUISIANA
(31.2931, -92.463284)",
TENNESSEE,2017,14,,-,0,,1,,,-,,-,,-,0,,1,,,-,,-,"TENNESSEE
(35.681402, -85.774444)",
NEBRASKA,2017,14,,-,0,,7,,,-,,-,,-,0,,7,,,-,,-,"NEBRASKA
(41.640503, -99.367122)",
NORTH CAROLINA,2017,14,,-,0,,1,,,-,,-,,-,0,,0,,,-,,-,"NORTH CAROLINA
(35.47995, -79.180571)",
ARIZONA,2017,14,,-,0,,6,,,-,,-,,-,0,,3,,,-,1,,"ARIZONA
(34.869712, -111.760902)",
NEW HAMPSHIRE,2017,14,,-,0,,0,,,-,,-,,-,0,,0,,,-,,-,"NEW HAMPSHIRE
(43.657736, -71.500736)",
PUERTO RICO,2017,14,,-,0,,0,,,-,,-,,-,0,,0,,,-,,-,"PUERTO RICO
(18.215692, -66.414655)",
DIST. OF COL.,2017,14,,-,0,,1,,,-,,-,,-,0,,0,,,-,,-,"DISTRICT OF COLUMBIA
(38.892062, -77.019912)",
ARKANSAS,2017,14,,-,0,,2,,,-,,-,,-,0,,1,,,-,,-,"ARKANSAS
(34.748745, -92.275105)",
GUAM,2017,14,,-,0,,0,,,-,,-,,-,0,,0,,,-,,-,"GUAM
(13.3532, 144.653198)",
NEW YORK,2017,14,,-,0,,0,,,-,,-,,-,0,,4,,,-,,-,"NEW YORK
(42.826892, -75.544286)",
KENTUCKY,2017,14,,-,0,,1,,,-,,-,,-,0,,1,,,-,,-,"KENTUCKY
(37.64591, -84.774043)",
ILLINOIS,2017,14,,-,0,,0,,,-,,-,,-,0,,27,,1,,,-,"ILLINOIS
(40.477092, -88.993221)",
C.N.M.I.,2017,14,,-,,-,,-,,-,,-,,-,,-,,-,,-,,-,"NORTHERN MARIANA ISLANDS
(15.1834, 145.725693)",
NEW MEXICO,2017,14,,-,0,,2,,,-,,-,,-,0,,0,,,-,,-,"NEW MEXICO
(34.520396, -106.244402)",
MISSOURI,2017,14,,-,0,,3,,1,,,-,,-,0,,1,,,-,,-,"MISSOURI
(38.636168, -92.566292)",
UNITED STATES,2017,15,,-,9,,105,,2,,1,,,-,5,,113,,2,,1,,,
NEW ENGLAND,2017,15,,-,0,,3,,,-,,-,,-,0,,3,,,-,,-,,
MID. ATLANTIC,2017,15,,-,0,,6,,,-,,-,,-,0,,4,,,-,,-,,
NEW YORK CITY,2017,15,,-,0,,3,,,-,,-,,-,0,,0,,,-,,-,,
E.N. CENTRAL,2017,15,,-,0,,17,,,-,,-,,-,0,,29,,,-,,-,,
W.N. CENTRAL,2017,15,,-,0,,17,,1,,,-,,-,1,,48,,2,,,-,,
MINNESOTA,2017,15,,-,0,,3,,,-,,-,,-,0,,13,,,-,,-,"MINNESOTA
(46.357661, -94.793397)",
NEW JERSEY,2017,15,,-,0,,1,,,-,,-,,-,0,,0,,,-,,-,"NEW JERSEY
(40.104655, -74.386686)",
OHIO,2017,15,,-,0,,3,,,-,,-,,-,0,,2,,,-,,-,"OHIO
(40.056807, -82.405897)",
IOWA,2017,15,,-,0,,3,,,-,,-,,-,0,,5,,,-,,-,"IOWA
(42.46942, -93.815856)",
CONNECTICUT,2017,15,,-,0,,1,,,-,,-,,-,0,,0,,,-,,-,"CONNECTICUT
(41.544654, -72.651713)",
MASSACHUSETTS,2017,15,,-,0,,2,,,-,,-,,-,0,,2,,,-,,-,"MASSACHUSETTS
(42.268546, -72.085064)",
S. ATLANTIC,2017,15,,-,0,,6,,1,,,-,,-,0,,2,,,-,,-,,
E.S. CENTRAL,2017,15,,-,0,,4,,,-,1,,,-,0,,5,,,-,,-,,
W.S. CENTRAL,2017,15,,-,2,,20,,,-,,-,,-,1,,12,,,-,,-,,
MOUNTAIN,2017,15,,-,0,,17,,,-,,-,,-,0,,23,,,-,1,,,
PACIFIC,2017,15,,-,1,,43,,,-,,-,,-,0,,23,,,-,,-,,
AMER. SAMOA,2017,15,,-,0,,0,,,-,,-,,-,0,,0,,,-,,-,,
CALIFORNIA,2017,15,,-,1,,42,,,-,,-,,-,0,,22,,,-,,-,"CALIFORNIA
(37.640735, -121.002435)",
SOUTH DAKOTA,2017,15,,-,0,,8,,,-,,-,,-,0,,16,,,-,,-,"SOUTH DAKOTA
(44.35371, -100.373709)",
COLORADO,2017,15,,-,0,,9,,,-,,-,,-,0,,16,,,-,,-,"COLORADO
(38.841772, -106.132562)",
NEBRASKA,2017,15,,-,0,,7,,,-,,-,,-,0,,7,,,-,,-,"NEBRASKA
(41.640503, -99.367122)",
ARKANSAS,2017,15,,-,0,,2,,,-,,-,,-,0,,1,,,-,,-,"ARKANSAS
(34.748745, -92.275105)",
MONTANA,2017,15,,-,0,,1,,,-,,-,,-,0,,1,,,-,,-,"MONTANA
(47.062617, -109.430168)",
NEVADA,2017,15,,-,0,,2,,,-,,-,,-,0,,1,,,-,,-,"NEVADA
(39.491833, -117.070159)",
ALASKA,2017,15,,-,0,,0,,,-,,-,,-,0,,0,,,-,,-,"ALASKA
(64.836661, -147.738891)",
C.N.M.I.,2017,15,,-,,-,,-,,-,,-,,-,,-,,-,,-,,-,"NORTHERN MARIANA ISLANDS
(15.1834, 145.725693)",
DELAWARE,2017,15,,-,0,,0,,,-,,-,,-,0,,0,,,-,,-,"DELAWARE
(39.008676, -75.574561)",
MARYLAND,2017,15,,-,0,,1,,,-,,-,,-,0,,0,,,-,,-,"MARYLAND
(39.290443, -76.612333)",
FLORIDA,2017,15,,-,0,,3,,,-,,-,,-,0,,1,,,-,,-,"FLORIDA
(28.915325, -81.922409)",
IDAHO,2017,15,,-,0,,1,,,-,,-,,-,0,,2,,,-,,-,"IDAHO
(43.680635, -114.364237)",
SOUTH CAROLINA,2017,15,,-,0,,2,,,-,,-,,-,0,,2,,,-,,-,"SOUTH CAROLINA
(34.009286, -81.037094)",
NORTH DAKOTA,2017,15,,-,0,,6,,,-,,-,,-,0,,11,,,-,,-,"NORTH DAKOTA
(47.475879, -100.121011)",
UTAH,2017,15,,-,0,,3,,,-,,-,,-,0,,2,,,-,,-,"UTAH
(39.359772, -111.584173)",
WEST VIRGINIA,2017,15,,-,0,,1,,1,,,-,,-,0,,1,,,-,,-,"WEST VIRGINIA
(38.668501, -80.709421)",
GEORGIA,2017,15,,-,0,,2,,,-,,-,,-,0,,1,,,-,,-,"GEORGIA
(32.836038, -83.631709)",
LOUISIANA,2017,15,,-,0,,6,,,-,,-,,-,0,,3,,,-,,-,"LOUISIANA
(31.2931, -92.463284)",
OREGON,2017,15,,-,0,,1,,,-,,-,,-,0,,1,,,-,,-,"OREGON
(44.567912, -120.156945)",
TENNESSEE,2017,15,,-,0,,1,,,-,,-,,-,0,,1,,,-,,-,"TENNESSEE
(35.681402, -85.774444)",
MISSOURI,2017,15,,-,0,,3,,1,,,-,,-,0,,1,,,-,,-,"MISSOURI
(38.636168, -92.566292)",
ALABAMA,2017,15,,-,0,,1,,,-,,-,,-,0,,2,,,-,,-,"ALABAMA
(32.839182, -86.631125)",
VERMONT,2017,15,,-,0,,1,,,-,,-,,-,0,,1,,,-,,-,"VERMONT
(43.622479, -72.51927)",
NEW HAMPSHIRE,2017,15,,-,0,,0,,,-,,-,,-,0,,0,,,-,,-,"NEW HAMPSHIRE
(43.657736, -71.500736)",
WYOMING,2017,15,,-,0,,2,,,-,,-,,-,0,,2,,,-,,-,"WYOMING
(43.23558, -108.110518)",
GUAM,2017,15,,-,0,,0,,,-,,-,,-,0,,0,,,-,,-,"GUAM
(13.3532, 144.653198)",
PUERTO RICO,2017,15,,-,0,,0,,,-,,-,,-,0,,0,,,-,,-,"PUERTO RICO
(18.215692, -66.414655)",
ARIZONA,2017,15,,-,0,,6,,,-,,-,,-,0,,3,,,-,1,,"ARIZONA
(34.869712, -111.760902)",
WISCONSIN,2017,15,,-,0,,2,,,-,,-,,-,0,,2,,,-,,-,"WISCONSIN
(44.395526, -89.834513)",
KENTUCKY,2017,15,,-,0,,1,,,-,,-,,-,0,,1,,,-,,-,"KENTUCKY
(37.64591, -84.774043)",
VIRGINIA,2017,15,,-,0,,2,,,-,,-,,-,0,,1,,,-,,-,"VIRGINIA
(37.542699, -78.45822)",
HAWAII,2017,15,,-,0,,0,,,-,,-,,-,0,,0,,,-,,-,"HAWAII
(21.30992, -157.858158)",
INDIANA,2017,15,,-,0,,4,,,-,,-,,-,0,,1,,,-,,-,"INDIANA
(39.76845, -86.156212)",
MISSISSIPPI,2017,15,,-,0,,4,,,-,1,,,-,0,,2,,,-,,-,"MISSISSIPPI
(32.738663, -89.537312)",
MICHIGAN,2017,15,,-,0,,10,,,-,,-,,-,0,,1,,,-,,-,"MICHIGAN
(44.66399, -84.711206)",
MAINE,2017,15,,-,0,,0,,,-,,-,,-,0,,0,,,-,,-,"MAINE
(45.252223, -68.986647)",
WASHINGTON,2017,15,,-,0,,3,,,-,,-,,-,0,,1,,,-,,-,"WASHINGTON
(47.517368, -120.467672)",
PENNSYLVANIA,2017,15,,-,0,,2,,,-,,-,,-,0,,1,,,-,,-,"PENNSYLVANIA
(40.789676, -77.858055)",
NEW YORK,2017,15,,-,0,,0,,,-,,-,,-,0,,4,,,-,,-,"NEW YORK
(42.826892, -75.544286)",
DIST. OF COL.,2017,15,,-,0,,1,,,-,,-,,-,0,,0,,,-,,-,"DISTRICT OF COLUMBIA
(38.892062, -77.019912)",
TEXAS,2017,15,,-,1,,18,,,-,,-,,-,0,,10,,,-,,-,"TEXAS
(31.827233, -99.423022)",
KANSAS,2017,15,,-,0,,3,,,-,,-,,-,0,,2,,2,,,-,"KANSAS
(38.345528, -98.201847)",
NORTH CAROLINA,2017,15,,-,0,,1,,,-,,-,,-,0,,0,,,-,,-,"NORTH CAROLINA
(35.47995, -79.180571)",
VIRGIN ISL.,2017,15,,-,0,,0,,,-,,-,,-,0,,0,,,-,,-,"VIRGIN ISLANDS
(18.060868, -64.840836)",
OKLAHOMA,2017,15,,-,0,,3,,,-,,-,,-,0,,3,,,-,,-,"OKLAHOMA
(35.468494, -97.521264)",
ILLINOIS,2017,15,,-,0,,0,,,-,,-,,-,0,,27,,,-,,-,"ILLINOIS
(40.477092, -88.993221)",
NEW MEXICO,2017,15,,-,0,,2,,,-,,-,,-,0,,0,,,-,,-,"NEW MEXICO
(34.520396, -106.244402)",
RHODE ISLAND,2017,15,,-,0,,1,,,-,,-,,-,0,,0,,,-,,-,"RHODE ISLAND
(41.707447, -71.522488)",
