Reporting Area,MMWR Year,MMWR Week,"Babesiosis, Current week","Babesiosis, Current week, flag","Babesiosis, Previous 52 weeks Med","Babesiosis, Previous 52 weeks Med, flag","Babesiosis, Previous 52 weeks Max","Babesiosis, Previous 52 weeks Max, flag","Babesiosis, Cum 2017","Babesiosis, Cum 2017, flag","Babesiosis, Cum 2016","Babesiosis, Cum 2016, flag","Campylobacteriosis, Current week","Campylobacteriosis, Current week, flag","Campylobacteriosis, Previous 52 weeks Med","Campylobacteriosis, Previous 52 weeks Med, flag","Campylobacteriosis, Previous 52 weeks Max","Campylobacteriosis, Previous 52 weeks Max, flag","Campylobacteriosis, Cum 2017","Campylobacteriosis, Cum 2017, flag","Campylobacteriosis, Cum 2016","Campylobacteriosis, Cum 2016, flag",Location 1,Location 2
UNITED STATES,2017,1,3,,11,,139,,3,,5,,256,,961,,1519,,256,,713,,,
NEW ENGLAND,2017,1,,-,4,,101,,,-,4,,4,,51,,98,,4,,38,,,
MID. ATLANTIC,2017,1,2,,5,,38,,2,,1,,61,,135,,232,,61,,113,,,
NEW YORK CITY,2017,1,1,,0,,9,,1,,,-,42,,33,,54,,42,,36,,,
E.N. CENTRAL,2017,1,1,,1,,6,,1,,,-,36,,140,,249,,36,,119,,,
W.N. CENTRAL,2017,1,,-,0,,1,,,-,,-,6,,72,,155,,6,,72,,,
S. ATLANTIC,2017,1,,-,0,,4,,,-,,-,41,,133,,212,,41,,103,,,
E.S. CENTRAL,2017,1,,-,0,,1,,,-,,-,13,,43,,72,,13,,44,,,
W.S. CENTRAL,2017,1,,-,0,,1,,,-,,-,8,,105,,234,,8,,8,,,
MOUNTAIN,2017,1,,-,0,,1,,,-,,-,30,,61,,109,,30,,56,,,
PACIFIC,2017,1,,-,0,,1,,,-,,-,57,,232,,342,,57,,160,,,
AMER. SAMOA,2017,1,,U,0,,0,,,U,,U,,-,0,,0,,,-,,-,,
ALASKA,2017,1,,N,0,,0,,,N,,N,,-,2,,7,,,-,,-,"ALASKA
(64.836661, -147.738891)",
DELAWARE,2017,1,,-,0,,1,,,-,,-,1,,3,,9,,1,,4,,"DELAWARE
(39.008676, -75.574561)",
NEW HAMPSHIRE,2017,1,,-,0,,2,,,-,,-,,-,4,,10,,,-,4,,"NEW HAMPSHIRE
(43.657736, -71.500736)",
VERMONT,2017,1,,-,0,,5,,,-,,-,1,,4,,10,,1,,3,,"VERMONT
(43.622479, -72.51927)",
ALABAMA,2017,1,,-,0,,0,,,-,,-,4,,13,,25,,4,,17,,"ALABAMA
(32.839182, -86.631125)",
UTAH,2017,1,,-,0,,1,,,-,,-,,-,8,,27,,,-,7,,"UTAH
(39.359772, -111.584173)",
OHIO,2017,1,,-,0,,0,,,-,,-,31,,36,,63,,31,,30,,"OHIO
(40.056807, -82.405897)",
MONTANA,2017,1,,-,0,,1,,,-,,-,,-,6,,14,,,-,5,,"MONTANA
(47.062617, -109.430168)",
ARIZONA,2017,1,,-,0,,0,,,-,,-,14,,22,,51,,14,,24,,"ARIZONA
(34.869712, -111.760902)",
ARKANSAS,2017,1,,-,0,,0,,,-,,-,,-,9,,29,,,-,,-,"ARKANSAS
(34.748745, -92.275105)",
TENNESSEE,2017,1,,-,0,,1,,,-,,-,5,,13,,30,,5,,14,,"TENNESSEE
(35.681402, -85.774444)",
NORTH DAKOTA,2017,1,,-,0,,1,,,-,,-,,-,2,,9,,,-,3,,"NORTH DAKOTA
(47.475879, -100.121011)",
NEVADA,2017,1,,N,0,,0,,,N,,N,,-,3,,12,,,-,4,,"NEVADA
(39.491833, -117.070159)",
MICHIGAN,2017,1,,-,0,,1,,,-,,-,,-,27,,52,,,-,17,,"MICHIGAN
(44.66399, -84.711206)",
DIST. OF COL.,2017,1,,N,0,,0,,,N,,N,,-,0,,0,,,-,,-,"DISTRICT OF COLUMBIA
(38.892062, -77.019912)",
PENNSYLVANIA,2017,1,,N,0,,0,,,N,,N,10,,40,,83,,10,,43,,"PENNSYLVANIA
(40.789676, -77.858055)",
INDIANA,2017,1,,-,0,,0,,,-,,-,2,,16,,30,,2,,13,,"INDIANA
(39.76845, -86.156212)",
VIRGIN ISL.,2017,1,,N,0,,0,,,N,,N,,-,0,,0,,,-,,-,"VIRGIN ISLANDS
(18.060868, -64.840836)",
C.N.M.I.,2017,1,,-,,-,,-,,-,,-,,-,,-,,-,,-,,-,"NORTHERN MARIANA ISLANDS
(15.1834, 145.725693)",
MISSISSIPPI,2017,1,,N,0,,0,,,N,,N,3,,5,,13,,3,,1,,"MISSISSIPPI
(32.738663, -89.537312)",
NEW YORK,2017,1,1,,3,,26,,1,,1,,9,,27,,63,,9,,4,,"NEW YORK
(42.826892, -75.544286)",
MISSOURI,2017,1,,N,0,,0,,,N,,N,,-,23,,57,,,-,23,,"MISSOURI
(38.636168, -92.566292)",
PUERTO RICO,2017,1,,N,0,,0,,,N,,N,1,,1,,3,,1,,2,,"PUERTO RICO
(18.215692, -66.414655)",
COLORADO,2017,1,,N,0,,0,,,N,,N,10,,0,,1,,10,,,-,"COLORADO
(38.841772, -106.132562)",
ILLINOIS,2017,1,,-,0,,1,,,-,,-,,-,37,,64,,,-,44,,"ILLINOIS
(40.477092, -88.993221)",
LOUISIANA,2017,1,,-,0,,1,,,-,,-,2,,5,,21,,2,,1,,"LOUISIANA
(31.2931, -92.463284)",
MASSACHUSETTS,2017,1,,-,2,,47,,,-,3,,,-,26,,44,,,-,19,,"MASSACHUSETTS
(42.268546, -72.085064)",
OREGON,2017,1,,-,0,,1,,,-,,-,11,,19,,45,,11,,9,,"OREGON
(44.567912, -120.156945)",
KENTUCKY,2017,1,,-,0,,0,,,-,,-,1,,12,,26,,1,,12,,"KENTUCKY
(37.64591, -84.774043)",
OKLAHOMA,2017,1,,N,0,,0,,,N,,N,5,,21,,45,,5,,,-,"OKLAHOMA
(35.468494, -97.521264)",
GEORGIA,2017,1,,N,0,,0,,,N,,N,5,,17,,34,,5,,18,,"GEORGIA
(32.836038, -83.631709)",
NORTH CAROLINA,2017,1,,N,0,,0,,,N,,N,,-,24,,47,,,-,23,,"NORTH CAROLINA
(35.47995, -79.180571)",
WISCONSIN,2017,1,1,,1,,6,,1,,,-,3,,28,,59,,3,,15,,"WISCONSIN
(44.395526, -89.834513)",
IDAHO,2017,1,,N,0,,0,,,N,,N,6,,8,,20,,6,,9,,"IDAHO
(43.680635, -114.364237)",
SOUTH CAROLINA,2017,1,,-,0,,1,,,-,,-,2,,6,,15,,2,,6,,"SOUTH CAROLINA
(34.009286, -81.037094)",
SOUTH DAKOTA,2017,1,,-,0,,0,,,-,,-,,-,8,,24,,,-,5,,"SOUTH DAKOTA
(44.35371, -100.373709)",
KANSAS,2017,1,,N,0,,0,,,N,,N,,-,12,,31,,,-,11,,"KANSAS
(38.345528, -98.201847)",
MINNESOTA,2017,1,,-,0,,0,,,-,,-,,-,0,,1,,,-,,-,"MINNESOTA
(46.357661, -94.793397)",
HAWAII,2017,1,,N,0,,0,,,N,,N,,-,9,,25,,,-,3,,"HAWAII
(21.30992, -157.858158)",
CALIFORNIA,2017,1,,-,0,,1,,,-,,-,46,,162,,240,,46,,147,,"CALIFORNIA
(37.640735, -121.002435)",
RHODE ISLAND,2017,1,,-,1,,24,,,-,1,,,-,4,,13,,,-,,-,"RHODE ISLAND
(41.707447, -71.522488)",
IOWA,2017,1,,-,0,,1,,,-,,-,5,,18,,44,,5,,23,,"IOWA
(42.46942, -93.815856)",
GUAM,2017,1,,-,0,,0,,,-,,-,,-,0,,0,,,-,,-,"GUAM
(13.3532, 144.653198)",
NEW MEXICO,2017,1,,N,0,,0,,,N,,N,,-,9,,22,,,-,6,,"NEW MEXICO
(34.520396, -106.244402)",
NEBRASKA,2017,1,,-,0,,1,,,-,,-,1,,10,,26,,1,,7,,"NEBRASKA
(41.640503, -99.367122)",
WEST VIRGINIA,2017,1,,-,0,,0,,,-,,-,,-,4,,14,,,-,3,,"WEST VIRGINIA
(38.668501, -80.709421)",
NEW JERSEY,2017,1,,-,1,,20,,,-,,-,,-,30,,65,,,-,30,,"NEW JERSEY
(40.104655, -74.386686)",
FLORIDA,2017,1,,N,0,,0,,,N,,N,30,,39,,59,,30,,31,,"FLORIDA
(28.915325, -81.922409)",
MAINE,2017,1,,-,0,,11,,,-,,-,2,,4,,12,,2,,2,,"MAINE
(45.252223, -68.986647)",
MARYLAND,2017,1,,-,0,,3,,,-,,-,,-,16,,32,,,-,11,,"MARYLAND
(39.290443, -76.612333)",
TEXAS,2017,1,,-,0,,1,,,-,,-,1,,78,,172,,1,,7,,"TEXAS
(31.827233, -99.423022)",
CONNECTICUT,2017,1,,-,2,,32,,,-,,-,1,,10,,34,,1,,10,,"CONNECTICUT
(41.544654, -72.651713)",
WYOMING,2017,1,,-,0,,0,,,-,,-,,-,2,,9,,,-,1,,"WYOMING
(43.23558, -108.110518)",
WASHINGTON,2017,1,,-,0,,0,,,-,,-,,-,27,,151,,,-,1,,"WASHINGTON
(47.517368, -120.467672)",
VIRGINIA,2017,1,,N,0,,0,,,N,,N,3,,27,,55,,3,,7,,"VIRGINIA
(37.542699, -78.45822)",
UNITED STATES,2017,2,3,,11,,142,,8,,9,,299,,976,,1556,,683,,1527,,,
NEW ENGLAND,2017,2,,-,5,,104,,,-,8,,4,,51,,98,,10,,85,,,
MID. ATLANTIC,2017,2,3,,5,,38,,5,,1,,56,,135,,231,,124,,280,,,
NEW YORK CITY,2017,2,3,,0,,9,,4,,,-,40,,33,,54,,78,,85,,,
E.N. CENTRAL,2017,2,,-,1,,6,,2,,,-,35,,140,,249,,80,,232,,,
W.N. CENTRAL,2017,2,,-,0,,1,,,-,,-,5,,72,,155,,13,,111,,,
S. ATLANTIC,2017,2,,-,0,,4,,1,,,-,59,,133,,213,,126,,242,,,
E.S. CENTRAL,2017,2,,-,0,,1,,,-,,-,10,,43,,72,,41,,101,,,
W.S. CENTRAL,2017,2,,-,0,,1,,,-,,-,31,,107,,234,,40,,33,,,
MOUNTAIN,2017,2,,-,0,,1,,,-,,-,24,,79,,143,,63,,122,,,
PACIFIC,2017,2,,-,0,,1,,,-,,-,75,,231,,339,,186,,321,,,
AMER. SAMOA,2017,2,,U,0,,0,,,U,,U,,-,0,,0,,,-,,-,,
MONTANA,2017,2,,-,0,,1,,,-,,-,2,,6,,14,,3,,7,,"MONTANA
(47.062617, -109.430168)",
ARIZONA,2017,2,,-,0,,0,,,-,,-,8,,22,,51,,26,,49,,"ARIZONA
(34.869712, -111.760902)",
KANSAS,2017,2,,N,0,,0,,,N,,N,,-,12,,31,,,-,21,,"KANSAS
(38.345528, -98.201847)",
NEW HAMPSHIRE,2017,2,,-,0,,2,,,-,,-,,-,4,,10,,1,,10,,"NEW HAMPSHIRE
(43.657736, -71.500736)",
WEST VIRGINIA,2017,2,,-,0,,0,,,-,,-,,-,4,,14,,,-,6,,"WEST VIRGINIA
(38.668501, -80.709421)",
WISCONSIN,2017,2,,-,1,,6,,2,,,-,9,,28,,59,,19,,35,,"WISCONSIN
(44.395526, -89.834513)",
GUAM,2017,2,,-,0,,0,,,-,,-,,-,0,,0,,,-,,-,"GUAM
(13.3532, 144.653198)",
VERMONT,2017,2,,-,0,,5,,,-,,-,1,,4,,10,,3,,4,,"VERMONT
(43.622479, -72.51927)",
DIST. OF COL.,2017,2,,N,0,,0,,,N,,N,,-,0,,0,,,-,,-,"DISTRICT OF COLUMBIA
(38.892062, -77.019912)",
ILLINOIS,2017,2,,-,0,,1,,,-,,-,,-,37,,64,,2,,69,,"ILLINOIS
(40.477092, -88.993221)",
MARYLAND,2017,2,,-,0,,3,,1,,,-,13,,16,,32,,24,,25,,"MARYLAND
(39.290443, -76.612333)",
DELAWARE,2017,2,,-,0,,1,,,-,,-,,-,3,,9,,1,,5,,"DELAWARE
(39.008676, -75.574561)",
IDAHO,2017,2,,N,0,,0,,,N,,N,7,,7,,20,,14,,18,,"IDAHO
(43.680635, -114.364237)",
TEXAS,2017,2,,-,0,,1,,,-,,-,20,,78,,172,,22,,9,,"TEXAS
(31.827233, -99.423022)",
WASHINGTON,2017,2,,-,0,,0,,,-,,-,2,,28,,151,,2,,7,,"WASHINGTON
(47.517368, -120.467672)",
VIRGIN ISL.,2017,2,,N,0,,0,,,N,,N,,-,0,,0,,,-,,-,"VIRGIN ISLANDS
(18.060868, -64.840836)",
NORTH CAROLINA,2017,2,,N,0,,0,,,N,,N,,-,24,,48,,1,,50,,"NORTH CAROLINA
(35.47995, -79.180571)",
MICHIGAN,2017,2,,-,0,,1,,,-,,-,,-,27,,52,,,-,33,,"MICHIGAN
(44.66399, -84.711206)",
C.N.M.I.,2017,2,,-,,-,,-,,-,,-,,-,,-,,-,,-,,-,"NORTHERN MARIANA ISLANDS
(15.1834, 145.725693)",
OHIO,2017,2,,-,0,,0,,,-,,-,26,,36,,63,,57,,66,,"OHIO
(40.056807, -82.405897)",
OKLAHOMA,2017,2,,N,0,,0,,,N,,N,8,,21,,45,,13,,12,,"OKLAHOMA
(35.468494, -97.521264)",
ALABAMA,2017,2,,-,0,,0,,,-,,-,3,,13,,25,,13,,26,,"ALABAMA
(32.839182, -86.631125)",
NEW JERSEY,2017,2,,-,1,,20,,,-,,-,3,,30,,65,,8,,66,,"NEW JERSEY
(40.104655, -74.386686)",
NEW MEXICO,2017,2,,N,0,,0,,,N,,N,,-,9,,22,,1,,11,,"NEW MEXICO
(34.520396, -106.244402)",
NEVADA,2017,2,,N,0,,0,,,N,,N,,-,3,,12,,,-,7,,"NEVADA
(39.491833, -117.070159)",
PENNSYLVANIA,2017,2,,N,0,,0,,,N,,N,13,,39,,82,,29,,93,,"PENNSYLVANIA
(40.789676, -77.858055)",
NEBRASKA,2017,2,,-,0,,1,,,-,,-,2,,10,,26,,5,,10,,"NEBRASKA
(41.640503, -99.367122)",
MISSISSIPPI,2017,2,,N,0,,0,,,N,,N,2,,5,,13,,9,,11,,"MISSISSIPPI
(32.738663, -89.537312)",
IOWA,2017,2,,-,0,,1,,,-,,-,3,,18,,44,,8,,34,,"IOWA
(42.46942, -93.815856)",
MAINE,2017,2,,-,0,,11,,,-,1,,3,,4,,12,,5,,2,,"MAINE
(45.252223, -68.986647)",
MISSOURI,2017,2,,N,0,,0,,,N,,N,,-,23,,57,,,-,36,,"MISSOURI
(38.636168, -92.566292)",
INDIANA,2017,2,,-,0,,0,,,-,,-,,-,16,,30,,2,,29,,"INDIANA
(39.76845, -86.156212)",
ARKANSAS,2017,2,,-,0,,0,,,-,,-,3,,9,,29,,3,,6,,"ARKANSAS
(34.748745, -92.275105)",
COLORADO,2017,2,,N,0,,0,,,N,,N,7,,18,,45,,17,,17,,"COLORADO
(38.841772, -106.132562)",
GEORGIA,2017,2,,N,0,,0,,,N,,N,7,,17,,34,,18,,38,,"GEORGIA
(32.836038, -83.631709)",
PUERTO RICO,2017,2,,N,0,,0,,,N,,N,,-,1,,3,,1,,2,,"PUERTO RICO
(18.215692, -66.414655)",
CALIFORNIA,2017,2,,-,0,,1,,,-,,-,68,,162,,238,,166,,279,,"CALIFORNIA
(37.640735, -121.002435)",
FLORIDA,2017,2,,N,0,,0,,,N,,N,32,,39,,59,,62,,80,,"FLORIDA
(28.915325, -81.922409)",
TENNESSEE,2017,2,,-,0,,1,,,-,,-,3,,13,,30,,8,,38,,"TENNESSEE
(35.681402, -85.774444)",
MASSACHUSETTS,2017,2,,-,2,,47,,,-,4,,,-,26,,44,,,-,47,,"MASSACHUSETTS
(42.268546, -72.085064)",
UTAH,2017,2,,-,0,,1,,,-,,-,,-,8,,27,,,-,10,,"UTAH
(39.359772, -111.584173)",
VIRGINIA,2017,2,,N,0,,0,,,N,,N,6,,27,,55,,17,,22,,"VIRGINIA
(37.542699, -78.45822)",
RHODE ISLAND,2017,2,,-,1,,24,,,-,1,,,-,4,,13,,,-,2,,"RHODE ISLAND
(41.707447, -71.522488)",
WYOMING,2017,2,,-,0,,0,,,-,,-,,-,2,,9,,2,,3,,"WYOMING
(43.23558, -108.110518)",
SOUTH DAKOTA,2017,2,,-,0,,0,,,-,,-,,-,8,,24,,,-,6,,"SOUTH DAKOTA
(44.35371, -100.373709)",
SOUTH CAROLINA,2017,2,,-,0,,1,,,-,,-,1,,6,,15,,3,,16,,"SOUTH CAROLINA
(34.009286, -81.037094)",
NEW YORK,2017,2,,-,3,,26,,1,,1,,,-,27,,63,,9,,36,,"NEW YORK
(42.826892, -75.544286)",
MINNESOTA,2017,2,,-,0,,0,,,-,,-,,-,0,,1,,,-,,-,"MINNESOTA
(46.357661, -94.793397)",
LOUISIANA,2017,2,,-,0,,1,,,-,,-,,-,5,,21,,2,,6,,"LOUISIANA
(31.2931, -92.463284)",
OREGON,2017,2,,-,0,,1,,,-,,-,5,,19,,45,,18,,22,,"OREGON
(44.567912, -120.156945)",
NORTH DAKOTA,2017,2,,-,0,,1,,,-,,-,,-,2,,9,,,-,4,,"NORTH DAKOTA
(47.475879, -100.121011)",
CONNECTICUT,2017,2,,-,2,,32,,,-,2,,,-,10,,34,,1,,20,,"CONNECTICUT
(41.544654, -72.651713)",
ALASKA,2017,2,,N,0,,0,,,N,,N,,-,2,,7,,,-,4,,"ALASKA
(64.836661, -147.738891)",
KENTUCKY,2017,2,,-,0,,0,,,-,,-,2,,12,,26,,11,,26,,"KENTUCKY
(37.64591, -84.774043)",
HAWAII,2017,2,,N,0,,0,,,N,,N,,-,9,,25,,,-,9,,"HAWAII
(21.30992, -157.858158)",
UNITED STATES,2017,3,2,,12,,143,,11,,11,,347,,983,,1561,,1296,,2237,,,
NEW ENGLAND,2017,3,1,,5,,105,,2,,9,,7,,51,,98,,62,,116,,,
MID. ATLANTIC,2017,3,,-,6,,40,,5,,1,,43,,130,,230,,183,,384,,,
NEW YORK CITY,2017,3,,-,1,,9,,4,,,-,28,,33,,54,,106,,106,,,
E.N. CENTRAL,2017,3,,-,1,,6,,2,,,-,27,,142,,240,,140,,344,,,
W.N. CENTRAL,2017,3,,-,0,,1,,,-,,-,11,,72,,155,,35,,158,,,
S. ATLANTIC,2017,3,1,,0,,4,,2,,1,,61,,131,,213,,200,,361,,,
E.S. CENTRAL,2017,3,,-,0,,1,,,-,,-,11,,43,,73,,67,,149,,,
W.S. CENTRAL,2017,3,,-,0,,1,,,-,,-,56,,107,,234,,112,,50,,,
MOUNTAIN,2017,3,,-,0,,1,,,-,,-,34,,79,,143,,116,,188,,,
PACIFIC,2017,3,,-,0,,1,,,-,,-,97,,231,,339,,381,,487,,,
AMER. SAMOA,2017,3,,U,0,,0,,,U,,U,,-,0,,0,,,-,,-,,
SOUTH CAROLINA,2017,3,,-,0,,1,,,-,1,,4,,5,,15,,11,,23,,"SOUTH CAROLINA
(34.009286, -81.037094)",
MONTANA,2017,3,,-,0,,1,,,-,,-,,-,6,,14,,3,,10,,"MONTANA
(47.062617, -109.430168)",
ARIZONA,2017,3,,-,0,,0,,,-,,-,11,,22,,51,,47,,70,,"ARIZONA
(34.869712, -111.760902)",
VIRGIN ISL.,2017,3,,N,0,,0,,,N,,N,,-,0,,0,,,-,,-,"VIRGIN ISLANDS
(18.060868, -64.840836)",
MARYLAND,2017,3,1,,0,,3,,2,,,-,9,,16,,32,,34,,41,,"MARYLAND
(39.290443, -76.612333)",
ALABAMA,2017,3,,-,0,,0,,,-,,-,1,,13,,25,,16,,44,,"ALABAMA
(32.839182, -86.631125)",
MASSACHUSETTS,2017,3,,-,3,,50,,,-,5,,1,,26,,44,,25,,63,,"MASSACHUSETTS
(42.268546, -72.085064)",
OHIO,2017,3,,-,0,,0,,,-,,-,20,,36,,63,,76,,91,,"OHIO
(40.056807, -82.405897)",
NEBRASKA,2017,3,,-,0,,1,,,-,,-,2,,10,,26,,8,,15,,"NEBRASKA
(41.640503, -99.367122)",
CONNECTICUT,2017,3,,-,1,,32,,,-,2,,,-,10,,34,,15,,30,,"CONNECTICUT
(41.544654, -72.651713)",
IOWA,2017,3,,-,0,,1,,,-,,-,9,,18,,44,,23,,41,,"IOWA
(42.46942, -93.815856)",
WEST VIRGINIA,2017,3,,-,0,,0,,,-,,-,,-,4,,14,,1,,9,,"WEST VIRGINIA
(38.668501, -80.709421)",
CALIFORNIA,2017,3,,-,0,,1,,,-,,-,75,,162,,238,,327,,417,,"CALIFORNIA
(37.640735, -121.002435)",
FLORIDA,2017,3,,N,0,,0,,,N,,N,36,,38,,59,,99,,114,,"FLORIDA
(28.915325, -81.922409)",
NEW HAMPSHIRE,2017,3,,-,0,,2,,,-,,-,3,,4,,10,,7,,14,,"NEW HAMPSHIRE
(43.657736, -71.500736)",
NEW MEXICO,2017,3,,N,0,,0,,,N,,N,,-,9,,24,,5,,13,,"NEW MEXICO
(34.520396, -106.244402)",
NEW YORK,2017,3,,-,4,,26,,1,,1,,,-,34,,63,,9,,59,,"NEW YORK
(42.826892, -75.544286)",
RHODE ISLAND,2017,3,,-,1,,24,,,-,1,,,-,4,,13,,1,,2,,"RHODE ISLAND
(41.707447, -71.522488)",
KANSAS,2017,3,,N,0,,0,,,N,,N,,-,12,,31,,4,,32,,"KANSAS
(38.345528, -98.201847)",
DELAWARE,2017,3,,-,0,,1,,,-,,-,,-,3,,9,,2,,7,,"DELAWARE
(39.008676, -75.574561)",
HAWAII,2017,3,,N,0,,0,,,N,,N,2,,9,,25,,15,,13,,"HAWAII
(21.30992, -157.858158)",
IDAHO,2017,3,,N,0,,0,,,N,,N,5,,8,,20,,21,,23,,"IDAHO
(43.680635, -114.364237)",
ARKANSAS,2017,3,,-,0,,0,,,-,,-,3,,9,,29,,6,,17,,"ARKANSAS
(34.748745, -92.275105)",
PUERTO RICO,2017,3,,N,0,,0,,,N,,N,,-,1,,3,,1,,2,,"PUERTO RICO
(18.215692, -66.414655)",
GEORGIA,2017,3,,N,0,,0,,,N,,N,5,,17,,34,,25,,49,,"GEORGIA
(32.836038, -83.631709)",
LOUISIANA,2017,3,,-,0,,1,,,-,,-,9,,5,,21,,16,,6,,"LOUISIANA
(31.2931, -92.463284)",
WISCONSIN,2017,3,,-,1,,6,,2,,,-,6,,29,,59,,38,,51,,"WISCONSIN
(44.395526, -89.834513)",
C.N.M.I.,2017,3,,-,,-,,-,,-,,-,,-,,-,,-,,-,,-,"NORTHERN MARIANA ISLANDS
(15.1834, 145.725693)",
OKLAHOMA,2017,3,,N,0,,0,,,N,,N,12,,21,,45,,25,,16,,"OKLAHOMA
(35.468494, -97.521264)",
WYOMING,2017,3,,-,0,,0,,,-,,-,,-,2,,9,,2,,5,,"WYOMING
(43.23558, -108.110518)",
VERMONT,2017,3,,-,0,,5,,,-,,-,1,,4,,10,,4,,5,,"VERMONT
(43.622479, -72.51927)",
INDIANA,2017,3,,-,0,,0,,,-,,-,1,,16,,31,,7,,43,,"INDIANA
(39.76845, -86.156212)",
NORTH CAROLINA,2017,3,,N,0,,0,,,N,,N,,-,24,,48,,1,,67,,"NORTH CAROLINA
(35.47995, -79.180571)",
MAINE,2017,3,1,,0,,11,,2,,1,,2,,4,,12,,10,,2,,"MAINE
(45.252223, -68.986647)",
MISSOURI,2017,3,,N,0,,0,,,N,,N,,-,23,,57,,,-,51,,"MISSOURI
(38.636168, -92.566292)",
TENNESSEE,2017,3,,-,0,,1,,,-,,-,5,,13,,30,,14,,51,,"TENNESSEE
(35.681402, -85.774444)",
UTAH,2017,3,,-,0,,1,,,-,,-,,-,8,,27,,2,,21,,"UTAH
(39.359772, -111.584173)",
NEVADA,2017,3,,N,0,,0,,,N,,N,,-,3,,12,,1,,11,,"NEVADA
(39.491833, -117.070159)",
PENNSYLVANIA,2017,3,,N,0,,0,,,N,,N,15,,39,,81,,57,,132,,"PENNSYLVANIA
(40.789676, -77.858055)",
MICHIGAN,2017,3,,-,0,,1,,,-,,-,,-,27,,51,,14,,57,,"MICHIGAN
(44.66399, -84.711206)",
ILLINOIS,2017,3,,-,0,,1,,,-,,-,,-,37,,64,,5,,102,,"ILLINOIS
(40.477092, -88.993221)",
NORTH DAKOTA,2017,3,,-,0,,1,,,-,,-,,-,1,,9,,,-,6,,"NORTH DAKOTA
(47.475879, -100.121011)",
COLORADO,2017,3,,N,0,,0,,,N,,N,18,,18,,45,,35,,35,,"COLORADO
(38.841772, -106.132562)",
DIST. OF COL.,2017,3,,N,0,,0,,,N,,N,,-,0,,0,,,-,,-,"DISTRICT OF COLUMBIA
(38.892062, -77.019912)",
KENTUCKY,2017,3,,-,0,,0,,,-,,-,1,,12,,26,,22,,37,,"KENTUCKY
(37.64591, -84.774043)",
MISSISSIPPI,2017,3,,N,0,,0,,,N,,N,4,,5,,13,,15,,17,,"MISSISSIPPI
(32.738663, -89.537312)",
VIRGINIA,2017,3,,N,0,,0,,,N,,N,7,,27,,55,,27,,51,,"VIRGINIA
(37.542699, -78.45822)",
MINNESOTA,2017,3,,-,0,,0,,,-,,-,,-,0,,1,,,-,,-,"MINNESOTA
(46.357661, -94.793397)",
OREGON,2017,3,,-,0,,1,,,-,,-,17,,18,,39,,34,,33,,"OREGON
(44.567912, -120.156945)",
SOUTH DAKOTA,2017,3,,-,0,,0,,,-,,-,,-,9,,24,,,-,13,,"SOUTH DAKOTA
(44.35371, -100.373709)",
WASHINGTON,2017,3,,-,0,,0,,,-,,-,,-,28,,151,,2,,18,,"WASHINGTON
(47.517368, -120.467672)",
TEXAS,2017,3,,-,0,,1,,,-,,-,32,,78,,172,,65,,11,,"TEXAS
(31.827233, -99.423022)",
ALASKA,2017,3,,N,0,,0,,,N,,N,3,,2,,7,,3,,6,,"ALASKA
(64.836661, -147.738891)",
GUAM,2017,3,,-,0,,0,,,-,,-,,-,0,,0,,,-,,-,"GUAM
(13.3532, 144.653198)",
NEW JERSEY,2017,3,,-,1,,20,,,-,,-,,-,30,,65,,11,,87,,"NEW JERSEY
(40.104655, -74.386686)",
UNITED STATES,2017,4,,-,12,,144,,11,,16,,380,,986,,1560,,2016,,2971,,,
NEW ENGLAND,2017,4,,-,5,,106,,2,,11,,7,,51,,98,,108,,162,,,
MID. ATLANTIC,2017,4,,-,6,,40,,5,,3,,66,,130,,230,,276,,483,,,
NEW YORK CITY,2017,4,,-,1,,9,,4,,,-,54,,33,,54,,148,,130,,,
E.N. CENTRAL,2017,4,,-,1,,6,,2,,,-,42,,143,,240,,240,,470,,,
W.N. CENTRAL,2017,4,,-,0,,1,,,-,,-,20,,72,,155,,104,,218,,,
S. ATLANTIC,2017,4,,-,0,,4,,2,,1,,62,,134,,213,,283,,472,,,
E.S. CENTRAL,2017,4,,-,0,,1,,,-,,-,16,,42,,73,,111,,186,,,
W.S. CENTRAL,2017,4,,-,0,,1,,,-,,-,52,,107,,234,,169,,86,,,
MOUNTAIN,2017,4,,-,0,,1,,,-,,-,31,,79,,143,,159,,256,,,
PACIFIC,2017,4,,-,0,,1,,,-,1,,84,,231,,339,,566,,638,,,
AMER. SAMOA,2017,4,,U,0,,0,,,U,,U,,-,0,,0,,,-,,-,,
HAWAII,2017,4,,N,0,,0,,,N,,N,1,,9,,25,,20,,23,,"HAWAII
(21.30992, -157.858158)",
RHODE ISLAND,2017,4,,-,1,,24,,,-,1,,,-,4,,13,,4,,11,,"RHODE ISLAND
(41.707447, -71.522488)",
NEW HAMPSHIRE,2017,4,,-,0,,2,,,-,,-,,-,4,,10,,6,,17,,"NEW HAMPSHIRE
(43.657736, -71.500736)",
ARKANSAS,2017,4,,-,0,,0,,,-,,-,3,,8,,29,,10,,21,,"ARKANSAS
(34.748745, -92.275105)",
ILLINOIS,2017,4,,-,0,,1,,,-,,-,,-,37,,64,,5,,122,,"ILLINOIS
(40.477092, -88.993221)",
SOUTH CAROLINA,2017,4,,-,0,,1,,,-,1,,2,,6,,15,,18,,25,,"SOUTH CAROLINA
(34.009286, -81.037094)",
C.N.M.I.,2017,4,,-,,-,,-,,-,,-,,-,,-,,-,,-,,-,"NORTHERN MARIANA ISLANDS
(15.1834, 145.725693)",
MINNESOTA,2017,4,,-,0,,0,,,-,,-,,-,0,,1,,,-,,-,"MINNESOTA
(46.357661, -94.793397)",
MONTANA,2017,4,,-,0,,1,,,-,,-,2,,6,,14,,7,,17,,"MONTANA
(47.062617, -109.430168)",
INDIANA,2017,4,,-,0,,0,,,-,,-,,-,17,,31,,19,,53,,"INDIANA
(39.76845, -86.156212)",
ALABAMA,2017,4,,-,0,,0,,,-,,-,6,,13,,25,,24,,55,,"ALABAMA
(32.839182, -86.631125)",
MAINE,2017,4,,-,0,,11,,2,,1,,,-,4,,12,,13,,3,,"MAINE
(45.252223, -68.986647)",
NEBRASKA,2017,4,,-,0,,1,,,-,,-,9,,10,,26,,17,,24,,"NEBRASKA
(41.640503, -99.367122)",
PENNSYLVANIA,2017,4,,N,0,,0,,,N,,N,12,,38,,81,,81,,169,,"PENNSYLVANIA
(40.789676, -77.858055)",
NEW JERSEY,2017,4,,-,1,,20,,,-,,-,,-,30,,65,,38,,105,,"NEW JERSEY
(40.104655, -74.386686)",
NEW YORK,2017,4,,-,4,,26,,1,,3,,,-,34,,63,,9,,79,,"NEW YORK
(42.826892, -75.544286)",
WYOMING,2017,4,,-,0,,0,,,-,,-,,-,3,,9,,2,,6,,"WYOMING
(43.23558, -108.110518)",
OHIO,2017,4,,-,0,,0,,,-,,-,37,,36,,63,,114,,145,,"OHIO
(40.056807, -82.405897)",
GEORGIA,2017,4,,N,0,,0,,,N,,N,4,,17,,34,,35,,67,,"GEORGIA
(32.836038, -83.631709)",
VERMONT,2017,4,,-,0,,5,,,-,,-,,-,4,,10,,4,,7,,"VERMONT
(43.622479, -72.51927)",
ARIZONA,2017,4,,-,0,,0,,,-,,-,12,,22,,51,,62,,84,,"ARIZONA
(34.869712, -111.760902)",
DELAWARE,2017,4,,-,0,,1,,,-,,-,,-,3,,9,,2,,10,,"DELAWARE
(39.008676, -75.574561)",
OKLAHOMA,2017,4,,N,0,,0,,,N,,N,6,,21,,45,,31,,34,,"OKLAHOMA
(35.468494, -97.521264)",
MISSISSIPPI,2017,4,,N,0,,0,,,N,,N,4,,5,,13,,23,,20,,"MISSISSIPPI
(32.738663, -89.537312)",
SOUTH DAKOTA,2017,4,,-,0,,0,,,-,,-,,-,8,,24,,4,,23,,"SOUTH DAKOTA
(44.35371, -100.373709)",
MARYLAND,2017,4,,-,0,,3,,2,,,-,9,,16,,32,,48,,50,,"MARYLAND
(39.290443, -76.612333)",
NEW MEXICO,2017,4,,N,0,,0,,,N,,N,,-,9,,25,,8,,23,,"NEW MEXICO
(34.520396, -106.244402)",
CONNECTICUT,2017,4,,-,1,,32,,,-,3,,,-,10,,34,,22,,40,,"CONNECTICUT
(41.544654, -72.651713)",
UTAH,2017,4,,-,0,,1,,,-,,-,,-,8,,27,,4,,28,,"UTAH
(39.359772, -111.584173)",
FLORIDA,2017,4,,N,0,,0,,,N,,N,41,,38,,59,,140,,142,,"FLORIDA
(28.915325, -81.922409)",
OREGON,2017,4,,-,0,,1,,,-,1,,8,,18,,39,,46,,43,,"OREGON
(44.567912, -120.156945)",
ALASKA,2017,4,,N,0,,0,,,N,,N,1,,2,,7,,4,,6,,"ALASKA
(64.836661, -147.738891)",
NORTH DAKOTA,2017,4,,-,0,,1,,,-,,-,,-,1,,9,,,-,10,,"NORTH DAKOTA
(47.475879, -100.121011)",
TEXAS,2017,4,,-,0,,1,,,-,,-,40,,78,,180,,109,,15,,"TEXAS
(31.827233, -99.423022)",
WISCONSIN,2017,4,,-,1,,6,,2,,,-,4,,29,,59,,63,,76,,"WISCONSIN
(44.395526, -89.834513)",
MASSACHUSETTS,2017,4,,-,3,,50,,,-,6,,7,,26,,44,,59,,84,,"MASSACHUSETTS
(42.268546, -72.085064)",
CALIFORNIA,2017,4,,-,0,,1,,,-,,-,64,,163,,238,,482,,538,,"CALIFORNIA
(37.640735, -121.002435)",
KANSAS,2017,4,,N,0,,0,,,N,,N,,-,12,,31,,10,,38,,"KANSAS
(38.345528, -98.201847)",
IOWA,2017,4,,-,0,,1,,,-,,-,,-,18,,44,,23,,53,,"IOWA
(42.46942, -93.815856)",
WEST VIRGINIA,2017,4,,-,0,,0,,,-,,-,,-,4,,14,,1,,11,,"WEST VIRGINIA
(38.668501, -80.709421)",
NEVADA,2017,4,,N,0,,0,,,N,,N,,-,3,,12,,3,,14,,"NEVADA
(39.491833, -117.070159)",
WASHINGTON,2017,4,,-,0,,0,,,-,,-,10,,28,,151,,14,,28,,"WASHINGTON
(47.517368, -120.467672)",
DIST. OF COL.,2017,4,,N,0,,0,,,N,,N,,-,0,,0,,,-,,-,"DISTRICT OF COLUMBIA
(38.892062, -77.019912)",
KENTUCKY,2017,4,,-,0,,0,,,-,,-,1,,13,,26,,37,,53,,"KENTUCKY
(37.64591, -84.774043)",
PUERTO RICO,2017,4,,N,0,,0,,,N,,N,,-,1,,3,,1,,2,,"PUERTO RICO
(18.215692, -66.414655)",
MICHIGAN,2017,4,,-,0,,1,,,-,,-,1,,27,,51,,39,,74,,"MICHIGAN
(44.66399, -84.711206)",
LOUISIANA,2017,4,,-,0,,1,,,-,,-,3,,5,,21,,19,,16,,"LOUISIANA
(31.2931, -92.463284)",
NORTH CAROLINA,2017,4,,N,0,,0,,,N,,N,,-,24,,48,,4,,80,,"NORTH CAROLINA
(35.47995, -79.180571)",
TENNESSEE,2017,4,,-,0,,1,,,-,,-,5,,13,,30,,27,,58,,"TENNESSEE
(35.681402, -85.774444)",
IDAHO,2017,4,,N,0,,0,,,N,,N,2,,8,,20,,23,,27,,"IDAHO
(43.680635, -114.364237)",
VIRGIN ISL.,2017,4,,N,0,,0,,,N,,N,,-,0,,0,,,-,,-,"VIRGIN ISLANDS
(18.060868, -64.840836)",
GUAM,2017,4,,-,0,,0,,,-,,-,,-,0,,0,,,-,,-,"GUAM
(13.3532, 144.653198)",
MISSOURI,2017,4,,N,0,,0,,,N,,N,11,,23,,57,,50,,70,,"MISSOURI
(38.636168, -92.566292)",
VIRGINIA,2017,4,,N,0,,0,,,N,,N,6,,27,,55,,35,,87,,"VIRGINIA
(37.542699, -78.45822)",
COLORADO,2017,4,,N,0,,0,,,N,,N,15,,18,,45,,50,,57,,"COLORADO
(38.841772, -106.132562)",
UNITED STATES,2017,5,,-,12,,145,,14,,19,,372,,988,,1559,,2756,,3699,,,
NEW ENGLAND,2017,5,,-,5,,107,,3,,11,,2,,51,,98,,122,,205,,,
MID. ATLANTIC,2017,5,,-,6,,40,,7,,5,,64,,130,,230,,402,,597,,,
NEW YORK CITY,2017,5,,-,1,,9,,4,,,-,49,,33,,54,,196,,157,,,
E.N. CENTRAL,2017,5,,-,1,,7,,2,,,-,30,,143,,241,,333,,589,,,
W.N. CENTRAL,2017,5,,-,0,,1,,,-,1,,16,,72,,155,,142,,262,,,
S. ATLANTIC,2017,5,,-,0,,4,,2,,1,,67,,135,,214,,409,,582,,,
E.S. CENTRAL,2017,5,,-,0,,1,,,-,,-,21,,43,,73,,155,,213,,,
W.S. CENTRAL,2017,5,,-,0,,1,,,-,,-,63,,107,,234,,247,,133,,,
MOUNTAIN,2017,5,,-,0,,1,,,-,,-,30,,79,,143,,225,,323,,,
PACIFIC,2017,5,,-,0,,1,,,-,1,,79,,233,,339,,721,,795,,,
AMER. SAMOA,2017,5,,U,0,,0,,,U,,U,,-,0,,0,,,-,,-,,
MINNESOTA,2017,5,,-,0,,0,,,-,,-,,-,0,,1,,,-,,-,"MINNESOTA
(46.357661, -94.793397)",
KENTUCKY,2017,5,,-,0,,0,,,-,,-,9,,13,,26,,53,,64,,"KENTUCKY
(37.64591, -84.774043)",
WISCONSIN,2017,5,,-,1,,7,,2,,,-,8,,29,,59,,81,,99,,"WISCONSIN
(44.395526, -89.834513)",
DIST. OF COL.,2017,5,,N,0,,0,,,N,,N,,-,0,,0,,,-,,-,"DISTRICT OF COLUMBIA
(38.892062, -77.019912)",
RHODE ISLAND,2017,5,,-,1,,24,,,-,1,,,-,4,,13,,4,,17,,"RHODE ISLAND
(41.707447, -71.522488)",
MASSACHUSETTS,2017,5,,-,3,,50,,,-,6,,,-,26,,44,,59,,103,,"MASSACHUSETTS
(42.268546, -72.085064)",
SOUTH CAROLINA,2017,5,,-,0,,1,,,-,1,,4,,6,,15,,23,,31,,"SOUTH CAROLINA
(34.009286, -81.037094)",
MISSISSIPPI,2017,5,,N,0,,0,,,N,,N,3,,5,,13,,26,,21,,"MISSISSIPPI
(32.738663, -89.537312)",
NEVADA,2017,5,,N,0,,0,,,N,,N,,-,3,,12,,3,,19,,"NEVADA
(39.491833, -117.070159)",
ARKANSAS,2017,5,,-,0,,0,,,-,,-,6,,9,,29,,24,,28,,"ARKANSAS
(34.748745, -92.275105)",
ALASKA,2017,5,,N,0,,0,,,N,,N,,-,2,,7,,4,,8,,"ALASKA
(64.836661, -147.738891)",
FLORIDA,2017,5,,N,0,,0,,,N,,N,44,,39,,59,,184,,176,,"FLORIDA
(28.915325, -81.922409)",
GEORGIA,2017,5,,N,0,,0,,,N,,N,4,,17,,34,,60,,83,,"GEORGIA
(32.836038, -83.631709)",
WYOMING,2017,5,,-,0,,0,,,-,,-,,-,3,,9,,10,,7,,"WYOMING
(43.23558, -108.110518)",
NEW MEXICO,2017,5,,N,0,,0,,,N,,N,1,,9,,25,,17,,31,,"NEW MEXICO
(34.520396, -106.244402)",
NEW YORK,2017,5,,-,4,,26,,1,,4,,,-,34,,63,,9,,99,,"NEW YORK
(42.826892, -75.544286)",
UTAH,2017,5,,-,0,,1,,,-,,-,,-,8,,27,,5,,37,,"UTAH
(39.359772, -111.584173)",
SOUTH DAKOTA,2017,5,,-,0,,0,,,-,,-,,-,8,,24,,4,,33,,"SOUTH DAKOTA
(44.35371, -100.373709)",
OHIO,2017,5,,-,0,,0,,,-,,-,22,,36,,63,,136,,193,,"OHIO
(40.056807, -82.405897)",
PENNSYLVANIA,2017,5,,N,0,,0,,,N,,N,15,,38,,82,,113,,207,,"PENNSYLVANIA
(40.789676, -77.858055)",
KANSAS,2017,5,,N,0,,0,,,N,,N,,-,12,,31,,13,,42,,"KANSAS
(38.345528, -98.201847)",
NORTH CAROLINA,2017,5,,N,0,,0,,,N,,N,,-,25,,49,,24,,100,,"NORTH CAROLINA
(35.47995, -79.180571)",
MAINE,2017,5,,-,0,,10,,3,,1,,2,,4,,12,,16,,8,,"MAINE
(45.252223, -68.986647)",
CONNECTICUT,2017,5,,-,1,,32,,,-,3,,,-,10,,34,,31,,46,,"CONNECTICUT
(41.544654, -72.651713)",
C.N.M.I.,2017,5,,-,,-,,-,,-,,-,,-,,-,,-,,-,,-,"NORTHERN MARIANA ISLANDS
(15.1834, 145.725693)",
NEW JERSEY,2017,5,,-,1,,20,,2,,1,,,-,30,,65,,84,,134,,"NEW JERSEY
(40.104655, -74.386686)",
TEXAS,2017,5,,-,0,,1,,,-,,-,41,,78,,189,,154,,26,,"TEXAS
(31.827233, -99.423022)",
OKLAHOMA,2017,5,,N,0,,0,,,N,,N,3,,21,,45,,32,,55,,"OKLAHOMA
(35.468494, -97.521264)",
WASHINGTON,2017,5,,-,0,,0,,,-,,-,,-,28,,151,,14,,36,,"WASHINGTON
(47.517368, -120.467672)",
CALIFORNIA,2017,5,,-,0,,1,,,-,,-,62,,164,,238,,620,,661,,"CALIFORNIA
(37.640735, -121.002435)",
GUAM,2017,5,,-,0,,0,,,-,,-,,-,0,,0,,,-,,-,"GUAM
(13.3532, 144.653198)",
NEW HAMPSHIRE,2017,5,,-,0,,2,,,-,,-,,-,4,,10,,8,,19,,"NEW HAMPSHIRE
(43.657736, -71.500736)",
OREGON,2017,5,,-,0,,0,,,-,1,,16,,19,,39,,59,,58,,"OREGON
(44.567912, -120.156945)",
IOWA,2017,5,,-,0,,1,,,-,,-,9,,18,,44,,50,,64,,"IOWA
(42.46942, -93.815856)",
MISSOURI,2017,5,,N,0,,0,,,N,,N,,-,23,,57,,50,,83,,"MISSOURI
(38.636168, -92.566292)",
PUERTO RICO,2017,5,,N,0,,0,,,N,,N,1,,1,,3,,4,,4,,"PUERTO RICO
(18.215692, -66.414655)",
ALABAMA,2017,5,,-,0,,0,,,-,,-,3,,13,,25,,37,,63,,"ALABAMA
(32.839182, -86.631125)",
MONTANA,2017,5,,-,0,,1,,,-,,-,2,,6,,14,,20,,22,,"MONTANA
(47.062617, -109.430168)",
NORTH DAKOTA,2017,5,,-,0,,1,,,-,1,,,-,1,,9,,,-,12,,"NORTH DAKOTA
(47.475879, -100.121011)",
LOUISIANA,2017,5,,-,0,,1,,,-,,-,13,,5,,21,,37,,24,,"LOUISIANA
(31.2931, -92.463284)",
VIRGIN ISL.,2017,5,,N,0,,0,,,N,,N,,-,0,,0,,,-,,-,"VIRGIN ISLANDS
(18.060868, -64.840836)",
NEBRASKA,2017,5,,-,0,,1,,,-,,-,7,,10,,26,,25,,28,,"NEBRASKA
(41.640503, -99.367122)",
VIRGINIA,2017,5,,N,0,,0,,,N,,N,7,,26,,55,,54,,104,,"VIRGINIA
(37.542699, -78.45822)",
ILLINOIS,2017,5,,-,0,,1,,,-,,-,,-,37,,64,,45,,140,,"ILLINOIS
(40.477092, -88.993221)",
INDIANA,2017,5,,-,0,,0,,,-,,-,,-,17,,31,,32,,63,,"INDIANA
(39.76845, -86.156212)",
COLORADO,2017,5,,N,0,,0,,,N,,N,20,,18,,45,,70,,69,,"COLORADO
(38.841772, -106.132562)",
IDAHO,2017,5,,N,0,,0,,,N,,N,2,,8,,20,,28,,32,,"IDAHO
(43.680635, -114.364237)",
TENNESSEE,2017,5,,-,0,,1,,,-,,-,6,,13,,30,,39,,65,,"TENNESSEE
(35.681402, -85.774444)",
VERMONT,2017,5,,-,0,,5,,,-,,-,,-,4,,10,,4,,12,,"VERMONT
(43.622479, -72.51927)",
HAWAII,2017,5,,N,0,,0,,,N,,N,1,,8,,25,,24,,32,,"HAWAII
(21.30992, -157.858158)",
ARIZONA,2017,5,,-,0,,0,,,-,,-,5,,22,,51,,72,,106,,"ARIZONA
(34.869712, -111.760902)",
MICHIGAN,2017,5,,-,0,,1,,,-,,-,,-,27,,51,,39,,94,,"MICHIGAN
(44.66399, -84.711206)",
DELAWARE,2017,5,,-,0,,1,,,-,,-,,-,3,,9,,2,,11,,"DELAWARE
(39.008676, -75.574561)",
WEST VIRGINIA,2017,5,,-,0,,0,,,-,,-,,-,4,,14,,2,,13,,"WEST VIRGINIA
(38.668501, -80.709421)",
MARYLAND,2017,5,,-,0,,3,,2,,,-,8,,16,,32,,60,,64,,"MARYLAND
(39.290443, -76.612333)",
UNITED STATES,2017,6,1,,13,,145,,17,,20,,353,,991,,1555,,3467,,4356,,,
NEW ENGLAND,2017,6,,-,5,,107,,3,,13,,4,,51,,98,,142,,244,,,
MID. ATLANTIC,2017,6,1,,6,,41,,10,,4,,79,,129,,229,,567,,682,,,
NEW YORK CITY,2017,6,,-,1,,9,,4,,,-,39,,33,,54,,235,,184,,,
E.N. CENTRAL,2017,6,,-,1,,7,,2,,,-,1,,143,,241,,360,,680,,,
W.N. CENTRAL,2017,6,,-,0,,1,,,-,1,,14,,72,,155,,188,,332,,,
S. ATLANTIC,2017,6,,-,0,,4,,2,,1,,66,,135,,215,,527,,695,,,
E.S. CENTRAL,2017,6,,-,0,,1,,,-,,-,28,,43,,74,,201,,241,,,
W.S. CENTRAL,2017,6,,-,0,,1,,,-,,-,34,,107,,234,,292,,170,,,
MOUNTAIN,2017,6,,-,0,,1,,,-,,-,29,,79,,143,,277,,371,,,
PACIFIC,2017,6,,-,0,,1,,,-,1,,98,,234,,341,,913,,941,,,
AMER. SAMOA,2017,6,,U,0,,0,,,U,,U,,-,0,,0,,,-,,-,,
WEST VIRGINIA,2017,6,,-,0,,0,,,-,,-,1,,4,,14,,6,,16,,"WEST VIRGINIA
(38.668501, -80.709421)",
OREGON,2017,6,,-,0,,0,,,-,1,,8,,19,,39,,70,,63,,"OREGON
(44.567912, -120.156945)",
WISCONSIN,2017,6,,-,1,,7,,2,,,-,1,,30,,59,,101,,117,,"WISCONSIN
(44.395526, -89.834513)",
GUAM,2017,6,,-,0,,0,,,-,,-,,-,0,,0,,,-,,-,"GUAM
(13.3532, 144.653198)",
SOUTH DAKOTA,2017,6,,-,0,,0,,,-,,-,,-,8,,24,,14,,41,,"SOUTH DAKOTA
(44.35371, -100.373709)",
GEORGIA,2017,6,,N,0,,0,,,N,,N,4,,17,,34,,67,,95,,"GEORGIA
(32.836038, -83.631709)",
VERMONT,2017,6,,-,0,,5,,,-,,-,2,,4,,10,,7,,14,,"VERMONT
(43.622479, -72.51927)",
NEBRASKA,2017,6,,-,0,,1,,,-,,-,5,,10,,26,,31,,37,,"NEBRASKA
(41.640503, -99.367122)",
VIRGIN ISL.,2017,6,,N,0,,0,,,N,,N,,-,0,,0,,,-,,-,"VIRGIN ISLANDS
(18.060868, -64.840836)",
NEW MEXICO,2017,6,,N,0,,0,,,N,,N,,-,9,,25,,21,,37,,"NEW MEXICO
(34.520396, -106.244402)",
DIST. OF COL.,2017,6,,N,0,,0,,,N,,N,,-,0,,0,,,-,,-,"DISTRICT OF COLUMBIA
(38.892062, -77.019912)",
ALABAMA,2017,6,,-,0,,0,,,-,,-,4,,13,,25,,46,,74,,"ALABAMA
(32.839182, -86.631125)",
TENNESSEE,2017,6,,-,0,,1,,,-,,-,5,,13,,30,,52,,69,,"TENNESSEE
(35.681402, -85.774444)",
ARIZONA,2017,6,,-,0,,0,,,-,,-,15,,22,,51,,92,,115,,"ARIZONA
(34.869712, -111.760902)",
CONNECTICUT,2017,6,,-,2,,32,,,-,4,,,-,10,,34,,35,,55,,"CONNECTICUT
(41.544654, -72.651713)",
IDAHO,2017,6,,N,0,,0,,,N,,N,2,,8,,20,,32,,37,,"IDAHO
(43.680635, -114.364237)",
MINNESOTA,2017,6,,-,0,,0,,,-,,-,,-,0,,1,,,-,,-,"MINNESOTA
(46.357661, -94.793397)",
TEXAS,2017,6,,-,0,,1,,,-,,-,24,,78,,193,,188,,39,,"TEXAS
(31.827233, -99.423022)",
C.N.M.I.,2017,6,,-,,-,,-,,-,,-,,-,,-,,-,,-,,-,"NORTHERN MARIANA ISLANDS
(15.1834, 145.725693)",
SOUTH CAROLINA,2017,6,,-,0,,1,,,-,1,,2,,6,,15,,29,,37,,"SOUTH CAROLINA
(34.009286, -81.037094)",
NEW HAMPSHIRE,2017,6,,-,0,,2,,,-,,-,,-,4,,10,,17,,22,,"NEW HAMPSHIRE
(43.657736, -71.500736)",
NEVADA,2017,6,,N,0,,0,,,N,,N,,-,3,,12,,4,,20,,"NEVADA
(39.491833, -117.070159)",
RHODE ISLAND,2017,6,,-,1,,24,,,-,1,,1,,4,,13,,6,,18,,"RHODE ISLAND
(41.707447, -71.522488)",
KENTUCKY,2017,6,,-,0,,0,,,-,,-,12,,13,,26,,68,,76,,"KENTUCKY
(37.64591, -84.774043)",
FLORIDA,2017,6,,N,0,,0,,,N,,N,43,,39,,59,,227,,211,,"FLORIDA
(28.915325, -81.922409)",
INDIANA,2017,6,,-,0,,0,,,-,,-,,-,17,,31,,32,,72,,"INDIANA
(39.76845, -86.156212)",
MONTANA,2017,6,,-,0,,1,,,-,,-,,-,6,,14,,25,,28,,"MONTANA
(47.062617, -109.430168)",
LOUISIANA,2017,6,,-,0,,1,,,-,,-,,-,5,,21,,37,,25,,"LOUISIANA
(31.2931, -92.463284)",
VIRGINIA,2017,6,,N,0,,0,,,N,,N,6,,26,,64,,71,,126,,"VIRGINIA
(37.542699, -78.45822)",
DELAWARE,2017,6,,-,0,,1,,,-,,-,,-,3,,9,,4,,13,,"DELAWARE
(39.008676, -75.574561)",
NEW JERSEY,2017,6,,-,1,,20,,2,,1,,,-,30,,65,,85,,154,,"NEW JERSEY
(40.104655, -74.386686)",
NORTH CAROLINA,2017,6,,N,0,,0,,,N,,N,,-,25,,49,,48,,110,,"NORTH CAROLINA
(35.47995, -79.180571)",
ILLINOIS,2017,6,,-,0,,1,,,-,,-,,-,37,,64,,52,,154,,"ILLINOIS
(40.477092, -88.993221)",
ALASKA,2017,6,,N,0,,0,,,N,,N,,-,2,,7,,5,,8,,"ALASKA
(64.836661, -147.738891)",
MICHIGAN,2017,6,,-,0,,1,,,-,,-,,-,27,,51,,39,,112,,"MICHIGAN
(44.66399, -84.711206)",
ARKANSAS,2017,6,,-,0,,0,,,-,,-,4,,9,,29,,30,,32,,"ARKANSAS
(34.748745, -92.275105)",
NORTH DAKOTA,2017,6,,-,0,,0,,,-,1,,,-,0,,9,,,-,14,,"NORTH DAKOTA
(47.475879, -100.121011)",
NEW YORK,2017,6,1,,3,,26,,4,,3,,19,,33,,60,,95,,102,,"NEW YORK
(42.826892, -75.544286)",
PENNSYLVANIA,2017,6,,N,0,,0,,,N,,N,21,,39,,82,,152,,242,,"PENNSYLVANIA
(40.789676, -77.858055)",
OHIO,2017,6,,-,0,,0,,,-,,-,,-,35,,63,,136,,225,,"OHIO
(40.056807, -82.405897)",
IOWA,2017,6,,-,0,,1,,,-,,-,7,,18,,44,,61,,84,,"IOWA
(42.46942, -93.815856)",
OKLAHOMA,2017,6,,N,0,,0,,,N,,N,6,,20,,45,,37,,74,,"OKLAHOMA
(35.468494, -97.521264)",
MARYLAND,2017,6,,-,0,,3,,2,,,-,10,,16,,32,,75,,87,,"MARYLAND
(39.290443, -76.612333)",
UTAH,2017,6,,-,0,,1,,,-,,-,,-,8,,27,,8,,44,,"UTAH
(39.359772, -111.584173)",
PUERTO RICO,2017,6,,N,0,,0,,,N,,N,,-,1,,3,,4,,7,,"PUERTO RICO
(18.215692, -66.414655)",
COLORADO,2017,6,,N,0,,0,,,N,,N,12,,18,,45,,82,,81,,"COLORADO
(38.841772, -106.132562)",
MASSACHUSETTS,2017,6,,-,3,,50,,,-,7,,,-,26,,44,,59,,121,,"MASSACHUSETTS
(42.268546, -72.085064)",
KANSAS,2017,6,,N,0,,0,,,N,,N,,-,12,,31,,13,,51,,"KANSAS
(38.345528, -98.201847)",
WASHINGTON,2017,6,,-,0,,0,,,-,,-,20,,28,,151,,52,,54,,"WASHINGTON
(47.517368, -120.467672)",
CALIFORNIA,2017,6,,-,0,,1,,,-,,-,67,,165,,239,,754,,777,,"CALIFORNIA
(37.640735, -121.002435)",
HAWAII,2017,6,,N,0,,0,,,N,,N,3,,8,,25,,32,,39,,"HAWAII
(21.30992, -157.858158)",
MAINE,2017,6,,-,0,,10,,3,,1,,1,,4,,12,,18,,14,,"MAINE
(45.252223, -68.986647)",
MISSISSIPPI,2017,6,,N,0,,0,,,N,,N,7,,5,,13,,35,,22,,"MISSISSIPPI
(32.738663, -89.537312)",
MISSOURI,2017,6,,N,0,,0,,,N,,N,2,,23,,57,,69,,105,,"MISSOURI
(38.636168, -92.566292)",
WYOMING,2017,6,,-,0,,0,,,-,,-,,-,3,,9,,13,,9,,"WYOMING
(43.23558, -108.110518)",
UNITED STATES,2017,7,2,,14,,145,,22,,23,,385,,996,,1555,,4194,,5038,,,
NEW ENGLAND,2017,7,,-,5,,107,,3,,15,,4,,51,,98,,153,,285,,,
MID. ATLANTIC,2017,7,2,,6,,41,,15,,5,,76,,134,,229,,706,,785,,,
NEW YORK CITY,2017,7,,-,1,,9,,4,,,-,40,,33,,54,,271,,214,,,
E.N. CENTRAL,2017,7,,-,1,,7,,2,,,-,21,,143,,241,,438,,802,,,
W.N. CENTRAL,2017,7,,-,0,,1,,,-,1,,7,,72,,155,,228,,367,,,
S. ATLANTIC,2017,7,,-,0,,4,,2,,1,,62,,135,,215,,625,,825,,,
E.S. CENTRAL,2017,7,,-,0,,1,,,-,,-,12,,43,,74,,229,,276,,,
W.S. CENTRAL,2017,7,,-,0,,1,,,-,,-,71,,109,,234,,381,,210,,,
MOUNTAIN,2017,7,,-,0,,1,,,-,,-,31,,79,,143,,328,,420,,,
PACIFIC,2017,7,,-,0,,1,,,-,1,,101,,235,,341,,1106,,1068,,,
AMER. SAMOA,2017,7,,U,0,,0,,,U,,U,,-,0,,0,,,-,,-,,
KENTUCKY,2017,7,,-,0,,0,,,-,,-,3,,13,,26,,77,,89,,"KENTUCKY
(37.64591, -84.774043)",
MINNESOTA,2017,7,,-,0,,0,,,-,,-,,-,0,,1,,,-,,-,"MINNESOTA
(46.357661, -94.793397)",
MISSOURI,2017,7,,N,0,,0,,,N,,N,3,,22,,57,,82,,116,,"MISSOURI
(38.636168, -92.566292)",
SOUTH DAKOTA,2017,7,,-,0,,0,,,-,,-,,-,8,,24,,18,,43,,"SOUTH DAKOTA
(44.35371, -100.373709)",
COLORADO,2017,7,,N,0,,0,,,N,,N,15,,18,,45,,97,,91,,"COLORADO
(38.841772, -106.132562)",
HAWAII,2017,7,,N,0,,0,,,N,,N,6,,8,,25,,43,,43,,"HAWAII
(21.30992, -157.858158)",
NORTH DAKOTA,2017,7,,-,0,,0,,,-,1,,,-,0,,9,,,-,17,,"NORTH DAKOTA
(47.475879, -100.121011)",
NORTH CAROLINA,2017,7,,N,0,,0,,,N,,N,,-,26,,49,,55,,128,,"NORTH CAROLINA
(35.47995, -79.180571)",
INDIANA,2017,7,,-,0,,0,,,-,,-,,-,17,,31,,43,,85,,"INDIANA
(39.76845, -86.156212)",
ALABAMA,2017,7,,-,0,,0,,,-,,-,2,,13,,25,,49,,79,,"ALABAMA
(32.839182, -86.631125)",
C.N.M.I.,2017,7,,-,,-,,-,,-,,-,,-,,-,,-,,-,,-,"NORTHERN MARIANA ISLANDS
(15.1834, 145.725693)",
TENNESSEE,2017,7,,-,0,,1,,,-,,-,5,,13,,30,,64,,82,,"TENNESSEE
(35.681402, -85.774444)",
VIRGINIA,2017,7,,N,0,,0,,,N,,N,12,,26,,64,,87,,150,,"VIRGINIA
(37.542699, -78.45822)",
CALIFORNIA,2017,7,,-,0,,1,,,-,,-,71,,165,,239,,911,,868,,"CALIFORNIA
(37.640735, -121.002435)",
OHIO,2017,7,,-,0,,0,,,-,,-,15,,35,,63,,167,,260,,"OHIO
(40.056807, -82.405897)",
IOWA,2017,7,,-,0,,1,,,-,,-,,-,18,,44,,61,,93,,"IOWA
(42.46942, -93.815856)",
MONTANA,2017,7,,-,0,,1,,,-,,-,1,,6,,14,,27,,34,,"MONTANA
(47.062617, -109.430168)",
VERMONT,2017,7,,-,0,,5,,,-,,-,,-,4,,10,,8,,20,,"VERMONT
(43.622479, -72.51927)",
NEW JERSEY,2017,7,,-,1,,20,,5,,1,,,-,31,,65,,136,,185,,"NEW JERSEY
(40.104655, -74.386686)",
MICHIGAN,2017,7,,-,0,,1,,,-,,-,,-,27,,51,,39,,130,,"MICHIGAN
(44.66399, -84.711206)",
WASHINGTON,2017,7,,-,0,,0,,,-,,-,8,,28,,151,,57,,68,,"WASHINGTON
(47.517368, -120.467672)",
SOUTH CAROLINA,2017,7,,-,0,,1,,,-,1,,1,,6,,15,,34,,50,,"SOUTH CAROLINA
(34.009286, -81.037094)",
KANSAS,2017,7,,N,0,,0,,,N,,N,1,,12,,31,,31,,56,,"KANSAS
(38.345528, -98.201847)",
DELAWARE,2017,7,,-,0,,1,,,-,,-,,-,3,,9,,6,,15,,"DELAWARE
(39.008676, -75.574561)",
VIRGIN ISL.,2017,7,,N,0,,0,,,N,,N,,-,0,,0,,,-,,-,"VIRGIN ISLANDS
(18.060868, -64.840836)",
PENNSYLVANIA,2017,7,,N,0,,0,,,N,,N,16,,39,,82,,184,,265,,"PENNSYLVANIA
(40.789676, -77.858055)",
NEW MEXICO,2017,7,,N,0,,0,,,N,,N,,-,9,,25,,29,,42,,"NEW MEXICO
(34.520396, -106.244402)",
GUAM,2017,7,,-,0,,0,,,-,,-,,-,0,,0,,,-,,-,"GUAM
(13.3532, 144.653198)",
DIST. OF COL.,2017,7,,N,0,,0,,,N,,N,,-,0,,0,,,-,,-,"DISTRICT OF COLUMBIA
(38.892062, -77.019912)",
PUERTO RICO,2017,7,,N,0,,0,,,N,,N,,-,1,,2,,4,,7,,"PUERTO RICO
(18.215692, -66.414655)",
MASSACHUSETTS,2017,7,,-,3,,50,,,-,8,,,-,26,,44,,59,,146,,"MASSACHUSETTS
(42.268546, -72.085064)",
CONNECTICUT,2017,7,,-,2,,32,,,-,4,,1,,10,,34,,39,,62,,"CONNECTICUT
(41.544654, -72.651713)",
MISSISSIPPI,2017,7,,N,0,,0,,,N,,N,2,,5,,13,,39,,26,,"MISSISSIPPI
(32.738663, -89.537312)",
MARYLAND,2017,7,,-,0,,3,,2,,,-,5,,15,,32,,87,,102,,"MARYLAND
(39.290443, -76.612333)",
MAINE,2017,7,,-,0,,10,,3,,1,,2,,4,,12,,22,,17,,"MAINE
(45.252223, -68.986647)",
OKLAHOMA,2017,7,,N,0,,0,,,N,,N,,-,20,,45,,37,,82,,"OKLAHOMA
(35.468494, -97.521264)",
TEXAS,2017,7,,-,0,,1,,,-,,-,57,,78,,198,,255,,62,,"TEXAS
(31.827233, -99.423022)",
NEW YORK,2017,7,2,,3,,26,,6,,4,,20,,33,,60,,115,,121,,"NEW YORK
(42.826892, -75.544286)",
OREGON,2017,7,,-,0,,1,,,-,1,,15,,19,,39,,88,,81,,"OREGON
(44.567912, -120.156945)",
WYOMING,2017,7,,-,0,,0,,,-,,-,,-,3,,9,,13,,12,,"WYOMING
(43.23558, -108.110518)",
UTAH,2017,7,,-,0,,1,,,-,,-,,-,8,,27,,12,,49,,"UTAH
(39.359772, -111.584173)",
ARIZONA,2017,7,,-,0,,0,,,-,,-,11,,22,,51,,108,,129,,"ARIZONA
(34.869712, -111.760902)",
WEST VIRGINIA,2017,7,,-,0,,0,,,-,,-,,-,4,,14,,6,,19,,"WEST VIRGINIA
(38.668501, -80.709421)",
RHODE ISLAND,2017,7,,-,1,,24,,,-,2,,1,,4,,13,,7,,18,,"RHODE ISLAND
(41.707447, -71.522488)",
IDAHO,2017,7,,N,0,,0,,,N,,N,4,,8,,20,,38,,40,,"IDAHO
(43.680635, -114.364237)",
FLORIDA,2017,7,,N,0,,0,,,N,,N,38,,40,,59,,267,,254,,"FLORIDA
(28.915325, -81.922409)",
NEVADA,2017,7,,N,0,,0,,,N,,N,,-,3,,12,,4,,23,,"NEVADA
(39.491833, -117.070159)",
NEW HAMPSHIRE,2017,7,,-,0,,2,,,-,,-,,-,4,,10,,18,,22,,"NEW HAMPSHIRE
(43.657736, -71.500736)",
ARKANSAS,2017,7,,-,0,,0,,,-,,-,3,,9,,29,,40,,36,,"ARKANSAS
(34.748745, -92.275105)",
GEORGIA,2017,7,,N,0,,0,,,N,,N,6,,17,,34,,83,,107,,"GEORGIA
(32.836038, -83.631709)",
NEBRASKA,2017,7,,-,0,,1,,,-,,-,3,,10,,26,,36,,42,,"NEBRASKA
(41.640503, -99.367122)",
LOUISIANA,2017,7,,-,0,,1,,,-,,-,11,,5,,21,,49,,30,,"LOUISIANA
(31.2931, -92.463284)",
ILLINOIS,2017,7,,-,0,,1,,,-,,-,,-,37,,64,,70,,181,,"ILLINOIS
(40.477092, -88.993221)",
ALASKA,2017,7,,N,0,,0,,,N,,N,1,,2,,7,,7,,8,,"ALASKA
(64.836661, -147.738891)",
WISCONSIN,2017,7,,-,1,,7,,2,,,-,6,,30,,59,,119,,146,,"WISCONSIN
(44.395526, -89.834513)",
UNITED STATES,2017,8,,-,14,,146,,23,,25,,348,,1001,,1555,,5005,,5820,,,
NEW ENGLAND,2017,8,,-,5,,108,,4,,17,,4,,51,,98,,240,,330,,,
MID. ATLANTIC,2017,8,,-,6,,41,,15,,5,,66,,134,,229,,781,,878,,,
NEW YORK CITY,2017,8,,-,1,,9,,4,,,-,26,,34,,54,,296,,232,,,
E.N. CENTRAL,2017,8,,-,1,,7,,2,,,-,43,,149,,242,,611,,920,,,
W.N. CENTRAL,2017,8,,-,0,,1,,,-,1,,26,,72,,155,,286,,413,,,
S. ATLANTIC,2017,8,,-,0,,4,,2,,1,,50,,137,,215,,718,,953,,,
E.S. CENTRAL,2017,8,,-,0,,1,,,-,,-,11,,43,,74,,265,,309,,,
W.S. CENTRAL,2017,8,,-,0,,1,,,-,,-,38,,110,,234,,439,,243,,,
MOUNTAIN,2017,8,,-,0,,1,,,-,,-,35,,79,,143,,396,,479,,,
PACIFIC,2017,8,,-,0,,1,,,-,1,,75,,235,,341,,1269,,1295,,,
AMER. SAMOA,2017,8,,U,0,,0,,,U,,U,,-,0,,0,,,-,,-,,
ARIZONA,2017,8,,-,0,,0,,,-,,-,8,,22,,51,,120,,142,,"ARIZONA
(34.869712, -111.760902)",
GUAM,2017,8,,-,0,,0,,,-,,-,,-,0,,0,,,-,,-,"GUAM
(13.3532, 144.653198)",
OHIO,2017,8,,-,0,,0,,,-,,-,40,,35,,63,,208,,288,,"OHIO
(40.056807, -82.405897)",
VERMONT,2017,8,,-,0,,5,,,-,,-,1,,4,,10,,10,,22,,"VERMONT
(43.622479, -72.51927)",
PUERTO RICO,2017,8,,N,0,,0,,,N,,N,,-,1,,2,,4,,7,,"PUERTO RICO
(18.215692, -66.414655)",
ALASKA,2017,8,,N,0,,0,,,N,,N,2,,2,,7,,9,,9,,"ALASKA
(64.836661, -147.738891)",
ALABAMA,2017,8,,-,0,,0,,,-,,-,,-,13,,25,,52,,93,,"ALABAMA
(32.839182, -86.631125)",
NORTH CAROLINA,2017,8,,N,0,,0,,,N,,N,,-,26,,49,,77,,149,,"NORTH CAROLINA
(35.47995, -79.180571)",
CONNECTICUT,2017,8,,-,2,,32,,,-,5,,,-,10,,34,,50,,71,,"CONNECTICUT
(41.544654, -72.651713)",
WASHINGTON,2017,8,,-,0,,0,,,-,,-,,-,28,,151,,57,,116,,"WASHINGTON
(47.517368, -120.467672)",
SOUTH DAKOTA,2017,8,,-,0,,0,,,-,,-,,-,8,,24,,18,,48,,"SOUTH DAKOTA
(44.35371, -100.373709)",
ARKANSAS,2017,8,,-,0,,0,,,-,,-,3,,9,,29,,44,,40,,"ARKANSAS
(34.748745, -92.275105)",
SOUTH CAROLINA,2017,8,,-,0,,1,,,-,1,,,-,6,,15,,37,,51,,"SOUTH CAROLINA
(34.009286, -81.037094)",
MASSACHUSETTS,2017,8,,-,3,,50,,1,,9,,,-,26,,44,,104,,171,,"MASSACHUSETTS
(42.268546, -72.085064)",
WEST VIRGINIA,2017,8,,-,0,,0,,,-,,-,,-,4,,14,,11,,19,,"WEST VIRGINIA
(38.668501, -80.709421)",
CALIFORNIA,2017,8,,-,0,,1,,,-,,-,56,,165,,239,,1047,,1028,,"CALIFORNIA
(37.640735, -121.002435)",
NEVADA,2017,8,,N,0,,0,,,N,,N,1,,3,,12,,19,,25,,"NEVADA
(39.491833, -117.070159)",
VIRGIN ISL.,2017,8,,N,0,,0,,,N,,N,,-,0,,0,,,-,,-,"VIRGIN ISLANDS
(18.060868, -64.840836)",
MAINE,2017,8,,-,0,,10,,3,,1,,3,,4,,12,,28,,20,,"MAINE
(45.252223, -68.986647)",
GEORGIA,2017,8,,N,0,,0,,,N,,N,8,,17,,34,,97,,125,,"GEORGIA
(32.836038, -83.631709)",
MINNESOTA,2017,8,,-,0,,0,,,-,,-,,-,0,,1,,,-,,-,"MINNESOTA
(46.357661, -94.793397)",
FLORIDA,2017,8,,N,0,,0,,,N,,N,31,,39,,59,,299,,296,,"FLORIDA
(28.915325, -81.922409)",
DIST. OF COL.,2017,8,,N,0,,0,,,N,,N,,-,0,,0,,,-,,-,"DISTRICT OF COLUMBIA
(38.892062, -77.019912)",
MISSISSIPPI,2017,8,,N,0,,0,,,N,,N,5,,5,,13,,52,,28,,"MISSISSIPPI
(32.738663, -89.537312)",
NEW MEXICO,2017,8,,N,0,,0,,,N,,N,,-,9,,25,,38,,49,,"NEW MEXICO
(34.520396, -106.244402)",
VIRGINIA,2017,8,,N,0,,0,,,N,,N,4,,26,,64,,95,,181,,"VIRGINIA
(37.542699, -78.45822)",
TEXAS,2017,8,,-,0,,1,,,-,,-,27,,78,,204,,301,,73,,"TEXAS
(31.827233, -99.423022)",
NEW HAMPSHIRE,2017,8,,-,0,,2,,,-,,-,,-,4,,10,,31,,24,,"NEW HAMPSHIRE
(43.657736, -71.500736)",
WISCONSIN,2017,8,,-,1,,7,,2,,,-,3,,29,,59,,141,,171,,"WISCONSIN
(44.395526, -89.834513)",
IOWA,2017,8,,-,0,,1,,,-,,-,11,,18,,44,,85,,107,,"IOWA
(42.46942, -93.815856)",
HAWAII,2017,8,,N,0,,0,,,N,,N,5,,8,,25,,49,,48,,"HAWAII
(21.30992, -157.858158)",
MICHIGAN,2017,8,,-,0,,2,,,-,,-,,-,29,,51,,115,,149,,"MICHIGAN
(44.66399, -84.711206)",
DELAWARE,2017,8,,-,0,,1,,,-,,-,,-,3,,9,,6,,17,,"DELAWARE
(39.008676, -75.574561)",
OKLAHOMA,2017,8,,N,0,,0,,,N,,N,,-,20,,45,,37,,95,,"OKLAHOMA
(35.468494, -97.521264)",
LOUISIANA,2017,8,,-,0,,1,,,-,,-,8,,5,,21,,57,,35,,"LOUISIANA
(31.2931, -92.463284)",
MONTANA,2017,8,,-,0,,1,,,-,,-,2,,6,,14,,32,,40,,"MONTANA
(47.062617, -109.430168)",
MARYLAND,2017,8,,-,0,,3,,2,,,-,7,,15,,32,,96,,115,,"MARYLAND
(39.290443, -76.612333)",
INDIANA,2017,8,,-,0,,0,,,-,,-,,-,17,,31,,51,,98,,"INDIANA
(39.76845, -86.156212)",
PENNSYLVANIA,2017,8,,N,0,,0,,,N,,N,18,,39,,82,,212,,288,,"PENNSYLVANIA
(40.789676, -77.858055)",
MISSOURI,2017,8,,N,0,,0,,,N,,N,10,,22,,57,,107,,128,,"MISSOURI
(38.636168, -92.566292)",
UTAH,2017,8,,-,0,,1,,,-,,-,,-,8,,27,,15,,56,,"UTAH
(39.359772, -111.584173)",
OREGON,2017,8,,-,0,,1,,,-,1,,12,,19,,39,,107,,94,,"OREGON
(44.567912, -120.156945)",
NEW JERSEY,2017,8,,-,1,,20,,5,,1,,,-,30,,65,,136,,215,,"NEW JERSEY
(40.104655, -74.386686)",
C.N.M.I.,2017,8,,-,,-,,-,,-,,-,,-,,-,,-,,-,,-,"NORTHERN MARIANA ISLANDS
(15.1834, 145.725693)",
RHODE ISLAND,2017,8,,-,1,,24,,,-,2,,,-,4,,13,,17,,22,,"RHODE ISLAND
(41.707447, -71.522488)",
NEW YORK,2017,8,,-,3,,26,,6,,4,,22,,33,,60,,137,,143,,"NEW YORK
(42.826892, -75.544286)",
NEBRASKA,2017,8,,-,0,,1,,,-,,-,5,,10,,26,,41,,45,,"NEBRASKA
(41.640503, -99.367122)",
TENNESSEE,2017,8,,-,0,,1,,,-,,-,2,,13,,30,,76,,89,,"TENNESSEE
(35.681402, -85.774444)",
KENTUCKY,2017,8,,-,0,,0,,,-,,-,4,,13,,26,,85,,99,,"KENTUCKY
(37.64591, -84.774043)",
IDAHO,2017,8,,N,0,,0,,,N,,N,4,,8,,20,,42,,49,,"IDAHO
(43.680635, -114.364237)",
WYOMING,2017,8,,-,0,,0,,,-,,-,,-,3,,9,,13,,12,,"WYOMING
(43.23558, -108.110518)",
KANSAS,2017,8,,N,0,,0,,,N,,N,,-,12,,31,,35,,64,,"KANSAS
(38.345528, -98.201847)",
NORTH DAKOTA,2017,8,,-,0,,0,,,-,1,,,-,0,,9,,,-,21,,"NORTH DAKOTA
(47.475879, -100.121011)",
COLORADO,2017,8,,N,0,,0,,,N,,N,20,,18,,45,,117,,106,,"COLORADO
(38.841772, -106.132562)",
ILLINOIS,2017,8,,-,0,,1,,,-,,-,,-,37,,64,,96,,214,,"ILLINOIS
(40.477092, -88.993221)",
UNITED STATES,2017,9,,-,14,,146,,24,,28,,347,,1007,,1555,,5766,,6513,,,
NEW ENGLAND,2017,9,,-,5,,108,,5,,19,,15,,51,,99,,287,,360,,,
MID. ATLANTIC,2017,9,,-,6,,41,,15,,6,,67,,137,,229,,919,,983,,,
NEW YORK CITY,2017,9,,-,1,,9,,4,,,-,29,,34,,54,,325,,255,,,
E.N. CENTRAL,2017,9,,-,1,,7,,2,,,-,43,,149,,243,,711,,1034,,,
W.N. CENTRAL,2017,9,,-,0,,1,,,-,1,,27,,72,,155,,339,,483,,,
S. ATLANTIC,2017,9,,-,0,,4,,2,,1,,51,,137,,215,,811,,1079,,,
E.S. CENTRAL,2017,9,,-,0,,1,,,-,,-,21,,43,,74,,328,,342,,,
W.S. CENTRAL,2017,9,,-,0,,1,,,-,,-,28,,110,,234,,488,,274,,,
MOUNTAIN,2017,9,,-,0,,1,,,-,,-,16,,79,,143,,437,,536,,,
PACIFIC,2017,9,,-,0,,1,,,-,1,,79,,235,,341,,1446,,1422,,,
AMER. SAMOA,2017,9,,U,0,,0,,,U,,U,,-,0,,0,,,-,,-,,
OKLAHOMA,2017,9,,N,0,,0,,,N,,N,6,,20,,45,,43,,106,,"OKLAHOMA
(35.468494, -97.521264)",
LOUISIANA,2017,9,,-,0,,1,,,-,,-,7,,6,,21,,66,,43,,"LOUISIANA
(31.2931, -92.463284)",
NEBRASKA,2017,9,,-,0,,1,,,-,,-,5,,10,,26,,47,,56,,"NEBRASKA
(41.640503, -99.367122)",
SOUTH DAKOTA,2017,9,,-,0,,0,,,-,,-,,-,8,,24,,18,,56,,"SOUTH DAKOTA
(44.35371, -100.373709)",
VIRGIN ISL.,2017,9,,N,0,,0,,,N,,N,,-,0,,0,,,-,,-,"VIRGIN ISLANDS
(18.060868, -64.840836)",
NEVADA,2017,9,,N,0,,0,,,N,,N,,-,3,,12,,19,,25,,"NEVADA
(39.491833, -117.070159)",
NORTH CAROLINA,2017,9,,N,0,,0,,,N,,N,,-,26,,49,,81,,180,,"NORTH CAROLINA
(35.47995, -79.180571)",
IOWA,2017,9,,-,0,,1,,,-,,-,4,,18,,44,,92,,122,,"IOWA
(42.46942, -93.815856)",
CALIFORNIA,2017,9,,-,0,,1,,,-,,-,73,,165,,239,,1220,,1107,,"CALIFORNIA
(37.640735, -121.002435)",
ALASKA,2017,9,,N,0,,0,,,N,,N,,-,2,,7,,9,,11,,"ALASKA
(64.836661, -147.738891)",
IDAHO,2017,9,,N,0,,0,,,N,,N,3,,7,,20,,49,,63,,"IDAHO
(43.680635, -114.364237)",
NEW YORK,2017,9,,-,3,,26,,6,,4,,22,,33,,60,,160,,166,,"NEW YORK
(42.826892, -75.544286)",
MINNESOTA,2017,9,,-,0,,0,,,-,,-,,-,0,,1,,,-,,-,"MINNESOTA
(46.357661, -94.793397)",
MAINE,2017,9,,-,0,,10,,4,,1,,2,,4,,12,,30,,21,,"MAINE
(45.252223, -68.986647)",
UTAH,2017,9,,-,0,,1,,,-,,-,,-,8,,27,,16,,62,,"UTAH
(39.359772, -111.584173)",
ALABAMA,2017,9,,-,0,,0,,,-,,-,2,,13,,25,,76,,108,,"ALABAMA
(32.839182, -86.631125)",
MISSOURI,2017,9,,N,0,,0,,,N,,N,17,,22,,57,,137,,151,,"MISSOURI
(38.636168, -92.566292)",
DELAWARE,2017,9,,-,0,,1,,,-,,-,,-,3,,9,,8,,21,,"DELAWARE
(39.008676, -75.574561)",
RHODE ISLAND,2017,9,,-,1,,24,,,-,2,,,-,4,,13,,21,,24,,"RHODE ISLAND
(41.707447, -71.522488)",
MASSACHUSETTS,2017,9,,-,3,,50,,1,,11,,12,,26,,44,,133,,185,,"MASSACHUSETTS
(42.268546, -72.085064)",
DIST. OF COL.,2017,9,,N,0,,0,,,N,,N,,-,0,,0,,,-,,-,"DISTRICT OF COLUMBIA
(38.892062, -77.019912)",
TEXAS,2017,9,,-,0,,1,,,-,,-,15,,78,,210,,328,,78,,"TEXAS
(31.827233, -99.423022)",
ILLINOIS,2017,9,,-,0,,1,,,-,,-,,-,37,,64,,119,,240,,"ILLINOIS
(40.477092, -88.993221)",
NEW JERSEY,2017,9,,-,1,,20,,5,,2,,,-,31,,65,,197,,246,,"NEW JERSEY
(40.104655, -74.386686)",
OHIO,2017,9,,-,0,,0,,,-,,-,39,,36,,63,,248,,315,,"OHIO
(40.056807, -82.405897)",
FLORIDA,2017,9,,N,0,,0,,,N,,N,26,,39,,59,,326,,325,,"FLORIDA
(28.915325, -81.922409)",
KANSAS,2017,9,,N,0,,0,,,N,,N,1,,12,,31,,45,,76,,"KANSAS
(38.345528, -98.201847)",
ARKANSAS,2017,9,,-,0,,0,,,-,,-,,-,9,,29,,51,,47,,"ARKANSAS
(34.748745, -92.275105)",
CONNECTICUT,2017,9,,-,2,,32,,,-,5,,,-,10,,34,,57,,80,,"CONNECTICUT
(41.544654, -72.651713)",
TENNESSEE,2017,9,,-,0,,1,,,-,,-,4,,13,,30,,93,,95,,"TENNESSEE
(35.681402, -85.774444)",
C.N.M.I.,2017,9,,-,,-,,-,,-,,-,,-,,-,,-,,-,,-,"NORTHERN MARIANA ISLANDS
(15.1834, 145.725693)",
HAWAII,2017,9,,N,0,,0,,,N,,N,,-,8,,25,,49,,51,,"HAWAII
(21.30992, -157.858158)",
WYOMING,2017,9,,-,0,,0,,,-,,-,,-,3,,9,,18,,12,,"WYOMING
(43.23558, -108.110518)",
INDIANA,2017,9,,-,0,,0,,,-,,-,,-,17,,31,,60,,110,,"INDIANA
(39.76845, -86.156212)",
WASHINGTON,2017,9,,-,0,,0,,,-,,-,,-,25,,151,,57,,150,,"WASHINGTON
(47.517368, -120.467672)",
MICHIGAN,2017,9,,-,0,,2,,,-,,-,4,,29,,51,,143,,172,,"MICHIGAN
(44.66399, -84.711206)",
OREGON,2017,9,,-,0,,1,,,-,1,,6,,18,,37,,111,,103,,"OREGON
(44.567912, -120.156945)",
MARYLAND,2017,9,,-,0,,3,,2,,,-,8,,16,,32,,107,,136,,"MARYLAND
(39.290443, -76.612333)",
VERMONT,2017,9,,-,0,,5,,,-,,-,1,,4,,10,,12,,25,,"VERMONT
(43.622479, -72.51927)",
KENTUCKY,2017,9,,-,0,,0,,,-,,-,9,,13,,26,,97,,105,,"KENTUCKY
(37.64591, -84.774043)",
NEW HAMPSHIRE,2017,9,,-,0,,2,,,-,,-,,-,4,,11,,34,,25,,"NEW HAMPSHIRE
(43.657736, -71.500736)",
PENNSYLVANIA,2017,9,,N,0,,0,,,N,,N,16,,40,,82,,237,,316,,"PENNSYLVANIA
(40.789676, -77.858055)",
GUAM,2017,9,,-,0,,0,,,-,,-,,-,0,,0,,,-,,-,"GUAM
(13.3532, 144.653198)",
PUERTO RICO,2017,9,,N,0,,0,,,N,,N,,-,1,,2,,4,,7,,"PUERTO RICO
(18.215692, -66.414655)",
NEW MEXICO,2017,9,,N,0,,0,,,N,,N,,-,9,,25,,43,,53,,"NEW MEXICO
(34.520396, -106.244402)",
VIRGINIA,2017,9,,N,0,,0,,,N,,N,9,,26,,64,,121,,205,,"VIRGINIA
(37.542699, -78.45822)",
MISSISSIPPI,2017,9,,N,0,,0,,,N,,N,6,,6,,13,,62,,34,,"MISSISSIPPI
(32.738663, -89.537312)",
NORTH DAKOTA,2017,9,,-,0,,0,,,-,1,,,-,0,,9,,,-,22,,"NORTH DAKOTA
(47.475879, -100.121011)",
ARIZONA,2017,9,,-,0,,0,,,-,,-,10,,22,,51,,136,,156,,"ARIZONA
(34.869712, -111.760902)",
WEST VIRGINIA,2017,9,,-,0,,0,,,-,,-,,-,4,,14,,11,,19,,"WEST VIRGINIA
(38.668501, -80.709421)",
WISCONSIN,2017,9,,-,1,,7,,2,,,-,,-,29,,59,,141,,197,,"WISCONSIN
(44.395526, -89.834513)",
MONTANA,2017,9,,-,0,,1,,,-,,-,3,,6,,14,,39,,47,,"MONTANA
(47.062617, -109.430168)",
GEORGIA,2017,9,,N,0,,0,,,N,,N,7,,17,,34,,112,,138,,"GEORGIA
(32.836038, -83.631709)",
COLORADO,2017,9,,N,0,,0,,,N,,N,,-,19,,45,,117,,118,,"COLORADO
(38.841772, -106.132562)",
SOUTH CAROLINA,2017,9,,-,0,,1,,,-,1,,1,,6,,15,,45,,55,,"SOUTH CAROLINA
(34.009286, -81.037094)",
UNITED STATES,2017,10,,-,14,,146,,26,,31,,328,,1022,,1554,,6418,,7213,,,
NEW ENGLAND,2017,10,,-,5,,108,,6,,22,,6,,51,,101,,298,,404,,,
MID. ATLANTIC,2017,10,,-,6,,41,,15,,6,,,-,141,,229,,930,,1080,,,
NEW YORK CITY,2017,10,,-,1,,9,,4,,,-,,-,34,,54,,325,,278,,,
E.N. CENTRAL,2017,10,,-,1,,7,,2,,,-,32,,149,,243,,808,,1157,,,
W.N. CENTRAL,2017,10,,-,0,,1,,,-,1,,10,,72,,155,,363,,538,,,
S. ATLANTIC,2017,10,,-,0,,3,,3,,1,,75,,137,,215,,943,,1174,,,
E.S. CENTRAL,2017,10,,-,0,,1,,,-,,-,26,,43,,75,,360,,376,,,
W.S. CENTRAL,2017,10,,-,0,,1,,,-,,-,79,,111,,234,,613,,324,,,
MOUNTAIN,2017,10,,-,0,,1,,,-,,-,27,,79,,143,,481,,583,,,
PACIFIC,2017,10,,-,0,,1,,,-,1,,73,,235,,342,,1622,,1577,,,
AMER. SAMOA,2017,10,,U,0,,0,,,U,,U,,-,0,,0,,,-,,-,,
OREGON,2017,10,,-,0,,1,,,-,1,,1,,18,,37,,112,,115,,"OREGON
(44.567912, -120.156945)",
COLORADO,2017,10,,N,0,,0,,,N,,N,,-,19,,45,,117,,129,,"COLORADO
(38.841772, -106.132562)",
NORTH CAROLINA,2017,10,,N,0,,0,,,N,,N,,-,25,,49,,103,,199,,"NORTH CAROLINA
(35.47995, -79.180571)",
MISSISSIPPI,2017,10,,N,0,,0,,,N,,N,12,,6,,13,,74,,38,,"MISSISSIPPI
(32.738663, -89.537312)",
GEORGIA,2017,10,,N,0,,0,,,N,,N,17,,17,,34,,133,,155,,"GEORGIA
(32.836038, -83.631709)",
ARKANSAS,2017,10,,-,0,,0,,,-,,-,9,,9,,29,,67,,56,,"ARKANSAS
(34.748745, -92.275105)",
VIRGIN ISL.,2017,10,,N,0,,0,,,N,,N,,-,0,,0,,,-,,-,"VIRGIN ISLANDS
(18.060868, -64.840836)",
VIRGINIA,2017,10,,N,0,,0,,,N,,N,7,,26,,66,,144,,227,,"VIRGINIA
(37.542699, -78.45822)",
ALABAMA,2017,10,,-,0,,0,,,-,,-,,-,13,,25,,76,,111,,"ALABAMA
(32.839182, -86.631125)",
PUERTO RICO,2017,10,,N,0,,0,,,N,,N,,-,1,,2,,6,,8,,"PUERTO RICO
(18.215692, -66.414655)",
MISSOURI,2017,10,,N,0,,0,,,N,,N,,-,21,,57,,137,,171,,"MISSOURI
(38.636168, -92.566292)",
KENTUCKY,2017,10,,-,0,,0,,,-,,-,9,,13,,27,,111,,114,,"KENTUCKY
(37.64591, -84.774043)",
SOUTH CAROLINA,2017,10,,-,0,,1,,,-,1,,3,,6,,15,,55,,57,,"SOUTH CAROLINA
(34.009286, -81.037094)",
PENNSYLVANIA,2017,10,,N,0,,0,,,N,,N,,-,41,,82,,237,,347,,"PENNSYLVANIA
(40.789676, -77.858055)",
HAWAII,2017,10,,N,0,,0,,,N,,N,,-,8,,25,,58,,55,,"HAWAII
(21.30992, -157.858158)",
GUAM,2017,10,,-,0,,0,,,-,,-,,-,0,,0,,,-,,-,"GUAM
(13.3532, 144.653198)",
INDIANA,2017,10,,-,0,,0,,,-,,-,2,,17,,31,,83,,122,,"INDIANA
(39.76845, -86.156212)",
TENNESSEE,2017,10,,-,0,,1,,,-,,-,5,,13,,30,,99,,113,,"TENNESSEE
(35.681402, -85.774444)",
WASHINGTON,2017,10,,-,0,,0,,,-,,-,6,,24,,151,,63,,174,,"WASHINGTON
(47.517368, -120.467672)",
DELAWARE,2017,10,,-,0,,1,,,-,,-,,-,3,,9,,11,,22,,"DELAWARE
(39.008676, -75.574561)",
LOUISIANA,2017,10,,-,0,,1,,,-,,-,5,,6,,21,,71,,49,,"LOUISIANA
(31.2931, -92.463284)",
NEW HAMPSHIRE,2017,10,,-,0,,2,,,-,,-,2,,4,,12,,40,,28,,"NEW HAMPSHIRE
(43.657736, -71.500736)",
CALIFORNIA,2017,10,,-,0,,1,,,-,,-,65,,165,,239,,1379,,1221,,"CALIFORNIA
(37.640735, -121.002435)",
TEXAS,2017,10,,-,0,,1,,,-,,-,62,,78,,211,,429,,93,,"TEXAS
(31.827233, -99.423022)",
MINNESOTA,2017,10,,-,0,,0,,,-,,-,,-,0,,1,,,-,,-,"MINNESOTA
(46.357661, -94.793397)",
UTAH,2017,10,,-,0,,1,,,-,,-,,-,8,,27,,26,,68,,"UTAH
(39.359772, -111.584173)",
NEVADA,2017,10,,N,0,,0,,,N,,N,,-,3,,12,,19,,29,,"NEVADA
(39.491833, -117.070159)",
ALASKA,2017,10,,N,0,,0,,,N,,N,1,,2,,7,,10,,12,,"ALASKA
(64.836661, -147.738891)",
CONNECTICUT,2017,10,,-,2,,32,,1,,6,,2,,10,,35,,58,,86,,"CONNECTICUT
(41.544654, -72.651713)",
IDAHO,2017,10,,N,0,,0,,,N,,N,11,,7,,20,,61,,67,,"IDAHO
(43.680635, -114.364237)",
MARYLAND,2017,10,,-,0,,2,,3,,,-,8,,15,,32,,121,,146,,"MARYLAND
(39.290443, -76.612333)",
SOUTH DAKOTA,2017,10,,-,0,,0,,,-,,-,,-,7,,24,,29,,63,,"SOUTH DAKOTA
(44.35371, -100.373709)",
MASSACHUSETTS,2017,10,,-,3,,50,,1,,12,,,-,26,,44,,133,,211,,"MASSACHUSETTS
(42.268546, -72.085064)",
VERMONT,2017,10,,-,0,,5,,,-,,-,1,,4,,10,,14,,26,,"VERMONT
(43.622479, -72.51927)",
NORTH DAKOTA,2017,10,,-,0,,0,,,-,1,,,-,0,,9,,,-,25,,"NORTH DAKOTA
(47.475879, -100.121011)",
ARIZONA,2017,10,,-,0,,0,,,-,,-,15,,22,,51,,156,,168,,"ARIZONA
(34.869712, -111.760902)",
MICHIGAN,2017,10,,-,0,,2,,,-,,-,,-,29,,51,,143,,196,,"MICHIGAN
(44.66399, -84.711206)",
C.N.M.I.,2017,10,,-,,-,,-,,-,,-,,-,,-,,-,,-,,-,"NORTHERN MARIANA ISLANDS
(15.1834, 145.725693)",
MONTANA,2017,10,,-,0,,1,,,-,,-,,-,6,,14,,39,,52,,"MONTANA
(47.062617, -109.430168)",
OHIO,2017,10,,-,0,,0,,,-,,-,21,,37,,63,,269,,340,,"OHIO
(40.056807, -82.405897)",
DIST. OF COL.,2017,10,,N,0,,0,,,N,,N,,-,0,,0,,,-,,-,"DISTRICT OF COLUMBIA
(38.892062, -77.019912)",
WEST VIRGINIA,2017,10,,-,0,,0,,,-,,-,,-,4,,14,,11,,19,,"WEST VIRGINIA
(38.668501, -80.709421)",
NEBRASKA,2017,10,,-,0,,1,,,-,,-,10,,10,,26,,60,,63,,"NEBRASKA
(41.640503, -99.367122)",
NEW YORK,2017,10,,-,3,,26,,6,,4,,,-,33,,60,,160,,184,,"NEW YORK
(42.826892, -75.544286)",
WYOMING,2017,10,,-,0,,0,,,-,,-,,-,3,,9,,18,,13,,"WYOMING
(43.23558, -108.110518)",
IOWA,2017,10,,-,0,,1,,,-,,-,,-,18,,44,,92,,131,,"IOWA
(42.46942, -93.815856)",
FLORIDA,2017,10,,N,0,,0,,,N,,N,40,,39,,59,,365,,349,,"FLORIDA
(28.915325, -81.922409)",
OKLAHOMA,2017,10,,N,0,,0,,,N,,N,3,,20,,45,,46,,126,,"OKLAHOMA
(35.468494, -97.521264)",
MAINE,2017,10,,-,0,,10,,4,,1,,1,,4,,12,,32,,22,,"MAINE
(45.252223, -68.986647)",
WISCONSIN,2017,10,,-,1,,7,,2,,,-,9,,29,,59,,171,,229,,"WISCONSIN
(44.395526, -89.834513)",
KANSAS,2017,10,,N,0,,0,,,N,,N,,-,12,,31,,45,,85,,"KANSAS
(38.345528, -98.201847)",
ILLINOIS,2017,10,,-,0,,1,,,-,,-,,-,37,,64,,142,,270,,"ILLINOIS
(40.477092, -88.993221)",
NEW MEXICO,2017,10,,N,0,,0,,,N,,N,1,,9,,25,,45,,57,,"NEW MEXICO
(34.520396, -106.244402)",
NEW JERSEY,2017,10,,-,1,,20,,5,,2,,,-,31,,65,,208,,271,,"NEW JERSEY
(40.104655, -74.386686)",
RHODE ISLAND,2017,10,,-,1,,24,,,-,3,,,-,4,,13,,21,,31,,"RHODE ISLAND
(41.707447, -71.522488)",
UNITED STATES,2017,11,2,,14,,146,,31,,38,,254,,1077,,1656,,7335,,8246,,,
NEW ENGLAND,2017,11,1,,5,,108,,9,,23,,11,,51,,101,,343,,446,,,
MID. ATLANTIC,2017,11,1,,6,,41,,16,,12,,48,,175,,308,,1334,,1449,,,
NEW YORK CITY,2017,11,1,,1,,9,,5,,5,,32,,34,,54,,388,,294,,,
E.N. CENTRAL,2017,11,,-,1,,7,,2,,,-,,-,149,,243,,855,,1261,,,
W.N. CENTRAL,2017,11,,-,0,,1,,,-,1,,19,,73,,155,,454,,591,,,
S. ATLANTIC,2017,11,,-,0,,2,,3,,1,,50,,137,,217,,1031,,1280,,,
E.S. CENTRAL,2017,11,,-,0,,1,,1,,,-,13,,44,,76,,395,,412,,,
W.S. CENTRAL,2017,11,,-,0,,1,,,-,,-,95,,119,,243,,737,,438,,,
MOUNTAIN,2017,11,,-,0,,1,,,-,,-,5,,79,,143,,547,,634,,,
PACIFIC,2017,11,,-,0,,1,,,-,1,,13,,235,,342,,1639,,1735,,,
AMER. SAMOA,2017,11,,U,0,,0,,,U,,U,,-,0,,0,,,-,,-,,
MINNESOTA,2017,11,,-,0,,0,,,-,,-,,-,0,,1,,,-,,-,"MINNESOTA
(46.357661, -94.793397)",
NEW JERSEY,2017,11,,-,1,,20,,5,,3,,,-,31,,65,,249,,300,,"NEW JERSEY
(40.104655, -74.386686)",
KANSAS,2017,11,,N,0,,0,,,N,,N,,-,12,,31,,53,,96,,"KANSAS
(38.345528, -98.201847)",
OHIO,2017,11,,-,0,,0,,,-,,-,,-,37,,63,,280,,362,,"OHIO
(40.056807, -82.405897)",
VIRGINIA,2017,11,,N,0,,0,,,N,,N,8,,26,,66,,157,,252,,"VIRGINIA
(37.542699, -78.45822)",
SOUTH DAKOTA,2017,11,,-,0,,0,,,-,,-,1,,7,,24,,33,,67,,"SOUTH DAKOTA
(44.35371, -100.373709)",
MICHIGAN,2017,11,,-,0,,2,,,-,,-,,-,29,,51,,143,,210,,"MICHIGAN
(44.66399, -84.711206)",
GUAM,2017,11,,-,0,,0,,,-,,-,,-,0,,0,,,-,,-,"GUAM
(13.3532, 144.653198)",
NEW HAMPSHIRE,2017,11,,-,0,,2,,,-,,-,1,,5,,12,,45,,30,,"NEW HAMPSHIRE
(43.657736, -71.500736)",
MISSOURI,2017,11,,N,0,,0,,,N,,N,10,,23,,57,,191,,197,,"MISSOURI
(38.636168, -92.566292)",
KENTUCKY,2017,11,,-,0,,0,,,-,,-,5,,13,,27,,117,,123,,"KENTUCKY
(37.64591, -84.774043)",
NORTH CAROLINA,2017,11,,N,0,,0,,,N,,N,,-,25,,49,,129,,214,,"NORTH CAROLINA
(35.47995, -79.180571)",
ARKANSAS,2017,11,,-,0,,0,,,-,,-,12,,9,,29,,85,,64,,"ARKANSAS
(34.748745, -92.275105)",
FLORIDA,2017,11,,N,0,,0,,,N,,N,34,,39,,59,,401,,378,,"FLORIDA
(28.915325, -81.922409)",
VERMONT,2017,11,,-,0,,5,,,-,,-,1,,4,,10,,16,,29,,"VERMONT
(43.622479, -72.51927)",
NORTH DAKOTA,2017,11,,-,0,,0,,,-,1,,,-,0,,9,,,-,27,,"NORTH DAKOTA
(47.475879, -100.121011)",
TENNESSEE,2017,11,,-,0,,1,,,-,,-,4,,13,,30,,110,,125,,"TENNESSEE
(35.681402, -85.774444)",
DIST. OF COL.,2017,11,,N,0,,0,,,N,,N,,-,0,,0,,,-,,-,"DISTRICT OF COLUMBIA
(38.892062, -77.019912)",
UTAH,2017,11,,-,0,,1,,,-,,-,,-,9,,27,,53,,75,,"UTAH
(39.359772, -111.584173)",
PENNSYLVANIA,2017,11,,N,0,,0,,,N,,N,16,,78,,160,,537,,656,,"PENNSYLVANIA
(40.789676, -77.858055)",
NEBRASKA,2017,11,,-,0,,1,,,-,,-,4,,10,,25,,66,,67,,"NEBRASKA
(41.640503, -99.367122)",
VIRGIN ISL.,2017,11,,N,0,,0,,,N,,N,,-,0,,0,,,-,,-,"VIRGIN ISLANDS
(18.060868, -64.840836)",
WEST VIRGINIA,2017,11,,-,0,,0,,,-,,-,1,,4,,14,,13,,21,,"WEST VIRGINIA
(38.668501, -80.709421)",
ARIZONA,2017,11,,-,0,,0,,,-,,-,,-,22,,51,,156,,179,,"ARIZONA
(34.869712, -111.760902)",
ALASKA,2017,11,,N,0,,0,,,N,,N,,-,2,,7,,10,,12,,"ALASKA
(64.836661, -147.738891)",
NEW MEXICO,2017,11,,N,0,,0,,,N,,N,,-,9,,25,,56,,65,,"NEW MEXICO
(34.520396, -106.244402)",
IDAHO,2017,11,,N,0,,0,,,N,,N,4,,8,,20,,65,,68,,"IDAHO
(43.680635, -114.364237)",
WYOMING,2017,11,,-,0,,0,,,-,,-,,-,3,,9,,18,,14,,"WYOMING
(43.23558, -108.110518)",
MASSACHUSETTS,2017,11,,-,3,,50,,1,,12,,9,,26,,44,,167,,233,,"MASSACHUSETTS
(42.268546, -72.085064)",
COLORADO,2017,11,,N,0,,0,,,N,,N,,-,19,,45,,130,,141,,"COLORADO
(38.841772, -106.132562)",
HAWAII,2017,11,,N,0,,0,,,N,,N,2,,8,,25,,64,,57,,"HAWAII
(21.30992, -157.858158)",
ALABAMA,2017,11,,-,0,,1,,1,,,-,1,,13,,25,,90,,124,,"ALABAMA
(32.839182, -86.631125)",
OREGON,2017,11,,-,0,,1,,,-,1,,,-,18,,37,,112,,131,,"OREGON
(44.567912, -120.156945)",
PUERTO RICO,2017,11,,N,0,,0,,,N,,N,,-,1,,2,,6,,9,,"PUERTO RICO
(18.215692, -66.414655)",
WISCONSIN,2017,11,,-,1,,7,,2,,,-,,-,28,,59,,171,,255,,"WISCONSIN
(44.395526, -89.834513)",
OKLAHOMA,2017,11,,N,0,,0,,,N,,N,32,,20,,45,,75,,140,,"OKLAHOMA
(35.468494, -97.521264)",
INDIANA,2017,11,,-,0,,0,,,-,,-,,-,17,,31,,91,,140,,"INDIANA
(39.76845, -86.156212)",
TEXAS,2017,11,,-,0,,1,,,-,,-,51,,78,,218,,506,,149,,"TEXAS
(31.827233, -99.423022)",
CALIFORNIA,2017,11,,-,0,,1,,,-,,-,,-,165,,239,,1379,,1323,,"CALIFORNIA
(37.640735, -121.002435)",
NEVADA,2017,11,,N,0,,0,,,N,,N,1,,3,,12,,30,,33,,"NEVADA
(39.491833, -117.070159)",
MONTANA,2017,11,,-,0,,1,,,-,,-,,-,6,,14,,39,,59,,"MONTANA
(47.062617, -109.430168)",
C.N.M.I.,2017,11,,-,,-,,-,,-,,-,,-,,-,,-,,-,,-,"NORTHERN MARIANA ISLANDS
(15.1834, 145.725693)",
MARYLAND,2017,11,,-,0,,2,,3,,,-,4,,15,,32,,126,,159,,"MARYLAND
(39.290443, -76.612333)",
MISSISSIPPI,2017,11,,N,0,,0,,,N,,N,3,,6,,13,,78,,40,,"MISSISSIPPI
(32.738663, -89.537312)",
LOUISIANA,2017,11,,-,0,,1,,,-,,-,,-,11,,22,,71,,85,,"LOUISIANA
(31.2931, -92.463284)",
ILLINOIS,2017,11,,-,0,,1,,,-,,-,,-,37,,64,,170,,294,,"ILLINOIS
(40.477092, -88.993221)",
WASHINGTON,2017,11,,-,0,,0,,,-,,-,11,,23,,151,,74,,212,,"WASHINGTON
(47.517368, -120.467672)",
MAINE,2017,11,1,,0,,10,,5,,1,,,-,4,,12,,33,,28,,"MAINE
(45.252223, -68.986647)",
SOUTH CAROLINA,2017,11,,-,0,,1,,,-,1,,3,,7,,16,,58,,62,,"SOUTH CAROLINA
(34.009286, -81.037094)",
CONNECTICUT,2017,11,,-,2,,32,,3,,7,,,-,10,,35,,61,,93,,"CONNECTICUT
(41.544654, -72.651713)",
NEW YORK,2017,11,,-,3,,26,,6,,4,,,-,33,,60,,160,,199,,"NEW YORK
(42.826892, -75.544286)",
RHODE ISLAND,2017,11,,-,1,,24,,,-,3,,,-,4,,13,,21,,33,,"RHODE ISLAND
(41.707447, -71.522488)",
IOWA,2017,11,,-,0,,1,,,-,,-,4,,18,,44,,111,,137,,"IOWA
(42.46942, -93.815856)",
DELAWARE,2017,11,,-,0,,1,,,-,,-,,-,3,,9,,14,,23,,"DELAWARE
(39.008676, -75.574561)",
GEORGIA,2017,11,,N,0,,0,,,N,,N,,-,17,,34,,133,,171,,"GEORGIA
(32.836038, -83.631709)",
UNITED STATES,2017,12,,-,14,,146,,33,,41,,360,,1088,,1655,,8470,,8986,,,
NEW ENGLAND,2017,12,,-,6,,108,,10,,24,,5,,51,,101,,373,,476,,,
MID. ATLANTIC,2017,12,,-,5,,41,,16,,14,,53,,176,,308,,1509,,1577,,,
NEW YORK CITY,2017,12,,-,1,,9,,5,,5,,28,,34,,54,,410,,319,,,
E.N. CENTRAL,2017,12,,-,1,,7,,2,,,-,32,,149,,243,,1022,,1369,,,
W.N. CENTRAL,2017,12,,-,0,,1,,,-,1,,12,,72,,154,,501,,639,,,
S. ATLANTIC,2017,12,,-,0,,2,,3,,1,,52,,137,,215,,1167,,1365,,,
E.S. CENTRAL,2017,12,,-,0,,1,,1,,,-,25,,45,,76,,467,,448,,,
W.S. CENTRAL,2017,12,,-,0,,1,,,-,,-,51,,121,,244,,814,,530,,,
MOUNTAIN,2017,12,,-,0,,1,,,-,,-,36,,79,,143,,653,,696,,,
PACIFIC,2017,12,,-,0,,1,,1,,1,,94,,235,,341,,1964,,1886,,,
AMER. SAMOA,2017,12,,U,0,,0,,,U,,U,,-,0,,0,,,-,,-,,
WEST VIRGINIA,2017,12,,-,0,,0,,,-,,-,,-,4,,14,,13,,21,,"WEST VIRGINIA
(38.668501, -80.709421)",
IOWA,2017,12,,-,0,,1,,,-,,-,5,,18,,43,,122,,155,,"IOWA
(42.46942, -93.815856)",
MAINE,2017,12,,-,0,,10,,5,,2,,2,,4,,12,,38,,31,,"MAINE
(45.252223, -68.986647)",
MISSISSIPPI,2017,12,,N,0,,0,,,N,,N,3,,6,,15,,86,,43,,"MISSISSIPPI
(32.738663, -89.537312)",
VERMONT,2017,12,,-,0,,5,,,-,,-,,-,4,,10,,21,,31,,"VERMONT
(43.622479, -72.51927)",
CALIFORNIA,2017,12,,-,0,,1,,1,,,-,67,,165,,239,,1645,,1433,,"CALIFORNIA
(37.640735, -121.002435)",
PUERTO RICO,2017,12,,N,0,,0,,,N,,N,,-,1,,2,,6,,11,,"PUERTO RICO
(18.215692, -66.414655)",
VIRGINIA,2017,12,,N,0,,0,,,N,,N,9,,26,,66,,170,,273,,"VIRGINIA
(37.542699, -78.45822)",
SOUTH DAKOTA,2017,12,,-,0,,0,,,-,,-,,-,7,,24,,33,,69,,"SOUTH DAKOTA
(44.35371, -100.373709)",
ALASKA,2017,12,,N,0,,0,,,N,,N,,-,2,,7,,10,,12,,"ALASKA
(64.836661, -147.738891)",
TENNESSEE,2017,12,,-,0,,1,,,-,,-,4,,13,,30,,120,,133,,"TENNESSEE
(35.681402, -85.774444)",
MICHIGAN,2017,12,,-,0,,2,,,-,,-,,-,30,,51,,165,,226,,"MICHIGAN
(44.66399, -84.711206)",
NORTH CAROLINA,2017,12,,N,0,,0,,,N,,N,,-,26,,49,,148,,231,,"NORTH CAROLINA
(35.47995, -79.180571)",
GEORGIA,2017,12,,N,0,,0,,,N,,N,3,,18,,34,,175,,186,,"GEORGIA
(32.836038, -83.631709)",
TEXAS,2017,12,,-,0,,1,,,-,,-,38,,80,,220,,569,,217,,"TEXAS
(31.827233, -99.423022)",
ARKANSAS,2017,12,,-,0,,0,,,-,,-,8,,9,,29,,94,,71,,"ARKANSAS
(34.748745, -92.275105)",
UTAH,2017,12,,-,0,,1,,,-,,-,,-,9,,27,,65,,82,,"UTAH
(39.359772, -111.584173)",
NEW JERSEY,2017,12,,-,1,,20,,5,,3,,,-,32,,65,,307,,329,,"NEW JERSEY
(40.104655, -74.386686)",
NEW YORK,2017,12,,-,3,,26,,6,,6,,,-,33,,60,,210,,219,,"NEW YORK
(42.826892, -75.544286)",
MARYLAND,2017,12,,-,0,,2,,3,,,-,5,,15,,32,,138,,162,,"MARYLAND
(39.290443, -76.612333)",
NEW HAMPSHIRE,2017,12,,-,0,,2,,,-,,-,,-,5,,12,,46,,32,,"NEW HAMPSHIRE
(43.657736, -71.500736)",
MASSACHUSETTS,2017,12,,-,3,,50,,1,,12,,,-,26,,44,,167,,247,,"MASSACHUSETTS
(42.268546, -72.085064)",
MISSOURI,2017,12,,N,0,,0,,,N,,N,4,,23,,57,,207,,211,,"MISSOURI
(38.636168, -92.566292)",
OKLAHOMA,2017,12,,N,0,,0,,,N,,N,5,,21,,45,,80,,151,,"OKLAHOMA
(35.468494, -97.521264)",
WYOMING,2017,12,,-,0,,0,,,-,,-,1,,3,,9,,28,,20,,"WYOMING
(43.23558, -108.110518)",
DELAWARE,2017,12,,-,0,,1,,,-,,-,,-,3,,9,,14,,25,,"DELAWARE
(39.008676, -75.574561)",
COLORADO,2017,12,,N,0,,0,,,N,,N,17,,19,,45,,161,,162,,"COLORADO
(38.841772, -106.132562)",
PENNSYLVANIA,2017,12,,N,0,,0,,,N,,N,25,,78,,160,,582,,710,,"PENNSYLVANIA
(40.789676, -77.858055)",
C.N.M.I.,2017,12,,-,,-,,-,,-,,-,,-,,-,,-,,-,,-,"NORTHERN MARIANA ISLANDS
(15.1834, 145.725693)",
GUAM,2017,12,,-,0,,0,,,-,,-,,-,0,,0,,,-,,-,"GUAM
(13.3532, 144.653198)",
KANSAS,2017,12,,N,0,,0,,,N,,N,,-,12,,31,,69,,104,,"KANSAS
(38.345528, -98.201847)",
NEBRASKA,2017,12,,-,0,,1,,,-,,-,3,,10,,25,,70,,71,,"NEBRASKA
(41.640503, -99.367122)",
OHIO,2017,12,,-,0,,0,,,-,,-,28,,37,,63,,318,,384,,"OHIO
(40.056807, -82.405897)",
HAWAII,2017,12,,N,0,,0,,,N,,N,4,,8,,25,,70,,61,,"HAWAII
(21.30992, -157.858158)",
CONNECTICUT,2017,12,,-,2,,32,,4,,7,,1,,10,,35,,73,,99,,"CONNECTICUT
(41.544654, -72.651713)",
RHODE ISLAND,2017,12,,-,1,,24,,,-,3,,2,,4,,13,,28,,36,,"RHODE ISLAND
(41.707447, -71.522488)",
ILLINOIS,2017,12,,-,0,,1,,,-,,-,1,,37,,64,,226,,325,,"ILLINOIS
(40.477092, -88.993221)",
KENTUCKY,2017,12,,-,0,,1,,,-,,-,14,,13,,27,,140,,135,,"KENTUCKY
(37.64591, -84.774043)",
ARIZONA,2017,12,,-,0,,0,,,-,,-,15,,22,,51,,199,,194,,"ARIZONA
(34.869712, -111.760902)",
NEW MEXICO,2017,12,,N,0,,0,,,N,,N,1,,9,,25,,61,,71,,"NEW MEXICO
(34.520396, -106.244402)",
NORTH DAKOTA,2017,12,,-,0,,0,,,-,1,,,-,0,,9,,,-,29,,"NORTH DAKOTA
(47.475879, -100.121011)",
VIRGIN ISL.,2017,12,,N,0,,0,,,N,,N,,-,0,,0,,,-,,-,"VIRGIN ISLANDS
(18.060868, -64.840836)",
ALABAMA,2017,12,,-,0,,1,,1,,,-,4,,13,,25,,121,,137,,"ALABAMA
(32.839182, -86.631125)",
OREGON,2017,12,,-,0,,1,,,-,1,,1,,18,,37,,144,,146,,"OREGON
(44.567912, -120.156945)",
MONTANA,2017,12,,-,0,,1,,,-,,-,,-,6,,14,,39,,61,,"MONTANA
(47.062617, -109.430168)",
INDIANA,2017,12,,-,0,,0,,,-,,-,,-,17,,31,,118,,157,,"INDIANA
(39.76845, -86.156212)",
NEVADA,2017,12,,N,0,,0,,,N,,N,,-,3,,12,,33,,35,,"NEVADA
(39.491833, -117.070159)",
MINNESOTA,2017,12,,-,0,,0,,,-,,-,,-,0,,1,,,-,,-,"MINNESOTA
(46.357661, -94.793397)",
LOUISIANA,2017,12,,-,0,,1,,,-,,-,,-,11,,22,,71,,91,,"LOUISIANA
(31.2931, -92.463284)",
SOUTH CAROLINA,2017,12,,-,0,,1,,,-,1,,4,,7,,16,,68,,65,,"SOUTH CAROLINA
(34.009286, -81.037094)",
FLORIDA,2017,12,,N,0,,0,,,N,,N,31,,40,,59,,441,,402,,"FLORIDA
(28.915325, -81.922409)",
IDAHO,2017,12,,N,0,,0,,,N,,N,2,,8,,20,,67,,71,,"IDAHO
(43.680635, -114.364237)",
DIST. OF COL.,2017,12,,N,0,,0,,,N,,N,,-,0,,0,,,-,,-,"DISTRICT OF COLUMBIA
(38.892062, -77.019912)",
WISCONSIN,2017,12,,-,1,,7,,2,,,-,3,,28,,59,,195,,277,,"WISCONSIN
(44.395526, -89.834513)",
WASHINGTON,2017,12,,-,0,,0,,,-,,-,22,,23,,154,,95,,234,,"WASHINGTON
(47.517368, -120.467672)",
UNITED STATES,2017,13,1,,15,,144,,34,,47,,486,,1097,,1655,,9160,,9844,,,
NEW ENGLAND,2017,13,,-,6,,108,,10,,28,,4,,51,,101,,392,,515,,,
MID. ATLANTIC,2017,13,1,,6,,38,,17,,15,,73,,176,,308,,1551,,1715,,,
NEW YORK CITY,2017,13,,-,1,,9,,5,,5,,42,,34,,54,,450,,343,,,
E.N. CENTRAL,2017,13,,-,1,,7,,2,,,-,38,,149,,243,,1119,,1505,,,
W.N. CENTRAL,2017,13,,-,0,,1,,,-,1,,33,,72,,154,,558,,703,,,
S. ATLANTIC,2017,13,,-,0,,2,,3,,2,,104,,137,,216,,1302,,1488,,,
E.S. CENTRAL,2017,13,,-,0,,1,,1,,,-,7,,45,,75,,488,,480,,,
W.S. CENTRAL,2017,13,,-,0,,1,,,-,,-,88,,121,,244,,919,,627,,,
MOUNTAIN,2017,13,,-,0,,1,,,-,,-,35,,80,,143,,723,,755,,,
PACIFIC,2017,13,,-,0,,1,,1,,1,,104,,236,,341,,2108,,2056,,,
AMER. SAMOA,2017,13,,U,0,,0,,,U,,U,,-,0,,0,,,-,,-,,
TEXAS,2017,13,,-,0,,1,,,-,,-,68,,80,,220,,650,,289,,"TEXAS
(31.827233, -99.423022)",
OHIO,2017,13,,-,0,,0,,,-,,-,28,,37,,63,,347,,418,,"OHIO
(40.056807, -82.405897)",
IDAHO,2017,13,,N,0,,0,,,N,,N,7,,8,,20,,85,,76,,"IDAHO
(43.680635, -114.364237)",
MAINE,2017,13,,-,0,,10,,5,,2,,1,,4,,12,,40,,35,,"MAINE
(45.252223, -68.986647)",
MINNESOTA,2017,13,,-,0,,0,,,-,,-,,-,0,,1,,,-,,-,"MINNESOTA
(46.357661, -94.793397)",
IOWA,2017,13,,-,0,,1,,,-,,-,11,,17,,43,,139,,169,,"IOWA
(42.46942, -93.815856)",
GUAM,2017,13,,-,0,,0,,,-,,-,,-,0,,0,,,-,,-,"GUAM
(13.3532, 144.653198)",
NEW YORK,2017,13,1,,3,,26,,7,,10,,28,,33,,60,,194,,240,,"NEW YORK
(42.826892, -75.544286)",
NORTH CAROLINA,2017,13,,N,0,,0,,,N,,N,,-,26,,49,,148,,255,,"NORTH CAROLINA
(35.47995, -79.180571)",
VERMONT,2017,13,,-,0,,5,,,-,,-,2,,4,,10,,25,,34,,"VERMONT
(43.622479, -72.51927)",
NEVADA,2017,13,,N,0,,0,,,N,,N,,-,3,,12,,37,,37,,"NEVADA
(39.491833, -117.070159)",
TENNESSEE,2017,13,,-,0,,1,,,-,,-,5,,13,,31,,134,,144,,"TENNESSEE
(35.681402, -85.774444)",
NEW HAMPSHIRE,2017,13,,-,0,,2,,,-,,-,1,,5,,12,,50,,34,,"NEW HAMPSHIRE
(43.657736, -71.500736)",
MASSACHUSETTS,2017,13,,-,3,,50,,1,,13,,,-,26,,44,,167,,263,,"MASSACHUSETTS
(42.268546, -72.085064)",
INDIANA,2017,13,,-,0,,0,,,-,,-,,-,17,,31,,131,,174,,"INDIANA
(39.76845, -86.156212)",
LOUISIANA,2017,13,,-,0,,1,,,-,,-,15,,11,,23,,89,,96,,"LOUISIANA
(31.2931, -92.463284)",
C.N.M.I.,2017,13,,-,,-,,-,,-,,-,,-,,-,,-,,-,,-,"NORTHERN MARIANA ISLANDS
(15.1834, 145.725693)",
ARIZONA,2017,13,,-,0,,0,,,-,,-,12,,23,,51,,222,,218,,"ARIZONA
(34.869712, -111.760902)",
DELAWARE,2017,13,,-,0,,1,,,-,,-,,-,3,,9,,15,,26,,"DELAWARE
(39.008676, -75.574561)",
NEW MEXICO,2017,13,,N,0,,0,,,N,,N,,-,10,,27,,70,,79,,"NEW MEXICO
(34.520396, -106.244402)",
MARYLAND,2017,13,,-,0,,2,,3,,1,,6,,16,,32,,147,,178,,"MARYLAND
(39.290443, -76.612333)",
MONTANA,2017,13,,-,0,,1,,,-,,-,,-,6,,14,,39,,67,,"MONTANA
(47.062617, -109.430168)",
CONNECTICUT,2017,13,,-,2,,32,,4,,8,,,-,10,,35,,80,,109,,"CONNECTICUT
(41.544654, -72.651713)",
WYOMING,2017,13,,-,0,,0,,,-,,-,,-,3,,9,,28,,20,,"WYOMING
(43.23558, -108.110518)",
NORTH DAKOTA,2017,13,,-,0,,0,,,-,1,,,-,0,,9,,,-,34,,"NORTH DAKOTA
(47.475879, -100.121011)",
ARKANSAS,2017,13,,-,0,,0,,,-,,-,3,,9,,29,,98,,75,,"ARKANSAS
(34.748745, -92.275105)",
VIRGIN ISL.,2017,13,,N,0,,0,,,N,,N,,-,0,,0,,,-,,-,"VIRGIN ISLANDS
(18.060868, -64.840836)",
ILLINOIS,2017,13,,-,0,,1,,,-,,-,,-,37,,64,,262,,370,,"ILLINOIS
(40.477092, -88.993221)",
DIST. OF COL.,2017,13,,N,0,,0,,,N,,N,,-,0,,0,,,-,,-,"DISTRICT OF COLUMBIA
(38.892062, -77.019912)",
GEORGIA,2017,13,,N,0,,0,,,N,,N,7,,18,,34,,195,,198,,"GEORGIA
(32.836038, -83.631709)",
MISSOURI,2017,13,,N,0,,0,,,N,,N,14,,23,,57,,222,,230,,"MISSOURI
(38.636168, -92.566292)",
PUERTO RICO,2017,13,,N,0,,0,,,N,,N,,-,1,,2,,6,,12,,"PUERTO RICO
(18.215692, -66.414655)",
COLORADO,2017,13,,N,0,,0,,,N,,N,16,,18,,45,,177,,172,,"COLORADO
(38.841772, -106.132562)",
NEBRASKA,2017,13,,-,0,,1,,,-,,-,7,,10,,25,,79,,78,,"NEBRASKA
(41.640503, -99.367122)",
VIRGINIA,2017,13,,N,0,,0,,,N,,N,9,,26,,66,,187,,286,,"VIRGINIA
(37.542699, -78.45822)",
OREGON,2017,13,,-,0,,1,,,-,1,,7,,18,,37,,124,,166,,"OREGON
(44.567912, -120.156945)",
WISCONSIN,2017,13,,-,1,,7,,2,,,-,10,,28,,59,,215,,304,,"WISCONSIN
(44.395526, -89.834513)",
ALASKA,2017,13,,N,0,,0,,,N,,N,4,,2,,7,,17,,13,,"ALASKA
(64.836661, -147.738891)",
WASHINGTON,2017,13,,-,0,,0,,,-,,-,47,,23,,168,,141,,247,,"WASHINGTON
(47.517368, -120.467672)",
MISSISSIPPI,2017,13,,N,0,,0,,,N,,N,2,,6,,15,,88,,46,,"MISSISSIPPI
(32.738663, -89.537312)",
ALABAMA,2017,13,,-,0,,1,,1,,,-,,-,13,,25,,121,,145,,"ALABAMA
(32.839182, -86.631125)",
KANSAS,2017,13,,N,0,,0,,,N,,N,,-,12,,31,,72,,116,,"KANSAS
(38.345528, -98.201847)",
CALIFORNIA,2017,13,,-,0,,1,,1,,,-,46,,165,,239,,1756,,1564,,"CALIFORNIA
(37.640735, -121.002435)",
SOUTH DAKOTA,2017,13,,-,0,,0,,,-,,-,1,,7,,24,,46,,76,,"SOUTH DAKOTA
(44.35371, -100.373709)",
FLORIDA,2017,13,,N,0,,0,,,N,,N,82,,40,,59,,527,,452,,"FLORIDA
(28.915325, -81.922409)",
PENNSYLVANIA,2017,13,,N,0,,0,,,N,,N,3,,78,,160,,586,,772,,"PENNSYLVANIA
(40.789676, -77.858055)",
MICHIGAN,2017,13,,-,0,,2,,,-,,-,,-,30,,51,,164,,239,,"MICHIGAN
(44.66399, -84.711206)",
RHODE ISLAND,2017,13,,-,1,,24,,,-,5,,,-,4,,13,,30,,40,,"RHODE ISLAND
(41.707447, -71.522488)",
WEST VIRGINIA,2017,13,,-,0,,0,,,-,,-,,-,4,,14,,15,,26,,"WEST VIRGINIA
(38.668501, -80.709421)",
NEW JERSEY,2017,13,,-,1,,16,,5,,,-,,-,32,,66,,321,,360,,"NEW JERSEY
(40.104655, -74.386686)",
SOUTH CAROLINA,2017,13,,-,0,,1,,,-,1,,,-,7,,16,,68,,67,,"SOUTH CAROLINA
(34.009286, -81.037094)",
OKLAHOMA,2017,13,,N,0,,0,,,N,,N,2,,21,,45,,82,,167,,"OKLAHOMA
(35.468494, -97.521264)",
HAWAII,2017,13,,N,0,,0,,,N,,N,,-,8,,25,,70,,66,,"HAWAII
(21.30992, -157.858158)",
UTAH,2017,13,,-,0,,1,,,-,,-,,-,9,,27,,65,,86,,"UTAH
(39.359772, -111.584173)",
KENTUCKY,2017,13,,-,0,,1,,,-,,-,,-,13,,27,,145,,145,,"KENTUCKY
(37.64591, -84.774043)",
UNITED STATES,2017,14,,-,15,,146,,38,,52,,606,,1101,,1656,,10443,,10710,,,
NEW ENGLAND,2017,14,,-,6,,110,,12,,31,,8,,52,,102,,462,,555,,,
MID. ATLANTIC,2017,14,,-,6,,38,,19,,17,,70,,177,,308,,1731,,1847,,,
NEW YORK CITY,2017,14,,-,1,,9,,5,,6,,33,,35,,54,,483,,362,,,
E.N. CENTRAL,2017,14,,-,1,,7,,2,,,-,46,,150,,253,,1324,,1622,,,
W.N. CENTRAL,2017,14,,-,0,,1,,,-,1,,30,,74,,154,,615,,771,,,
S. ATLANTIC,2017,14,,-,0,,2,,3,,2,,117,,137,,216,,1491,,1605,,,
E.S. CENTRAL,2017,14,,-,0,,1,,1,,,-,16,,45,,75,,533,,524,,,
W.S. CENTRAL,2017,14,,-,0,,1,,,-,,-,69,,121,,247,,1019,,724,,,
MOUNTAIN,2017,14,,-,0,,1,,,-,,-,38,,80,,143,,805,,819,,,
PACIFIC,2017,14,,-,0,,1,,1,,1,,212,,236,,341,,2463,,2243,,,
AMER. SAMOA,2017,14,,U,0,,0,,,U,,U,,-,0,,0,,,-,,-,,
FLORIDA,2017,14,,N,0,,0,,,N,,N,80,,40,,82,,622,,485,,"FLORIDA
(28.915325, -81.922409)",
VIRGINIA,2017,14,,N,0,,0,,,N,,N,13,,26,,66,,210,,309,,"VIRGINIA
(37.542699, -78.45822)",
NEW HAMPSHIRE,2017,14,,-,0,,2,,,-,,-,,-,5,,12,,50,,38,,"NEW HAMPSHIRE
(43.657736, -71.500736)",
PENNSYLVANIA,2017,14,,N,0,,0,,,N,,N,18,,78,,160,,627,,838,,"PENNSYLVANIA
(40.789676, -77.858055)",
MAINE,2017,14,,-,0,,10,,5,,2,,,-,4,,12,,41,,35,,"MAINE
(45.252223, -68.986647)",
NEBRASKA,2017,14,,-,0,,1,,,-,,-,3,,10,,25,,85,,88,,"NEBRASKA
(41.640503, -99.367122)",
TEXAS,2017,14,,-,0,,1,,,-,,-,55,,80,,223,,734,,354,,"TEXAS
(31.827233, -99.423022)",
WEST VIRGINIA,2017,14,,-,0,,0,,,-,,-,,-,4,,14,,15,,33,,"WEST VIRGINIA
(38.668501, -80.709421)",
IDAHO,2017,14,,N,0,,0,,,N,,N,9,,8,,20,,96,,79,,"IDAHO
(43.680635, -114.364237)",
NEW JERSEY,2017,14,,-,1,,16,,5,,,-,,-,31,,66,,335,,387,,"NEW JERSEY
(40.104655, -74.386686)",
WISCONSIN,2017,14,,-,1,,7,,2,,,-,5,,28,,59,,237,,325,,"WISCONSIN
(44.395526, -89.834513)",
ALASKA,2017,14,,N,0,,0,,,N,,N,,-,2,,7,,18,,14,,"ALASKA
(64.836661, -147.738891)",
CALIFORNIA,2017,14,,-,0,,1,,1,,,-,80,,165,,239,,1920,,1698,,"CALIFORNIA
(37.640735, -121.002435)",
PUERTO RICO,2017,14,,N,0,,0,,,N,,N,,-,1,,2,,6,,12,,"PUERTO RICO
(18.215692, -66.414655)",
RHODE ISLAND,2017,14,,-,1,,25,,,-,5,,,-,4,,13,,31,,45,,"RHODE ISLAND
(41.707447, -71.522488)",
ARKANSAS,2017,14,,-,0,,0,,,-,,-,9,,9,,29,,109,,84,,"ARKANSAS
(34.748745, -92.275105)",
INDIANA,2017,14,,-,0,,0,,,-,,-,1,,17,,31,,150,,194,,"INDIANA
(39.76845, -86.156212)",
VERMONT,2017,14,,-,0,,5,,,-,,-,1,,4,,10,,26,,38,,"VERMONT
(43.622479, -72.51927)",
HAWAII,2017,14,,N,0,,0,,,N,,N,1,,8,,25,,77,,69,,"HAWAII
(21.30992, -157.858158)",
KANSAS,2017,14,,N,0,,0,,,N,,N,,-,13,,33,,84,,135,,"KANSAS
(38.345528, -98.201847)",
ALABAMA,2017,14,,-,0,,1,,1,,,-,,-,13,,25,,130,,157,,"ALABAMA
(32.839182, -86.631125)",
DIST. OF COL.,2017,14,,N,0,,0,,,N,,N,,-,0,,0,,,-,,-,"DISTRICT OF COLUMBIA
(38.892062, -77.019912)",
OHIO,2017,14,,-,0,,0,,,-,,-,40,,37,,63,,400,,442,,"OHIO
(40.056807, -82.405897)",
SOUTH CAROLINA,2017,14,,-,0,,1,,,-,1,,1,,8,,16,,77,,75,,"SOUTH CAROLINA
(34.009286, -81.037094)",
MINNESOTA,2017,14,,-,0,,0,,,-,,-,,-,0,,1,,,-,,-,"MINNESOTA
(46.357661, -94.793397)",
VIRGIN ISL.,2017,14,,N,0,,0,,,N,,N,,-,0,,0,,,-,,-,"VIRGIN ISLANDS
(18.060868, -64.840836)",
CONNECTICUT,2017,14,,-,2,,32,,4,,11,,,-,10,,35,,87,,121,,"CONNECTICUT
(41.544654, -72.651713)",
WASHINGTON,2017,14,,-,0,,0,,,-,,-,119,,23,,169,,260,,270,,"WASHINGTON
(47.517368, -120.467672)",
LOUISIANA,2017,14,,-,0,,1,,,-,,-,1,,11,,23,,90,,107,,"LOUISIANA
(31.2931, -92.463284)",
ARIZONA,2017,14,,-,0,,0,,,-,,-,14,,22,,51,,239,,246,,"ARIZONA
(34.869712, -111.760902)",
MASSACHUSETTS,2017,14,,-,3,,50,,3,,13,,7,,26,,44,,227,,278,,"MASSACHUSETTS
(42.268546, -72.085064)",
GUAM,2017,14,,-,0,,0,,,-,,-,,-,0,,0,,,-,,-,"GUAM
(13.3532, 144.653198)",
SOUTH DAKOTA,2017,14,,-,0,,0,,,-,,-,,-,7,,24,,46,,78,,"SOUTH DAKOTA
(44.35371, -100.373709)",
COLORADO,2017,14,,N,0,,0,,,N,,N,12,,18,,45,,189,,183,,"COLORADO
(38.841772, -106.132562)",
IOWA,2017,14,,-,0,,1,,,-,,-,16,,17,,43,,161,,183,,"IOWA
(42.46942, -93.815856)",
UTAH,2017,14,,-,0,,1,,,-,,-,,-,9,,27,,84,,94,,"UTAH
(39.359772, -111.584173)",
ILLINOIS,2017,14,,-,0,,1,,,-,,-,,-,37,,64,,277,,398,,"ILLINOIS
(40.477092, -88.993221)",
NEW MEXICO,2017,14,,N,0,,0,,,N,,N,,-,10,,27,,80,,84,,"NEW MEXICO
(34.520396, -106.244402)",
DELAWARE,2017,14,,-,0,,1,,,-,,-,,-,3,,9,,15,,30,,"DELAWARE
(39.008676, -75.574561)",
OREGON,2017,14,,-,0,,1,,,-,1,,12,,18,,37,,188,,192,,"OREGON
(44.567912, -120.156945)",
KENTUCKY,2017,14,,-,0,,1,,,-,,-,,-,13,,27,,155,,156,,"KENTUCKY
(37.64591, -84.774043)",
NORTH CAROLINA,2017,14,,N,0,,0,,,N,,N,,-,26,,49,,172,,277,,"NORTH CAROLINA
(35.47995, -79.180571)",
TENNESSEE,2017,14,,-,0,,1,,,-,,-,7,,13,,31,,148,,163,,"TENNESSEE
(35.681402, -85.774444)",
NEVADA,2017,14,,N,0,,0,,,N,,N,,-,3,,12,,39,,38,,"NEVADA
(39.491833, -117.070159)",
MONTANA,2017,14,,-,0,,1,,,-,,-,,-,6,,14,,41,,74,,"MONTANA
(47.062617, -109.430168)",
GEORGIA,2017,14,,N,0,,0,,,N,,N,10,,18,,34,,215,,210,,"GEORGIA
(32.836038, -83.631709)",
C.N.M.I.,2017,14,,-,,-,,-,,-,,-,,-,,-,,-,,-,,-,"NORTHERN MARIANA ISLANDS
(15.1834, 145.725693)",
NEW YORK,2017,14,,-,2,,26,,9,,11,,19,,33,,60,,286,,260,,"NEW YORK
(42.826892, -75.544286)",
NORTH DAKOTA,2017,14,,-,0,,0,,,-,1,,,-,0,,9,,,-,37,,"NORTH DAKOTA
(47.475879, -100.121011)",
MARYLAND,2017,14,,-,0,,2,,3,,1,,13,,16,,32,,165,,186,,"MARYLAND
(39.290443, -76.612333)",
WYOMING,2017,14,,-,0,,0,,,-,,-,3,,3,,9,,37,,21,,"WYOMING
(43.23558, -108.110518)",
MICHIGAN,2017,14,,-,0,,2,,,-,,-,,-,32,,54,,260,,263,,"MICHIGAN
(44.66399, -84.711206)",
MISSOURI,2017,14,,N,0,,0,,,N,,N,11,,23,,57,,239,,250,,"MISSOURI
(38.636168, -92.566292)",
MISSISSIPPI,2017,14,,N,0,,0,,,N,,N,9,,6,,15,,100,,48,,"MISSISSIPPI
(32.738663, -89.537312)",
OKLAHOMA,2017,14,,N,0,,0,,,N,,N,4,,21,,45,,86,,179,,"OKLAHOMA
(35.468494, -97.521264)",
UNITED STATES,2017,15,2,,15,,146,,40,,55,,360,,1107,,1665,,11093,,11687,,,
NEW ENGLAND,2017,15,,-,6,,110,,12,,32,,2,,52,,102,,479,,608,,,
MID. ATLANTIC,2017,15,2,,6,,38,,21,,18,,95,,177,,308,,1906,,1967,,,
NEW YORK CITY,2017,15,1,,0,,9,,6,,7,,50,,35,,54,,533,,394,,,
E.N. CENTRAL,2017,15,,-,1,,7,,2,,,-,28,,152,,256,,1417,,1789,,,
W.N. CENTRAL,2017,15,,-,0,,1,,,-,1,,24,,77,,157,,711,,833,,,
S. ATLANTIC,2017,15,,-,0,,2,,3,,2,,21,,139,,217,,1380,,1739,,,
E.S. CENTRAL,2017,15,,-,0,,1,,1,,,-,18,,45,,75,,587,,552,,,
W.S. CENTRAL,2017,15,,-,0,,1,,,-,,-,22,,121,,250,,1049,,817,,,
MOUNTAIN,2017,15,,-,0,,1,,,-,1,,34,,80,,143,,862,,891,,,
PACIFIC,2017,15,,-,0,,1,,1,,1,,116,,241,,341,,2702,,2491,,,
AMER. SAMOA,2017,15,,U,0,,0,,,U,,U,,-,0,,0,,,-,,-,,
VIRGIN ISL.,2017,15,,N,0,,0,,,N,,N,,-,0,,0,,,-,,-,"VIRGIN ISLANDS
(18.060868, -64.840836)",
MISSISSIPPI,2017,15,,N,0,,0,,,N,,N,7,,6,,15,,114,,54,,"MISSISSIPPI
(32.738663, -89.537312)",
KENTUCKY,2017,15,,-,0,,1,,,-,,-,1,,13,,27,,157,,165,,"KENTUCKY
(37.64591, -84.774043)",
TEXAS,2017,15,,-,0,,1,,,-,,-,1,,81,,223,,742,,420,,"TEXAS
(31.827233, -99.423022)",
ARKANSAS,2017,15,,-,0,,0,,,-,,-,9,,10,,29,,119,,88,,"ARKANSAS
(34.748745, -92.275105)",
MICHIGAN,2017,15,,-,0,,2,,,-,,-,,-,32,,54,,261,,290,,"MICHIGAN
(44.66399, -84.711206)",
TENNESSEE,2017,15,,-,0,,1,,,-,,-,5,,13,,31,,153,,171,,"TENNESSEE
(35.681402, -85.774444)",
WYOMING,2017,15,,-,0,,0,,,-,,-,,-,3,,9,,37,,23,,"WYOMING
(43.23558, -108.110518)",
WASHINGTON,2017,15,,-,0,,0,,,-,,-,31,,25,,169,,290,,325,,"WASHINGTON
(47.517368, -120.467672)",
SOUTH CAROLINA,2017,15,,-,0,,1,,,-,1,,,-,7,,16,,83,,78,,"SOUTH CAROLINA
(34.009286, -81.037094)",
COLORADO,2017,15,,N,0,,0,,,N,,N,18,,18,,45,,207,,201,,"COLORADO
(38.841772, -106.132562)",
OHIO,2017,15,,-,0,,0,,,-,,-,28,,37,,63,,428,,475,,"OHIO
(40.056807, -82.405897)",
PUERTO RICO,2017,15,,N,0,,0,,,N,,N,,-,1,,2,,6,,14,,"PUERTO RICO
(18.215692, -66.414655)",
NEW JERSEY,2017,15,,-,1,,16,,5,,,-,,-,31,,66,,358,,410,,"NEW JERSEY
(40.104655, -74.386686)",
MINNESOTA,2017,15,,-,0,,0,,,-,,-,,-,0,,1,,,-,,-,"MINNESOTA
(46.357661, -94.793397)",
HAWAII,2017,15,,N,0,,0,,,N,,N,2,,8,,25,,86,,77,,"HAWAII
(21.30992, -157.858158)",
GUAM,2017,15,,-,0,,0,,,-,,-,,-,0,,0,,,-,,-,"GUAM
(13.3532, 144.653198)",
INDIANA,2017,15,,-,0,,0,,,-,,-,,-,19,,36,,168,,225,,"INDIANA
(39.76845, -86.156212)",
FLORIDA,2017,15,,N,0,,0,,,N,,N,,-,39,,59,,392,,518,,"FLORIDA
(28.915325, -81.922409)",
UTAH,2017,15,,-,0,,1,,,-,1,,,-,9,,27,,85,,97,,"UTAH
(39.359772, -111.584173)",
NEW YORK,2017,15,1,,2,,26,,10,,11,,17,,33,,60,,303,,273,,"NEW YORK
(42.826892, -75.544286)",
NORTH DAKOTA,2017,15,,-,0,,0,,,-,1,,1,,3,,11,,45,,39,,"NORTH DAKOTA
(47.475879, -100.121011)",
OKLAHOMA,2017,15,,N,0,,0,,,N,,N,3,,21,,45,,89,,189,,"OKLAHOMA
(35.468494, -97.521264)",
ILLINOIS,2017,15,,-,0,,1,,,-,,-,,-,37,,64,,323,,437,,"ILLINOIS
(40.477092, -88.993221)",
NEBRASKA,2017,15,,-,0,,1,,,-,,-,6,,10,,25,,94,,97,,"NEBRASKA
(41.640503, -99.367122)",
MASSACHUSETTS,2017,15,,-,3,,50,,3,,13,,,-,26,,44,,227,,293,,"MASSACHUSETTS
(42.268546, -72.085064)",
MAINE,2017,15,,-,0,,10,,5,,2,,,-,4,,12,,41,,46,,"MAINE
(45.252223, -68.986647)",
NORTH CAROLINA,2017,15,,N,0,,0,,,N,,N,,-,27,,49,,242,,310,,"NORTH CAROLINA
(35.47995, -79.180571)",
RHODE ISLAND,2017,15,,-,1,,25,,,-,5,,,-,4,,13,,33,,46,,"RHODE ISLAND
(41.707447, -71.522488)",
VERMONT,2017,15,,-,0,,5,,,-,,-,1,,4,,10,,27,,42,,"VERMONT
(43.622479, -72.51927)",
LOUISIANA,2017,15,,-,0,,1,,,-,,-,9,,11,,23,,99,,120,,"LOUISIANA
(31.2931, -92.463284)",
NEVADA,2017,15,,N,0,,0,,,N,,N,,-,3,,12,,42,,46,,"NEVADA
(39.491833, -117.070159)",
ARIZONA,2017,15,,-,0,,0,,,-,,-,10,,22,,51,,255,,268,,"ARIZONA
(34.869712, -111.760902)",
MISSOURI,2017,15,,N,0,,0,,,N,,N,17,,23,,57,,267,,269,,"MISSOURI
(38.636168, -92.566292)",
IDAHO,2017,15,,N,0,,0,,,N,,N,4,,8,,20,,103,,85,,"IDAHO
(43.680635, -114.364237)",
NEW HAMPSHIRE,2017,15,,-,0,,2,,,-,,-,1,,5,,12,,59,,42,,"NEW HAMPSHIRE
(43.657736, -71.500736)",
NEW MEXICO,2017,15,,N,0,,0,,,N,,N,1,,10,,27,,86,,91,,"NEW MEXICO
(34.520396, -106.244402)",
PENNSYLVANIA,2017,15,,N,0,,0,,,N,,N,28,,78,,160,,712,,890,,"PENNSYLVANIA
(40.789676, -77.858055)",
OREGON,2017,15,,-,0,,1,,,-,1,,12,,18,,37,,210,,209,,"OREGON
(44.567912, -120.156945)",
GEORGIA,2017,15,,N,0,,0,,,N,,N,,-,18,,34,,215,,227,,"GEORGIA
(32.836038, -83.631709)",
CALIFORNIA,2017,15,,-,0,,1,,1,,,-,71,,165,,239,,2098,,1865,,"CALIFORNIA
(37.640735, -121.002435)",
WISCONSIN,2017,15,,-,1,,7,,2,,,-,,-,28,,59,,237,,362,,"WISCONSIN
(44.395526, -89.834513)",
C.N.M.I.,2017,15,,-,,-,,-,,-,,-,,-,,-,,-,,-,,-,"NORTHERN MARIANA ISLANDS
(15.1834, 145.725693)",
IOWA,2017,15,,-,0,,1,,,-,,-,,-,17,,43,,161,,194,,"IOWA
(42.46942, -93.815856)",
KANSAS,2017,15,,N,0,,0,,,N,,N,,-,13,,33,,93,,144,,"KANSAS
(38.345528, -98.201847)",
SOUTH DAKOTA,2017,15,,-,0,,0,,,-,,-,,-,7,,24,,51,,90,,"SOUTH DAKOTA
(44.35371, -100.373709)",
ALABAMA,2017,15,,-,0,,1,,1,,,-,5,,13,,25,,163,,162,,"ALABAMA
(32.839182, -86.631125)",
VIRGINIA,2017,15,,N,0,,0,,,N,,N,11,,27,,68,,236,,335,,"VIRGINIA
(37.542699, -78.45822)",
DELAWARE,2017,15,,-,0,,1,,,-,,-,,-,3,,9,,19,,32,,"DELAWARE
(39.008676, -75.574561)",
DIST. OF COL.,2017,15,,N,0,,0,,,N,,N,,-,0,,0,,,-,,-,"DISTRICT OF COLUMBIA
(38.892062, -77.019912)",
CONNECTICUT,2017,15,,-,2,,32,,4,,12,,,-,10,,35,,92,,139,,"CONNECTICUT
(41.544654, -72.651713)",
MARYLAND,2017,15,,-,0,,2,,3,,1,,9,,16,,32,,176,,198,,"MARYLAND
(39.290443, -76.612333)",
MONTANA,2017,15,,-,0,,1,,,-,,-,1,,6,,14,,47,,80,,"MONTANA
(47.062617, -109.430168)",
WEST VIRGINIA,2017,15,,-,0,,0,,,-,,-,1,,4,,14,,17,,41,,"WEST VIRGINIA
(38.668501, -80.709421)",
ALASKA,2017,15,,N,0,,0,,,N,,N,,-,2,,7,,18,,15,,"ALASKA
(64.836661, -147.738891)",
