Reporting Area,MMWR Year,MMWR Week,"Tetanus, Current week","Tetanus, Current week, flag","Tetanus, Previous 52 weeks Med","Tetanus, Previous 52 weeks Med, flag","Tetanus, Previous 52 weeks Max","Tetanus, Previous 52 weeks Max, flag","Tetanus, Cum 2017","Tetanus, Cum 2017, flag","Tetanus, Cum 2016","Tetanus, Cum 2016, flag","Varicella (chickenpox), Current week","Varicella (chickenpox), Current week, flag","Varicella (chickenpox), Previous 52 weeks Med","Varicella (chickenpox), Previous 52 weeks Med, flag","Varicella (chickenpox), Previous 52 weeks Max","Varicella (chickenpox), Previous 52 weeks Max, flag","Varicella (chickenpox), Cum 2017","Varicella (chickenpox), Cum 2017, flag","Varicella (chickenpox), Cum 2016","Varicella (chickenpox), Cum 2016, flag",Location 1,Location 2
UNITED STATES,2017,1,,-,1,,3,,,-,,-,38,,151,,205,,38,,163,,,
NEW ENGLAND,2017,1,,-,0,,1,,,-,,-,3,,14,,27,,3,,18,,,
MID. ATLANTIC,2017,1,,-,0,,2,,,-,,-,9,,17,,39,,9,,15,,,
NEW YORK CITY,2017,1,,-,0,,1,,,-,,-,,-,0,,0,,,-,,-,,
E.N. CENTRAL,2017,1,,-,0,,1,,,-,,-,15,,35,,70,,15,,70,,,
W.N. CENTRAL,2017,1,,-,0,,1,,,-,,-,1,,11,,29,,1,,14,,,
S. ATLANTIC,2017,1,,-,0,,1,,,-,,-,6,,23,,54,,6,,18,,,
E.S. CENTRAL,2017,1,,-,0,,1,,,-,,-,2,,2,,6,,2,,4,,,
W.S. CENTRAL,2017,1,,-,0,,1,,,-,,-,1,,25,,52,,1,,6,,,
MOUNTAIN,2017,1,,-,0,,1,,,-,,-,1,,12,,34,,1,,17,,,
PACIFIC,2017,1,,-,0,,1,,,-,,-,,-,1,,4,,,-,1,,,
AMER. SAMOA,2017,1,,-,0,,0,,,-,,-,,N,0,,0,,,N,,N,,
WYOMING,2017,1,,-,0,,0,,,-,,-,,-,0,,2,,,-,,-,"WYOMING
(43.23558, -108.110518)",
MISSOURI,2017,1,,-,0,,0,,,-,,-,,-,3,,9,,,-,9,,"MISSOURI
(38.636168, -92.566292)",
NEVADA,2017,1,,-,0,,0,,,-,,-,,N,0,,0,,,N,,N,"NEVADA
(39.491833, -117.070159)",
ILLINOIS,2017,1,,-,0,,1,,,-,,-,,-,8,,20,,,-,16,,"ILLINOIS
(40.477092, -88.993221)",
WISCONSIN,2017,1,,-,0,,0,,,-,,-,2,,2,,20,,2,,2,,"WISCONSIN
(44.395526, -89.834513)",
COLORADO,2017,1,,-,0,,0,,,-,,-,,-,0,,18,,,-,,-,"COLORADO
(38.841772, -106.132562)",
GUAM,2017,1,,-,0,,0,,,-,,-,,-,0,,0,,,-,,-,"GUAM
(13.3532, 144.653198)",
VERMONT,2017,1,,-,0,,0,,,-,,-,1,,0,,6,,1,,3,,"VERMONT
(43.622479, -72.51927)",
GEORGIA,2017,1,,-,0,,0,,,-,,-,,-,2,,7,,,-,,-,"GEORGIA
(32.836038, -83.631709)",
IOWA,2017,1,,-,0,,1,,,-,,-,,N,0,,0,,,N,,N,"IOWA
(42.46942, -93.815856)",
ARIZONA,2017,1,,-,0,,1,,,-,,-,1,,5,,13,,1,,9,,"ARIZONA
(34.869712, -111.760902)",
MONTANA,2017,1,,-,0,,0,,,-,,-,,-,1,,6,,,-,3,,"MONTANA
(47.062617, -109.430168)",
UTAH,2017,1,,-,0,,0,,,-,,-,,-,4,,18,,,-,4,,"UTAH
(39.359772, -111.584173)",
NORTH DAKOTA,2017,1,,-,0,,0,,,-,,-,,-,1,,21,,,-,3,,"NORTH DAKOTA
(47.475879, -100.121011)",
SOUTH DAKOTA,2017,1,,-,0,,0,,,-,,-,,-,0,,4,,,-,,-,"SOUTH DAKOTA
(44.35371, -100.373709)",
DELAWARE,2017,1,,-,0,,0,,,-,,-,,-,0,,3,,,-,,-,"DELAWARE
(39.008676, -75.574561)",
NEW HAMPSHIRE,2017,1,,-,0,,0,,,-,,-,,-,0,,1,,,-,,-,"NEW HAMPSHIRE
(43.657736, -71.500736)",
IDAHO,2017,1,,-,0,,0,,,-,,-,,N,0,,0,,,N,,N,"IDAHO
(43.680635, -114.364237)",
VIRGIN ISL.,2017,1,,-,0,,0,,,-,,-,,-,0,,0,,,-,,-,"VIRGIN ISLANDS
(18.060868, -64.840836)",
MAINE,2017,1,,-,0,,1,,,-,,-,2,,4,,8,,2,,4,,"MAINE
(45.252223, -68.986647)",
HAWAII,2017,1,,-,0,,0,,,-,,-,,-,0,,2,,,-,,-,"HAWAII
(21.30992, -157.858158)",
NORTH CAROLINA,2017,1,,-,0,,0,,,-,,-,,N,0,,0,,,N,,N,"NORTH CAROLINA
(35.47995, -79.180571)",
NEBRASKA,2017,1,,-,0,,0,,,-,,-,,-,0,,2,,,-,,-,"NEBRASKA
(41.640503, -99.367122)",
OREGON,2017,1,,-,0,,0,,,-,,-,,N,0,,0,,,N,,N,"OREGON
(44.567912, -120.156945)",
C.N.M.I.,2017,1,,-,,-,,-,,-,,-,,-,,-,,-,,-,,-,"NORTHERN MARIANA ISLANDS
(15.1834, 145.725693)",
SOUTH CAROLINA,2017,1,,-,0,,0,,,-,,-,,-,1,,6,,,-,3,,"SOUTH CAROLINA
(34.009286, -81.037094)",
DIST. OF COL.,2017,1,,-,0,,0,,,-,,-,,-,0,,1,,,-,,-,"DISTRICT OF COLUMBIA
(38.892062, -77.019912)",
NEW YORK,2017,1,,-,0,,1,,,-,,-,,N,0,,0,,,N,,N,"NEW YORK
(42.826892, -75.544286)",
PENNSYLVANIA,2017,1,,-,0,,1,,,-,,-,9,,11,,29,,9,,8,,"PENNSYLVANIA
(40.789676, -77.858055)",
OKLAHOMA,2017,1,,-,0,,1,,,-,,-,,N,0,,0,,,N,,N,"OKLAHOMA
(35.468494, -97.521264)",
LOUISIANA,2017,1,,-,0,,0,,,-,,-,,-,0,,5,,,-,,-,"LOUISIANA
(31.2931, -92.463284)",
MISSISSIPPI,2017,1,,-,0,,1,,,-,,-,1,,0,,2,,1,,,-,"MISSISSIPPI
(32.738663, -89.537312)",
OHIO,2017,1,,-,0,,1,,,-,,-,11,,8,,19,,11,,14,,"OHIO
(40.056807, -82.405897)",
MARYLAND,2017,1,,-,0,,1,,,-,,-,,N,0,,0,,,N,,N,"MARYLAND
(39.290443, -76.612333)",
CONNECTICUT,2017,1,,-,0,,0,,,-,,-,,-,2,,6,,,-,5,,"CONNECTICUT
(41.544654, -72.651713)",
MINNESOTA,2017,1,,-,0,,0,,,-,,-,1,,6,,14,,1,,2,,"MINNESOTA
(46.357661, -94.793397)",
KENTUCKY,2017,1,,-,0,,1,,,-,,-,,N,0,,0,,,N,,N,"KENTUCKY
(37.64591, -84.774043)",
PUERTO RICO,2017,1,,-,0,,0,,,-,,-,,-,1,,6,,,-,1,,"PUERTO RICO
(18.215692, -66.414655)",
FLORIDA,2017,1,,-,0,,1,,,-,,-,6,,14,,39,,6,,12,,"FLORIDA
(28.915325, -81.922409)",
ALABAMA,2017,1,,-,0,,1,,,-,,-,1,,1,,5,,1,,4,,"ALABAMA
(32.839182, -86.631125)",
ARKANSAS,2017,1,,-,0,,0,,,-,,-,,-,2,,12,,,-,,-,"ARKANSAS
(34.748745, -92.275105)",
NEW MEXICO,2017,1,,-,0,,0,,,-,,-,,-,0,,5,,,-,1,,"NEW MEXICO
(34.520396, -106.244402)",
TENNESSEE,2017,1,,-,0,,1,,,-,,-,,N,0,,0,,,N,,N,"TENNESSEE
(35.681402, -85.774444)",
MICHIGAN,2017,1,,-,0,,1,,,-,,-,2,,10,,31,,2,,31,,"MICHIGAN
(44.66399, -84.711206)",
VIRGINIA,2017,1,,-,0,,1,,,-,,-,,-,4,,12,,,-,1,,"VIRGINIA
(37.542699, -78.45822)",
MASSACHUSETTS,2017,1,,-,0,,0,,,-,,-,,-,5,,16,,,-,6,,"MASSACHUSETTS
(42.268546, -72.085064)",
WASHINGTON,2017,1,,-,0,,0,,,-,,-,,N,0,,0,,,N,,N,"WASHINGTON
(47.517368, -120.467672)",
KANSAS,2017,1,,-,0,,0,,,-,,-,,-,0,,0,,,-,,-,"KANSAS
(38.345528, -98.201847)",
CALIFORNIA,2017,1,,-,0,,1,,,-,,-,,-,0,,4,,,-,1,,"CALIFORNIA
(37.640735, -121.002435)",
NEW JERSEY,2017,1,,-,0,,0,,,-,,-,,-,6,,15,,,-,7,,"NEW JERSEY
(40.104655, -74.386686)",
TEXAS,2017,1,,-,0,,1,,,-,,-,1,,22,,49,,1,,6,,"TEXAS
(31.827233, -99.423022)",
ALASKA,2017,1,,-,0,,1,,,-,,-,,-,0,,2,,,-,,-,"ALASKA
(64.836661, -147.738891)",
WEST VIRGINIA,2017,1,,-,0,,0,,,-,,-,,-,0,,2,,,-,2,,"WEST VIRGINIA
(38.668501, -80.709421)",
RHODE ISLAND,2017,1,,-,0,,0,,,-,,-,,-,0,,6,,,-,,-,"RHODE ISLAND
(41.707447, -71.522488)",
INDIANA,2017,1,,-,0,,1,,,-,,-,,-,3,,9,,,-,7,,"INDIANA
(39.76845, -86.156212)",
UNITED STATES,2017,2,2,,1,,3,,2,,1,,50,,149,,205,,116,,330,,,
NEW ENGLAND,2017,2,,-,0,,1,,,-,,-,2,,13,,27,,6,,33,,,
MID. ATLANTIC,2017,2,,-,0,,2,,,-,,-,10,,17,,39,,21,,45,,,
NEW YORK CITY,2017,2,,-,0,,1,,,-,,-,,-,0,,0,,,-,,-,,
E.N. CENTRAL,2017,2,,-,0,,1,,,-,1,,13,,35,,56,,36,,111,,,
W.N. CENTRAL,2017,2,,-,0,,1,,,-,,-,2,,11,,29,,12,,29,,,
S. ATLANTIC,2017,2,1,,0,,1,,1,,,-,7,,23,,54,,13,,40,,,
E.S. CENTRAL,2017,2,,-,0,,1,,,-,,-,2,,2,,6,,4,,7,,,
W.S. CENTRAL,2017,2,,-,0,,1,,,-,,-,10,,26,,52,,14,,25,,,
MOUNTAIN,2017,2,1,,0,,1,,1,,,-,4,,11,,34,,10,,38,,,
PACIFIC,2017,2,,-,0,,1,,,-,,-,,-,1,,4,,,-,2,,,
AMER. SAMOA,2017,2,,-,0,,0,,,-,,-,,N,0,,0,,,N,,N,,
PUERTO RICO,2017,2,,-,0,,0,,,-,,-,,-,1,,6,,,-,2,,"PUERTO RICO
(18.215692, -66.414655)",
GEORGIA,2017,2,,-,0,,0,,,-,,-,,-,3,,7,,,-,,-,"GEORGIA
(32.836038, -83.631709)",
MARYLAND,2017,2,,-,0,,1,,,-,,-,,N,0,,0,,,N,,N,"MARYLAND
(39.290443, -76.612333)",
MISSOURI,2017,2,,-,0,,0,,,-,,-,2,,2,,8,,2,,10,,"MISSOURI
(38.636168, -92.566292)",
MICHIGAN,2017,2,,-,0,,1,,,-,,-,6,,10,,21,,10,,51,,"MICHIGAN
(44.66399, -84.711206)",
PENNSYLVANIA,2017,2,,-,0,,1,,,-,,-,10,,11,,29,,21,,23,,"PENNSYLVANIA
(40.789676, -77.858055)",
ALASKA,2017,2,,-,0,,1,,,-,,-,,-,0,,2,,,-,,-,"ALASKA
(64.836661, -147.738891)",
NORTH DAKOTA,2017,2,,-,0,,0,,,-,,-,,-,1,,21,,,-,5,,"NORTH DAKOTA
(47.475879, -100.121011)",
MAINE,2017,2,,-,0,,1,,,-,,-,1,,4,,8,,3,,6,,"MAINE
(45.252223, -68.986647)",
TENNESSEE,2017,2,,-,0,,1,,,-,,-,,N,0,,0,,,N,,N,"TENNESSEE
(35.681402, -85.774444)",
NEVADA,2017,2,,-,0,,0,,,-,,-,,N,0,,0,,,N,,N,"NEVADA
(39.491833, -117.070159)",
NORTH CAROLINA,2017,2,,-,0,,0,,,-,,-,,N,0,,0,,,N,,N,"NORTH CAROLINA
(35.47995, -79.180571)",
NEW MEXICO,2017,2,,-,0,,0,,,-,,-,,-,0,,5,,,-,3,,"NEW MEXICO
(34.520396, -106.244402)",
GUAM,2017,2,,-,0,,0,,,-,,-,,-,0,,0,,,-,,-,"GUAM
(13.3532, 144.653198)",
TEXAS,2017,2,,-,0,,1,,,-,,-,9,,23,,49,,12,,24,,"TEXAS
(31.827233, -99.423022)",
IOWA,2017,2,,-,0,,1,,,-,,-,,N,0,,0,,,N,,N,"IOWA
(42.46942, -93.815856)",
CONNECTICUT,2017,2,,-,0,,0,,,-,,-,,-,2,,6,,1,,9,,"CONNECTICUT
(41.544654, -72.651713)",
INDIANA,2017,2,,-,0,,1,,,-,,-,,-,3,,9,,3,,10,,"INDIANA
(39.76845, -86.156212)",
ILLINOIS,2017,2,,-,0,,1,,,-,1,,,-,8,,20,,3,,27,,"ILLINOIS
(40.477092, -88.993221)",
WYOMING,2017,2,,-,0,,0,,,-,,-,,-,0,,2,,,-,1,,"WYOMING
(43.23558, -108.110518)",
ARIZONA,2017,2,,-,0,,1,,,-,,-,4,,5,,13,,6,,18,,"ARIZONA
(34.869712, -111.760902)",
MASSACHUSETTS,2017,2,,-,0,,0,,,-,,-,,-,4,,16,,,-,14,,"MASSACHUSETTS
(42.268546, -72.085064)",
IDAHO,2017,2,1,,0,,0,,1,,,-,,N,0,,0,,,N,,N,"IDAHO
(43.680635, -114.364237)",
OHIO,2017,2,,-,0,,1,,,-,,-,4,,8,,23,,15,,21,,"OHIO
(40.056807, -82.405897)",
DIST. OF COL.,2017,2,,-,0,,0,,,-,,-,,-,0,,1,,,-,,-,"DISTRICT OF COLUMBIA
(38.892062, -77.019912)",
NEW JERSEY,2017,2,,-,0,,0,,,-,,-,,-,5,,15,,,-,22,,"NEW JERSEY
(40.104655, -74.386686)",
FLORIDA,2017,2,1,,0,,1,,1,,,-,7,,14,,39,,13,,29,,"FLORIDA
(28.915325, -81.922409)",
MONTANA,2017,2,,-,0,,0,,,-,,-,,-,0,,6,,,-,3,,"MONTANA
(47.062617, -109.430168)",
VIRGIN ISL.,2017,2,,-,0,,0,,,-,,-,,-,0,,0,,,-,,-,"VIRGIN ISLANDS
(18.060868, -64.840836)",
UTAH,2017,2,,-,0,,0,,,-,,-,,-,4,,18,,4,,13,,"UTAH
(39.359772, -111.584173)",
C.N.M.I.,2017,2,,-,,-,,-,,-,,-,,-,,-,,-,,-,,-,"NORTHERN MARIANA ISLANDS
(15.1834, 145.725693)",
CALIFORNIA,2017,2,,-,0,,1,,,-,,-,,-,0,,4,,,-,2,,"CALIFORNIA
(37.640735, -121.002435)",
MISSISSIPPI,2017,2,,-,0,,1,,,-,,-,,-,0,,2,,1,,,-,"MISSISSIPPI
(32.738663, -89.537312)",
SOUTH CAROLINA,2017,2,,-,0,,0,,,-,,-,,-,1,,6,,,-,4,,"SOUTH CAROLINA
(34.009286, -81.037094)",
COLORADO,2017,2,,-,0,,0,,,-,,-,,-,0,,18,,,-,,-,"COLORADO
(38.841772, -106.132562)",
LOUISIANA,2017,2,,-,0,,0,,,-,,-,,-,0,,5,,,-,,-,"LOUISIANA
(31.2931, -92.463284)",
OKLAHOMA,2017,2,,-,0,,1,,,-,,-,,N,0,,0,,,N,,N,"OKLAHOMA
(35.468494, -97.521264)",
KANSAS,2017,2,,-,0,,0,,,-,,-,,-,0,,0,,,-,,-,"KANSAS
(38.345528, -98.201847)",
OREGON,2017,2,,-,0,,0,,,-,,-,,N,0,,0,,,N,,N,"OREGON
(44.567912, -120.156945)",
DELAWARE,2017,2,,-,0,,0,,,-,,-,,-,0,,3,,,-,,-,"DELAWARE
(39.008676, -75.574561)",
WEST VIRGINIA,2017,2,,-,0,,0,,,-,,-,,-,0,,1,,,-,3,,"WEST VIRGINIA
(38.668501, -80.709421)",
KENTUCKY,2017,2,,-,0,,1,,,-,,-,,N,0,,0,,,N,,N,"KENTUCKY
(37.64591, -84.774043)",
SOUTH DAKOTA,2017,2,,-,0,,0,,,-,,-,,-,0,,4,,,-,1,,"SOUTH DAKOTA
(44.35371, -100.373709)",
WISCONSIN,2017,2,,-,0,,0,,,-,,-,3,,2,,20,,5,,2,,"WISCONSIN
(44.395526, -89.834513)",
NEW HAMPSHIRE,2017,2,,-,0,,0,,,-,,-,,-,0,,1,,,-,,-,"NEW HAMPSHIRE
(43.657736, -71.500736)",
WASHINGTON,2017,2,,-,0,,0,,,-,,-,,N,0,,0,,,N,,N,"WASHINGTON
(47.517368, -120.467672)",
VERMONT,2017,2,,-,0,,0,,,-,,-,1,,0,,6,,2,,3,,"VERMONT
(43.622479, -72.51927)",
ARKANSAS,2017,2,,-,0,,0,,,-,,-,1,,2,,12,,2,,1,,"ARKANSAS
(34.748745, -92.275105)",
MINNESOTA,2017,2,,-,0,,0,,,-,,-,,-,6,,14,,10,,12,,"MINNESOTA
(46.357661, -94.793397)",
NEBRASKA,2017,2,,-,0,,0,,,-,,-,,-,0,,2,,,-,1,,"NEBRASKA
(41.640503, -99.367122)",
ALABAMA,2017,2,,-,0,,1,,,-,,-,2,,1,,5,,3,,7,,"ALABAMA
(32.839182, -86.631125)",
NEW YORK,2017,2,,-,0,,1,,,-,,-,,N,0,,0,,,N,,N,"NEW YORK
(42.826892, -75.544286)",
HAWAII,2017,2,,-,0,,0,,,-,,-,,-,0,,2,,,-,,-,"HAWAII
(21.30992, -157.858158)",
VIRGINIA,2017,2,,-,0,,1,,,-,,-,,-,4,,12,,,-,4,,"VIRGINIA
(37.542699, -78.45822)",
RHODE ISLAND,2017,2,,-,0,,0,,,-,,-,,-,0,,6,,,-,1,,"RHODE ISLAND
(41.707447, -71.522488)",
UNITED STATES,2017,3,,-,1,,3,,2,,1,,71,,149,,205,,231,,468,,,
NEW ENGLAND,2017,3,,-,0,,1,,,-,,-,7,,14,,27,,18,,49,,,
MID. ATLANTIC,2017,3,,-,0,,2,,,-,,-,3,,16,,39,,26,,60,,,
NEW YORK CITY,2017,3,,-,0,,1,,,-,,-,,-,0,,0,,,-,,-,,
E.N. CENTRAL,2017,3,,-,0,,1,,,-,1,,24,,34,,56,,82,,156,,,
W.N. CENTRAL,2017,3,,-,0,,1,,,-,,-,1,,11,,29,,16,,41,,,
S. ATLANTIC,2017,3,,-,0,,1,,1,,,-,12,,23,,54,,28,,64,,,
E.S. CENTRAL,2017,3,,-,0,,1,,,-,,-,2,,2,,6,,7,,9,,,
W.S. CENTRAL,2017,3,,-,0,,1,,,-,,-,8,,26,,52,,28,,37,,,
MOUNTAIN,2017,3,,-,0,,1,,1,,,-,14,,11,,34,,25,,50,,,
PACIFIC,2017,3,,-,0,,1,,,-,,-,,-,1,,4,,1,,2,,,
AMER. SAMOA,2017,3,,-,0,,0,,,-,,-,,N,0,,0,,,N,,N,,
C.N.M.I.,2017,3,,-,,-,,-,,-,,-,,-,,-,,-,,-,,-,"NORTHERN MARIANA ISLANDS
(15.1834, 145.725693)",
ARIZONA,2017,3,,-,0,,1,,,-,,-,2,,5,,13,,9,,26,,"ARIZONA
(34.869712, -111.760902)",
MISSOURI,2017,3,,-,0,,0,,,-,,-,1,,3,,8,,5,,13,,"MISSOURI
(38.636168, -92.566292)",
NORTH DAKOTA,2017,3,,-,0,,0,,,-,,-,,-,0,,21,,,-,6,,"NORTH DAKOTA
(47.475879, -100.121011)",
MICHIGAN,2017,3,,-,0,,1,,,-,,-,4,,10,,21,,24,,72,,"MICHIGAN
(44.66399, -84.711206)",
MINNESOTA,2017,3,,-,0,,0,,,-,,-,,-,6,,14,,11,,18,,"MINNESOTA
(46.357661, -94.793397)",
ALABAMA,2017,3,,-,0,,1,,,-,,-,2,,1,,5,,6,,8,,"ALABAMA
(32.839182, -86.631125)",
WYOMING,2017,3,,-,0,,0,,,-,,-,,-,0,,2,,,-,1,,"WYOMING
(43.23558, -108.110518)",
FLORIDA,2017,3,,-,0,,1,,1,,,-,11,,13,,39,,24,,38,,"FLORIDA
(28.915325, -81.922409)",
WASHINGTON,2017,3,,-,0,,0,,,-,,-,,N,0,,0,,,N,,N,"WASHINGTON
(47.517368, -120.467672)",
RHODE ISLAND,2017,3,,-,0,,0,,,-,,-,,-,0,,6,,,-,2,,"RHODE ISLAND
(41.707447, -71.522488)",
DELAWARE,2017,3,,-,0,,0,,,-,,-,,-,0,,3,,,-,2,,"DELAWARE
(39.008676, -75.574561)",
VIRGIN ISL.,2017,3,,-,0,,0,,,-,,-,,-,0,,0,,,-,,-,"VIRGIN ISLANDS
(18.060868, -64.840836)",
PUERTO RICO,2017,3,,-,0,,0,,,-,,-,,-,1,,6,,,-,2,,"PUERTO RICO
(18.215692, -66.414655)",
SOUTH CAROLINA,2017,3,,-,0,,0,,,-,,-,,-,1,,6,,,-,4,,"SOUTH CAROLINA
(34.009286, -81.037094)",
MAINE,2017,3,,-,0,,1,,,-,,-,6,,4,,8,,9,,9,,"MAINE
(45.252223, -68.986647)",
CALIFORNIA,2017,3,,-,0,,1,,,-,,-,,-,0,,4,,,-,2,,"CALIFORNIA
(37.640735, -121.002435)",
UTAH,2017,3,,-,0,,0,,,-,,-,,-,3,,18,,4,,17,,"UTAH
(39.359772, -111.584173)",
PENNSYLVANIA,2017,3,,-,0,,1,,,-,,-,3,,11,,29,,26,,31,,"PENNSYLVANIA
(40.789676, -77.858055)",
ALASKA,2017,3,,-,0,,1,,,-,,-,,-,0,,2,,1,,,-,"ALASKA
(64.836661, -147.738891)",
IOWA,2017,3,,-,0,,1,,,-,,-,,N,0,,0,,,N,,N,"IOWA
(42.46942, -93.815856)",
MASSACHUSETTS,2017,3,,-,0,,0,,,-,,-,,-,4,,16,,2,,21,,"MASSACHUSETTS
(42.268546, -72.085064)",
NEW HAMPSHIRE,2017,3,,-,0,,0,,,-,,-,,-,0,,1,,,-,,-,"NEW HAMPSHIRE
(43.657736, -71.500736)",
OKLAHOMA,2017,3,,-,0,,1,,,-,,-,,N,0,,0,,,N,,N,"OKLAHOMA
(35.468494, -97.521264)",
NEVADA,2017,3,,-,0,,0,,,-,,-,,N,0,,0,,,N,,N,"NEVADA
(39.491833, -117.070159)",
OHIO,2017,3,,-,0,,1,,,-,,-,18,,8,,23,,33,,30,,"OHIO
(40.056807, -82.405897)",
CONNECTICUT,2017,3,,-,0,,0,,,-,,-,1,,2,,6,,4,,13,,"CONNECTICUT
(41.544654, -72.651713)",
ILLINOIS,2017,3,,-,0,,0,,,-,1,,,-,8,,20,,5,,36,,"ILLINOIS
(40.477092, -88.993221)",
MISSISSIPPI,2017,3,,-,0,,1,,,-,,-,,-,0,,2,,1,,1,,"MISSISSIPPI
(32.738663, -89.537312)",
GUAM,2017,3,,-,0,,0,,,-,,-,,-,0,,0,,,-,,-,"GUAM
(13.3532, 144.653198)",
MONTANA,2017,3,,-,0,,0,,,-,,-,,-,0,,6,,,-,3,,"MONTANA
(47.062617, -109.430168)",
DIST. OF COL.,2017,3,,-,0,,0,,,-,,-,,-,0,,1,,,-,,-,"DISTRICT OF COLUMBIA
(38.892062, -77.019912)",
VIRGINIA,2017,3,,-,0,,1,,,-,,-,1,,4,,12,,1,,12,,"VIRGINIA
(37.542699, -78.45822)",
INDIANA,2017,3,,-,0,,1,,,-,,-,,-,4,,9,,9,,14,,"INDIANA
(39.76845, -86.156212)",
NORTH CAROLINA,2017,3,,-,0,,0,,,-,,-,,N,0,,0,,,N,,N,"NORTH CAROLINA
(35.47995, -79.180571)",
HAWAII,2017,3,,-,0,,0,,,-,,-,,-,0,,3,,,-,,-,"HAWAII
(21.30992, -157.858158)",
WISCONSIN,2017,3,,-,0,,0,,,-,,-,2,,2,,20,,11,,4,,"WISCONSIN
(44.395526, -89.834513)",
TENNESSEE,2017,3,,-,0,,1,,,-,,-,,N,0,,0,,,N,,N,"TENNESSEE
(35.681402, -85.774444)",
TEXAS,2017,3,,-,0,,1,,,-,,-,8,,23,,49,,24,,35,,"TEXAS
(31.827233, -99.423022)",
KANSAS,2017,3,,-,0,,0,,,-,,-,,-,0,,0,,,-,,-,"KANSAS
(38.345528, -98.201847)",
KENTUCKY,2017,3,,-,0,,1,,,-,,-,,N,0,,0,,,N,,N,"KENTUCKY
(37.64591, -84.774043)",
GEORGIA,2017,3,,-,0,,0,,,-,,-,,-,3,,7,,3,,5,,"GEORGIA
(32.836038, -83.631709)",
VERMONT,2017,3,,-,0,,0,,,-,,-,,-,0,,6,,3,,4,,"VERMONT
(43.622479, -72.51927)",
NEBRASKA,2017,3,,-,0,,0,,,-,,-,,-,0,,2,,,-,3,,"NEBRASKA
(41.640503, -99.367122)",
ARKANSAS,2017,3,,-,0,,0,,,-,,-,,-,2,,12,,3,,2,,"ARKANSAS
(34.748745, -92.275105)",
NEW YORK,2017,3,,-,0,,1,,,-,,-,,N,0,,0,,,N,,N,"NEW YORK
(42.826892, -75.544286)",
COLORADO,2017,3,,-,0,,0,,,-,,-,12,,0,,18,,12,,,-,"COLORADO
(38.841772, -106.132562)",
IDAHO,2017,3,,-,0,,1,,1,,,-,,N,0,,0,,,N,,N,"IDAHO
(43.680635, -114.364237)",
OREGON,2017,3,,-,0,,0,,,-,,-,,N,0,,0,,,N,,N,"OREGON
(44.567912, -120.156945)",
SOUTH DAKOTA,2017,3,,-,0,,0,,,-,,-,,-,0,,4,,,-,1,,"SOUTH DAKOTA
(44.35371, -100.373709)",
WEST VIRGINIA,2017,3,,-,0,,0,,,-,,-,,-,0,,1,,,-,3,,"WEST VIRGINIA
(38.668501, -80.709421)",
NEW MEXICO,2017,3,,-,0,,0,,,-,,-,,-,0,,5,,,-,3,,"NEW MEXICO
(34.520396, -106.244402)",
NEW JERSEY,2017,3,,-,0,,0,,,-,,-,,-,5,,15,,,-,29,,"NEW JERSEY
(40.104655, -74.386686)",
LOUISIANA,2017,3,,-,0,,0,,,-,,-,,-,0,,5,,1,,,-,"LOUISIANA
(31.2931, -92.463284)",
MARYLAND,2017,3,,-,0,,1,,,-,,-,,N,0,,0,,,N,,N,"MARYLAND
(39.290443, -76.612333)",
UNITED STATES,2017,4,,-,1,,3,,2,,1,,75,,149,,205,,359,,664,,,
NEW ENGLAND,2017,4,,-,0,,1,,,-,,-,8,,14,,27,,39,,58,,,
MID. ATLANTIC,2017,4,,-,0,,2,,,-,,-,9,,16,,39,,40,,82,,,
NEW YORK CITY,2017,4,,-,0,,1,,,-,,-,,-,0,,0,,,-,,-,,
E.N. CENTRAL,2017,4,,-,0,,1,,,-,1,,19,,33,,56,,108,,197,,,
W.N. CENTRAL,2017,4,,-,0,,1,,,-,,-,3,,11,,29,,23,,49,,,
S. ATLANTIC,2017,4,,-,0,,1,,1,,,-,23,,23,,54,,53,,106,,,
E.S. CENTRAL,2017,4,,-,0,,1,,,-,,-,3,,2,,6,,11,,14,,,
W.S. CENTRAL,2017,4,,-,0,,1,,,-,,-,6,,26,,56,,47,,80,,,
MOUNTAIN,2017,4,,-,0,,1,,1,,,-,4,,11,,34,,36,,75,,,
PACIFIC,2017,4,,-,0,,1,,,-,,-,,-,1,,4,,2,,3,,,
AMER. SAMOA,2017,4,,-,0,,0,,,-,,-,,N,0,,0,,,N,,N,,
COLORADO,2017,4,,-,0,,0,,,-,,-,,-,0,,18,,12,,,-,"COLORADO
(38.841772, -106.132562)",
TEXAS,2017,4,,-,0,,1,,,-,,-,6,,23,,53,,43,,65,,"TEXAS
(31.827233, -99.423022)",
VIRGIN ISL.,2017,4,,-,0,,0,,,-,,-,,-,0,,0,,,-,,-,"VIRGIN ISLANDS
(18.060868, -64.840836)",
FLORIDA,2017,4,,-,0,,1,,1,,,-,21,,13,,39,,45,,73,,"FLORIDA
(28.915325, -81.922409)",
WISCONSIN,2017,4,,-,0,,0,,,-,,-,5,,2,,20,,15,,4,,"WISCONSIN
(44.395526, -89.834513)",
KENTUCKY,2017,4,,-,0,,1,,,-,,-,,N,0,,0,,,N,,N,"KENTUCKY
(37.64591, -84.774043)",
CALIFORNIA,2017,4,,-,0,,1,,,-,,-,,-,0,,4,,1,,2,,"CALIFORNIA
(37.640735, -121.002435)",
ARIZONA,2017,4,,-,0,,1,,,-,,-,4,,5,,13,,14,,31,,"ARIZONA
(34.869712, -111.760902)",
IOWA,2017,4,,-,0,,1,,,-,,-,,N,0,,0,,,N,,N,"IOWA
(42.46942, -93.815856)",
GUAM,2017,4,,-,0,,0,,,-,,-,,-,0,,0,,,-,,-,"GUAM
(13.3532, 144.653198)",
NEW YORK,2017,4,,-,0,,1,,,-,,-,,N,0,,0,,,N,,N,"NEW YORK
(42.826892, -75.544286)",
MASSACHUSETTS,2017,4,,-,0,,0,,,-,,-,,-,4,,16,,10,,23,,"MASSACHUSETTS
(42.268546, -72.085064)",
PUERTO RICO,2017,4,,-,0,,0,,,-,,-,,-,1,,6,,,-,3,,"PUERTO RICO
(18.215692, -66.414655)",
MICHIGAN,2017,4,,-,0,,1,,,-,,-,1,,10,,19,,27,,86,,"MICHIGAN
(44.66399, -84.711206)",
NEVADA,2017,4,,-,0,,0,,,-,,-,,N,0,,0,,,N,,N,"NEVADA
(39.491833, -117.070159)",
DIST. OF COL.,2017,4,,-,0,,0,,,-,,-,,-,0,,1,,,-,,-,"DISTRICT OF COLUMBIA
(38.892062, -77.019912)",
HAWAII,2017,4,,-,0,,0,,,-,,-,,-,0,,3,,,-,,-,"HAWAII
(21.30992, -157.858158)",
MARYLAND,2017,4,,-,0,,1,,,-,,-,,N,0,,0,,,N,,N,"MARYLAND
(39.290443, -76.612333)",
OREGON,2017,4,,-,0,,0,,,-,,-,,N,0,,0,,,N,,N,"OREGON
(44.567912, -120.156945)",
KANSAS,2017,4,,-,0,,0,,,-,,-,,-,0,,0,,,-,,-,"KANSAS
(38.345528, -98.201847)",
SOUTH CAROLINA,2017,4,,-,0,,0,,,-,,-,2,,1,,6,,4,,7,,"SOUTH CAROLINA
(34.009286, -81.037094)",
IDAHO,2017,4,,-,0,,1,,1,,,-,,N,0,,0,,,N,,N,"IDAHO
(43.680635, -114.364237)",
MINNESOTA,2017,4,,-,0,,0,,,-,,-,,-,6,,15,,13,,19,,"MINNESOTA
(46.357661, -94.793397)",
MONTANA,2017,4,,-,0,,0,,,-,,-,,-,1,,6,,1,,6,,"MONTANA
(47.062617, -109.430168)",
MAINE,2017,4,,-,0,,1,,,-,,-,3,,4,,8,,14,,10,,"MAINE
(45.252223, -68.986647)",
ARKANSAS,2017,4,,-,0,,0,,,-,,-,,-,2,,12,,3,,10,,"ARKANSAS
(34.748745, -92.275105)",
NEW JERSEY,2017,4,,-,0,,0,,,-,,-,,-,5,,15,,,-,32,,"NEW JERSEY
(40.104655, -74.386686)",
NEW HAMPSHIRE,2017,4,,-,0,,0,,,-,,-,,-,0,,1,,,-,,-,"NEW HAMPSHIRE
(43.657736, -71.500736)",
ILLINOIS,2017,4,,-,0,,0,,,-,1,,,-,7,,20,,9,,48,,"ILLINOIS
(40.477092, -88.993221)",
VIRGINIA,2017,4,,-,0,,1,,,-,,-,,-,4,,12,,1,,14,,"VIRGINIA
(37.542699, -78.45822)",
NEW MEXICO,2017,4,,-,0,,0,,,-,,-,,-,0,,5,,2,,3,,"NEW MEXICO
(34.520396, -106.244402)",
SOUTH DAKOTA,2017,4,,-,0,,0,,,-,,-,,-,0,,4,,,-,1,,"SOUTH DAKOTA
(44.35371, -100.373709)",
WASHINGTON,2017,4,,-,0,,0,,,-,,-,,N,0,,0,,,N,,N,"WASHINGTON
(47.517368, -120.467672)",
MISSOURI,2017,4,,-,0,,0,,,-,,-,3,,3,,8,,9,,17,,"MISSOURI
(38.636168, -92.566292)",
NORTH DAKOTA,2017,4,,-,0,,0,,,-,,-,,-,0,,21,,1,,8,,"NORTH DAKOTA
(47.475879, -100.121011)",
LOUISIANA,2017,4,,-,0,,0,,,-,,-,,-,0,,5,,1,,5,,"LOUISIANA
(31.2931, -92.463284)",
TENNESSEE,2017,4,,-,0,,1,,,-,,-,,N,0,,0,,,N,,N,"TENNESSEE
(35.681402, -85.774444)",
INDIANA,2017,4,,-,0,,1,,,-,,-,,-,3,,9,,11,,17,,"INDIANA
(39.76845, -86.156212)",
WEST VIRGINIA,2017,4,,-,0,,0,,,-,,-,,-,0,,1,,,-,3,,"WEST VIRGINIA
(38.668501, -80.709421)",
NEBRASKA,2017,4,,-,0,,0,,,-,,-,,-,0,,2,,,-,4,,"NEBRASKA
(41.640503, -99.367122)",
CONNECTICUT,2017,4,,-,0,,0,,,-,,-,,-,2,,6,,7,,17,,"CONNECTICUT
(41.544654, -72.651713)",
UTAH,2017,4,,-,0,,0,,,-,,-,,-,3,,18,,7,,34,,"UTAH
(39.359772, -111.584173)",
PENNSYLVANIA,2017,4,,-,0,,1,,,-,,-,9,,12,,29,,40,,50,,"PENNSYLVANIA
(40.789676, -77.858055)",
ALABAMA,2017,4,,-,0,,1,,,-,,-,3,,1,,5,,10,,13,,"ALABAMA
(32.839182, -86.631125)",
DELAWARE,2017,4,,-,0,,0,,,-,,-,,-,0,,3,,,-,2,,"DELAWARE
(39.008676, -75.574561)",
GEORGIA,2017,4,,-,0,,0,,,-,,-,,-,3,,7,,3,,7,,"GEORGIA
(32.836038, -83.631709)",
RHODE ISLAND,2017,4,,-,0,,0,,,-,,-,2,,0,,6,,2,,3,,"RHODE ISLAND
(41.707447, -71.522488)",
OHIO,2017,4,,-,0,,1,,,-,,-,13,,8,,23,,46,,42,,"OHIO
(40.056807, -82.405897)",
VERMONT,2017,4,,-,0,,0,,,-,,-,3,,0,,6,,6,,5,,"VERMONT
(43.622479, -72.51927)",
OKLAHOMA,2017,4,,-,0,,1,,,-,,-,,N,0,,0,,,N,,N,"OKLAHOMA
(35.468494, -97.521264)",
WYOMING,2017,4,,-,0,,0,,,-,,-,,-,0,,2,,,-,1,,"WYOMING
(43.23558, -108.110518)",
NORTH CAROLINA,2017,4,,-,0,,0,,,-,,-,,N,0,,0,,,N,,N,"NORTH CAROLINA
(35.47995, -79.180571)",
ALASKA,2017,4,,-,0,,1,,,-,,-,,-,0,,2,,1,,1,,"ALASKA
(64.836661, -147.738891)",
C.N.M.I.,2017,4,,-,,-,,-,,-,,-,,-,,-,,-,,-,,-,"NORTHERN MARIANA ISLANDS
(15.1834, 145.725693)",
MISSISSIPPI,2017,4,,-,0,,1,,,-,,-,,-,0,,2,,1,,1,,"MISSISSIPPI
(32.738663, -89.537312)",
UNITED STATES,2017,5,,-,1,,3,,3,,2,,73,,145,,205,,483,,815,,,
NEW ENGLAND,2017,5,,-,0,,1,,,-,,-,5,,14,,27,,45,,73,,,
MID. ATLANTIC,2017,5,,-,0,,2,,,-,,-,4,,16,,39,,51,,97,,,
NEW YORK CITY,2017,5,,-,0,,1,,,-,,-,,-,0,,0,,,-,,-,,
E.N. CENTRAL,2017,5,,-,0,,1,,,-,1,,11,,33,,56,,127,,237,,,
W.N. CENTRAL,2017,5,,-,0,,1,,1,,,-,3,,11,,29,,36,,53,,,
S. ATLANTIC,2017,5,,-,0,,1,,1,,,-,3,,23,,54,,60,,132,,,
E.S. CENTRAL,2017,5,,-,0,,1,,,-,,-,1,,2,,6,,13,,17,,,
W.S. CENTRAL,2017,5,,-,0,,1,,,-,,-,28,,25,,61,,86,,99,,,
MOUNTAIN,2017,5,,-,0,,1,,1,,1,,18,,11,,34,,57,,103,,,
ARKANSAS,2017,5,,-,0,,0,,,-,,-,1,,2,,12,,5,,12,,"ARKANSAS
(34.748745, -92.275105)",
PACIFIC,2017,5,,-,0,,1,,,-,,-,,-,1,,4,,8,,4,,,
AMER. SAMOA,2017,5,,-,0,,0,,,-,,-,,N,0,,0,,,N,,N,,
KANSAS,2017,5,,-,0,,0,,,-,,-,,-,0,,0,,,-,,-,"KANSAS
(38.345528, -98.201847)",
MAINE,2017,5,,-,0,,1,,,-,,-,2,,4,,9,,17,,13,,"MAINE
(45.252223, -68.986647)",
ILLINOIS,2017,5,,-,0,,0,,,-,1,,,-,7,,20,,10,,58,,"ILLINOIS
(40.477092, -88.993221)",
OREGON,2017,5,,-,0,,0,,,-,,-,,N,0,,0,,,N,,N,"OREGON
(44.567912, -120.156945)",
WISCONSIN,2017,5,,-,0,,0,,,-,,-,2,,2,,20,,17,,4,,"WISCONSIN
(44.395526, -89.834513)",
IDAHO,2017,5,,-,0,,1,,1,,,-,,N,0,,0,,,N,,N,"IDAHO
(43.680635, -114.364237)",
OKLAHOMA,2017,5,,-,0,,1,,,-,,-,,N,0,,0,,,N,,N,"OKLAHOMA
(35.468494, -97.521264)",
COLORADO,2017,5,,-,0,,0,,,-,,-,13,,0,,18,,25,,,-,"COLORADO
(38.841772, -106.132562)",
ALASKA,2017,5,,-,0,,1,,,-,,-,,-,0,,2,,2,,1,,"ALASKA
(64.836661, -147.738891)",
DELAWARE,2017,5,,-,0,,0,,,-,,-,,-,0,,3,,1,,2,,"DELAWARE
(39.008676, -75.574561)",
PENNSYLVANIA,2017,5,,-,0,,1,,,-,,-,4,,12,,29,,50,,59,,"PENNSYLVANIA
(40.789676, -77.858055)",
NEW MEXICO,2017,5,,-,0,,0,,,-,,-,,-,1,,5,,3,,3,,"NEW MEXICO
(34.520396, -106.244402)",
WASHINGTON,2017,5,,-,0,,0,,,-,,-,,N,0,,0,,,N,,N,"WASHINGTON
(47.517368, -120.467672)",
CONNECTICUT,2017,5,,-,0,,0,,,-,,-,2,,2,,6,,9,,19,,"CONNECTICUT
(41.544654, -72.651713)",
MASSACHUSETTS,2017,5,,-,0,,0,,,-,,-,,-,4,,16,,10,,30,,"MASSACHUSETTS
(42.268546, -72.085064)",
VERMONT,2017,5,,-,0,,0,,,-,,-,,-,0,,6,,6,,8,,"VERMONT
(43.622479, -72.51927)",
UTAH,2017,5,,-,0,,0,,,-,,-,,-,3,,18,,7,,52,,"UTAH
(39.359772, -111.584173)",
PUERTO RICO,2017,5,,-,0,,0,,,-,,-,,-,1,,6,,2,,5,,"PUERTO RICO
(18.215692, -66.414655)",
RHODE ISLAND,2017,5,,-,0,,0,,,-,,-,1,,0,,6,,3,,3,,"RHODE ISLAND
(41.707447, -71.522488)",
NEW JERSEY,2017,5,,-,0,,0,,,-,,-,,-,5,,15,,1,,38,,"NEW JERSEY
(40.104655, -74.386686)",
KENTUCKY,2017,5,,-,0,,1,,,-,,-,,N,0,,0,,,N,,N,"KENTUCKY
(37.64591, -84.774043)",
MICHIGAN,2017,5,,-,0,,1,,,-,,-,2,,10,,19,,32,,104,,"MICHIGAN
(44.66399, -84.711206)",
VIRGIN ISL.,2017,5,,-,0,,0,,,-,,-,,-,0,,0,,,-,,-,"VIRGIN ISLANDS
(18.060868, -64.840836)",
TENNESSEE,2017,5,,-,0,,1,,,-,,-,,N,0,,0,,,N,,N,"TENNESSEE
(35.681402, -85.774444)",
NORTH CAROLINA,2017,5,,-,0,,0,,,-,,-,,N,0,,0,,,N,,N,"NORTH CAROLINA
(35.47995, -79.180571)",
NEW HAMPSHIRE,2017,5,,-,0,,0,,,-,,-,,-,0,,1,,,-,,-,"NEW HAMPSHIRE
(43.657736, -71.500736)",
TEXAS,2017,5,,-,0,,1,,,-,,-,27,,22,,58,,80,,81,,"TEXAS
(31.827233, -99.423022)",
LOUISIANA,2017,5,,-,0,,0,,,-,,-,,-,0,,4,,1,,6,,"LOUISIANA
(31.2931, -92.463284)",
OHIO,2017,5,,-,0,,1,,,-,,-,7,,8,,23,,53,,49,,"OHIO
(40.056807, -82.405897)",
HAWAII,2017,5,,-,0,,0,,,-,,-,,-,0,,3,,2,,1,,"HAWAII
(21.30992, -157.858158)",
MARYLAND,2017,5,,-,0,,1,,,-,,-,,N,0,,0,,,N,,N,"MARYLAND
(39.290443, -76.612333)",
INDIANA,2017,5,,-,0,,1,,,-,,-,,-,4,,9,,15,,22,,"INDIANA
(39.76845, -86.156212)",
VIRGINIA,2017,5,,-,0,,1,,,-,,-,,-,4,,12,,1,,16,,"VIRGINIA
(37.542699, -78.45822)",
IOWA,2017,5,,-,0,,1,,,-,,-,,N,0,,0,,,N,,N,"IOWA
(42.46942, -93.815856)",
WYOMING,2017,5,,-,0,,0,,,-,,-,,-,0,,2,,,-,1,,"WYOMING
(43.23558, -108.110518)",
FLORIDA,2017,5,,-,0,,1,,1,,,-,,-,13,,39,,45,,93,,"FLORIDA
(28.915325, -81.922409)",
C.N.M.I.,2017,5,,-,,-,,-,,-,,-,,-,,-,,-,,-,,-,"NORTHERN MARIANA ISLANDS
(15.1834, 145.725693)",
MONTANA,2017,5,,-,0,,0,,,-,,-,,-,1,,6,,2,,10,,"MONTANA
(47.062617, -109.430168)",
NEW YORK,2017,5,,-,0,,1,,,-,,-,,N,0,,0,,,N,,N,"NEW YORK
(42.826892, -75.544286)",
CALIFORNIA,2017,5,,-,0,,1,,,-,,-,,-,0,,4,,4,,2,,"CALIFORNIA
(37.640735, -121.002435)",
SOUTH CAROLINA,2017,5,,-,0,,0,,,-,,-,3,,1,,6,,8,,8,,"SOUTH CAROLINA
(34.009286, -81.037094)",
MISSOURI,2017,5,,-,0,,0,,,-,,-,1,,3,,8,,12,,18,,"MISSOURI
(38.636168, -92.566292)",
DIST. OF COL.,2017,5,,-,0,,0,,,-,,-,,-,0,,1,,,-,,-,"DISTRICT OF COLUMBIA
(38.892062, -77.019912)",
GEORGIA,2017,5,,-,0,,0,,,-,,-,,-,3,,7,,5,,10,,"GEORGIA
(32.836038, -83.631709)",
SOUTH DAKOTA,2017,5,,-,0,,0,,,-,,-,,-,0,,4,,,-,1,,"SOUTH DAKOTA
(44.35371, -100.373709)",
NORTH DAKOTA,2017,5,,-,0,,0,,,-,,-,,-,0,,21,,1,,8,,"NORTH DAKOTA
(47.475879, -100.121011)",
ALABAMA,2017,5,,-,0,,1,,,-,,-,1,,1,,5,,12,,16,,"ALABAMA
(32.839182, -86.631125)",
NEVADA,2017,5,,-,0,,0,,,-,,-,,N,0,,0,,,N,,N,"NEVADA
(39.491833, -117.070159)",
WEST VIRGINIA,2017,5,,-,0,,0,,,-,,-,,-,0,,1,,,-,3,,"WEST VIRGINIA
(38.668501, -80.709421)",
GUAM,2017,5,,-,0,,0,,,-,,-,,-,0,,0,,,-,,-,"GUAM
(13.3532, 144.653198)",
MISSISSIPPI,2017,5,,-,0,,1,,,-,,-,,-,0,,2,,1,,1,,"MISSISSIPPI
(32.738663, -89.537312)",
ARIZONA,2017,5,,-,0,,1,,,-,1,,5,,5,,13,,20,,37,,"ARIZONA
(34.869712, -111.760902)",
NEBRASKA,2017,5,,-,0,,1,,1,,,-,,-,0,,2,,,-,4,,"NEBRASKA
(41.640503, -99.367122)",
MINNESOTA,2017,5,,-,0,,0,,,-,,-,2,,6,,15,,23,,22,,"MINNESOTA
(46.357661, -94.793397)",
UNITED STATES,2017,6,,-,1,,3,,4,,2,,57,,142,,206,,608,,986,,,
NEW ENGLAND,2017,6,,-,0,,1,,,-,,-,8,,14,,27,,53,,95,,,
MID. ATLANTIC,2017,6,,-,0,,2,,,-,,-,3,,17,,39,,68,,107,,,
NEW YORK CITY,2017,6,,-,0,,1,,,-,,-,,-,0,,0,,,-,,-,,
E.N. CENTRAL,2017,6,,-,0,,1,,,-,1,,6,,34,,56,,154,,266,,,
W.N. CENTRAL,2017,6,,-,0,,1,,1,,,-,4,,11,,29,,50,,65,,,
S. ATLANTIC,2017,6,,-,0,,1,,1,,,-,15,,23,,54,,83,,186,,,
E.S. CENTRAL,2017,6,,-,0,,1,,,-,,-,,-,2,,6,,14,,22,,,
W.S. CENTRAL,2017,6,,-,0,,1,,,-,,-,18,,26,,61,,111,,128,,,
MOUNTAIN,2017,6,,-,0,,1,,2,,1,,3,,11,,34,,66,,110,,,
PACIFIC,2017,6,,-,0,,1,,,-,,-,,-,1,,4,,9,,7,,,
AMER. SAMOA,2017,6,,-,0,,0,,,-,,-,,N,0,,0,,,N,,N,,
WASHINGTON,2017,6,,-,0,,0,,,-,,-,,N,0,,0,,,N,,N,"WASHINGTON
(47.517368, -120.467672)",
NEW HAMPSHIRE,2017,6,,-,0,,0,,,-,,-,,-,0,,4,,,-,7,,"NEW HAMPSHIRE
(43.657736, -71.500736)",
VERMONT,2017,6,,-,0,,0,,,-,,-,,-,0,,6,,6,,14,,"VERMONT
(43.622479, -72.51927)",
MAINE,2017,6,,-,0,,1,,,-,,-,2,,4,,9,,19,,19,,"MAINE
(45.252223, -68.986647)",
SOUTH CAROLINA,2017,6,,-,0,,0,,,-,,-,1,,1,,8,,14,,9,,"SOUTH CAROLINA
(34.009286, -81.037094)",
WEST VIRGINIA,2017,6,,-,0,,0,,,-,,-,,-,0,,1,,,-,3,,"WEST VIRGINIA
(38.668501, -80.709421)",
KANSAS,2017,6,,-,0,,0,,,-,,-,,-,0,,0,,,-,,-,"KANSAS
(38.345528, -98.201847)",
NEBRASKA,2017,6,,-,0,,1,,1,,,-,,-,0,,2,,,-,5,,"NEBRASKA
(41.640503, -99.367122)",
RHODE ISLAND,2017,6,,-,0,,0,,,-,,-,5,,0,,6,,8,,3,,"RHODE ISLAND
(41.707447, -71.522488)",
ARIZONA,2017,6,,-,0,,0,,,-,1,,2,,5,,13,,27,,41,,"ARIZONA
(34.869712, -111.760902)",
NORTH CAROLINA,2017,6,,-,0,,0,,,-,,-,,N,0,,0,,,N,,N,"NORTH CAROLINA
(35.47995, -79.180571)",
CALIFORNIA,2017,6,,-,0,,1,,,-,,-,,-,0,,4,,4,,3,,"CALIFORNIA
(37.640735, -121.002435)",
SOUTH DAKOTA,2017,6,,-,0,,0,,,-,,-,,-,0,,4,,2,,4,,"SOUTH DAKOTA
(44.35371, -100.373709)",
VIRGINIA,2017,6,,-,0,,1,,,-,,-,,-,4,,12,,1,,23,,"VIRGINIA
(37.542699, -78.45822)",
NORTH DAKOTA,2017,6,,-,0,,0,,,-,,-,,-,0,,21,,1,,8,,"NORTH DAKOTA
(47.475879, -100.121011)",
COLORADO,2017,6,,-,0,,0,,,-,,-,1,,0,,18,,26,,,-,"COLORADO
(38.841772, -106.132562)",
ALABAMA,2017,6,,-,0,,1,,,-,,-,,-,1,,5,,13,,21,,"ALABAMA
(32.839182, -86.631125)",
C.N.M.I.,2017,6,,-,,-,,-,,-,,-,,-,,-,,-,,-,,-,"NORTHERN MARIANA ISLANDS
(15.1834, 145.725693)",
UTAH,2017,6,,-,0,,0,,,-,,-,,-,3,,10,,8,,55,,"UTAH
(39.359772, -111.584173)",
OREGON,2017,6,,-,0,,0,,,-,,-,,N,0,,0,,,N,,N,"OREGON
(44.567912, -120.156945)",
WYOMING,2017,6,,-,0,,0,,,-,,-,,-,0,,2,,,-,1,,"WYOMING
(43.23558, -108.110518)",
MASSACHUSETTS,2017,6,,-,0,,0,,,-,,-,,-,4,,16,,10,,32,,"MASSACHUSETTS
(42.268546, -72.085064)",
ALASKA,2017,6,,-,0,,1,,,-,,-,,-,0,,2,,3,,1,,"ALASKA
(64.836661, -147.738891)",
MISSISSIPPI,2017,6,,-,0,,1,,,-,,-,,-,0,,2,,1,,1,,"MISSISSIPPI
(32.738663, -89.537312)",
TENNESSEE,2017,6,,-,0,,1,,,-,,-,,N,0,,0,,,N,,N,"TENNESSEE
(35.681402, -85.774444)",
DIST. OF COL.,2017,6,,-,0,,0,,,-,,-,,-,0,,1,,,-,,-,"DISTRICT OF COLUMBIA
(38.892062, -77.019912)",
FLORIDA,2017,6,,-,0,,1,,1,,,-,14,,12,,39,,62,,132,,"FLORIDA
(28.915325, -81.922409)",
MARYLAND,2017,6,,-,0,,1,,,-,,-,,N,0,,0,,,N,,N,"MARYLAND
(39.290443, -76.612333)",
GUAM,2017,6,,-,0,,0,,,-,,-,,-,0,,0,,,-,,-,"GUAM
(13.3532, 144.653198)",
HAWAII,2017,6,,-,0,,0,,,-,,-,,-,0,,3,,2,,3,,"HAWAII
(21.30992, -157.858158)",
GEORGIA,2017,6,,-,0,,0,,,-,,-,,-,3,,7,,5,,17,,"GEORGIA
(32.836038, -83.631709)",
IDAHO,2017,6,,-,0,,1,,1,,,-,,N,0,,0,,,N,,N,"IDAHO
(43.680635, -114.364237)",
PUERTO RICO,2017,6,,-,0,,0,,,-,,-,,-,1,,6,,2,,6,,"PUERTO RICO
(18.215692, -66.414655)",
KENTUCKY,2017,6,,-,0,,1,,,-,,-,,N,0,,0,,,N,,N,"KENTUCKY
(37.64591, -84.774043)",
NEW YORK,2017,6,,-,0,,1,,,-,,-,,N,0,,0,,,N,,N,"NEW YORK
(42.826892, -75.544286)",
OKLAHOMA,2017,6,,-,0,,1,,,-,,-,,N,0,,0,,,N,,N,"OKLAHOMA
(35.468494, -97.521264)",
TEXAS,2017,6,,-,0,,1,,,-,,-,17,,23,,58,,103,,106,,"TEXAS
(31.827233, -99.423022)",
IOWA,2017,6,,-,0,,1,,,-,,-,,N,0,,0,,,N,,N,"IOWA
(42.46942, -93.815856)",
VIRGIN ISL.,2017,6,,-,0,,0,,,-,,-,,-,0,,0,,,-,,-,"VIRGIN ISLANDS
(18.060868, -64.840836)",
ILLINOIS,2017,6,,-,0,,0,,,-,1,,2,,7,,20,,21,,66,,"ILLINOIS
(40.477092, -88.993221)",
LOUISIANA,2017,6,,-,0,,0,,,-,,-,,-,0,,4,,1,,7,,"LOUISIANA
(31.2931, -92.463284)",
MONTANA,2017,6,,-,0,,0,,,-,,-,,-,0,,6,,2,,10,,"MONTANA
(47.062617, -109.430168)",
WISCONSIN,2017,6,,-,0,,0,,,-,,-,2,,3,,20,,22,,4,,"WISCONSIN
(44.395526, -89.834513)",
DELAWARE,2017,6,,-,0,,0,,,-,,-,,-,0,,3,,1,,2,,"DELAWARE
(39.008676, -75.574561)",
CONNECTICUT,2017,6,,-,0,,0,,,-,,-,1,,2,,6,,10,,20,,"CONNECTICUT
(41.544654, -72.651713)",
NEVADA,2017,6,,-,0,,1,,1,,,-,,N,0,,0,,,N,,N,"NEVADA
(39.491833, -117.070159)",
NEW JERSEY,2017,6,,-,0,,0,,,-,,-,,-,5,,15,,13,,38,,"NEW JERSEY
(40.104655, -74.386686)",
NEW MEXICO,2017,6,,-,0,,0,,,-,,-,,-,1,,5,,3,,3,,"NEW MEXICO
(34.520396, -106.244402)",
INDIANA,2017,6,,-,0,,1,,,-,,-,,-,3,,9,,17,,25,,"INDIANA
(39.76845, -86.156212)",
MISSOURI,2017,6,,-,0,,0,,,-,,-,3,,3,,8,,22,,20,,"MISSOURI
(38.636168, -92.566292)",
MINNESOTA,2017,6,,-,0,,0,,,-,,-,1,,6,,16,,25,,28,,"MINNESOTA
(46.357661, -94.793397)",
PENNSYLVANIA,2017,6,,-,0,,1,,,-,,-,3,,12,,29,,55,,69,,"PENNSYLVANIA
(40.789676, -77.858055)",
OHIO,2017,6,,-,0,,1,,,-,,-,,-,8,,23,,53,,54,,"OHIO
(40.056807, -82.405897)",
MICHIGAN,2017,6,,-,0,,1,,,-,,-,2,,9,,19,,41,,117,,"MICHIGAN
(44.66399, -84.711206)",
ARKANSAS,2017,6,,-,0,,0,,,-,,-,1,,2,,12,,7,,15,,"ARKANSAS
(34.748745, -92.275105)",
UNITED STATES,2017,7,1,,1,,3,,5,,2,,76,,140,,206,,742,,1147,,,
NEW ENGLAND,2017,7,,-,0,,1,,,-,,-,4,,13,,27,,61,,111,,,
MID. ATLANTIC,2017,7,,-,0,,2,,,-,,-,9,,17,,39,,81,,126,,,
NEW YORK CITY,2017,7,,-,0,,1,,,-,,-,,-,0,,0,,,-,,-,,
E.N. CENTRAL,2017,7,,-,0,,1,,,-,1,,14,,33,,56,,179,,294,,,
W.N. CENTRAL,2017,7,,-,0,,1,,1,,,-,4,,11,,29,,63,,78,,,
S. ATLANTIC,2017,7,1,,0,,1,,2,,,-,30,,22,,40,,120,,217,,,
E.S. CENTRAL,2017,7,,-,0,,1,,,-,,-,,-,1,,6,,14,,23,,,
W.S. CENTRAL,2017,7,,-,0,,1,,,-,,-,11,,25,,61,,131,,161,,,
MOUNTAIN,2017,7,,-,0,,1,,2,,1,,4,,11,,34,,81,,127,,,
PACIFIC,2017,7,,-,0,,1,,,-,,-,,-,1,,4,,12,,10,,,
AMER. SAMOA,2017,7,,-,0,,0,,,-,,-,,N,0,,0,,,N,,N,,
IDAHO,2017,7,,-,0,,1,,1,,,-,,N,0,,0,,,N,,N,"IDAHO
(43.680635, -114.364237)",
VERMONT,2017,7,,-,0,,0,,,-,,-,,-,0,,4,,6,,14,,"VERMONT
(43.622479, -72.51927)",
ALASKA,2017,7,,-,0,,1,,,-,,-,,-,0,,2,,3,,2,,"ALASKA
(64.836661, -147.738891)",
MAINE,2017,7,,-,0,,1,,,-,,-,2,,4,,9,,22,,20,,"MAINE
(45.252223, -68.986647)",
VIRGINIA,2017,7,,-,0,,1,,,-,,-,,-,4,,12,,1,,27,,"VIRGINIA
(37.542699, -78.45822)",
LOUISIANA,2017,7,,-,0,,0,,,-,,-,,-,0,,4,,1,,8,,"LOUISIANA
(31.2931, -92.463284)",
VIRGIN ISL.,2017,7,,-,0,,0,,,-,,-,,-,0,,0,,,-,,-,"VIRGIN ISLANDS
(18.060868, -64.840836)",
SOUTH CAROLINA,2017,7,,-,0,,0,,,-,,-,1,,1,,9,,17,,11,,"SOUTH CAROLINA
(34.009286, -81.037094)",
FLORIDA,2017,7,,-,0,,1,,1,,,-,29,,12,,25,,91,,154,,"FLORIDA
(28.915325, -81.922409)",
GUAM,2017,7,,-,0,,0,,,-,,-,,-,0,,0,,,-,,-,"GUAM
(13.3532, 144.653198)",
MASSACHUSETTS,2017,7,,-,0,,0,,,-,,-,,-,4,,16,,10,,42,,"MASSACHUSETTS
(42.268546, -72.085064)",
ARIZONA,2017,7,,-,0,,0,,,-,1,,2,,5,,13,,31,,46,,"ARIZONA
(34.869712, -111.760902)",
MISSISSIPPI,2017,7,,-,0,,1,,,-,,-,,-,0,,2,,1,,1,,"MISSISSIPPI
(32.738663, -89.537312)",
MISSOURI,2017,7,,-,0,,0,,,-,,-,3,,3,,8,,25,,21,,"MISSOURI
(38.636168, -92.566292)",
NEW MEXICO,2017,7,,-,0,,0,,,-,,-,1,,1,,5,,6,,4,,"NEW MEXICO
(34.520396, -106.244402)",
MICHIGAN,2017,7,,-,0,,1,,,-,,-,,-,9,,21,,48,,127,,"MICHIGAN
(44.66399, -84.711206)",
HAWAII,2017,7,,-,0,,0,,,-,,-,,-,0,,3,,5,,5,,"HAWAII
(21.30992, -157.858158)",
WEST VIRGINIA,2017,7,,-,0,,0,,,-,,-,,-,0,,1,,,-,4,,"WEST VIRGINIA
(38.668501, -80.709421)",
UTAH,2017,7,,-,0,,0,,,-,,-,1,,3,,10,,16,,62,,"UTAH
(39.359772, -111.584173)",
CALIFORNIA,2017,7,,-,0,,1,,,-,,-,,-,0,,4,,4,,3,,"CALIFORNIA
(37.640735, -121.002435)",
OREGON,2017,7,,-,0,,0,,,-,,-,,N,0,,0,,,N,,N,"OREGON
(44.567912, -120.156945)",
NORTH CAROLINA,2017,7,,-,0,,0,,,-,,-,,N,0,,0,,,N,,N,"NORTH CAROLINA
(35.47995, -79.180571)",
WISCONSIN,2017,7,,-,0,,0,,,-,,-,3,,3,,21,,27,,4,,"WISCONSIN
(44.395526, -89.834513)",
COLORADO,2017,7,,-,0,,0,,,-,,-,,-,0,,18,,26,,,-,"COLORADO
(38.841772, -106.132562)",
MARYLAND,2017,7,1,,0,,1,,1,,,-,,N,0,,0,,,N,,N,"MARYLAND
(39.290443, -76.612333)",
DIST. OF COL.,2017,7,,-,0,,0,,,-,,-,,-,0,,1,,,-,,-,"DISTRICT OF COLUMBIA
(38.892062, -77.019912)",
NORTH DAKOTA,2017,7,,-,0,,0,,,-,,-,,-,0,,21,,1,,8,,"NORTH DAKOTA
(47.475879, -100.121011)",
ALABAMA,2017,7,,-,0,,1,,,-,,-,,-,1,,5,,13,,22,,"ALABAMA
(32.839182, -86.631125)",
OHIO,2017,7,,-,0,,1,,,-,,-,8,,8,,23,,62,,61,,"OHIO
(40.056807, -82.405897)",
CONNECTICUT,2017,7,,-,0,,0,,,-,,-,1,,2,,6,,14,,25,,"CONNECTICUT
(41.544654, -72.651713)",
IOWA,2017,7,,-,0,,1,,,-,,-,,N,0,,0,,,N,,N,"IOWA
(42.46942, -93.815856)",
SOUTH DAKOTA,2017,7,,-,0,,0,,,-,,-,,-,0,,4,,2,,7,,"SOUTH DAKOTA
(44.35371, -100.373709)",
MINNESOTA,2017,7,,-,0,,0,,,-,,-,,-,6,,16,,34,,35,,"MINNESOTA
(46.357661, -94.793397)",
NEW JERSEY,2017,7,,-,0,,0,,,-,,-,,-,5,,15,,16,,45,,"NEW JERSEY
(40.104655, -74.386686)",
PENNSYLVANIA,2017,7,,-,0,,1,,,-,,-,9,,12,,29,,65,,81,,"PENNSYLVANIA
(40.789676, -77.858055)",
KANSAS,2017,7,,-,0,,0,,,-,,-,,-,0,,0,,,-,,-,"KANSAS
(38.345528, -98.201847)",
WASHINGTON,2017,7,,-,0,,0,,,-,,-,,N,0,,0,,,N,,N,"WASHINGTON
(47.517368, -120.467672)",
RHODE ISLAND,2017,7,,-,0,,0,,,-,,-,1,,0,,6,,9,,3,,"RHODE ISLAND
(41.707447, -71.522488)",
KENTUCKY,2017,7,,-,0,,1,,,-,,-,,N,0,,0,,,N,,N,"KENTUCKY
(37.64591, -84.774043)",
GEORGIA,2017,7,,-,0,,0,,,-,,-,,-,3,,7,,10,,19,,"GEORGIA
(32.836038, -83.631709)",
INDIANA,2017,7,,-,0,,1,,,-,,-,,-,3,,9,,18,,30,,"INDIANA
(39.76845, -86.156212)",
WYOMING,2017,7,,-,0,,0,,,-,,-,,-,0,,2,,,-,1,,"WYOMING
(43.23558, -108.110518)",
NEVADA,2017,7,,-,0,,1,,1,,,-,,N,0,,0,,,N,,N,"NEVADA
(39.491833, -117.070159)",
MONTANA,2017,7,,-,0,,0,,,-,,-,,-,1,,6,,2,,14,,"MONTANA
(47.062617, -109.430168)",
TEXAS,2017,7,,-,0,,1,,,-,,-,11,,22,,58,,122,,126,,"TEXAS
(31.827233, -99.423022)",
ARKANSAS,2017,7,,-,0,,0,,,-,,-,,-,2,,12,,8,,27,,"ARKANSAS
(34.748745, -92.275105)",
C.N.M.I.,2017,7,,-,,-,,-,,-,,-,,-,,-,,-,,-,,-,"NORTHERN MARIANA ISLANDS
(15.1834, 145.725693)",
PUERTO RICO,2017,7,,-,0,,0,,,-,,-,,-,1,,6,,2,,6,,"PUERTO RICO
(18.215692, -66.414655)",
DELAWARE,2017,7,,-,0,,0,,,-,,-,,-,0,,3,,1,,2,,"DELAWARE
(39.008676, -75.574561)",
NEW HAMPSHIRE,2017,7,,-,0,,0,,,-,,-,,-,0,,4,,,-,7,,"NEW HAMPSHIRE
(43.657736, -71.500736)",
NEBRASKA,2017,7,,-,0,,1,,1,,,-,1,,0,,2,,1,,7,,"NEBRASKA
(41.640503, -99.367122)",
OKLAHOMA,2017,7,,-,0,,1,,,-,,-,,N,0,,0,,,N,,N,"OKLAHOMA
(35.468494, -97.521264)",
ILLINOIS,2017,7,,-,0,,0,,,-,1,,3,,7,,20,,24,,72,,"ILLINOIS
(40.477092, -88.993221)",
TENNESSEE,2017,7,,-,0,,1,,,-,,-,,N,0,,0,,,N,,N,"TENNESSEE
(35.681402, -85.774444)",
NEW YORK,2017,7,,-,0,,1,,,-,,-,,N,0,,0,,,N,,N,"NEW YORK
(42.826892, -75.544286)",
UNITED STATES,2017,8,,-,1,,3,,5,,2,,81,,139,,206,,873,,1330,,,
NEW ENGLAND,2017,8,,-,0,,1,,,-,,-,7,,12,,27,,75,,129,,,
MID. ATLANTIC,2017,8,,-,0,,2,,,-,,-,5,,16,,39,,88,,150,,,
NEW YORK CITY,2017,8,,-,0,,1,,,-,,-,,-,0,,0,,,-,,-,,
E.N. CENTRAL,2017,8,,-,0,,1,,,-,1,,16,,33,,56,,204,,338,,,
W.N. CENTRAL,2017,8,,-,0,,1,,1,,,-,2,,11,,29,,72,,93,,,
S. ATLANTIC,2017,8,,-,0,,1,,2,,,-,17,,22,,40,,140,,257,,,
E.S. CENTRAL,2017,8,,-,0,,1,,,-,,-,,-,2,,6,,16,,24,,,
W.S. CENTRAL,2017,8,,-,0,,1,,,-,,-,25,,24,,65,,165,,188,,,
MOUNTAIN,2017,8,,-,0,,1,,2,,1,,9,,11,,34,,97,,138,,,
PACIFIC,2017,8,,-,0,,1,,,-,,-,,-,2,,6,,16,,13,,,
AMER. SAMOA,2017,8,,-,0,,0,,,-,,-,,N,0,,0,,,N,,N,,
MISSOURI,2017,8,,-,0,,0,,,-,,-,1,,3,,8,,27,,25,,"MISSOURI
(38.636168, -92.566292)",
VERMONT,2017,8,,-,0,,0,,,-,,-,,-,0,,4,,6,,15,,"VERMONT
(43.622479, -72.51927)",
WEST VIRGINIA,2017,8,,-,0,,0,,,-,,-,,-,0,,1,,,-,4,,"WEST VIRGINIA
(38.668501, -80.709421)",
COLORADO,2017,8,,-,0,,0,,,-,,-,6,,0,,18,,32,,,-,"COLORADO
(38.841772, -106.132562)",
NORTH CAROLINA,2017,8,,-,0,,0,,,-,,-,,N,0,,0,,,N,,N,"NORTH CAROLINA
(35.47995, -79.180571)",
ARIZONA,2017,8,,-,0,,0,,,-,1,,2,,4,,13,,33,,52,,"ARIZONA
(34.869712, -111.760902)",
PUERTO RICO,2017,8,,-,0,,0,,,-,,-,,-,1,,6,,2,,9,,"PUERTO RICO
(18.215692, -66.414655)",
ARKANSAS,2017,8,,-,0,,0,,,-,,-,3,,2,,10,,11,,31,,"ARKANSAS
(34.748745, -92.275105)",
SOUTH DAKOTA,2017,8,,-,0,,0,,,-,,-,,-,0,,4,,2,,9,,"SOUTH DAKOTA
(44.35371, -100.373709)",
OKLAHOMA,2017,8,,-,0,,1,,,-,,-,,N,0,,0,,,N,,N,"OKLAHOMA
(35.468494, -97.521264)",
ALASKA,2017,8,,-,0,,1,,,-,,-,,-,0,,2,,5,,2,,"ALASKA
(64.836661, -147.738891)",
MINNESOTA,2017,8,,-,0,,0,,,-,,-,,-,6,,16,,39,,42,,"MINNESOTA
(46.357661, -94.793397)",
OREGON,2017,8,,-,0,,0,,,-,,-,,N,0,,0,,,N,,N,"OREGON
(44.567912, -120.156945)",
NEW JERSEY,2017,8,,-,0,,0,,,-,,-,,-,5,,15,,16,,57,,"NEW JERSEY
(40.104655, -74.386686)",
GUAM,2017,8,,-,0,,0,,,-,,-,,-,0,,0,,,-,,-,"GUAM
(13.3532, 144.653198)",
DELAWARE,2017,8,,-,0,,0,,,-,,-,,-,0,,3,,2,,3,,"DELAWARE
(39.008676, -75.574561)",
KANSAS,2017,8,,-,0,,0,,,-,,-,,-,0,,0,,,-,,-,"KANSAS
(38.345528, -98.201847)",
NEBRASKA,2017,8,,-,0,,1,,1,,,-,1,,0,,2,,2,,7,,"NEBRASKA
(41.640503, -99.367122)",
NEW YORK,2017,8,,-,0,,1,,,-,,-,,N,0,,0,,,N,,N,"NEW YORK
(42.826892, -75.544286)",
HAWAII,2017,8,,-,0,,0,,,-,,-,,-,0,,5,,7,,7,,"HAWAII
(21.30992, -157.858158)",
DIST. OF COL.,2017,8,,-,0,,0,,,-,,-,,-,0,,1,,,-,,-,"DISTRICT OF COLUMBIA
(38.892062, -77.019912)",
C.N.M.I.,2017,8,,-,,-,,-,,-,,-,,-,,-,,-,,-,,-,"NORTHERN MARIANA ISLANDS
(15.1834, 145.725693)",
ALABAMA,2017,8,,-,0,,1,,,-,,-,,-,1,,5,,15,,23,,"ALABAMA
(32.839182, -86.631125)",
FLORIDA,2017,8,,-,0,,1,,1,,,-,17,,12,,29,,109,,179,,"FLORIDA
(28.915325, -81.922409)",
INDIANA,2017,8,,-,0,,1,,,-,,-,,-,3,,9,,19,,38,,"INDIANA
(39.76845, -86.156212)",
MICHIGAN,2017,8,,-,0,,1,,,-,,-,2,,9,,21,,56,,138,,"MICHIGAN
(44.66399, -84.711206)",
SOUTH CAROLINA,2017,8,,-,0,,0,,,-,,-,,-,1,,9,,17,,16,,"SOUTH CAROLINA
(34.009286, -81.037094)",
NORTH DAKOTA,2017,8,,-,0,,0,,,-,,-,,-,0,,21,,2,,10,,"NORTH DAKOTA
(47.475879, -100.121011)",
WYOMING,2017,8,,-,0,,0,,,-,,-,,-,0,,2,,,-,1,,"WYOMING
(43.23558, -108.110518)",
GEORGIA,2017,8,,-,0,,0,,,-,,-,,-,3,,7,,11,,20,,"GEORGIA
(32.836038, -83.631709)",
ILLINOIS,2017,8,,-,0,,0,,,-,1,,2,,7,,20,,29,,78,,"ILLINOIS
(40.477092, -88.993221)",
MISSISSIPPI,2017,8,,-,0,,1,,,-,,-,,-,0,,2,,1,,1,,"MISSISSIPPI
(32.738663, -89.537312)",
NEW HAMPSHIRE,2017,8,,-,0,,0,,,-,,-,,-,0,,4,,,-,7,,"NEW HAMPSHIRE
(43.657736, -71.500736)",
UTAH,2017,8,,-,0,,0,,,-,,-,1,,3,,10,,22,,63,,"UTAH
(39.359772, -111.584173)",
CALIFORNIA,2017,8,,-,0,,1,,,-,,-,,-,0,,4,,4,,4,,"CALIFORNIA
(37.640735, -121.002435)",
VIRGIN ISL.,2017,8,,-,0,,0,,,-,,-,,-,0,,0,,,-,,-,"VIRGIN ISLANDS
(18.060868, -64.840836)",
WASHINGTON,2017,8,,-,0,,0,,,-,,-,,N,0,,0,,,N,,N,"WASHINGTON
(47.517368, -120.467672)",
MASSACHUSETTS,2017,8,,-,0,,0,,,-,,-,,-,4,,16,,17,,50,,"MASSACHUSETTS
(42.268546, -72.085064)",
IDAHO,2017,8,,-,0,,1,,1,,,-,,N,0,,0,,,N,,N,"IDAHO
(43.680635, -114.364237)",
PENNSYLVANIA,2017,8,,-,0,,1,,,-,,-,5,,12,,29,,72,,93,,"PENNSYLVANIA
(40.789676, -77.858055)",
VIRGINIA,2017,8,,-,0,,1,,,-,,-,,-,4,,12,,1,,35,,"VIRGINIA
(37.542699, -78.45822)",
OHIO,2017,8,,-,0,,1,,,-,,-,11,,8,,23,,74,,80,,"OHIO
(40.056807, -82.405897)",
MAINE,2017,8,,-,0,,1,,,-,,-,6,,4,,9,,28,,26,,"MAINE
(45.252223, -68.986647)",
RHODE ISLAND,2017,8,,-,0,,0,,,-,,-,1,,1,,6,,10,,3,,"RHODE ISLAND
(41.707447, -71.522488)",
MONTANA,2017,8,,-,0,,0,,,-,,-,,-,1,,6,,3,,16,,"MONTANA
(47.062617, -109.430168)",
LOUISIANA,2017,8,,-,0,,0,,,-,,-,,-,0,,4,,1,,11,,"LOUISIANA
(31.2931, -92.463284)",
IOWA,2017,8,,-,0,,1,,,-,,-,,N,0,,0,,,N,,N,"IOWA
(42.46942, -93.815856)",
MARYLAND,2017,8,,-,0,,1,,1,,,-,,N,0,,0,,,N,,N,"MARYLAND
(39.290443, -76.612333)",
TENNESSEE,2017,8,,-,0,,1,,,-,,-,,N,0,,0,,,N,,N,"TENNESSEE
(35.681402, -85.774444)",
WISCONSIN,2017,8,,-,0,,0,,,-,,-,1,,3,,21,,26,,4,,"WISCONSIN
(44.395526, -89.834513)",
NEVADA,2017,8,,-,0,,1,,1,,,-,,N,0,,0,,,N,,N,"NEVADA
(39.491833, -117.070159)",
NEW MEXICO,2017,8,,-,0,,0,,,-,,-,,-,1,,5,,7,,6,,"NEW MEXICO
(34.520396, -106.244402)",
TEXAS,2017,8,,-,0,,1,,,-,,-,22,,23,,62,,153,,146,,"TEXAS
(31.827233, -99.423022)",
CONNECTICUT,2017,8,,-,0,,0,,,-,,-,,-,2,,6,,14,,28,,"CONNECTICUT
(41.544654, -72.651713)",
KENTUCKY,2017,8,,-,0,,1,,,-,,-,,N,0,,0,,,N,,N,"KENTUCKY
(37.64591, -84.774043)",
UNITED STATES,2017,9,,-,1,,3,,6,,3,,81,,137,,206,,1025,,1492,,,
NEW ENGLAND,2017,9,,-,0,,1,,,-,,-,5,,13,,27,,102,,140,,,
MID. ATLANTIC,2017,9,,-,0,,2,,,-,,-,10,,16,,39,,101,,173,,,
NEW YORK CITY,2017,9,,-,0,,1,,,-,,-,,-,0,,0,,,-,,-,,
E.N. CENTRAL,2017,9,,-,0,,1,,1,,1,,20,,33,,56,,243,,373,,,
W.N. CENTRAL,2017,9,,-,0,,1,,1,,,-,3,,11,,29,,80,,108,,,
S. ATLANTIC,2017,9,,-,0,,1,,2,,,-,17,,22,,35,,162,,279,,,
E.S. CENTRAL,2017,9,,-,0,,1,,,-,,-,,-,2,,6,,16,,25,,,
MISSISSIPPI,2017,9,,-,0,,1,,,-,,-,,-,0,,2,,1,,1,,"MISSISSIPPI
(32.738663, -89.537312)",
W.S. CENTRAL,2017,9,,-,0,,1,,,-,,-,17,,24,,66,,195,,225,,,
MOUNTAIN,2017,9,,-,0,,1,,2,,1,,9,,11,,34,,110,,154,,,
PACIFIC,2017,9,,-,0,,1,,,-,1,,,-,1,,6,,16,,15,,,
AMER. SAMOA,2017,9,,-,0,,0,,,-,,-,,N,0,,0,,,N,,N,,
WYOMING,2017,9,,-,0,,0,,,-,,-,,-,0,,2,,,-,1,,"WYOMING
(43.23558, -108.110518)",
WEST VIRGINIA,2017,9,,-,0,,0,,,-,,-,,-,0,,1,,,-,4,,"WEST VIRGINIA
(38.668501, -80.709421)",
C.N.M.I.,2017,9,,-,,-,,-,,-,,-,,-,,-,,-,,-,,-,"NORTHERN MARIANA ISLANDS
(15.1834, 145.725693)",
TEXAS,2017,9,,-,0,,1,,,-,,-,17,,23,,63,,183,,176,,"TEXAS
(31.827233, -99.423022)",
IOWA,2017,9,,-,0,,1,,,-,,-,,N,0,,0,,,N,,N,"IOWA
(42.46942, -93.815856)",
MARYLAND,2017,9,,-,0,,1,,1,,,-,,N,0,,0,,,N,,N,"MARYLAND
(39.290443, -76.612333)",
KENTUCKY,2017,9,,-,0,,1,,,-,,-,,N,0,,0,,,N,,N,"KENTUCKY
(37.64591, -84.774043)",
FLORIDA,2017,9,,-,0,,1,,1,,,-,17,,12,,29,,126,,191,,"FLORIDA
(28.915325, -81.922409)",
ARKANSAS,2017,9,,-,0,,0,,,-,,-,,-,2,,10,,11,,36,,"ARKANSAS
(34.748745, -92.275105)",
VERMONT,2017,9,,-,0,,0,,,-,,-,,-,0,,4,,6,,17,,"VERMONT
(43.622479, -72.51927)",
NORTH CAROLINA,2017,9,,-,0,,0,,,-,,-,,N,0,,0,,,N,,N,"NORTH CAROLINA
(35.47995, -79.180571)",
CALIFORNIA,2017,9,,-,0,,1,,,-,,-,,-,0,,4,,4,,4,,"CALIFORNIA
(37.640735, -121.002435)",
PENNSYLVANIA,2017,9,,-,0,,1,,,-,,-,10,,12,,29,,85,,109,,"PENNSYLVANIA
(40.789676, -77.858055)",
MONTANA,2017,9,,-,0,,0,,,-,,-,,-,0,,6,,3,,20,,"MONTANA
(47.062617, -109.430168)",
MISSOURI,2017,9,,-,0,,0,,,-,,-,1,,3,,8,,29,,28,,"MISSOURI
(38.636168, -92.566292)",
VIRGINIA,2017,9,,-,0,,1,,,-,,-,,-,4,,12,,1,,43,,"VIRGINIA
(37.542699, -78.45822)",
NEW YORK,2017,9,,-,0,,1,,,-,,-,,N,0,,0,,,N,,N,"NEW YORK
(42.826892, -75.544286)",
DELAWARE,2017,9,,-,0,,0,,,-,,-,,-,0,,3,,3,,4,,"DELAWARE
(39.008676, -75.574561)",
COLORADO,2017,9,,-,0,,0,,,-,,-,5,,0,,18,,37,,,-,"COLORADO
(38.841772, -106.132562)",
ARIZONA,2017,9,,-,0,,0,,,-,1,,4,,4,,13,,39,,58,,"ARIZONA
(34.869712, -111.760902)",
GEORGIA,2017,9,,-,0,,0,,,-,,-,,-,3,,7,,15,,20,,"GEORGIA
(32.836038, -83.631709)",
SOUTH DAKOTA,2017,9,,-,0,,0,,,-,,-,,-,0,,4,,2,,10,,"SOUTH DAKOTA
(44.35371, -100.373709)",
NEW HAMPSHIRE,2017,9,,-,0,,0,,,-,,-,,-,0,,4,,,-,8,,"NEW HAMPSHIRE
(43.657736, -71.500736)",
KANSAS,2017,9,,-,0,,0,,,-,,-,,-,0,,0,,,-,,-,"KANSAS
(38.345528, -98.201847)",
MAINE,2017,9,,-,0,,1,,,-,,-,3,,4,,9,,33,,29,,"MAINE
(45.252223, -68.986647)",
OREGON,2017,9,,-,0,,0,,,-,,-,,N,0,,0,,,N,,N,"OREGON
(44.567912, -120.156945)",
ALABAMA,2017,9,,-,0,,1,,,-,,-,,-,1,,5,,15,,24,,"ALABAMA
(32.839182, -86.631125)",
PUERTO RICO,2017,9,,-,0,,0,,,-,,-,,-,1,,6,,2,,9,,"PUERTO RICO
(18.215692, -66.414655)",
MINNESOTA,2017,9,,-,0,,0,,,-,,-,1,,6,,16,,44,,47,,"MINNESOTA
(46.357661, -94.793397)",
DIST. OF COL.,2017,9,,-,0,,0,,,-,,-,,-,0,,1,,,-,,-,"DISTRICT OF COLUMBIA
(38.892062, -77.019912)",
TENNESSEE,2017,9,,-,0,,1,,,-,,-,,N,0,,0,,,N,,N,"TENNESSEE
(35.681402, -85.774444)",
ILLINOIS,2017,9,,-,0,,0,,,-,1,,1,,7,,20,,40,,91,,"ILLINOIS
(40.477092, -88.993221)",
NEVADA,2017,9,,-,0,,1,,1,,,-,,N,0,,0,,,N,,N,"NEVADA
(39.491833, -117.070159)",
INDIANA,2017,9,,-,0,,1,,,-,,-,1,,3,,9,,20,,38,,"INDIANA
(39.76845, -86.156212)",
UTAH,2017,9,,-,0,,0,,,-,,-,,-,3,,10,,22,,68,,"UTAH
(39.359772, -111.584173)",
ALASKA,2017,9,,-,0,,1,,,-,1,,,-,0,,2,,5,,3,,"ALASKA
(64.836661, -147.738891)",
VIRGIN ISL.,2017,9,,-,0,,0,,,-,,-,,-,0,,0,,,-,,-,"VIRGIN ISLANDS
(18.060868, -64.840836)",
GUAM,2017,9,,-,0,,0,,,-,,-,,-,0,,0,,,-,,-,"GUAM
(13.3532, 144.653198)",
WISCONSIN,2017,9,,-,0,,0,,,-,,-,5,,3,,21,,34,,4,,"WISCONSIN
(44.395526, -89.834513)",
OKLAHOMA,2017,9,,-,0,,1,,,-,,-,,N,0,,0,,,N,,N,"OKLAHOMA
(35.468494, -97.521264)",
OHIO,2017,9,,-,0,,1,,,-,,-,10,,8,,23,,84,,90,,"OHIO
(40.056807, -82.405897)",
NORTH DAKOTA,2017,9,,-,0,,0,,,-,,-,,-,0,,21,,2,,15,,"NORTH DAKOTA
(47.475879, -100.121011)",
HAWAII,2017,9,,-,0,,0,,,-,,-,,-,0,,5,,7,,8,,"HAWAII
(21.30992, -157.858158)",
NEBRASKA,2017,9,,-,0,,1,,1,,,-,1,,0,,2,,3,,8,,"NEBRASKA
(41.640503, -99.367122)",
MICHIGAN,2017,9,,-,0,,1,,1,,,-,3,,9,,21,,65,,150,,"MICHIGAN
(44.66399, -84.711206)",
NEW MEXICO,2017,9,,-,0,,0,,,-,,-,,-,1,,5,,9,,7,,"NEW MEXICO
(34.520396, -106.244402)",
RHODE ISLAND,2017,9,,-,0,,0,,,-,,-,,-,1,,6,,11,,3,,"RHODE ISLAND
(41.707447, -71.522488)",
WASHINGTON,2017,9,,-,0,,0,,,-,,-,,N,0,,0,,,N,,N,"WASHINGTON
(47.517368, -120.467672)",
IDAHO,2017,9,,-,0,,1,,1,,,-,,N,0,,0,,,N,,N,"IDAHO
(43.680635, -114.364237)",
LOUISIANA,2017,9,,-,0,,0,,,-,,-,,-,0,,4,,1,,13,,"LOUISIANA
(31.2931, -92.463284)",
NEW JERSEY,2017,9,,-,0,,0,,,-,,-,,-,5,,15,,16,,64,,"NEW JERSEY
(40.104655, -74.386686)",
CONNECTICUT,2017,9,,-,0,,0,,,-,,-,,-,2,,6,,14,,33,,"CONNECTICUT
(41.544654, -72.651713)",
MASSACHUSETTS,2017,9,,-,0,,0,,,-,,-,2,,4,,16,,38,,50,,"MASSACHUSETTS
(42.268546, -72.085064)",
SOUTH CAROLINA,2017,9,,-,0,,0,,,-,,-,,-,1,,9,,17,,17,,"SOUTH CAROLINA
(34.009286, -81.037094)",
UNITED STATES,2017,10,,-,1,,3,,7,,3,,87,,138,,206,,1206,,1636,,,
NEW ENGLAND,2017,10,,-,0,,1,,,-,,-,3,,13,,27,,108,,158,,,
MID. ATLANTIC,2017,10,,-,0,,2,,,-,,-,,-,16,,39,,130,,194,,,
NEW YORK CITY,2017,10,,-,0,,1,,,-,,-,,-,0,,0,,,-,,-,,
E.N. CENTRAL,2017,10,,-,0,,1,,1,,1,,20,,33,,56,,283,,413,,,
W.N. CENTRAL,2017,10,,-,0,,1,,1,,,-,4,,11,,29,,99,,118,,,
S. ATLANTIC,2017,10,,-,0,,1,,2,,,-,15,,21,,35,,187,,301,,,
E.S. CENTRAL,2017,10,,-,0,,1,,1,,,-,1,,2,,6,,17,,26,,,
W.S. CENTRAL,2017,10,,-,0,,1,,,-,,-,39,,24,,71,,237,,239,,,
MOUNTAIN,2017,10,,-,0,,1,,2,,1,,5,,11,,34,,129,,170,,,
PACIFIC,2017,10,,-,0,,1,,,-,1,,,-,1,,6,,16,,17,,,
AMER. SAMOA,2017,10,,-,0,,0,,,-,,-,,N,0,,0,,,N,,N,,
GUAM,2017,10,,-,0,,0,,,-,,-,,-,0,,0,,,-,,-,"GUAM
(13.3532, 144.653198)",
IDAHO,2017,10,,-,0,,1,,1,,,-,,N,0,,0,,,N,,N,"IDAHO
(43.680635, -114.364237)",
CONNECTICUT,2017,10,,-,0,,0,,,-,,-,,-,2,,6,,17,,34,,"CONNECTICUT
(41.544654, -72.651713)",
MISSISSIPPI,2017,10,,-,0,,1,,,-,,-,,-,0,,2,,1,,1,,"MISSISSIPPI
(32.738663, -89.537312)",
C.N.M.I.,2017,10,,-,,-,,-,,-,,-,,-,,-,,-,,-,,-,"NORTHERN MARIANA ISLANDS
(15.1834, 145.725693)",
ARIZONA,2017,10,,-,0,,0,,,-,1,,5,,4,,13,,45,,64,,"ARIZONA
(34.869712, -111.760902)",
MAINE,2017,10,,-,0,,1,,,-,,-,,-,4,,9,,33,,35,,"MAINE
(45.252223, -68.986647)",
KENTUCKY,2017,10,,-,0,,1,,,-,,-,,N,0,,0,,,N,,N,"KENTUCKY
(37.64591, -84.774043)",
VIRGINIA,2017,10,,-,0,,1,,,-,,-,,-,4,,12,,1,,46,,"VIRGINIA
(37.542699, -78.45822)",
OREGON,2017,10,,-,0,,0,,,-,,-,,N,0,,0,,,N,,N,"OREGON
(44.567912, -120.156945)",
SOUTH DAKOTA,2017,10,,-,0,,0,,,-,,-,,-,0,,4,,2,,10,,"SOUTH DAKOTA
(44.35371, -100.373709)",
MONTANA,2017,10,,-,0,,0,,,-,,-,,-,0,,6,,4,,21,,"MONTANA
(47.062617, -109.430168)",
ARKANSAS,2017,10,,-,0,,0,,,-,,-,3,,2,,10,,16,,40,,"ARKANSAS
(34.748745, -92.275105)",
MICHIGAN,2017,10,,-,0,,1,,1,,,-,1,,9,,21,,74,,159,,"MICHIGAN
(44.66399, -84.711206)",
IOWA,2017,10,,-,0,,1,,,-,,-,,N,0,,0,,,N,,N,"IOWA
(42.46942, -93.815856)",
COLORADO,2017,10,,-,0,,0,,,-,,-,,-,0,,18,,37,,,-,"COLORADO
(38.841772, -106.132562)",
MISSOURI,2017,10,,-,0,,0,,,-,,-,3,,3,,8,,34,,31,,"MISSOURI
(38.636168, -92.566292)",
UTAH,2017,10,,-,0,,0,,,-,,-,,-,3,,10,,34,,77,,"UTAH
(39.359772, -111.584173)",
RHODE ISLAND,2017,10,,-,0,,0,,,-,,-,,-,1,,6,,11,,5,,"RHODE ISLAND
(41.707447, -71.522488)",
OKLAHOMA,2017,10,,-,0,,1,,,-,,-,,N,0,,0,,,N,,N,"OKLAHOMA
(35.468494, -97.521264)",
MINNESOTA,2017,10,,-,0,,0,,,-,,-,,-,6,,16,,55,,54,,"MINNESOTA
(46.357661, -94.793397)",
SOUTH CAROLINA,2017,10,,-,0,,0,,,-,,-,1,,1,,9,,25,,18,,"SOUTH CAROLINA
(34.009286, -81.037094)",
WYOMING,2017,10,,-,0,,0,,,-,,-,,-,0,,2,,,-,1,,"WYOMING
(43.23558, -108.110518)",
MARYLAND,2017,10,,-,0,,1,,1,,,-,,N,0,,0,,,N,,N,"MARYLAND
(39.290443, -76.612333)",
NORTH DAKOTA,2017,10,,-,0,,0,,,-,,-,,-,0,,21,,3,,15,,"NORTH DAKOTA
(47.475879, -100.121011)",
VERMONT,2017,10,,-,0,,0,,,-,,-,3,,0,,4,,9,,17,,"VERMONT
(43.622479, -72.51927)",
PENNSYLVANIA,2017,10,,-,0,,1,,,-,,-,,-,12,,29,,87,,122,,"PENNSYLVANIA
(40.789676, -77.858055)",
NEW MEXICO,2017,10,,-,0,,0,,,-,,-,,-,0,,5,,9,,7,,"NEW MEXICO
(34.520396, -106.244402)",
CALIFORNIA,2017,10,,-,0,,1,,,-,,-,,-,0,,4,,4,,4,,"CALIFORNIA
(37.640735, -121.002435)",
LOUISIANA,2017,10,,-,0,,0,,,-,,-,,-,0,,4,,1,,15,,"LOUISIANA
(31.2931, -92.463284)",
OHIO,2017,10,,-,0,,1,,,-,,-,12,,8,,23,,96,,108,,"OHIO
(40.056807, -82.405897)",
VIRGIN ISL.,2017,10,,-,0,,0,,,-,,-,,-,0,,0,,,-,,-,"VIRGIN ISLANDS
(18.060868, -64.840836)",
MASSACHUSETTS,2017,10,,-,0,,0,,,-,,-,,-,4,,16,,38,,58,,"MASSACHUSETTS
(42.268546, -72.085064)",
FLORIDA,2017,10,,-,0,,1,,1,,,-,14,,13,,28,,139,,207,,"FLORIDA
(28.915325, -81.922409)",
GEORGIA,2017,10,,-,0,,0,,,-,,-,,-,3,,7,,19,,22,,"GEORGIA
(32.836038, -83.631709)",
WASHINGTON,2017,10,,-,0,,0,,,-,,-,,N,0,,0,,,N,,N,"WASHINGTON
(47.517368, -120.467672)",
NEVADA,2017,10,,-,0,,1,,1,,,-,,N,0,,0,,,N,,N,"NEVADA
(39.491833, -117.070159)",
ALABAMA,2017,10,,-,0,,1,,1,,,-,1,,1,,5,,16,,25,,"ALABAMA
(32.839182, -86.631125)",
TEXAS,2017,10,,-,0,,1,,,-,,-,36,,23,,68,,220,,184,,"TEXAS
(31.827233, -99.423022)",
KANSAS,2017,10,,-,0,,0,,,-,,-,,-,0,,0,,,-,,-,"KANSAS
(38.345528, -98.201847)",
NORTH CAROLINA,2017,10,,-,0,,0,,,-,,-,,N,0,,0,,,N,,N,"NORTH CAROLINA
(35.47995, -79.180571)",
HAWAII,2017,10,,-,0,,0,,,-,,-,,-,0,,5,,7,,9,,"HAWAII
(21.30992, -157.858158)",
WEST VIRGINIA,2017,10,,-,0,,0,,,-,,-,,-,0,,1,,,-,4,,"WEST VIRGINIA
(38.668501, -80.709421)",
NEW HAMPSHIRE,2017,10,,-,0,,0,,,-,,-,,-,0,,4,,,-,9,,"NEW HAMPSHIRE
(43.657736, -71.500736)",
WISCONSIN,2017,10,,-,0,,0,,,-,,-,6,,3,,21,,43,,4,,"WISCONSIN
(44.395526, -89.834513)",
NEW YORK,2017,10,,-,0,,1,,,-,,-,,N,0,,0,,,N,,N,"NEW YORK
(42.826892, -75.544286)",
PUERTO RICO,2017,10,,-,0,,0,,,-,,-,,-,1,,6,,9,,13,,"PUERTO RICO
(18.215692, -66.414655)",
INDIANA,2017,10,,-,0,,1,,,-,,-,,-,3,,9,,21,,43,,"INDIANA
(39.76845, -86.156212)",
DIST. OF COL.,2017,10,,-,0,,0,,,-,,-,,-,0,,1,,,-,,-,"DISTRICT OF COLUMBIA
(38.892062, -77.019912)",
ILLINOIS,2017,10,,-,0,,0,,,-,1,,1,,7,,20,,49,,99,,"ILLINOIS
(40.477092, -88.993221)",
TENNESSEE,2017,10,,-,0,,1,,,-,,-,,N,0,,0,,,N,,N,"TENNESSEE
(35.681402, -85.774444)",
DELAWARE,2017,10,,-,0,,0,,,-,,-,,-,0,,3,,3,,4,,"DELAWARE
(39.008676, -75.574561)",
ALASKA,2017,10,,-,0,,0,,,-,1,,,-,0,,2,,5,,4,,"ALASKA
(64.836661, -147.738891)",
NEW JERSEY,2017,10,,-,0,,0,,,-,,-,,-,5,,16,,43,,72,,"NEW JERSEY
(40.104655, -74.386686)",
NEBRASKA,2017,10,,-,0,,1,,1,,,-,1,,0,,2,,5,,8,,"NEBRASKA
(41.640503, -99.367122)",
UNITED STATES,2017,11,,-,1,,3,,7,,4,,79,,155,,235,,1430,,1991,,,
NEW ENGLAND,2017,11,,-,0,,1,,,-,,-,7,,14,,27,,128,,175,,,
MID. ATLANTIC,2017,11,,-,0,,2,,,-,,-,12,,25,,65,,236,,318,,,
NEW YORK CITY,2017,11,,-,0,,1,,,-,,-,,-,0,,0,,,-,,-,,
E.N. CENTRAL,2017,11,,-,0,,1,,1,,1,,9,,33,,56,,306,,439,,,
W.N. CENTRAL,2017,11,,-,0,,1,,1,,,-,2,,11,,29,,107,,130,,,
S. ATLANTIC,2017,11,,-,0,,1,,2,,,-,18,,22,,36,,207,,327,,,
E.S. CENTRAL,2017,11,,-,0,,1,,1,,,-,,-,2,,7,,18,,26,,,
W.S. CENTRAL,2017,11,,-,0,,1,,,-,1,,22,,28,,77,,270,,292,,,
MOUNTAIN,2017,11,,-,0,,1,,2,,1,,9,,15,,39,,142,,266,,,
PACIFIC,2017,11,,-,0,,1,,,-,1,,,-,1,,6,,16,,18,,,
AMER. SAMOA,2017,11,,-,0,,0,,,-,,-,,N,0,,0,,,N,,N,,
GUAM,2017,11,,-,0,,0,,,-,,-,,-,0,,0,,,-,,-,"GUAM
(13.3532, 144.653198)",
OKLAHOMA,2017,11,,-,0,,1,,,-,,-,,N,0,,0,,,N,,N,"OKLAHOMA
(35.468494, -97.521264)",
NEW YORK,2017,11,,-,0,,1,,,-,,-,,N,0,,0,,,N,,N,"NEW YORK
(42.826892, -75.544286)",
ILLINOIS,2017,11,,-,0,,0,,,-,1,,5,,7,,19,,58,,97,,"ILLINOIS
(40.477092, -88.993221)",
RHODE ISLAND,2017,11,,-,0,,0,,,-,,-,,-,1,,6,,11,,6,,"RHODE ISLAND
(41.707447, -71.522488)",
WISCONSIN,2017,11,,-,0,,0,,,-,,-,3,,3,,21,,49,,4,,"WISCONSIN
(44.395526, -89.834513)",
FLORIDA,2017,11,,-,0,,1,,1,,,-,18,,13,,28,,157,,214,,"FLORIDA
(28.915325, -81.922409)",
SOUTH CAROLINA,2017,11,,-,0,,0,,,-,,-,,-,2,,9,,25,,30,,"SOUTH CAROLINA
(34.009286, -81.037094)",
UTAH,2017,11,,-,0,,0,,,-,,-,,-,3,,10,,34,,80,,"UTAH
(39.359772, -111.584173)",
KENTUCKY,2017,11,,-,0,,1,,,-,,-,,N,0,,0,,,N,,N,"KENTUCKY
(37.64591, -84.774043)",
CONNECTICUT,2017,11,,-,0,,0,,,-,,-,,-,2,,6,,17,,36,,"CONNECTICUT
(41.544654, -72.651713)",
DELAWARE,2017,11,,-,0,,0,,,-,,-,,-,0,,3,,3,,4,,"DELAWARE
(39.008676, -75.574561)",
NEW MEXICO,2017,11,,-,0,,0,,,-,,-,,-,1,,5,,11,,12,,"NEW MEXICO
(34.520396, -106.244402)",
LOUISIANA,2017,11,,-,0,,0,,,-,,-,,-,0,,8,,1,,24,,"LOUISIANA
(31.2931, -92.463284)",
IOWA,2017,11,,-,0,,1,,,-,,-,,N,0,,0,,,N,,N,"IOWA
(42.46942, -93.815856)",
OREGON,2017,11,,-,0,,0,,,-,,-,,N,0,,0,,,N,,N,"OREGON
(44.567912, -120.156945)",
WASHINGTON,2017,11,,-,0,,0,,,-,,-,,N,0,,0,,,N,,N,"WASHINGTON
(47.517368, -120.467672)",
COLORADO,2017,11,,-,0,,0,,,-,,-,8,,5,,32,,45,,79,,"COLORADO
(38.841772, -106.132562)",
NEBRASKA,2017,11,,-,0,,1,,1,,,-,,-,0,,2,,7,,8,,"NEBRASKA
(41.640503, -99.367122)",
NEW HAMPSHIRE,2017,11,,-,0,,0,,,-,,-,,-,0,,4,,,-,11,,"NEW HAMPSHIRE
(43.657736, -71.500736)",
C.N.M.I.,2017,11,,-,,-,,-,,-,,-,,-,,-,,-,,-,,-,"NORTHERN MARIANA ISLANDS
(15.1834, 145.725693)",
MAINE,2017,11,,-,0,,1,,,-,,-,4,,4,,9,,37,,37,,"MAINE
(45.252223, -68.986647)",
MINNESOTA,2017,11,,-,0,,0,,,-,,-,2,,6,,16,,61,,61,,"MINNESOTA
(46.357661, -94.793397)",
NEW JERSEY,2017,11,,-,0,,0,,,-,,-,,-,5,,16,,43,,85,,"NEW JERSEY
(40.104655, -74.386686)",
PENNSYLVANIA,2017,11,,-,0,,2,,,-,,-,12,,21,,55,,193,,233,,"PENNSYLVANIA
(40.789676, -77.858055)",
TENNESSEE,2017,11,,-,0,,1,,,-,,-,,N,0,,0,,,N,,N,"TENNESSEE
(35.681402, -85.774444)",
ARKANSAS,2017,11,,-,0,,0,,,-,,-,,-,2,,10,,17,,43,,"ARKANSAS
(34.748745, -92.275105)",
MISSOURI,2017,11,,-,0,,0,,,-,,-,,-,3,,8,,34,,34,,"MISSOURI
(38.636168, -92.566292)",
IDAHO,2017,11,,-,0,,1,,1,,,-,,N,0,,0,,,N,,N,"IDAHO
(43.680635, -114.364237)",
VIRGINIA,2017,11,,-,0,,1,,,-,,-,,-,4,,12,,2,,50,,"VIRGINIA
(37.542699, -78.45822)",
MISSISSIPPI,2017,11,,-,0,,1,,,-,,-,,-,0,,2,,1,,1,,"MISSISSIPPI
(32.738663, -89.537312)",
WYOMING,2017,11,,-,0,,0,,,-,,-,,-,0,,2,,,-,1,,"WYOMING
(43.23558, -108.110518)",
NORTH DAKOTA,2017,11,,-,0,,0,,,-,,-,,-,0,,21,,3,,16,,"NORTH DAKOTA
(47.475879, -100.121011)",
CALIFORNIA,2017,11,,-,0,,1,,,-,,-,,-,0,,4,,4,,4,,"CALIFORNIA
(37.640735, -121.002435)",
HAWAII,2017,11,,-,0,,0,,,-,,-,,-,0,,5,,7,,10,,"HAWAII
(21.30992, -157.858158)",
WEST VIRGINIA,2017,11,,-,0,,0,,,-,,-,,-,0,,1,,,-,4,,"WEST VIRGINIA
(38.668501, -80.709421)",
MONTANA,2017,11,,-,0,,0,,,-,,-,1,,1,,6,,7,,24,,"MONTANA
(47.062617, -109.430168)",
MARYLAND,2017,11,,-,0,,1,,1,,,-,,N,0,,0,,,N,,N,"MARYLAND
(39.290443, -76.612333)",
NEVADA,2017,11,,-,0,,1,,1,,,-,,N,0,,0,,,N,,N,"NEVADA
(39.491833, -117.070159)",
TEXAS,2017,11,,-,0,,1,,,-,1,,22,,24,,73,,252,,225,,"TEXAS
(31.827233, -99.423022)",
ALASKA,2017,11,,-,0,,0,,,-,1,,,-,0,,2,,5,,4,,"ALASKA
(64.836661, -147.738891)",
PUERTO RICO,2017,11,,-,0,,0,,,-,,-,,-,1,,6,,9,,17,,"PUERTO RICO
(18.215692, -66.414655)",
NORTH CAROLINA,2017,11,,-,0,,0,,,-,,-,,N,0,,0,,,N,,N,"NORTH CAROLINA
(35.47995, -79.180571)",
ALABAMA,2017,11,,-,0,,1,,1,,,-,,-,2,,6,,17,,25,,"ALABAMA
(32.839182, -86.631125)",
ARIZONA,2017,11,,-,0,,0,,,-,1,,,-,4,,13,,45,,70,,"ARIZONA
(34.869712, -111.760902)",
VIRGIN ISL.,2017,11,,-,0,,0,,,-,,-,,-,0,,0,,,-,,-,"VIRGIN ISLANDS
(18.060868, -64.840836)",
GEORGIA,2017,11,,-,0,,0,,,-,,-,,-,3,,7,,19,,24,,"GEORGIA
(32.836038, -83.631709)",
DIST. OF COL.,2017,11,,-,0,,0,,,-,,-,,-,0,,1,,1,,1,,"DISTRICT OF COLUMBIA
(38.892062, -77.019912)",
INDIANA,2017,11,,-,0,,1,,,-,,-,1,,3,,9,,25,,47,,"INDIANA
(39.76845, -86.156212)",
VERMONT,2017,11,,-,0,,0,,,-,,-,1,,0,,4,,11,,19,,"VERMONT
(43.622479, -72.51927)",
KANSAS,2017,11,,-,0,,0,,,-,,-,,-,0,,0,,,-,,-,"KANSAS
(38.345528, -98.201847)",
SOUTH DAKOTA,2017,11,,-,0,,0,,,-,,-,,-,0,,4,,2,,11,,"SOUTH DAKOTA
(44.35371, -100.373709)",
MICHIGAN,2017,11,,-,0,,1,,1,,,-,,-,8,,21,,74,,171,,"MICHIGAN
(44.66399, -84.711206)",
MASSACHUSETTS,2017,11,,-,0,,0,,,-,,-,2,,4,,16,,52,,66,,"MASSACHUSETTS
(42.268546, -72.085064)",
OHIO,2017,11,,-,0,,1,,,-,,-,,-,8,,23,,100,,120,,"OHIO
(40.056807, -82.405897)",
UNITED STATES,2017,12,1,,1,,3,,10,,4,,84,,155,,235,,1616,,2192,,,
C.N.M.I.,2017,12,,-,,-,,-,,-,,-,,-,,-,,-,,-,,-,"NORTHERN MARIANA ISLANDS
(15.1834, 145.725693)",
NEW ENGLAND,2017,12,,-,0,,1,,,-,,-,6,,14,,27,,142,,193,,,
MID. ATLANTIC,2017,12,,-,0,,2,,,-,,-,10,,25,,65,,266,,349,,,
NEW YORK CITY,2017,12,,-,0,,1,,,-,,-,,-,0,,0,,,-,,-,,
E.N. CENTRAL,2017,12,,-,0,,1,,1,,1,,20,,33,,56,,364,,496,,,
W.N. CENTRAL,2017,12,,-,0,,1,,1,,,-,4,,11,,29,,125,,143,,,
S. ATLANTIC,2017,12,,-,0,,1,,3,,,-,10,,23,,39,,229,,359,,,
E.S. CENTRAL,2017,12,,-,0,,1,,1,,,-,,-,2,,7,,19,,28,,,
W.S. CENTRAL,2017,12,1,,0,,1,,1,,1,,33,,28,,79,,306,,310,,,
MOUNTAIN,2017,12,,-,0,,1,,2,,1,,1,,16,,39,,149,,295,,,
PACIFIC,2017,12,,-,0,,1,,1,,1,,,-,1,,6,,16,,19,,,
AMER. SAMOA,2017,12,,-,0,,0,,,-,,-,,N,0,,0,,,N,,N,,
GUAM,2017,12,,-,0,,0,,,-,,-,,-,0,,0,,,-,,-,"GUAM
(13.3532, 144.653198)",
TENNESSEE,2017,12,,-,0,,1,,,-,,-,,N,0,,0,,,N,,N,"TENNESSEE
(35.681402, -85.774444)",
SOUTH CAROLINA,2017,12,,-,0,,0,,,-,,-,,-,2,,9,,25,,31,,"SOUTH CAROLINA
(34.009286, -81.037094)",
RHODE ISLAND,2017,12,,-,0,,0,,,-,,-,2,,0,,6,,13,,6,,"RHODE ISLAND
(41.707447, -71.522488)",
FLORIDA,2017,12,,-,0,,1,,1,,,-,10,,14,,28,,167,,232,,"FLORIDA
(28.915325, -81.922409)",
NEW JERSEY,2017,12,,-,0,,0,,,-,,-,,-,5,,17,,60,,92,,"NEW JERSEY
(40.104655, -74.386686)",
MONTANA,2017,12,,-,0,,0,,,-,,-,,-,1,,6,,7,,27,,"MONTANA
(47.062617, -109.430168)",
DELAWARE,2017,12,,-,0,,0,,,-,,-,,-,0,,3,,5,,4,,"DELAWARE
(39.008676, -75.574561)",
OREGON,2017,12,,-,0,,0,,,-,,-,,N,0,,0,,,N,,N,"OREGON
(44.567912, -120.156945)",
NORTH CAROLINA,2017,12,,-,0,,1,,1,,,-,,N,0,,0,,,N,,N,"NORTH CAROLINA
(35.47995, -79.180571)",
MISSISSIPPI,2017,12,,-,0,,1,,,-,,-,,-,0,,2,,2,,1,,"MISSISSIPPI
(32.738663, -89.537312)",
KENTUCKY,2017,12,,-,0,,1,,,-,,-,,N,0,,0,,,N,,N,"KENTUCKY
(37.64591, -84.774043)",
NEBRASKA,2017,12,,-,0,,1,,1,,,-,,-,0,,2,,8,,9,,"NEBRASKA
(41.640503, -99.367122)",
ARKANSAS,2017,12,1,,0,,0,,1,,,-,,-,2,,10,,18,,44,,"ARKANSAS
(34.748745, -92.275105)",
ALASKA,2017,12,,-,0,,0,,,-,1,,,-,0,,2,,5,,5,,"ALASKA
(64.836661, -147.738891)",
DIST. OF COL.,2017,12,,-,0,,0,,,-,,-,,-,0,,1,,1,,1,,"DISTRICT OF COLUMBIA
(38.892062, -77.019912)",
TEXAS,2017,12,,-,0,,1,,,-,1,,33,,24,,75,,287,,242,,"TEXAS
(31.827233, -99.423022)",
NEVADA,2017,12,,-,0,,1,,1,,,-,,N,0,,0,,,N,,N,"NEVADA
(39.491833, -117.070159)",
PUERTO RICO,2017,12,,-,0,,0,,,-,,-,,-,1,,6,,9,,23,,"PUERTO RICO
(18.215692, -66.414655)",
IOWA,2017,12,,-,0,,1,,,-,,-,,N,0,,0,,,N,,N,"IOWA
(42.46942, -93.815856)",
VIRGIN ISL.,2017,12,,-,0,,0,,,-,,-,,-,0,,0,,,-,,-,"VIRGIN ISLANDS
(18.060868, -64.840836)",
WEST VIRGINIA,2017,12,,-,0,,0,,,-,,-,,-,0,,1,,,-,4,,"WEST VIRGINIA
(38.668501, -80.709421)",
MASSACHUSETTS,2017,12,,-,0,,0,,,-,,-,,-,4,,16,,52,,70,,"MASSACHUSETTS
(42.268546, -72.085064)",
VIRGINIA,2017,12,,-,0,,1,,,-,,-,,-,4,,15,,3,,59,,"VIRGINIA
(37.542699, -78.45822)",
NEW HAMPSHIRE,2017,12,,-,0,,0,,,-,,-,,-,0,,4,,,-,12,,"NEW HAMPSHIRE
(43.657736, -71.500736)",
WYOMING,2017,12,,-,0,,0,,,-,,-,,-,0,,2,,,-,1,,"WYOMING
(43.23558, -108.110518)",
OHIO,2017,12,,-,0,,1,,,-,,-,13,,8,,23,,114,,131,,"OHIO
(40.056807, -82.405897)",
NEW MEXICO,2017,12,,-,0,,0,,,-,,-,,-,0,,4,,11,,16,,"NEW MEXICO
(34.520396, -106.244402)",
NORTH DAKOTA,2017,12,,-,0,,0,,,-,,-,,-,0,,21,,3,,17,,"NORTH DAKOTA
(47.475879, -100.121011)",
KANSAS,2017,12,,-,0,,0,,,-,,-,,-,0,,0,,,-,,-,"KANSAS
(38.345528, -98.201847)",
COLORADO,2017,12,,-,0,,0,,,-,,-,,-,5,,32,,45,,84,,"COLORADO
(38.841772, -106.132562)",
MARYLAND,2017,12,,-,0,,1,,1,,,-,,N,0,,0,,,N,,N,"MARYLAND
(39.290443, -76.612333)",
UTAH,2017,12,,-,0,,0,,,-,,-,,-,3,,10,,38,,87,,"UTAH
(39.359772, -111.584173)",
INDIANA,2017,12,,-,0,,1,,,-,,-,,-,3,,9,,25,,51,,"INDIANA
(39.76845, -86.156212)",
MAINE,2017,12,,-,0,,1,,,-,,-,4,,4,,9,,41,,42,,"MAINE
(45.252223, -68.986647)",
NEW YORK,2017,12,,-,0,,1,,,-,,-,,N,0,,0,,,N,,N,"NEW YORK
(42.826892, -75.544286)",
ILLINOIS,2017,12,,-,0,,0,,,-,1,,4,,7,,19,,69,,127,,"ILLINOIS
(40.477092, -88.993221)",
PENNSYLVANIA,2017,12,,-,0,,2,,,-,,-,10,,21,,55,,206,,257,,"PENNSYLVANIA
(40.789676, -77.858055)",
CONNECTICUT,2017,12,,-,0,,0,,,-,,-,,-,2,,6,,22,,41,,"CONNECTICUT
(41.544654, -72.651713)",
ALABAMA,2017,12,,-,0,,1,,1,,,-,,-,2,,6,,17,,27,,"ALABAMA
(32.839182, -86.631125)",
VERMONT,2017,12,,-,0,,0,,,-,,-,,-,0,,4,,14,,22,,"VERMONT
(43.622479, -72.51927)",
MISSOURI,2017,12,,-,0,,0,,,-,,-,4,,3,,8,,42,,35,,"MISSOURI
(38.636168, -92.566292)",
CALIFORNIA,2017,12,,-,0,,1,,1,,,-,,-,0,,4,,4,,4,,"CALIFORNIA
(37.640735, -121.002435)",
GEORGIA,2017,12,,-,0,,0,,,-,,-,,-,3,,7,,28,,28,,"GEORGIA
(32.836038, -83.631709)",
MICHIGAN,2017,12,,-,0,,1,,1,,,-,,-,9,,21,,103,,183,,"MICHIGAN
(44.66399, -84.711206)",
HAWAII,2017,12,,-,0,,0,,,-,,-,,-,0,,5,,7,,10,,"HAWAII
(21.30992, -157.858158)",
OKLAHOMA,2017,12,,-,0,,1,,,-,,-,,N,0,,0,,,N,,N,"OKLAHOMA
(35.468494, -97.521264)",
IDAHO,2017,12,,-,0,,1,,1,,,-,,N,0,,0,,,N,,N,"IDAHO
(43.680635, -114.364237)",
WISCONSIN,2017,12,,-,0,,0,,,-,,-,3,,3,,21,,53,,4,,"WISCONSIN
(44.395526, -89.834513)",
MINNESOTA,2017,12,,-,0,,0,,,-,,-,,-,6,,16,,70,,71,,"MINNESOTA
(46.357661, -94.793397)",
ARIZONA,2017,12,,-,0,,0,,,-,1,,1,,4,,13,,48,,80,,"ARIZONA
(34.869712, -111.760902)",
WASHINGTON,2017,12,,-,0,,0,,,-,,-,,N,0,,0,,,N,,N,"WASHINGTON
(47.517368, -120.467672)",
SOUTH DAKOTA,2017,12,,-,0,,0,,,-,,-,,-,0,,4,,2,,11,,"SOUTH DAKOTA
(44.35371, -100.373709)",
LOUISIANA,2017,12,,-,0,,0,,,-,,-,,-,0,,8,,1,,24,,"LOUISIANA
(31.2931, -92.463284)",
UNITED STATES,2017,13,,-,1,,3,,10,,5,,60,,157,,237,,1768,,2424,,,
NEW ENGLAND,2017,13,,-,0,,1,,,-,,-,1,,13,,27,,143,,211,,,
MID. ATLANTIC,2017,13,,-,0,,2,,,-,,-,2,,25,,65,,311,,413,,,
NEW YORK CITY,2017,13,,-,0,,1,,,-,,-,,-,0,,0,,,-,,-,,
E.N. CENTRAL,2017,13,,-,0,,1,,1,,1,,19,,33,,56,,399,,540,,,
W.N. CENTRAL,2017,13,,-,0,,1,,1,,,-,4,,11,,29,,148,,155,,,
S. ATLANTIC,2017,13,,-,0,,1,,3,,1,,13,,23,,39,,245,,391,,,
E.S. CENTRAL,2017,13,,-,0,,1,,1,,,-,,-,2,,7,,19,,30,,,
W.S. CENTRAL,2017,13,,-,0,,1,,1,,1,,16,,28,,80,,327,,342,,,
MOUNTAIN,2017,13,,-,0,,1,,2,,1,,4,,16,,39,,158,,323,,,
PACIFIC,2017,13,,-,0,,1,,1,,1,,1,,1,,6,,18,,19,,,
AMER. SAMOA,2017,13,,-,0,,0,,,-,,-,,N,0,,0,,,N,,N,,
GUAM,2017,13,,-,0,,0,,,-,,-,,-,0,,0,,,-,,-,"GUAM
(13.3532, 144.653198)",
HAWAII,2017,13,,-,0,,0,,,-,,-,,-,0,,5,,7,,10,,"HAWAII
(21.30992, -157.858158)",
DELAWARE,2017,13,,-,0,,0,,,-,,-,,-,0,,3,,5,,4,,"DELAWARE
(39.008676, -75.574561)",
OKLAHOMA,2017,13,,-,0,,1,,,-,,-,,N,0,,0,,,N,,N,"OKLAHOMA
(35.468494, -97.521264)",
ALASKA,2017,13,,-,0,,0,,,-,1,,1,,0,,2,,6,,5,,"ALASKA
(64.836661, -147.738891)",
IOWA,2017,13,,-,0,,1,,,-,,-,,N,0,,0,,,N,,N,"IOWA
(42.46942, -93.815856)",
NEBRASKA,2017,13,,-,0,,1,,1,,,-,2,,0,,2,,10,,11,,"NEBRASKA
(41.640503, -99.367122)",
TEXAS,2017,13,,-,0,,1,,,-,1,,15,,25,,76,,307,,269,,"TEXAS
(31.827233, -99.423022)",
MAINE,2017,13,,-,0,,1,,,-,,-,,-,4,,9,,41,,49,,"MAINE
(45.252223, -68.986647)",
NEW JERSEY,2017,13,,-,0,,0,,,-,,-,,-,6,,23,,102,,101,,"NEW JERSEY
(40.104655, -74.386686)",
WASHINGTON,2017,13,,-,0,,0,,,-,,-,,N,0,,0,,,N,,N,"WASHINGTON
(47.517368, -120.467672)",
PENNSYLVANIA,2017,13,,-,0,,2,,,-,,-,2,,20,,55,,209,,312,,"PENNSYLVANIA
(40.789676, -77.858055)",
MASSACHUSETTS,2017,13,,-,0,,0,,,-,,-,,-,4,,16,,52,,74,,"MASSACHUSETTS
(42.268546, -72.085064)",
RHODE ISLAND,2017,13,,-,0,,0,,,-,,-,,-,1,,6,,13,,8,,"RHODE ISLAND
(41.707447, -71.522488)",
COLORADO,2017,13,,-,0,,0,,,-,,-,,-,5,,32,,45,,90,,"COLORADO
(38.841772, -106.132562)",
LOUISIANA,2017,13,,-,0,,0,,,-,,-,,-,0,,8,,1,,26,,"LOUISIANA
(31.2931, -92.463284)",
GEORGIA,2017,13,,-,0,,0,,,-,,-,,-,3,,7,,31,,34,,"GEORGIA
(32.836038, -83.631709)",
MINNESOTA,2017,13,,-,0,,0,,,-,,-,1,,6,,16,,88,,79,,"MINNESOTA
(46.357661, -94.793397)",
IDAHO,2017,13,,-,0,,1,,1,,,-,,N,0,,0,,,N,,N,"IDAHO
(43.680635, -114.364237)",
ILLINOIS,2017,13,,-,0,,0,,,-,1,,1,,7,,19,,77,,134,,"ILLINOIS
(40.477092, -88.993221)",
MISSISSIPPI,2017,13,,-,0,,1,,,-,,-,,-,0,,2,,2,,1,,"MISSISSIPPI
(32.738663, -89.537312)",
NORTH DAKOTA,2017,13,,-,0,,0,,,-,,-,,-,0,,21,,3,,17,,"NORTH DAKOTA
(47.475879, -100.121011)",
MARYLAND,2017,13,,-,0,,1,,1,,,-,,N,0,,0,,,N,,N,"MARYLAND
(39.290443, -76.612333)",
MICHIGAN,2017,13,,-,0,,1,,1,,,-,2,,9,,21,,117,,202,,"MICHIGAN
(44.66399, -84.711206)",
SOUTH CAROLINA,2017,13,,-,0,,0,,,-,,-,,-,2,,9,,25,,36,,"SOUTH CAROLINA
(34.009286, -81.037094)",
WISCONSIN,2017,13,,-,0,,0,,,-,,-,1,,3,,21,,50,,6,,"WISCONSIN
(44.395526, -89.834513)",
NORTH CAROLINA,2017,13,,-,0,,1,,1,,,-,,N,0,,0,,,N,,N,"NORTH CAROLINA
(35.47995, -79.180571)",
ALABAMA,2017,13,,-,0,,1,,1,,,-,,-,2,,6,,17,,29,,"ALABAMA
(32.839182, -86.631125)",
ARKANSAS,2017,13,,-,0,,1,,1,,,-,1,,2,,10,,19,,47,,"ARKANSAS
(34.748745, -92.275105)",
ARIZONA,2017,13,,-,0,,0,,,-,1,,3,,4,,13,,51,,88,,"ARIZONA
(34.869712, -111.760902)",
CALIFORNIA,2017,13,,-,0,,1,,1,,,-,,-,0,,4,,5,,4,,"CALIFORNIA
(37.640735, -121.002435)",
WYOMING,2017,13,,-,0,,0,,,-,,-,,-,0,,2,,,-,1,,"WYOMING
(43.23558, -108.110518)",
UTAH,2017,13,,-,0,,0,,,-,,-,,-,3,,10,,42,,97,,"UTAH
(39.359772, -111.584173)",
VERMONT,2017,13,,-,0,,0,,,-,,-,,-,0,,4,,14,,23,,"VERMONT
(43.622479, -72.51927)",
CONNECTICUT,2017,13,,-,0,,0,,,-,,-,1,,2,,6,,23,,44,,"CONNECTICUT
(41.544654, -72.651713)",
NEVADA,2017,13,,-,0,,1,,1,,,-,,N,0,,0,,,N,,N,"NEVADA
(39.491833, -117.070159)",
VIRGIN ISL.,2017,13,,-,0,,0,,,-,,-,,-,0,,0,,,-,,-,"VIRGIN ISLANDS
(18.060868, -64.840836)",
MONTANA,2017,13,,-,0,,0,,,-,,-,1,,0,,6,,8,,28,,"MONTANA
(47.062617, -109.430168)",
OREGON,2017,13,,-,0,,0,,,-,,-,,N,0,,0,,,N,,N,"OREGON
(44.567912, -120.156945)",
KANSAS,2017,13,,-,0,,0,,,-,,-,,-,0,,0,,,-,,-,"KANSAS
(38.345528, -98.201847)",
FLORIDA,2017,13,,-,0,,1,,1,,1,,13,,13,,28,,180,,247,,"FLORIDA
(28.915325, -81.922409)",
NEW MEXICO,2017,13,,-,0,,0,,,-,,-,,-,1,,4,,12,,19,,"NEW MEXICO
(34.520396, -106.244402)",
TENNESSEE,2017,13,,-,0,,1,,,-,,-,,N,0,,0,,,N,,N,"TENNESSEE
(35.681402, -85.774444)",
OHIO,2017,13,,-,0,,1,,,-,,-,15,,8,,23,,129,,144,,"OHIO
(40.056807, -82.405897)",
MISSOURI,2017,13,,-,0,,0,,,-,,-,1,,3,,8,,45,,37,,"MISSOURI
(38.636168, -92.566292)",
SOUTH DAKOTA,2017,13,,-,0,,0,,,-,,-,,-,0,,4,,2,,11,,"SOUTH DAKOTA
(44.35371, -100.373709)",
NEW HAMPSHIRE,2017,13,,-,0,,0,,,-,,-,,-,0,,4,,,-,13,,"NEW HAMPSHIRE
(43.657736, -71.500736)",
DIST. OF COL.,2017,13,,-,0,,0,,,-,,-,,-,0,,1,,1,,1,,"DISTRICT OF COLUMBIA
(38.892062, -77.019912)",
INDIANA,2017,13,,-,0,,1,,,-,,-,,-,3,,9,,26,,54,,"INDIANA
(39.76845, -86.156212)",
PUERTO RICO,2017,13,,-,0,,0,,,-,,-,,-,1,,5,,9,,27,,"PUERTO RICO
(18.215692, -66.414655)",
VIRGINIA,2017,13,,-,0,,1,,,-,,-,,-,4,,15,,3,,64,,"VIRGINIA
(37.542699, -78.45822)",
WEST VIRGINIA,2017,13,,-,0,,0,,,-,,-,,-,0,,1,,,-,5,,"WEST VIRGINIA
(38.668501, -80.709421)",
NEW YORK,2017,13,,-,0,,1,,,-,,-,,N,0,,0,,,N,,N,"NEW YORK
(42.826892, -75.544286)",
C.N.M.I.,2017,13,,-,,-,,-,,-,,-,,-,,-,,-,,-,,-,"NORTHERN MARIANA ISLANDS
(15.1834, 145.725693)",
KENTUCKY,2017,13,,-,0,,1,,,-,,-,,N,0,,0,,,N,,N,"KENTUCKY
(37.64591, -84.774043)",
UNITED STATES,2017,14,,-,1,,3,,10,,7,,75,,158,,237,,1916,,2620,,,
NEW ENGLAND,2017,14,,-,0,,1,,,-,,-,3,,13,,27,,159,,233,,,
MID. ATLANTIC,2017,14,,-,0,,2,,,-,,-,9,,25,,61,,322,,444,,,
NEW YORK CITY,2017,14,,-,0,,1,,,-,,-,,-,0,,0,,,-,,-,,
E.N. CENTRAL,2017,14,,-,0,,1,,1,,2,,15,,33,,56,,445,,575,,,
W.N. CENTRAL,2017,14,,-,0,,1,,1,,,-,1,,11,,29,,159,,167,,,
S. ATLANTIC,2017,14,,-,0,,1,,3,,1,,23,,22,,39,,277,,420,,,
E.S. CENTRAL,2017,14,,-,0,,1,,1,,1,,1,,2,,7,,20,,30,,,
W.S. CENTRAL,2017,14,,-,0,,1,,1,,1,,12,,28,,84,,340,,377,,,
MOUNTAIN,2017,14,,-,0,,1,,2,,1,,11,,15,,39,,173,,353,,,
PACIFIC,2017,14,,-,0,,1,,1,,1,,,-,1,,6,,21,,21,,,
AMER. SAMOA,2017,14,,-,0,,0,,,-,,-,,N,0,,0,,,N,,N,,
OKLAHOMA,2017,14,,-,0,,1,,,-,,-,,N,0,,0,,,N,,N,"OKLAHOMA
(35.468494, -97.521264)",
GEORGIA,2017,14,,-,0,,0,,,-,,-,,-,3,,7,,36,,37,,"GEORGIA
(32.836038, -83.631709)",
CONNECTICUT,2017,14,,-,0,,0,,,-,,-,1,,2,,6,,30,,49,,"CONNECTICUT
(41.544654, -72.651713)",
OREGON,2017,14,,-,0,,0,,,-,,-,,N,0,,0,,,N,,N,"OREGON
(44.567912, -120.156945)",
LOUISIANA,2017,14,,-,0,,0,,,-,,-,,-,0,,8,,1,,28,,"LOUISIANA
(31.2931, -92.463284)",
WEST VIRGINIA,2017,14,,-,0,,0,,,-,,-,,-,0,,0,,,-,5,,"WEST VIRGINIA
(38.668501, -80.709421)",
NEBRASKA,2017,14,,-,0,,1,,1,,,-,,-,0,,2,,10,,11,,"NEBRASKA
(41.640503, -99.367122)",
ALABAMA,2017,14,,-,0,,1,,1,,,-,,-,2,,6,,17,,29,,"ALABAMA
(32.839182, -86.631125)",
WASHINGTON,2017,14,,-,0,,0,,,-,,-,,N,0,,0,,,N,,N,"WASHINGTON
(47.517368, -120.467672)",
NEW JERSEY,2017,14,,-,0,,0,,,-,,-,,-,6,,23,,102,,109,,"NEW JERSEY
(40.104655, -74.386686)",
MICHIGAN,2017,14,,-,0,,1,,1,,,-,1,,9,,21,,126,,214,,"MICHIGAN
(44.66399, -84.711206)",
KANSAS,2017,14,,-,0,,0,,,-,,-,,-,0,,0,,,-,,-,"KANSAS
(38.345528, -98.201847)",
OHIO,2017,14,,-,0,,1,,,-,1,,8,,8,,23,,144,,148,,"OHIO
(40.056807, -82.405897)",
MISSISSIPPI,2017,14,,-,0,,1,,,-,,-,1,,0,,2,,3,,1,,"MISSISSIPPI
(32.738663, -89.537312)",
NEW HAMPSHIRE,2017,14,,-,0,,0,,,-,,-,,-,0,,4,,,-,17,,"NEW HAMPSHIRE
(43.657736, -71.500736)",
NORTH DAKOTA,2017,14,,-,0,,0,,,-,,-,,-,1,,21,,11,,17,,"NORTH DAKOTA
(47.475879, -100.121011)",
PUERTO RICO,2017,14,,-,0,,0,,,-,,-,,-,1,,5,,9,,28,,"PUERTO RICO
(18.215692, -66.414655)",
MARYLAND,2017,14,,-,0,,1,,1,,,-,,N,0,,0,,,N,,N,"MARYLAND
(39.290443, -76.612333)",
MASSACHUSETTS,2017,14,,-,0,,0,,,-,,-,,-,4,,16,,58,,81,,"MASSACHUSETTS
(42.268546, -72.085064)",
NEVADA,2017,14,,-,0,,1,,1,,,-,,N,0,,0,,,N,,N,"NEVADA
(39.491833, -117.070159)",
PENNSYLVANIA,2017,14,,-,0,,2,,,-,,-,9,,19,,51,,220,,335,,"PENNSYLVANIA
(40.789676, -77.858055)",
GUAM,2017,14,,-,0,,0,,,-,,-,,-,0,,0,,,-,,-,"GUAM
(13.3532, 144.653198)",
NORTH CAROLINA,2017,14,,-,0,,1,,1,,,-,,N,0,,0,,,N,,N,"NORTH CAROLINA
(35.47995, -79.180571)",
IDAHO,2017,14,,-,0,,1,,1,,,-,,N,0,,0,,,N,,N,"IDAHO
(43.680635, -114.364237)",
INDIANA,2017,14,,-,0,,1,,,-,,-,5,,3,,9,,38,,57,,"INDIANA
(39.76845, -86.156212)",
FLORIDA,2017,14,,-,0,,1,,1,,1,,23,,13,,28,,205,,270,,"FLORIDA
(28.915325, -81.922409)",
KENTUCKY,2017,14,,-,0,,1,,,-,,-,,N,0,,0,,,N,,N,"KENTUCKY
(37.64591, -84.774043)",
RHODE ISLAND,2017,14,,-,0,,0,,,-,,-,,-,1,,6,,13,,9,,"RHODE ISLAND
(41.707447, -71.522488)",
WISCONSIN,2017,14,,-,0,,0,,,-,,-,1,,3,,21,,54,,6,,"WISCONSIN
(44.395526, -89.834513)",
VIRGINIA,2017,14,,-,0,,1,,,-,,-,,-,3,,15,,4,,66,,"VIRGINIA
(37.542699, -78.45822)",
TEXAS,2017,14,,-,0,,1,,,-,1,,12,,24,,80,,320,,300,,"TEXAS
(31.827233, -99.423022)",
CALIFORNIA,2017,14,,-,0,,1,,1,,,-,,-,0,,4,,5,,5,,"CALIFORNIA
(37.640735, -121.002435)",
MONTANA,2017,14,,-,0,,0,,,-,,-,2,,0,,6,,11,,31,,"MONTANA
(47.062617, -109.430168)",
VIRGIN ISL.,2017,14,,-,0,,0,,,-,,-,,-,0,,0,,,-,,-,"VIRGIN ISLANDS
(18.060868, -64.840836)",
C.N.M.I.,2017,14,,-,,-,,-,,-,,-,,-,,-,,-,,-,,-,"NORTHERN MARIANA ISLANDS
(15.1834, 145.725693)",
UTAH,2017,14,,-,0,,0,,,-,,-,,-,3,,10,,43,,103,,"UTAH
(39.359772, -111.584173)",
ALASKA,2017,14,,-,0,,0,,,-,1,,,-,0,,2,,7,,5,,"ALASKA
(64.836661, -147.738891)",
ARKANSAS,2017,14,,-,0,,1,,1,,,-,,-,2,,10,,19,,49,,"ARKANSAS
(34.748745, -92.275105)",
COLORADO,2017,14,,-,0,,0,,,-,,-,6,,5,,32,,51,,96,,"COLORADO
(38.841772, -106.132562)",
SOUTH CAROLINA,2017,14,,-,0,,0,,,-,,-,,-,2,,9,,25,,37,,"SOUTH CAROLINA
(34.009286, -81.037094)",
WYOMING,2017,14,,-,0,,0,,,-,,-,,-,0,,2,,,-,1,,"WYOMING
(43.23558, -108.110518)",
MISSOURI,2017,14,,-,0,,0,,,-,,-,1,,3,,8,,46,,40,,"MISSOURI
(38.636168, -92.566292)",
VERMONT,2017,14,,-,0,,0,,,-,,-,1,,0,,4,,15,,25,,"VERMONT
(43.622479, -72.51927)",
ILLINOIS,2017,14,,-,0,,0,,,-,1,,,-,7,,19,,83,,150,,"ILLINOIS
(40.477092, -88.993221)",
MINNESOTA,2017,14,,-,0,,0,,,-,,-,,-,6,,16,,90,,88,,"MINNESOTA
(46.357661, -94.793397)",
SOUTH DAKOTA,2017,14,,-,0,,0,,,-,,-,,-,0,,4,,2,,11,,"SOUTH DAKOTA
(44.35371, -100.373709)",
DELAWARE,2017,14,,-,0,,0,,,-,,-,,-,0,,3,,6,,4,,"DELAWARE
(39.008676, -75.574561)",
DIST. OF COL.,2017,14,,-,0,,0,,,-,,-,,-,0,,1,,1,,1,,"DISTRICT OF COLUMBIA
(38.892062, -77.019912)",
NEW MEXICO,2017,14,,-,0,,0,,,-,,-,,-,1,,4,,13,,22,,"NEW MEXICO
(34.520396, -106.244402)",
MAINE,2017,14,,-,0,,1,,,-,,-,1,,4,,9,,43,,52,,"MAINE
(45.252223, -68.986647)",
IOWA,2017,14,,-,0,,1,,,-,,-,,N,0,,0,,,N,,N,"IOWA
(42.46942, -93.815856)",
NEW YORK,2017,14,,-,0,,1,,,-,,-,,N,0,,0,,,N,,N,"NEW YORK
(42.826892, -75.544286)",
ARIZONA,2017,14,,-,0,,0,,,-,1,,3,,4,,13,,55,,100,,"ARIZONA
(34.869712, -111.760902)",
HAWAII,2017,14,,-,0,,0,,,-,,-,,-,0,,5,,9,,11,,"HAWAII
(21.30992, -157.858158)",
TENNESSEE,2017,14,,-,0,,1,,,-,1,,,N,0,,0,,,N,,N,"TENNESSEE
(35.681402, -85.774444)",
UNITED STATES,2017,15,,-,1,,3,,11,,7,,54,,157,,237,,2055,,2843,,,
NEW ENGLAND,2017,15,,-,0,,1,,,-,,-,,-,13,,27,,161,,260,,,
MID. ATLANTIC,2017,15,,-,0,,2,,,-,,-,6,,24,,61,,345,,477,,,
NEW YORK CITY,2017,15,,-,0,,1,,,-,,-,,-,0,,0,,,-,,-,,
E.N. CENTRAL,2017,15,,-,0,,1,,1,,2,,12,,33,,56,,464,,620,,,
W.N. CENTRAL,2017,15,,-,0,,1,,1,,,-,5,,11,,22,,189,,182,,,
S. ATLANTIC,2017,15,,-,0,,1,,3,,1,,,-,23,,39,,284,,443,,,
E.S. CENTRAL,2017,15,,-,0,,1,,1,,1,,,-,2,,7,,20,,37,,,
W.S. CENTRAL,2017,15,,-,0,,1,,1,,1,,19,,27,,85,,380,,423,,,
MOUNTAIN,2017,15,,-,0,,1,,3,,1,,12,,15,,39,,189,,380,,,
PACIFIC,2017,15,,-,0,,1,,1,,1,,,-,1,,6,,23,,21,,,
AMER. SAMOA,2017,15,,-,0,,0,,,-,,-,,N,0,,0,,,N,,N,,
GEORGIA,2017,15,,-,0,,0,,,-,,-,,-,3,,7,,36,,42,,"GEORGIA
(32.836038, -83.631709)",
NORTH CAROLINA,2017,15,,-,0,,1,,1,,,-,,N,0,,0,,,N,,N,"NORTH CAROLINA
(35.47995, -79.180571)",
MASSACHUSETTS,2017,15,,-,0,,0,,,-,,-,,-,4,,16,,58,,94,,"MASSACHUSETTS
(42.268546, -72.085064)",
MONTANA,2017,15,,-,0,,1,,1,,,-,4,,1,,8,,15,,36,,"MONTANA
(47.062617, -109.430168)",
NEW MEXICO,2017,15,,-,0,,0,,,-,,-,1,,1,,4,,15,,26,,"NEW MEXICO
(34.520396, -106.244402)",
ALABAMA,2017,15,,-,0,,1,,1,,,-,,-,2,,6,,17,,35,,"ALABAMA
(32.839182, -86.631125)",
OKLAHOMA,2017,15,,-,0,,1,,,-,,-,,N,0,,0,,,N,,N,"OKLAHOMA
(35.468494, -97.521264)",
WISCONSIN,2017,15,,-,0,,0,,,-,,-,2,,4,,21,,59,,8,,"WISCONSIN
(44.395526, -89.834513)",
NEVADA,2017,15,,-,0,,1,,1,,,-,,N,0,,0,,,N,,N,"NEVADA
(39.491833, -117.070159)",
DELAWARE,2017,15,,-,0,,0,,,-,,-,,-,0,,3,,6,,4,,"DELAWARE
(39.008676, -75.574561)",
MARYLAND,2017,15,,-,0,,1,,1,,,-,,N,0,,0,,,N,,N,"MARYLAND
(39.290443, -76.612333)",
MICHIGAN,2017,15,,-,0,,1,,1,,,-,6,,8,,21,,135,,230,,"MICHIGAN
(44.66399, -84.711206)",
ARKANSAS,2017,15,,-,0,,1,,1,,,-,1,,2,,10,,25,,50,,"ARKANSAS
(34.748745, -92.275105)",
VERMONT,2017,15,,-,0,,0,,,-,,-,,-,0,,4,,17,,25,,"VERMONT
(43.622479, -72.51927)",
CALIFORNIA,2017,15,,-,0,,1,,1,,,-,,-,0,,4,,5,,5,,"CALIFORNIA
(37.640735, -121.002435)",
MAINE,2017,15,,-,0,,1,,,-,,-,,-,4,,10,,43,,64,,"MAINE
(45.252223, -68.986647)",
UTAH,2017,15,,-,0,,0,,,-,,-,1,,3,,10,,44,,106,,"UTAH
(39.359772, -111.584173)",
OREGON,2017,15,,-,0,,0,,,-,,-,,N,0,,0,,,N,,N,"OREGON
(44.567912, -120.156945)",
SOUTH DAKOTA,2017,15,,-,0,,0,,,-,,-,,-,0,,4,,2,,12,,"SOUTH DAKOTA
(44.35371, -100.373709)",
FLORIDA,2017,15,,-,0,,1,,1,,1,,,-,13,,28,,205,,286,,"FLORIDA
(28.915325, -81.922409)",
VIRGIN ISL.,2017,15,,-,0,,0,,,-,,-,,-,0,,0,,,-,,-,"VIRGIN ISLANDS
(18.060868, -64.840836)",
HAWAII,2017,15,,-,0,,0,,,-,,-,,-,0,,5,,10,,11,,"HAWAII
(21.30992, -157.858158)",
COLORADO,2017,15,,-,0,,0,,,-,,-,,-,5,,32,,51,,102,,"COLORADO
(38.841772, -106.132562)",
RHODE ISLAND,2017,15,,-,0,,0,,,-,,-,,-,1,,6,,13,,9,,"RHODE ISLAND
(41.707447, -71.522488)",
LOUISIANA,2017,15,,-,0,,0,,,-,,-,,-,0,,8,,1,,29,,"LOUISIANA
(31.2931, -92.463284)",
SOUTH CAROLINA,2017,15,,-,0,,0,,,-,,-,,-,2,,9,,25,,37,,"SOUTH CAROLINA
(34.009286, -81.037094)",
TEXAS,2017,15,,-,0,,1,,,-,1,,18,,23,,81,,354,,344,,"TEXAS
(31.827233, -99.423022)",
NEW HAMPSHIRE,2017,15,,-,0,,0,,,-,,-,,-,0,,4,,,-,17,,"NEW HAMPSHIRE
(43.657736, -71.500736)",
NEW JERSEY,2017,15,,-,0,,0,,,-,,-,,-,6,,23,,106,,116,,"NEW JERSEY
(40.104655, -74.386686)",
OHIO,2017,15,,-,0,,1,,,-,1,,3,,8,,23,,147,,156,,"OHIO
(40.056807, -82.405897)",
ILLINOIS,2017,15,,-,0,,0,,,-,1,,1,,7,,19,,84,,162,,"ILLINOIS
(40.477092, -88.993221)",
KENTUCKY,2017,15,,-,0,,1,,,-,,-,,N,0,,0,,,N,,N,"KENTUCKY
(37.64591, -84.774043)",
WYOMING,2017,15,,-,0,,0,,,-,,-,,-,0,,2,,,-,1,,"WYOMING
(43.23558, -108.110518)",
NORTH DAKOTA,2017,15,,-,0,,0,,,-,,-,,-,1,,3,,13,,19,,"NORTH DAKOTA
(47.475879, -100.121011)",
C.N.M.I.,2017,15,,-,,-,,-,,-,,-,,-,,-,,-,,-,,-,"NORTHERN MARIANA ISLANDS
(15.1834, 145.725693)",
DIST. OF COL.,2017,15,,-,0,,0,,,-,,-,,-,0,,1,,1,,1,,"DISTRICT OF COLUMBIA
(38.892062, -77.019912)",
TENNESSEE,2017,15,,-,0,,0,,,-,1,,,N,0,,0,,,N,,N,"TENNESSEE
(35.681402, -85.774444)",
PUERTO RICO,2017,15,,-,0,,0,,,-,,-,,-,1,,5,,9,,28,,"PUERTO RICO
(18.215692, -66.414655)",
INDIANA,2017,15,,-,0,,1,,,-,,-,,-,3,,9,,39,,64,,"INDIANA
(39.76845, -86.156212)",
NEW YORK,2017,15,,-,0,,1,,,-,,-,,N,0,,0,,,N,,N,"NEW YORK
(42.826892, -75.544286)",
PENNSYLVANIA,2017,15,,-,0,,2,,,-,,-,6,,18,,51,,239,,361,,"PENNSYLVANIA
(40.789676, -77.858055)",
IOWA,2017,15,,-,0,,1,,,-,,-,,N,0,,0,,,N,,N,"IOWA
(42.46942, -93.815856)",
MISSISSIPPI,2017,15,,-,0,,1,,,-,,-,,-,0,,2,,3,,2,,"MISSISSIPPI
(32.738663, -89.537312)",
ARIZONA,2017,15,,-,0,,0,,,-,1,,6,,4,,13,,64,,109,,"ARIZONA
(34.869712, -111.760902)",
NEBRASKA,2017,15,,-,0,,1,,1,,,-,,-,0,,2,,10,,12,,"NEBRASKA
(41.640503, -99.367122)",
CONNECTICUT,2017,15,,-,0,,0,,,-,,-,,-,2,,6,,30,,51,,"CONNECTICUT
(41.544654, -72.651713)",
MISSOURI,2017,15,,-,0,,0,,,-,,-,4,,3,,8,,48,,44,,"MISSOURI
(38.636168, -92.566292)",
MINNESOTA,2017,15,,-,0,,0,,,-,,-,1,,7,,16,,116,,95,,"MINNESOTA
(46.357661, -94.793397)",
WEST VIRGINIA,2017,15,,-,0,,0,,,-,,-,,-,0,,0,,,-,5,,"WEST VIRGINIA
(38.668501, -80.709421)",
KANSAS,2017,15,,-,0,,0,,,-,,-,,-,0,,0,,,-,,-,"KANSAS
(38.345528, -98.201847)",
WASHINGTON,2017,15,,-,0,,0,,,-,,-,,N,0,,0,,,N,,N,"WASHINGTON
(47.517368, -120.467672)",
ALASKA,2017,15,,-,0,,0,,,-,1,,,-,0,,2,,8,,5,,"ALASKA
(64.836661, -147.738891)",
IDAHO,2017,15,,-,0,,1,,1,,,-,,N,0,,0,,,N,,N,"IDAHO
(43.680635, -114.364237)",
VIRGINIA,2017,15,,-,0,,1,,,-,,-,,-,4,,15,,11,,68,,"VIRGINIA
(37.542699, -78.45822)",
GUAM,2017,15,,-,0,,0,,,-,,-,,-,0,,0,,,-,,-,"GUAM
(13.3532, 144.653198)",
