Reporting Area,MMWR Year,MMWR Week,"Hepatitis (viral, acute), type A, Current week","Hepatitis (viral, acute), type A, Current week, flag ","Hepatitis (viral, acute), type A, Previous 52 weeks Med","Hepatitis (viral, acute), type A, Previous 52 weeks Med, flag","Hepatitis (viral, acute), type A, Previous 52 weeks Max","Hepatitis (viral, acute), type A, Previous 52 weeks Max, flag","Hepatitis (viral, acute), type A, Cum 2014","Hepatitis (viral, acute), type A, Cum 2014, flag","Hepatitis (viral, acute), type A, Cum 2013","Hepatitis (viral, acute), type A, Cum 2013, flag","Hepatitis (viral, acute), type B, Current week","Hepatitis (viral, acute), type B, Current week, flag","Hepatitis (viral, acute), type B, Previous 52 weeks Med","Hepatitis (viral, acute), type B, Previous 52 weeks Med, flag","Hepatitis (viral, acute), type B, Previous 52 weeks Max","Hepatitis (viral, acute), type B, Previous 52 weeks Max, flag","Hepatitis (viral, acute), type B, Cum 2014","Hepatitis (viral, acute), type B, Cum 2014, flag","Hepatitis (viral, acute), type B, Cum 2013","Hepatitis (viral, acute), type B, Cum 2013, flag","Hepatitis (viral, acute), type C, Current week","Hepatitis (viral, acute), type C, Current week, flag","Hepatitis (viral, acute), type C, Previous 52 weeks Med","Hepatitis (viral, acute), type C, Previous 52 weeks Med, flag","Hepatitis (viral, acute), type C, Previous 52 weeks Max","Hepatitis (viral, acute), type C, Previous 52 weeks Max, flag","Hepatitis (viral, acute), type C, Cum 2014","Hepatitis (viral, acute), type C, Cum 2014, flag","Hepatitis (viral, acute), type C, Cum 2013","Hepatitis (viral, acute), type C, Cum 2013, flag",Location 1,Location 2
UNITED STATES,2017,1,7,,31,,100,,7,,23,,13,,54,,79,,13,,58,,4,,44,,71,,4,,56,,,
NEW ENGLAND,2017,1,,-,2,,4,,,-,1,,,-,1,,4,,,-,1,,1,,4,,14,,1,,9,,,
MID. ATLANTIC,2017,1,1,,4,,10,,1,,4,,,-,4,,7,,,-,4,,,-,7,,17,,,-,10,,,
NEW YORK CITY,2017,1,,-,1,,3,,,-,1,,,-,1,,3,,,-,1,,,-,0,,1,,,-,,-,,
E.N. CENTRAL,2017,1,,-,3,,8,,,-,4,,2,,11,,20,,2,,13,,,-,8,,20,,,-,11,,,
W.N. CENTRAL,2017,1,,-,1,,5,,,-,,-,,-,1,,7,,,-,4,,,-,2,,7,,,-,5,,,
S. ATLANTIC,2017,1,3,,7,,55,,3,,9,,6,,19,,34,,6,,17,,2,,10,,20,,2,,6,,,
MARYLAND,2017,1,,-,0,,5,,,-,,-,,-,0,,3,,,-,,-,,-,0,,3,,,-,,-,"MARYLAND
(39.290443, -76.612333)",
E.S. CENTRAL,2017,1,,-,1,,4,,,-,2,,3,,9,,18,,3,,13,,1,,5,,17,,1,,10,,,
W.S. CENTRAL,2017,1,,-,3,,7,,,-,,-,1,,4,,14,,1,,1,,,-,1,,5,,,-,,-,,
MOUNTAIN,2017,1,1,,2,,5,,1,,3,,1,,1,,3,,1,,2,,,-,2,,7,,,-,4,,,
PACIFIC,2017,1,2,,6,,36,,2,,,-,,-,3,,6,,,-,3,,,-,2,,9,,,-,1,,,
AMER. SAMOA,2017,1,,-,0,,0,,,-,,-,,-,0,,0,,,-,,-,,-,0,,0,,,-,,-,,
OREGON,2017,1,1,,0,,2,,1,,,-,,-,0,,3,,,-,,-,,-,0,,2,,,-,,-,"OREGON
(44.567912, -120.156945)",
MINNESOTA,2017,1,,-,0,,1,,,-,,-,,-,0,,2,,,-,1,,,-,0,,4,,,-,2,,"MINNESOTA
(46.357661, -94.793397)",
MISSISSIPPI,2017,1,,-,0,,1,,,-,,-,,-,0,,2,,,-,,-,,-,0,,0,,,-,,-,"MISSISSIPPI
(32.738663, -89.537312)",
RHODE ISLAND,2017,1,,-,0,,2,,,-,,-,,U,0,,0,,,U,,U,,-,0,,0,,,-,,-,"RHODE ISLAND
(41.707447, -71.522488)",
VIRGIN ISL.,2017,1,,-,0,,0,,,-,,-,,-,0,,0,,,-,,-,,-,0,,0,,,-,,-,"VIRGIN ISLANDS
(18.060868, -64.840836)",
MAINE,2017,1,,-,0,,1,,,-,1,,,-,1,,3,,,-,,-,1,,0,,2,,1,,,-,"MAINE
(45.252223, -68.986647)",
ARKANSAS,2017,1,,-,0,,3,,,-,,-,,-,1,,5,,,-,1,,,-,0,,0,,,-,,-,"ARKANSAS
(34.748745, -92.275105)",
LOUISIANA,2017,1,,-,0,,1,,,-,,-,1,,0,,3,,1,,,-,,-,0,,1,,,-,,-,"LOUISIANA
(31.2931, -92.463284)",
MONTANA,2017,1,,-,0,,1,,,-,,-,,-,0,,1,,,-,,-,,-,0,,2,,,-,,-,"MONTANA
(47.062617, -109.430168)",
NEW MEXICO,2017,1,,-,0,,1,,,-,,-,,-,0,,1,,,-,,-,,-,0,,3,,,-,3,,"NEW MEXICO
(34.520396, -106.244402)",
WYOMING,2017,1,,-,0,,0,,,-,,-,,U,0,,0,,,U,,U,,-,0,,0,,,-,,-,"WYOMING
(43.23558, -108.110518)",
SOUTH DAKOTA,2017,1,,-,0,,1,,,-,,-,,-,0,,1,,,-,,-,,-,0,,2,,,-,1,,"SOUTH DAKOTA
(44.35371, -100.373709)",
KANSAS,2017,1,,-,0,,1,,,-,,-,,-,0,,3,,,-,1,,,-,0,,2,,,-,,-,"KANSAS
(38.345528, -98.201847)",
MICHIGAN,2017,1,,-,1,,4,,,-,,-,,-,1,,3,,,-,,-,,-,1,,5,,,-,4,,"MICHIGAN
(44.66399, -84.711206)",
WISCONSIN,2017,1,,-,0,,2,,,-,,-,,-,0,,2,,,-,,-,,-,1,,3,,,-,1,,"WISCONSIN
(44.395526, -89.834513)",
NORTH DAKOTA,2017,1,,-,0,,1,,,-,,-,,-,0,,1,,,-,,-,,-,0,,1,,,-,,-,"NORTH DAKOTA
(47.475879, -100.121011)",
INDIANA,2017,1,,-,0,,3,,,-,3,,,-,4,,9,,,-,3,,,-,2,,7,,,-,2,,"INDIANA
(39.76845, -86.156212)",
TENNESSEE,2017,1,,-,0,,2,,,-,,-,2,,4,,7,,2,,5,,,-,3,,11,,,-,7,,"TENNESSEE
(35.681402, -85.774444)",
FLORIDA,2017,1,2,,2,,7,,2,,2,,5,,11,,17,,5,,6,,1,,4,,9,,1,,1,,"FLORIDA
(28.915325, -81.922409)",
DELAWARE,2017,1,,-,0,,1,,,-,,-,,-,0,,1,,,-,,-,,-,0,,0,,,-,,-,"DELAWARE
(39.008676, -75.574561)",
VERMONT,2017,1,,-,0,,1,,,-,,-,,-,0,,1,,,-,,-,,-,0,,1,,,-,1,,"VERMONT
(43.622479, -72.51927)",
NEBRASKA,2017,1,,-,0,,4,,,-,,-,,-,0,,2,,,-,,-,,-,0,,2,,,-,1,,"NEBRASKA
(41.640503, -99.367122)",
MISSOURI,2017,1,,-,0,,2,,,-,,-,,-,1,,3,,,-,2,,,-,0,,3,,,-,1,,"MISSOURI
(38.636168, -92.566292)",
GUAM,2017,1,,-,0,,0,,,-,,-,,-,0,,0,,,-,,-,,-,0,,0,,,-,,-,"GUAM
(13.3532, 144.653198)",
SOUTH CAROLINA,2017,1,,-,0,,2,,,-,1,,,-,0,,2,,,-,2,,,-,0,,2,,,-,,-,"SOUTH CAROLINA
(34.009286, -81.037094)",
OKLAHOMA,2017,1,,-,0,,4,,,-,,-,,-,0,,8,,,-,,-,,-,0,,4,,,-,,-,"OKLAHOMA
(35.468494, -97.521264)",
WEST VIRGINIA,2017,1,,-,0,,4,,,-,,-,,-,2,,12,,,-,3,,,-,1,,6,,,-,2,,"WEST VIRGINIA
(38.668501, -80.709421)",
VIRGINIA,2017,1,,-,2,,40,,,-,,-,,-,1,,5,,,-,1,,1,,1,,4,,1,,1,,"VIRGINIA
(37.542699, -78.45822)",
ILLINOIS,2017,1,,-,1,,4,,,-,1,,,-,0,,3,,,-,2,,,-,0,,3,,,-,2,,"ILLINOIS
(40.477092, -88.993221)",
ALASKA,2017,1,1,,0,,1,,1,,,-,,-,0,,2,,,-,,-,,-,0,,0,,,-,,-,"ALASKA
(64.836661, -147.738891)",
NEW YORK,2017,1,1,,1,,3,,1,,1,,,-,1,,3,,,-,,-,,-,3,,11,,,-,3,,"NEW YORK
(42.826892, -75.544286)",
C.N.M.I.,2017,1,,-,,-,,-,,-,,-,,-,,-,,-,,-,,-,,-,,-,,-,,-,,-,"NORTHERN MARIANA ISLANDS
(15.1834, 145.725693)",
PUERTO RICO,2017,1,,-,0,,1,,,-,,-,,-,0,,2,,,-,,-,,-,0,,0,,,-,,-,"PUERTO RICO
(18.215692, -66.414655)",
NEW JERSEY,2017,1,,-,1,,4,,,-,2,,,-,0,,3,,,-,2,,,-,1,,4,,,-,1,,"NEW JERSEY
(40.104655, -74.386686)",
WASHINGTON,2017,1,,-,0,,3,,,-,,-,,-,1,,4,,,-,,-,,-,1,,6,,,-,,-,"WASHINGTON
(47.517368, -120.467672)",
ALABAMA,2017,1,,-,0,,2,,,-,2,,,-,1,,3,,,-,2,,,-,0,,4,,,-,,-,"ALABAMA
(32.839182, -86.631125)",
DIST. OF COL.,2017,1,,U,0,,0,,,U,,U,,U,0,,0,,,U,,U,,-,0,,0,,,-,,-,"DISTRICT OF COLUMBIA
(38.892062, -77.019912)",
KENTUCKY,2017,1,,-,0,,2,,,-,,-,1,,3,,11,,1,,6,,1,,2,,8,,1,,3,,"KENTUCKY
(37.64591, -84.774043)",
PENNSYLVANIA,2017,1,,-,1,,3,,,-,,-,,-,1,,3,,,-,1,,,-,3,,8,,,-,6,,"PENNSYLVANIA
(40.789676, -77.858055)",
HAWAII,2017,1,,-,0,,33,,,-,,-,,-,0,,1,,,-,,-,,-,0,,0,,,-,,-,"HAWAII
(21.30992, -157.858158)",
MASSACHUSETTS,2017,1,,-,1,,4,,,-,,-,,-,0,,3,,,-,1,,,-,4,,12,,,-,7,,"MASSACHUSETTS
(42.268546, -72.085064)",
CONNECTICUT,2017,1,,-,0,,2,,,-,,-,,-,0,,1,,,-,,-,,-,0,,2,,,-,1,,"CONNECTICUT
(41.544654, -72.651713)",
IOWA,2017,1,,-,0,,2,,,-,,-,,-,0,,2,,,-,,-,,-,0,,0,,,-,,-,"IOWA
(42.46942, -93.815856)",
CALIFORNIA,2017,1,,-,4,,10,,,-,,-,,-,2,,6,,,-,3,,,-,1,,4,,,-,1,,"CALIFORNIA
(37.640735, -121.002435)",
GEORGIA,2017,1,1,,1,,3,,1,,3,,1,,1,,7,,1,,4,,,-,1,,4,,,-,,-,"GEORGIA
(32.836038, -83.631709)",
UTAH,2017,1,,-,0,,2,,,-,1,,,-,0,,1,,,-,,-,,-,1,,4,,,-,1,,"UTAH
(39.359772, -111.584173)",
NEVADA,2017,1,,-,0,,2,,,-,,-,,-,0,,2,,,-,,-,,-,0,,3,,,-,,-,"NEVADA
(39.491833, -117.070159)",
NORTH CAROLINA,2017,1,,-,1,,5,,,-,3,,,-,2,,6,,,-,1,,,-,1,,4,,,-,2,,"NORTH CAROLINA
(35.47995, -79.180571)",
TEXAS,2017,1,,-,3,,6,,,-,,-,,-,2,,6,,,-,,-,,-,0,,4,,,-,,-,"TEXAS
(31.827233, -99.423022)",
ARIZONA,2017,1,,-,1,,3,,,-,1,,,-,0,,2,,,-,1,,,-,0,,0,,,-,,-,"ARIZONA
(34.869712, -111.760902)",
NEW HAMPSHIRE,2017,1,,-,0,,1,,,-,,-,,-,0,,0,,,-,,-,,-,0,,0,,,-,,-,"NEW HAMPSHIRE
(43.657736, -71.500736)",
COLORADO,2017,1,1,,0,,2,,1,,,-,1,,0,,2,,1,,,-,,-,0,,2,,,-,,-,"COLORADO
(38.841772, -106.132562)",
OHIO,2017,1,,-,0,,7,,,-,,-,2,,5,,13,,2,,8,,,-,3,,10,,,-,2,,"OHIO
(40.056807, -82.405897)",
IDAHO,2017,1,,-,0,,1,,,-,1,,,-,0,,1,,,-,1,,,-,0,,1,,,-,,-,"IDAHO
(43.680635, -114.364237)",
UNITED STATES,2017,2,7,,32,,101,,14,,51,,23,,54,,79,,45,,114,,9,,44,,71,,15,,113,,,
NEW ENGLAND,2017,2,,-,2,,5,,,-,3,,,-,1,,4,,,-,5,,,-,4,,14,,1,,22,,,
MID. ATLANTIC,2017,2,1,,4,,10,,2,,8,,2,,4,,7,,2,,4,,3,,7,,17,,3,,14,,,
NEW YORK CITY,2017,2,1,,1,,3,,1,,1,,1,,1,,3,,1,,1,,,-,0,,1,,,-,,-,,
E.N. CENTRAL,2017,2,1,,3,,8,,1,,7,,3,,11,,20,,6,,28,,,-,9,,20,,,-,27,,,
W.N. CENTRAL,2017,2,,-,1,,5,,,-,,-,,-,2,,7,,,-,6,,,-,2,,7,,,-,8,,,
S. ATLANTIC,2017,2,4,,7,,55,,7,,20,,13,,19,,34,,24,,36,,3,,10,,20,,7,,17,,,
E.S. CENTRAL,2017,2,,-,0,,4,,,-,2,,3,,9,,18,,7,,22,,,-,5,,17,,1,,15,,,
W.S. CENTRAL,2017,2,,-,3,,8,,,-,4,,2,,4,,14,,4,,3,,1,,1,,5,,1,,1,,,
MOUNTAIN,2017,2,1,,2,,5,,2,,6,,,-,1,,4,,1,,5,,2,,2,,7,,2,,8,,,
PACIFIC,2017,2,,-,6,,36,,2,,1,,,-,3,,6,,1,,5,,,-,2,,9,,,-,1,,,
AMER. SAMOA,2017,2,,-,0,,0,,,-,,-,,-,0,,0,,,-,,-,,-,0,,0,,,-,,-,,
NEW MEXICO,2017,2,,-,0,,1,,,-,,-,,-,0,,1,,,-,,-,,-,0,,3,,,-,6,,"NEW MEXICO
(34.520396, -106.244402)",
OREGON,2017,2,,-,0,,2,,1,,,-,,-,0,,3,,,-,,-,,-,0,,2,,,-,,-,"OREGON
(44.567912, -120.156945)",
ALASKA,2017,2,,-,0,,1,,1,,,-,,-,0,,2,,,-,,-,,-,0,,0,,,-,,-,"ALASKA
(64.836661, -147.738891)",
CALIFORNIA,2017,2,,-,4,,10,,,-,1,,,-,2,,6,,1,,5,,,-,1,,4,,,-,1,,"CALIFORNIA
(37.640735, -121.002435)",
SOUTH DAKOTA,2017,2,,-,0,,1,,,-,,-,,-,0,,1,,,-,,-,,-,0,,2,,,-,1,,"SOUTH DAKOTA
(44.35371, -100.373709)",
SOUTH CAROLINA,2017,2,,-,0,,2,,,-,2,,1,,0,,3,,2,,2,,,-,0,,2,,,-,,-,"SOUTH CAROLINA
(34.009286, -81.037094)",
DELAWARE,2017,2,,-,0,,1,,,-,,-,,-,0,,1,,1,,,-,,-,0,,0,,,-,,-,"DELAWARE
(39.008676, -75.574561)",
CONNECTICUT,2017,2,,-,0,,3,,,-,,-,,-,0,,1,,,-,,-,,-,0,,2,,,-,3,,"CONNECTICUT
(41.544654, -72.651713)",
FLORIDA,2017,2,1,,2,,7,,3,,5,,11,,11,,17,,18,,14,,2,,4,,9,,3,,9,,"FLORIDA
(28.915325, -81.922409)",
PUERTO RICO,2017,2,,-,0,,1,,,-,,-,,-,0,,2,,,-,,-,,-,0,,0,,,-,,-,"PUERTO RICO
(18.215692, -66.414655)",
NEBRASKA,2017,2,,-,0,,4,,,-,,-,,-,0,,2,,,-,,-,,-,0,,2,,,-,2,,"NEBRASKA
(41.640503, -99.367122)",
KENTUCKY,2017,2,,-,0,,2,,,-,,-,2,,3,,11,,3,,9,,,-,2,,8,,1,,4,,"KENTUCKY
(37.64591, -84.774043)",
MAINE,2017,2,,-,0,,1,,,-,1,,,-,1,,3,,,-,,-,,-,0,,2,,1,,,-,"MAINE
(45.252223, -68.986647)",
MINNESOTA,2017,2,,-,0,,2,,,-,,-,,-,0,,2,,,-,2,,,-,0,,4,,,-,3,,"MINNESOTA
(46.357661, -94.793397)",
LOUISIANA,2017,2,,-,0,,1,,,-,1,,1,,1,,4,,3,,,-,1,,0,,1,,1,,,-,"LOUISIANA
(31.2931, -92.463284)",
MICHIGAN,2017,2,,-,1,,4,,,-,1,,,-,1,,3,,,-,2,,,-,1,,5,,,-,6,,"MICHIGAN
(44.66399, -84.711206)",
MARYLAND,2017,2,,-,0,,5,,,-,2,,,-,0,,3,,1,,1,,,-,0,,3,,,-,,-,"MARYLAND
(39.290443, -76.612333)",
TENNESSEE,2017,2,,-,0,,2,,,-,,-,,-,4,,7,,3,,8,,,-,3,,11,,,-,10,,"TENNESSEE
(35.681402, -85.774444)",
NEW JERSEY,2017,2,,-,1,,4,,,-,3,,,-,0,,3,,,-,2,,,-,1,,4,,,-,3,,"NEW JERSEY
(40.104655, -74.386686)",
C.N.M.I.,2017,2,,-,,-,,-,,-,,-,,-,,-,,-,,-,,-,,-,,-,,-,,-,,-,"NORTHERN MARIANA ISLANDS
(15.1834, 145.725693)",
NEVADA,2017,2,,-,0,,2,,,-,,-,,-,0,,2,,,-,1,,,-,0,,3,,,-,,-,"NEVADA
(39.491833, -117.070159)",
DIST. OF COL.,2017,2,,U,0,,0,,,U,,U,,U,0,,0,,,U,,U,,-,0,,0,,,-,,-,"DISTRICT OF COLUMBIA
(38.892062, -77.019912)",
GUAM,2017,2,,-,0,,0,,,-,,-,,-,0,,0,,,-,,-,,-,0,,0,,,-,,-,"GUAM
(13.3532, 144.653198)",
WASHINGTON,2017,2,,-,0,,3,,,-,,-,,-,1,,4,,,-,,-,,-,1,,6,,,-,,-,"WASHINGTON
(47.517368, -120.467672)",
MONTANA,2017,2,,-,0,,1,,,-,,-,,-,0,,1,,,-,,-,,-,0,,2,,,-,,-,"MONTANA
(47.062617, -109.430168)",
WEST VIRGINIA,2017,2,,-,0,,4,,,-,,-,,-,2,,12,,,-,7,,1,,1,,6,,3,,3,,"WEST VIRGINIA
(38.668501, -80.709421)",
TEXAS,2017,2,,-,3,,6,,,-,3,,1,,2,,7,,1,,1,,,-,0,,4,,,-,1,,"TEXAS
(31.827233, -99.423022)",
IOWA,2017,2,,-,0,,2,,,-,,-,,-,0,,2,,,-,1,,,-,0,,0,,,-,,-,"IOWA
(42.46942, -93.815856)",
VIRGINIA,2017,2,3,,2,,40,,3,,2,,,-,1,,5,,,-,2,,,-,1,,4,,1,,1,,"VIRGINIA
(37.542699, -78.45822)",
OKLAHOMA,2017,2,,-,0,,4,,,-,,-,,-,0,,8,,,-,,-,,-,0,,4,,,-,,-,"OKLAHOMA
(35.468494, -97.521264)",
UTAH,2017,2,,-,0,,2,,,-,1,,,-,0,,1,,,-,,-,1,,1,,4,,1,,2,,"UTAH
(39.359772, -111.584173)",
HAWAII,2017,2,,-,0,,33,,,-,,-,,-,0,,1,,,-,,-,,-,0,,0,,,-,,-,"HAWAII
(21.30992, -157.858158)",
GEORGIA,2017,2,,-,1,,3,,1,,5,,1,,1,,7,,2,,5,,,-,1,,4,,,-,1,,"GEORGIA
(32.836038, -83.631709)",
ARKANSAS,2017,2,,-,0,,3,,,-,,-,,-,1,,5,,,-,2,,,-,0,,0,,,-,,-,"ARKANSAS
(34.748745, -92.275105)",
INDIANA,2017,2,,-,0,,1,,,-,4,,,-,4,,9,,,-,7,,,-,2,,7,,,-,6,,"INDIANA
(39.76845, -86.156212)",
RHODE ISLAND,2017,2,,-,0,,2,,,-,,-,,U,0,,0,,,U,,U,,-,0,,0,,,-,,-,"RHODE ISLAND
(41.707447, -71.522488)",
KANSAS,2017,2,,-,0,,1,,,-,,-,,-,0,,3,,,-,1,,,-,0,,2,,,-,1,,"KANSAS
(38.345528, -98.201847)",
NEW HAMPSHIRE,2017,2,,-,0,,1,,,-,,-,,-,0,,0,,,-,,-,,-,0,,0,,,-,,-,"NEW HAMPSHIRE
(43.657736, -71.500736)",
MISSOURI,2017,2,,-,0,,2,,,-,,-,,-,1,,3,,,-,2,,,-,0,,3,,,-,1,,"MISSOURI
(38.636168, -92.566292)",
NORTH DAKOTA,2017,2,,-,0,,1,,,-,,-,,-,0,,1,,,-,,-,,-,0,,1,,,-,,-,"NORTH DAKOTA
(47.475879, -100.121011)",
WYOMING,2017,2,,-,0,,0,,,-,,-,,U,0,,0,,,U,,U,,-,0,,0,,,-,,-,"WYOMING
(43.23558, -108.110518)",
WISCONSIN,2017,2,,-,0,,2,,,-,,-,,-,0,,2,,1,,,-,,-,1,,3,,,-,2,,"WISCONSIN
(44.395526, -89.834513)",
COLORADO,2017,2,,-,0,,2,,1,,,-,,-,0,,2,,1,,,-,,-,0,,3,,,-,,-,"COLORADO
(38.841772, -106.132562)",
OHIO,2017,2,1,,0,,7,,1,,,-,3,,6,,13,,5,,17,,,-,3,,10,,,-,10,,"OHIO
(40.056807, -82.405897)",
IDAHO,2017,2,1,,0,,1,,1,,1,,,-,0,,1,,,-,1,,1,,0,,1,,1,,,-,"IDAHO
(43.680635, -114.364237)",
MISSISSIPPI,2017,2,,-,0,,1,,,-,,-,1,,0,,2,,1,,1,,,-,0,,0,,,-,,-,"MISSISSIPPI
(32.738663, -89.537312)",
VIRGIN ISL.,2017,2,,-,0,,0,,,-,,-,,-,0,,0,,,-,,-,,-,0,,0,,,-,,-,"VIRGIN ISLANDS
(18.060868, -64.840836)",
ILLINOIS,2017,2,,-,1,,4,,,-,2,,,-,0,,3,,,-,2,,,-,0,,3,,,-,3,,"ILLINOIS
(40.477092, -88.993221)",
MASSACHUSETTS,2017,2,,-,1,,4,,,-,2,,,-,0,,3,,,-,4,,,-,4,,12,,,-,18,,"MASSACHUSETTS
(42.268546, -72.085064)",
VERMONT,2017,2,,-,0,,1,,,-,,-,,-,0,,1,,,-,1,,,-,0,,1,,,-,1,,"VERMONT
(43.622479, -72.51927)",
ARIZONA,2017,2,,-,1,,3,,,-,4,,,-,0,,2,,,-,3,,,-,0,,0,,,-,,-,"ARIZONA
(34.869712, -111.760902)",
ALABAMA,2017,2,,-,0,,2,,,-,2,,,-,1,,3,,,-,4,,,-,0,,4,,,-,1,,"ALABAMA
(32.839182, -86.631125)",
PENNSYLVANIA,2017,2,,-,1,,3,,,-,2,,1,,1,,3,,1,,1,,,-,3,,9,,,-,8,,"PENNSYLVANIA
(40.789676, -77.858055)",
NORTH CAROLINA,2017,2,,-,1,,5,,,-,4,,,-,2,,6,,,-,5,,,-,1,,4,,,-,3,,"NORTH CAROLINA
(35.47995, -79.180571)",
NEW YORK,2017,2,,-,1,,3,,1,,2,,,-,1,,3,,,-,,-,3,,3,,11,,3,,3,,"NEW YORK
(42.826892, -75.544286)",
UNITED STATES,2017,3,10,,32,,104,,29,,72,,16,,54,,79,,79,,166,,6,,45,,74,,27,,186,,,
NEW ENGLAND,2017,3,,-,2,,5,,,-,5,,2,,1,,3,,4,,7,,,-,7,,18,,1,,42,,,
MID. ATLANTIC,2017,3,2,,4,,10,,5,,10,,2,,4,,7,,4,,6,,2,,7,,17,,5,,27,,,
NEW YORK CITY,2017,3,2,,1,,3,,3,,1,,1,,1,,3,,2,,3,,,-,0,,1,,,-,1,,,
E.N. CENTRAL,2017,3,1,,3,,11,,3,,8,,1,,11,,20,,12,,37,,,-,8,,19,,2,,44,,,
W.N. CENTRAL,2017,3,,-,1,,5,,1,,3,,,-,1,,7,,,-,9,,,-,1,,7,,,-,9,,,
S. ATLANTIC,2017,3,4,,7,,55,,11,,22,,4,,19,,34,,30,,59,,3,,10,,20,,11,,29,,,
E.S. CENTRAL,2017,3,1,,0,,4,,1,,3,,2,,8,,18,,15,,31,,,-,5,,17,,1,,20,,,
W.S. CENTRAL,2017,3,,-,3,,8,,,-,5,,3,,4,,14,,9,,3,,,-,1,,5,,1,,1,,,
MOUNTAIN,2017,3,,-,2,,5,,2,,8,,2,,1,,4,,3,,5,,1,,2,,8,,5,,11,,,
PACIFIC,2017,3,2,,6,,47,,6,,8,,,-,3,,6,,2,,9,,,-,2,,9,,1,,3,,,
AMER. SAMOA,2017,3,,-,0,,0,,,-,,-,,-,0,,0,,,-,,-,,-,0,,0,,,-,,-,,
MINNESOTA,2017,3,,-,0,,2,,,-,1,,,-,0,,2,,,-,2,,,-,0,,4,,,-,3,,"MINNESOTA
(46.357661, -94.793397)",
NEBRASKA,2017,3,,-,0,,4,,,-,,-,,-,0,,2,,,-,1,,,-,0,,2,,,-,2,,"NEBRASKA
(41.640503, -99.367122)",
SOUTH CAROLINA,2017,3,,-,0,,2,,,-,2,,,-,0,,3,,2,,3,,,-,0,,2,,,-,,-,"SOUTH CAROLINA
(34.009286, -81.037094)",
DIST. OF COL.,2017,3,,U,0,,0,,,U,,U,,U,0,,0,,,U,,U,,-,0,,0,,,-,,-,"DISTRICT OF COLUMBIA
(38.892062, -77.019912)",
TEXAS,2017,3,,-,3,,6,,,-,4,,1,,2,,8,,2,,1,,,-,0,,4,,,-,1,,"TEXAS
(31.827233, -99.423022)",
MARYLAND,2017,3,1,,0,,5,,1,,2,,,-,0,,3,,1,,3,,,-,0,,3,,,-,2,,"MARYLAND
(39.290443, -76.612333)",
ILLINOIS,2017,3,,-,1,,4,,,-,3,,,-,0,,3,,,-,3,,,-,0,,3,,,-,5,,"ILLINOIS
(40.477092, -88.993221)",
RHODE ISLAND,2017,3,,-,0,,2,,,-,,-,,U,0,,0,,,U,,U,,-,0,,0,,,-,,-,"RHODE ISLAND
(41.707447, -71.522488)",
OHIO,2017,3,1,,0,,7,,2,,,-,1,,5,,13,,8,,23,,,-,3,,10,,,-,18,,"OHIO
(40.056807, -82.405897)",
PENNSYLVANIA,2017,3,,-,1,,3,,1,,2,,,-,1,,3,,1,,1,,2,,3,,9,,2,,16,,"PENNSYLVANIA
(40.789676, -77.858055)",
ARIZONA,2017,3,,-,0,,3,,,-,5,,2,,0,,2,,2,,3,,,-,0,,0,,,-,,-,"ARIZONA
(34.869712, -111.760902)",
VIRGIN ISL.,2017,3,,-,0,,0,,,-,,-,,-,0,,0,,,-,,-,,-,0,,0,,,-,,-,"VIRGIN ISLANDS
(18.060868, -64.840836)",
CONNECTICUT,2017,3,,-,0,,3,,,-,1,,,-,0,,1,,,-,,-,,-,0,,2,,,-,4,,"CONNECTICUT
(41.544654, -72.651713)",
ALABAMA,2017,3,,-,0,,2,,,-,3,,1,,1,,3,,2,,6,,,-,0,,4,,,-,3,,"ALABAMA
(32.839182, -86.631125)",
PUERTO RICO,2017,3,,-,0,,1,,,-,,-,,-,0,,2,,,-,2,,,-,0,,0,,,-,,-,"PUERTO RICO
(18.215692, -66.414655)",
MASSACHUSETTS,2017,3,,-,1,,4,,,-,2,,,-,0,,2,,,-,4,,,-,7,,16,,,-,36,,"MASSACHUSETTS
(42.268546, -72.085064)",
HAWAII,2017,3,,-,0,,39,,1,,,-,,-,0,,1,,,-,,-,,-,0,,0,,,-,,-,"HAWAII
(21.30992, -157.858158)",
NEW YORK,2017,3,,-,1,,3,,1,,2,,1,,1,,3,,1,,,-,,-,3,,11,,3,,6,,"NEW YORK
(42.826892, -75.544286)",
OREGON,2017,3,1,,0,,2,,2,,1,,,-,0,,3,,,-,1,,,-,0,,2,,,-,1,,"OREGON
(44.567912, -120.156945)",
UTAH,2017,3,,-,0,,2,,,-,1,,,-,0,,1,,,-,,-,,-,1,,5,,3,,2,,"UTAH
(39.359772, -111.584173)",
FLORIDA,2017,3,3,,2,,7,,6,,6,,3,,11,,17,,22,,27,,3,,4,,9,,6,,16,,"FLORIDA
(28.915325, -81.922409)",
GUAM,2017,3,,-,0,,0,,,-,,-,,-,0,,0,,,-,,-,,-,0,,0,,,-,,-,"GUAM
(13.3532, 144.653198)",
LOUISIANA,2017,3,,-,0,,1,,,-,1,,1,,1,,4,,4,,,-,,-,0,,1,,1,,,-,"LOUISIANA
(31.2931, -92.463284)",
VERMONT,2017,3,,-,0,,1,,,-,,-,,-,0,,1,,,-,1,,,-,0,,1,,,-,2,,"VERMONT
(43.622479, -72.51927)",
WASHINGTON,2017,3,,-,0,,3,,,-,,-,,-,1,,4,,,-,,-,,-,1,,6,,,-,,-,"WASHINGTON
(47.517368, -120.467672)",
OKLAHOMA,2017,3,,-,0,,4,,,-,,-,,-,0,,8,,,-,,-,,-,0,,4,,,-,,-,"OKLAHOMA
(35.468494, -97.521264)",
GEORGIA,2017,3,,-,1,,3,,1,,6,,1,,1,,7,,3,,6,,,-,1,,4,,1,,1,,"GEORGIA
(32.836038, -83.631709)",
MONTANA,2017,3,,-,0,,1,,,-,,-,,-,0,,1,,,-,,-,,-,0,,2,,,-,1,,"MONTANA
(47.062617, -109.430168)",
MICHIGAN,2017,3,,-,1,,7,,1,,1,,,-,1,,3,,1,,1,,,-,1,,5,,1,,7,,"MICHIGAN
(44.66399, -84.711206)",
VIRGINIA,2017,3,,-,2,,40,,3,,2,,,-,1,,5,,,-,5,,,-,1,,4,,1,,1,,"VIRGINIA
(37.542699, -78.45822)",
WYOMING,2017,3,,-,0,,0,,,-,,-,,U,0,,0,,,U,,U,,-,0,,0,,,-,,-,"WYOMING
(43.23558, -108.110518)",
MISSISSIPPI,2017,3,,-,0,,1,,,-,,-,,-,0,,2,,1,,1,,,-,0,,0,,,-,,-,"MISSISSIPPI
(32.738663, -89.537312)",
NEW HAMPSHIRE,2017,3,,-,0,,1,,,-,,-,,-,0,,0,,,-,,-,,-,0,,0,,,-,,-,"NEW HAMPSHIRE
(43.657736, -71.500736)",
NEW MEXICO,2017,3,,-,0,,1,,,-,,-,,-,0,,1,,,-,,-,,-,0,,2,,,-,8,,"NEW MEXICO
(34.520396, -106.244402)",
INDIANA,2017,3,,-,0,,1,,,-,4,,,-,4,,9,,2,,10,,,-,2,,7,,1,,9,,"INDIANA
(39.76845, -86.156212)",
IOWA,2017,3,,-,0,,2,,1,,1,,,-,0,,2,,,-,1,,,-,0,,0,,,-,,-,"IOWA
(42.46942, -93.815856)",
CALIFORNIA,2017,3,1,,4,,10,,2,,7,,,-,2,,6,,2,,8,,,-,1,,4,,1,,2,,"CALIFORNIA
(37.640735, -121.002435)",
NEVADA,2017,3,,-,0,,2,,,-,1,,,-,0,,2,,,-,1,,,-,0,,3,,,-,,-,"NEVADA
(39.491833, -117.070159)",
NEW JERSEY,2017,3,,-,1,,4,,,-,5,,,-,0,,3,,,-,2,,,-,1,,4,,,-,4,,"NEW JERSEY
(40.104655, -74.386686)",
ALASKA,2017,3,,-,0,,1,,1,,,-,,-,0,,2,,,-,,-,,-,0,,0,,,-,,-,"ALASKA
(64.836661, -147.738891)",
WEST VIRGINIA,2017,3,,-,0,,4,,,-,,-,,-,2,,12,,,-,8,,,-,1,,6,,3,,4,,"WEST VIRGINIA
(38.668501, -80.709421)",
KANSAS,2017,3,,-,0,,1,,,-,,-,,-,0,,3,,,-,1,,,-,0,,2,,,-,1,,"KANSAS
(38.345528, -98.201847)",
TENNESSEE,2017,3,,-,0,,2,,,-,,-,1,,4,,7,,8,,14,,,-,2,,11,,,-,11,,"TENNESSEE
(35.681402, -85.774444)",
KENTUCKY,2017,3,1,,0,,2,,1,,,-,,-,3,,11,,4,,10,,,-,2,,8,,1,,6,,"KENTUCKY
(37.64591, -84.774043)",
DELAWARE,2017,3,,-,0,,1,,,-,,-,,-,0,,1,,1,,,-,,-,0,,0,,,-,,-,"DELAWARE
(39.008676, -75.574561)",
ARKANSAS,2017,3,,-,0,,3,,,-,,-,1,,1,,5,,3,,2,,,-,0,,0,,,-,,-,"ARKANSAS
(34.748745, -92.275105)",
MISSOURI,2017,3,,-,0,,2,,,-,1,,,-,1,,3,,,-,4,,,-,0,,3,,,-,2,,"MISSOURI
(38.636168, -92.566292)",
NORTH DAKOTA,2017,3,,-,0,,1,,,-,,-,,-,0,,1,,,-,,-,,-,0,,1,,,-,,-,"NORTH DAKOTA
(47.475879, -100.121011)",
NORTH CAROLINA,2017,3,,-,1,,5,,,-,4,,,-,2,,6,,1,,7,,,-,1,,4,,,-,5,,"NORTH CAROLINA
(35.47995, -79.180571)",
IDAHO,2017,3,,-,0,,1,,1,,1,,,-,0,,1,,,-,1,,,-,0,,1,,1,,,-,"IDAHO
(43.680635, -114.364237)",
C.N.M.I.,2017,3,,-,,-,,-,,-,,-,,-,,-,,-,,-,,-,,-,,-,,-,,-,,-,"NORTHERN MARIANA ISLANDS
(15.1834, 145.725693)",
COLORADO,2017,3,,-,0,,2,,1,,,-,,-,0,,2,,1,,,-,1,,0,,3,,1,,,-,"COLORADO
(38.841772, -106.132562)",
MAINE,2017,3,,-,0,,1,,,-,2,,2,,1,,3,,4,,2,,,-,0,,2,,1,,,-,"MAINE
(45.252223, -68.986647)",
WISCONSIN,2017,3,,-,0,,2,,,-,,-,,-,0,,2,,1,,,-,,-,1,,3,,,-,5,,"WISCONSIN
(44.395526, -89.834513)",
SOUTH DAKOTA,2017,3,,-,0,,1,,,-,,-,,-,0,,1,,,-,,-,,-,0,,2,,,-,1,,"SOUTH DAKOTA
(44.35371, -100.373709)",
UNITED STATES,2017,4,9,,32,,104,,51,,104,,17,,55,,79,,126,,221,,10,,45,,72,,53,,252,,,
NEW ENGLAND,2017,4,,-,2,,5,,2,,8,,,-,1,,3,,6,,9,,,-,7,,17,,1,,58,,,
MID. ATLANTIC,2017,4,1,,4,,10,,6,,15,,,-,4,,7,,8,,7,,2,,7,,17,,8,,42,,,
NEW YORK CITY,2017,4,1,,1,,3,,4,,2,,,-,1,,3,,2,,3,,,-,0,,1,,,-,2,,,
E.N. CENTRAL,2017,4,,-,4,,11,,7,,12,,4,,11,,20,,22,,45,,2,,8,,17,,7,,52,,,
W.N. CENTRAL,2017,4,,-,1,,5,,2,,5,,,-,1,,7,,1,,12,,,-,2,,7,,5,,11,,,
S. ATLANTIC,2017,4,6,,7,,55,,19,,29,,10,,19,,34,,46,,79,,3,,10,,20,,17,,43,,,
E.S. CENTRAL,2017,4,,-,1,,4,,1,,4,,2,,9,,18,,26,,41,,1,,5,,17,,4,,28,,,
W.S. CENTRAL,2017,4,,-,3,,8,,1,,8,,1,,4,,16,,10,,8,,,-,1,,5,,1,,1,,,
MOUNTAIN,2017,4,,-,2,,5,,4,,11,,,-,1,,4,,4,,6,,2,,2,,8,,7,,14,,,
PACIFIC,2017,4,2,,6,,47,,9,,12,,,-,3,,6,,3,,14,,,-,2,,9,,3,,3,,,
AMER. SAMOA,2017,4,,-,0,,0,,,-,,-,,-,0,,0,,,-,,-,,-,0,,0,,,-,,-,,
WISCONSIN,2017,4,,-,0,,2,,,-,,-,1,,0,,2,,2,,1,,,-,1,,2,,,-,5,,"WISCONSIN
(44.395526, -89.834513)",
DELAWARE,2017,4,,-,0,,1,,,-,,-,,-,0,,1,,1,,,-,,-,0,,0,,,-,,-,"DELAWARE
(39.008676, -75.574561)",
TENNESSEE,2017,4,,-,0,,2,,,-,,-,1,,4,,7,,9,,16,,1,,3,,11,,3,,17,,"TENNESSEE
(35.681402, -85.774444)",
WEST VIRGINIA,2017,4,,-,0,,4,,2,,,-,,-,2,,12,,,-,12,,,-,1,,6,,3,,6,,"WEST VIRGINIA
(38.668501, -80.709421)",
MARYLAND,2017,4,,-,0,,5,,1,,2,,,-,0,,3,,2,,3,,,-,0,,3,,,-,2,,"MARYLAND
(39.290443, -76.612333)",
MONTANA,2017,4,,-,0,,1,,,-,,-,,-,0,,1,,,-,,-,,-,0,,2,,,-,1,,"MONTANA
(47.062617, -109.430168)",
ARIZONA,2017,4,,-,1,,2,,2,,6,,,-,0,,3,,3,,4,,,-,0,,0,,,-,,-,"ARIZONA
(34.869712, -111.760902)",
LOUISIANA,2017,4,,-,0,,1,,,-,1,,1,,1,,4,,5,,2,,,-,0,,1,,1,,,-,"LOUISIANA
(31.2931, -92.463284)",
UTAH,2017,4,,-,0,,2,,,-,1,,,-,0,,1,,,-,,-,,-,1,,5,,3,,2,,"UTAH
(39.359772, -111.584173)",
CALIFORNIA,2017,4,1,,4,,10,,3,,11,,,-,2,,6,,3,,13,,,-,1,,4,,3,,2,,"CALIFORNIA
(37.640735, -121.002435)",
ALASKA,2017,4,,-,0,,1,,1,,,-,,-,0,,2,,,-,,-,,-,0,,0,,,-,,-,"ALASKA
(64.836661, -147.738891)",
MISSISSIPPI,2017,4,,-,0,,1,,,-,,-,,-,0,,2,,3,,3,,,-,0,,0,,,-,,-,"MISSISSIPPI
(32.738663, -89.537312)",
FLORIDA,2017,4,3,,2,,7,,9,,11,,8,,11,,17,,34,,34,,2,,4,,9,,11,,22,,"FLORIDA
(28.915325, -81.922409)",
VIRGINIA,2017,4,2,,2,,40,,5,,3,,2,,1,,5,,2,,7,,,-,1,,4,,1,,3,,"VIRGINIA
(37.542699, -78.45822)",
MAINE,2017,4,,-,0,,1,,,-,2,,,-,1,,3,,4,,3,,,-,0,,2,,1,,2,,"MAINE
(45.252223, -68.986647)",
NEW JERSEY,2017,4,,-,1,,4,,,-,7,,,-,0,,3,,,-,2,,,-,1,,4,,,-,8,,"NEW JERSEY
(40.104655, -74.386686)",
WYOMING,2017,4,,-,0,,0,,,-,,-,,U,0,,0,,,U,,U,,-,0,,0,,,-,,-,"WYOMING
(43.23558, -108.110518)",
ALABAMA,2017,4,,-,0,,2,,,-,4,,,-,1,,3,,2,,9,,,-,0,,4,,,-,3,,"ALABAMA
(32.839182, -86.631125)",
CONNECTICUT,2017,4,,-,0,,3,,,-,1,,,-,0,,1,,,-,,-,,-,0,,2,,,-,4,,"CONNECTICUT
(41.544654, -72.651713)",
WASHINGTON,2017,4,,-,0,,3,,,-,,-,,-,1,,3,,,-,,-,,-,1,,6,,,-,,-,"WASHINGTON
(47.517368, -120.467672)",
NORTH CAROLINA,2017,4,,-,1,,5,,,-,5,,,-,2,,6,,1,,12,,,-,1,,4,,,-,7,,"NORTH CAROLINA
(35.47995, -79.180571)",
DIST. OF COL.,2017,4,,U,0,,0,,,U,,U,,U,0,,0,,,U,,U,,-,0,,0,,,-,,-,"DISTRICT OF COLUMBIA
(38.892062, -77.019912)",
IOWA,2017,4,,-,0,,2,,1,,2,,,-,0,,2,,,-,1,,,-,0,,0,,,-,,-,"IOWA
(42.46942, -93.815856)",
NEW YORK,2017,4,,-,1,,3,,1,,2,,,-,1,,3,,1,,1,,2,,3,,11,,4,,13,,"NEW YORK
(42.826892, -75.544286)",
OHIO,2017,4,,-,0,,7,,2,,,-,3,,5,,13,,11,,27,,2,,3,,10,,3,,23,,"OHIO
(40.056807, -82.405897)",
SOUTH CAROLINA,2017,4,,-,0,,2,,,-,2,,,-,0,,3,,2,,3,,,-,0,,2,,,-,1,,"SOUTH CAROLINA
(34.009286, -81.037094)",
MASSACHUSETTS,2017,4,,-,1,,4,,2,,5,,,-,0,,2,,2,,5,,,-,6,,16,,,-,50,,"MASSACHUSETTS
(42.268546, -72.085064)",
GUAM,2017,4,,-,0,,0,,,-,,-,,-,0,,0,,,-,,-,,-,0,,0,,,-,,-,"GUAM
(13.3532, 144.653198)",
COLORADO,2017,4,,-,0,,2,,1,,1,,,-,0,,2,,1,,,-,2,,0,,3,,3,,1,,"COLORADO
(38.841772, -106.132562)",
VIRGIN ISL.,2017,4,,-,0,,0,,,-,,-,,-,0,,0,,,-,,-,,-,0,,0,,,-,,-,"VIRGIN ISLANDS
(18.060868, -64.840836)",
OREGON,2017,4,1,,0,,2,,3,,1,,,-,0,,3,,,-,1,,,-,0,,2,,,-,1,,"OREGON
(44.567912, -120.156945)",
C.N.M.I.,2017,4,,-,,-,,-,,-,,-,,-,,-,,-,,-,,-,,-,,-,,-,,-,,-,"NORTHERN MARIANA ISLANDS
(15.1834, 145.725693)",
MINNESOTA,2017,4,,-,0,,2,,,-,1,,,-,0,,2,,,-,2,,,-,0,,4,,,-,3,,"MINNESOTA
(46.357661, -94.793397)",
IDAHO,2017,4,,-,0,,1,,1,,1,,,-,0,,1,,,-,1,,,-,0,,1,,1,,,-,"IDAHO
(43.680635, -114.364237)",
NEVADA,2017,4,,-,0,,2,,,-,2,,,-,0,,2,,,-,1,,,-,0,,3,,,-,,-,"NEVADA
(39.491833, -117.070159)",
KENTUCKY,2017,4,,-,0,,2,,1,,,-,1,,3,,11,,12,,13,,,-,2,,8,,1,,8,,"KENTUCKY
(37.64591, -84.774043)",
ARKANSAS,2017,4,,-,0,,3,,,-,,-,,-,1,,5,,3,,3,,,-,0,,0,,,-,,-,"ARKANSAS
(34.748745, -92.275105)",
GEORGIA,2017,4,1,,1,,3,,2,,6,,,-,2,,7,,4,,8,,1,,1,,4,,2,,2,,"GEORGIA
(32.836038, -83.631709)",
MICHIGAN,2017,4,,-,1,,7,,5,,2,,,-,1,,4,,4,,1,,,-,1,,5,,2,,8,,"MICHIGAN
(44.66399, -84.711206)",
HAWAII,2017,4,,-,0,,39,,2,,,-,,-,0,,1,,,-,,-,,-,0,,0,,,-,,-,"HAWAII
(21.30992, -157.858158)",
KANSAS,2017,4,,-,0,,1,,,-,,-,,-,0,,3,,,-,3,,,-,0,,2,,,-,1,,"KANSAS
(38.345528, -98.201847)",
OKLAHOMA,2017,4,,-,0,,4,,,-,,-,,-,0,,8,,,-,,-,,-,0,,4,,,-,,-,"OKLAHOMA
(35.468494, -97.521264)",
SOUTH DAKOTA,2017,4,,-,0,,1,,,-,,-,,-,0,,1,,,-,,-,,-,0,,2,,,-,2,,"SOUTH DAKOTA
(44.35371, -100.373709)",
RHODE ISLAND,2017,4,,-,0,,2,,,-,,-,,U,0,,0,,,U,,U,,-,0,,0,,,-,,-,"RHODE ISLAND
(41.707447, -71.522488)",
NORTH DAKOTA,2017,4,,-,0,,1,,,-,,-,,-,0,,1,,,-,,-,,-,0,,1,,,-,,-,"NORTH DAKOTA
(47.475879, -100.121011)",
ILLINOIS,2017,4,,-,1,,4,,,-,6,,,-,0,,3,,,-,3,,,-,0,,3,,,-,5,,"ILLINOIS
(40.477092, -88.993221)",
VERMONT,2017,4,,-,0,,1,,,-,,-,,-,0,,1,,,-,1,,,-,0,,1,,,-,2,,"VERMONT
(43.622479, -72.51927)",
INDIANA,2017,4,,-,0,,1,,,-,4,,,-,4,,9,,5,,13,,,-,2,,7,,2,,11,,"INDIANA
(39.76845, -86.156212)",
NEW MEXICO,2017,4,,-,0,,1,,,-,,-,,-,0,,1,,,-,,-,,-,0,,2,,,-,10,,"NEW MEXICO
(34.520396, -106.244402)",
NEW HAMPSHIRE,2017,4,,-,0,,1,,,-,,-,,-,0,,0,,,-,,-,,-,0,,0,,,-,,-,"NEW HAMPSHIRE
(43.657736, -71.500736)",
MISSOURI,2017,4,,-,0,,2,,,-,1,,,-,1,,3,,1,,5,,,-,0,,4,,5,,3,,"MISSOURI
(38.636168, -92.566292)",
PUERTO RICO,2017,4,,-,0,,1,,,-,,-,,-,0,,2,,,-,2,,,-,0,,0,,,-,,-,"PUERTO RICO
(18.215692, -66.414655)",
TEXAS,2017,4,,-,3,,6,,1,,7,,,-,2,,12,,2,,3,,,-,0,,4,,,-,1,,"TEXAS
(31.827233, -99.423022)",
NEBRASKA,2017,4,,-,0,,4,,1,,1,,,-,0,,2,,,-,1,,,-,0,,2,,,-,2,,"NEBRASKA
(41.640503, -99.367122)",
PENNSYLVANIA,2017,4,,-,1,,3,,1,,4,,,-,1,,3,,5,,1,,,-,3,,9,,4,,19,,"PENNSYLVANIA
(40.789676, -77.858055)",
UNITED STATES,2017,5,11,,31,,104,,69,,144,,23,,56,,79,,159,,290,,11,,45,,72,,71,,322,,,
NEW ENGLAND,2017,5,,-,2,,5,,2,,10,,1,,1,,3,,7,,12,,,-,7,,17,,1,,75,,,
MID. ATLANTIC,2017,5,5,,4,,10,,11,,20,,1,,4,,7,,10,,13,,3,,7,,17,,12,,49,,,
NEW YORK CITY,2017,5,3,,1,,3,,7,,5,,,-,1,,3,,2,,6,,,-,0,,1,,,-,2,,,
E.N. CENTRAL,2017,5,,-,4,,11,,8,,19,,2,,11,,20,,26,,57,,2,,8,,17,,10,,66,,,
W.N. CENTRAL,2017,5,,-,1,,5,,2,,5,,1,,1,,7,,4,,15,,,-,2,,7,,7,,14,,,
S. ATLANTIC,2017,5,6,,7,,55,,26,,35,,11,,19,,34,,61,,101,,3,,10,,20,,23,,57,,,
E.S. CENTRAL,2017,5,,-,0,,4,,1,,6,,4,,8,,18,,32,,55,,,-,5,,17,,4,,35,,,
W.S. CENTRAL,2017,5,,-,3,,8,,2,,12,,1,,4,,16,,11,,10,,2,,1,,5,,3,,3,,,
MOUNTAIN,2017,5,,-,2,,5,,5,,14,,1,,1,,4,,2,,7,,1,,2,,9,,8,,16,,,
PACIFIC,2017,5,,-,6,,47,,12,,23,,1,,3,,6,,6,,20,,,-,2,,9,,3,,7,,,
AMER. SAMOA,2017,5,,-,0,,0,,,-,,-,,-,0,,0,,,-,,-,,-,0,,0,,,-,,-,,
MISSOURI,2017,5,,-,0,,2,,,-,1,,,-,1,,3,,1,,6,,,-,0,,4,,5,,3,,"MISSOURI
(38.636168, -92.566292)",
OREGON,2017,5,,-,0,,2,,3,,2,,1,,0,,3,,1,,1,,,-,0,,2,,,-,2,,"OREGON
(44.567912, -120.156945)",
SOUTH DAKOTA,2017,5,,-,0,,1,,,-,,-,,-,0,,1,,,-,,-,,-,0,,2,,,-,4,,"SOUTH DAKOTA
(44.35371, -100.373709)",
HAWAII,2017,5,,-,0,,39,,2,,,-,,-,0,,1,,,-,,-,,-,0,,0,,,-,,-,"HAWAII
(21.30992, -157.858158)",
C.N.M.I.,2017,5,,-,,-,,-,,-,,-,,-,,-,,-,,-,,-,,-,,-,,-,,-,,-,"NORTHERN MARIANA ISLANDS
(15.1834, 145.725693)",
NEW HAMPSHIRE,2017,5,,-,0,,1,,,-,,-,,-,0,,0,,,-,,-,,-,0,,0,,,-,,-,"NEW HAMPSHIRE
(43.657736, -71.500736)",
VERMONT,2017,5,,-,0,,1,,,-,,-,,-,0,,1,,,-,1,,,-,0,,1,,,-,2,,"VERMONT
(43.622479, -72.51927)",
LOUISIANA,2017,5,,-,0,,1,,,-,2,,,-,1,,4,,5,,3,,,-,0,,1,,1,,1,,"LOUISIANA
(31.2931, -92.463284)",
NEW YORK,2017,5,2,,1,,3,,3,,4,,,-,1,,3,,1,,2,,1,,3,,11,,5,,15,,"NEW YORK
(42.826892, -75.544286)",
MONTANA,2017,5,,-,0,,1,,,-,,-,,-,0,,1,,,-,,-,,-,0,,2,,1,,2,,"MONTANA
(47.062617, -109.430168)",
CALIFORNIA,2017,5,,-,4,,10,,6,,21,,,-,2,,6,,5,,18,,,-,1,,4,,3,,4,,"CALIFORNIA
(37.640735, -121.002435)",
ILLINOIS,2017,5,,-,1,,4,,,-,9,,,-,0,,3,,,-,4,,,-,0,,3,,,-,6,,"ILLINOIS
(40.477092, -88.993221)",
FLORIDA,2017,5,5,,2,,7,,14,,11,,9,,11,,17,,44,,43,,3,,4,,9,,17,,27,,"FLORIDA
(28.915325, -81.922409)",
TENNESSEE,2017,5,,-,0,,2,,,-,,-,2,,4,,7,,12,,23,,,-,2,,11,,3,,20,,"TENNESSEE
(35.681402, -85.774444)",
NEW MEXICO,2017,5,,-,0,,1,,,-,,-,,-,0,,1,,,-,,-,,-,0,,2,,,-,10,,"NEW MEXICO
(34.520396, -106.244402)",
NEVADA,2017,5,,-,0,,2,,,-,3,,,-,0,,2,,,-,1,,,-,0,,3,,,-,,-,"NEVADA
(39.491833, -117.070159)",
OKLAHOMA,2017,5,,-,0,,4,,,-,,-,,-,0,,8,,,-,,-,1,,0,,4,,1,,1,,"OKLAHOMA
(35.468494, -97.521264)",
NEW JERSEY,2017,5,,-,1,,4,,,-,7,,,-,0,,3,,,-,4,,,-,0,,3,,,-,11,,"NEW JERSEY
(40.104655, -74.386686)",
ALABAMA,2017,5,,-,0,,2,,,-,5,,2,,1,,3,,5,,12,,,-,0,,4,,,-,4,,"ALABAMA
(32.839182, -86.631125)",
OHIO,2017,5,,-,0,,7,,2,,,-,2,,5,,13,,13,,36,,2,,3,,10,,5,,26,,"OHIO
(40.056807, -82.405897)",
INDIANA,2017,5,,-,0,,1,,1,,4,,,-,4,,9,,7,,14,,,-,2,,7,,3,,14,,"INDIANA
(39.76845, -86.156212)",
NORTH DAKOTA,2017,5,,-,0,,1,,,-,,-,,-,0,,1,,,-,1,,,-,0,,1,,1,,,-,"NORTH DAKOTA
(47.475879, -100.121011)",
CONNECTICUT,2017,5,,-,0,,3,,,-,2,,,-,0,,1,,,-,1,,,-,0,,2,,,-,5,,"CONNECTICUT
(41.544654, -72.651713)",
WISCONSIN,2017,5,,-,0,,2,,,-,,-,,-,0,,1,,2,,2,,,-,1,,2,,,-,7,,"WISCONSIN
(44.395526, -89.834513)",
MASSACHUSETTS,2017,5,,-,1,,4,,2,,6,,,-,0,,2,,2,,5,,,-,6,,16,,,-,66,,"MASSACHUSETTS
(42.268546, -72.085064)",
RHODE ISLAND,2017,5,,-,0,,2,,,-,,-,,U,0,,0,,,U,,U,,-,0,,0,,,-,,-,"RHODE ISLAND
(41.707447, -71.522488)",
WASHINGTON,2017,5,,-,0,,3,,,-,,-,,-,1,,3,,,-,1,,,-,1,,6,,,-,1,,"WASHINGTON
(47.517368, -120.467672)",
UTAH,2017,5,,-,0,,2,,,-,1,,,-,0,,1,,,-,,-,1,,1,,4,,3,,3,,"UTAH
(39.359772, -111.584173)",
MARYLAND,2017,5,,-,0,,5,,1,,2,,,-,0,,3,,3,,3,,,-,0,,3,,,-,2,,"MARYLAND
(39.290443, -76.612333)",
VIRGINIA,2017,5,,-,2,,40,,5,,5,,,-,1,,5,,3,,7,,,-,1,,4,,1,,3,,"VIRGINIA
(37.542699, -78.45822)",
PENNSYLVANIA,2017,5,,-,1,,3,,1,,4,,1,,1,,3,,7,,1,,2,,3,,9,,7,,21,,"PENNSYLVANIA
(40.789676, -77.858055)",
WEST VIRGINIA,2017,5,,-,0,,4,,2,,,-,,-,1,,12,,,-,18,,,-,1,,6,,3,,8,,"WEST VIRGINIA
(38.668501, -80.709421)",
SOUTH CAROLINA,2017,5,1,,0,,2,,2,,2,,,-,0,,4,,2,,4,,,-,0,,2,,,-,1,,"SOUTH CAROLINA
(34.009286, -81.037094)",
PUERTO RICO,2017,5,,-,0,,1,,,-,,-,,-,0,,2,,,-,4,,,-,0,,0,,,-,,-,"PUERTO RICO
(18.215692, -66.414655)",
KENTUCKY,2017,5,,-,0,,2,,1,,,-,,-,3,,11,,12,,17,,,-,1,,8,,1,,11,,"KENTUCKY
(37.64591, -84.774043)",
IDAHO,2017,5,,-,0,,1,,1,,1,,1,,0,,1,,1,,2,,,-,0,,1,,1,,,-,"IDAHO
(43.680635, -114.364237)",
MAINE,2017,5,,-,0,,1,,,-,2,,1,,1,,3,,5,,5,,,-,0,,2,,1,,2,,"MAINE
(45.252223, -68.986647)",
MINNESOTA,2017,5,,-,0,,2,,,-,1,,,-,0,,2,,,-,2,,,-,0,,4,,,-,3,,"MINNESOTA
(46.357661, -94.793397)",
DELAWARE,2017,5,,-,0,,1,,,-,,-,,-,0,,1,,1,,,-,,-,0,,0,,,-,,-,"DELAWARE
(39.008676, -75.574561)",
NORTH CAROLINA,2017,5,,-,1,,5,,,-,6,,,-,2,,6,,1,,15,,,-,1,,4,,,-,11,,"NORTH CAROLINA
(35.47995, -79.180571)",
ARIZONA,2017,5,,-,1,,2,,3,,7,,,-,0,,2,,,-,4,,,-,0,,0,,,-,,-,"ARIZONA
(34.869712, -111.760902)",
WYOMING,2017,5,,-,0,,0,,,-,,-,,U,0,,0,,,U,,U,,-,0,,0,,,-,,-,"WYOMING
(43.23558, -108.110518)",
ARKANSAS,2017,5,,-,0,,3,,,-,,-,1,,1,,5,,4,,4,,,-,0,,0,,,-,,-,"ARKANSAS
(34.748745, -92.275105)",
TEXAS,2017,5,,-,2,,6,,2,,10,,,-,2,,12,,2,,3,,1,,0,,4,,1,,1,,"TEXAS
(31.827233, -99.423022)",
DIST. OF COL.,2017,5,,U,0,,0,,,U,,U,,U,0,,0,,,U,,U,,-,0,,0,,,-,,-,"DISTRICT OF COLUMBIA
(38.892062, -77.019912)",
IOWA,2017,5,,-,0,,2,,1,,2,,1,,0,,2,,2,,1,,,-,0,,0,,,-,,-,"IOWA
(42.46942, -93.815856)",
VIRGIN ISL.,2017,5,,-,0,,0,,,-,,-,,-,0,,0,,,-,,-,,-,0,,0,,,-,,-,"VIRGIN ISLANDS
(18.060868, -64.840836)",
MISSISSIPPI,2017,5,,-,0,,1,,,-,1,,,-,0,,2,,3,,3,,,-,0,,0,,,-,,-,"MISSISSIPPI
(32.738663, -89.537312)",
NEBRASKA,2017,5,,-,0,,4,,1,,1,,,-,0,,2,,,-,1,,,-,0,,2,,,-,2,,"NEBRASKA
(41.640503, -99.367122)",
GEORGIA,2017,5,,-,1,,3,,2,,9,,2,,1,,7,,7,,11,,,-,1,,4,,2,,5,,"GEORGIA
(32.836038, -83.631709)",
ALASKA,2017,5,,-,0,,1,,1,,,-,,-,0,,2,,,-,,-,,-,0,,0,,,-,,-,"ALASKA
(64.836661, -147.738891)",
COLORADO,2017,5,,-,0,,2,,1,,2,,,-,0,,2,,1,,,-,,-,0,,3,,3,,1,,"COLORADO
(38.841772, -106.132562)",
MICHIGAN,2017,5,,-,1,,7,,5,,6,,,-,1,,4,,4,,1,,,-,1,,5,,2,,13,,"MICHIGAN
(44.66399, -84.711206)",
KANSAS,2017,5,,-,0,,1,,,-,,-,,-,0,,3,,1,,4,,,-,0,,2,,1,,2,,"KANSAS
(38.345528, -98.201847)",
GUAM,2017,5,,-,0,,0,,,-,,-,,-,0,,0,,,-,,-,,-,0,,0,,,-,,-,"GUAM
(13.3532, 144.653198)",
UNITED STATES,2017,6,12,,31,,104,,95,,184,,11,,55,,79,,180,,336,,9,,45,,72,,89,,379,,,
NEW ENGLAND,2017,6,,-,2,,5,,2,,10,,,-,1,,3,,7,,13,,,-,6,,13,,2,,84,,,
MID. ATLANTIC,2017,6,4,,4,,10,,16,,27,,,-,4,,7,,10,,16,,1,,7,,17,,12,,60,,,
NEW YORK CITY,2017,6,2,,1,,3,,9,,6,,,-,1,,3,,2,,6,,,-,0,,1,,,-,2,,,
E.N. CENTRAL,2017,6,,-,4,,11,,9,,20,,1,,11,,20,,27,,69,,,-,8,,17,,11,,75,,,
W.N. CENTRAL,2017,6,,-,1,,5,,3,,8,,1,,1,,7,,6,,16,,,-,2,,7,,8,,18,,,
S. ATLANTIC,2017,6,6,,7,,55,,34,,45,,6,,19,,34,,70,,116,,6,,9,,20,,32,,71,,,
E.S. CENTRAL,2017,6,,-,0,,4,,2,,6,,,-,7,,18,,35,,62,,1,,5,,17,,5,,40,,,
W.S. CENTRAL,2017,6,,-,3,,8,,2,,19,,1,,4,,16,,13,,14,,,-,1,,5,,5,,3,,,
MOUNTAIN,2017,6,2,,2,,5,,9,,19,,1,,1,,4,,3,,7,,,-,2,,9,,8,,20,,,
PACIFIC,2017,6,,-,6,,47,,18,,30,,1,,3,,6,,9,,23,,1,,2,,8,,6,,8,,,
AMER. SAMOA,2017,6,,-,0,,0,,,-,,-,,-,0,,0,,,-,,-,,-,0,,0,,,-,,-,,
VIRGINIA,2017,6,,-,2,,40,,5,,7,,,-,1,,5,,4,,7,,3,,1,,4,,4,,4,,"VIRGINIA
(37.542699, -78.45822)",
TEXAS,2017,6,,-,2,,6,,2,,16,,1,,2,,12,,4,,5,,,-,0,,4,,3,,1,,"TEXAS
(31.827233, -99.423022)",
WISCONSIN,2017,6,,-,0,,2,,,-,,-,1,,0,,1,,3,,3,,,-,1,,2,,,-,8,,"WISCONSIN
(44.395526, -89.834513)",
WYOMING,2017,6,,-,0,,0,,,-,,-,,U,0,,0,,,U,,U,,-,0,,0,,,-,,-,"WYOMING
(43.23558, -108.110518)",
NEVADA,2017,6,,-,0,,2,,,-,4,,,-,0,,2,,,-,1,,,-,0,,3,,,-,1,,"NEVADA
(39.491833, -117.070159)",
VIRGIN ISL.,2017,6,,-,0,,0,,,-,,-,,-,0,,0,,,-,,-,,-,0,,0,,,-,,-,"VIRGIN ISLANDS
(18.060868, -64.840836)",
DIST. OF COL.,2017,6,,U,0,,0,,,U,,U,,U,0,,0,,,U,,U,,-,0,,0,,,-,,-,"DISTRICT OF COLUMBIA
(38.892062, -77.019912)",
ALASKA,2017,6,,-,0,,1,,1,,,-,,-,0,,2,,,-,,-,,-,0,,0,,,-,,-,"ALASKA
(64.836661, -147.738891)",
NEW MEXICO,2017,6,,-,0,,1,,,-,,-,,-,0,,1,,,-,,-,,-,0,,2,,,-,10,,"NEW MEXICO
(34.520396, -106.244402)",
ILLINOIS,2017,6,,-,1,,4,,1,,9,,,-,0,,3,,,-,7,,,-,0,,3,,,-,5,,"ILLINOIS
(40.477092, -88.993221)",
MISSOURI,2017,6,,-,0,,2,,1,,3,,,-,1,,3,,2,,6,,,-,0,,3,,6,,3,,"MISSOURI
(38.636168, -92.566292)",
PUERTO RICO,2017,6,,-,0,,1,,,-,,-,,-,0,,2,,,-,4,,,-,0,,0,,,-,,-,"PUERTO RICO
(18.215692, -66.414655)",
MARYLAND,2017,6,,-,0,,5,,1,,2,,1,,0,,3,,4,,3,,,-,0,,3,,,-,3,,"MARYLAND
(39.290443, -76.612333)",
MISSISSIPPI,2017,6,,-,0,,1,,,-,1,,,-,0,,2,,3,,3,,,-,0,,0,,,-,,-,"MISSISSIPPI
(32.738663, -89.537312)",
NEW JERSEY,2017,6,,-,1,,4,,,-,10,,,-,0,,3,,,-,6,,,-,0,,3,,,-,12,,"NEW JERSEY
(40.104655, -74.386686)",
NEW HAMPSHIRE,2017,6,,-,0,,1,,,-,,-,,-,0,,0,,,-,,-,,-,0,,0,,,-,,-,"NEW HAMPSHIRE
(43.657736, -71.500736)",
ALABAMA,2017,6,,-,0,,2,,1,,5,,,-,1,,3,,6,,14,,,-,0,,4,,,-,4,,"ALABAMA
(32.839182, -86.631125)",
KENTUCKY,2017,6,,-,0,,2,,1,,,-,,-,3,,11,,12,,20,,,-,1,,8,,1,,11,,"KENTUCKY
(37.64591, -84.774043)",
LOUISIANA,2017,6,,-,0,,1,,,-,3,,,-,1,,4,,5,,3,,,-,0,,1,,1,,1,,"LOUISIANA
(31.2931, -92.463284)",
GUAM,2017,6,,-,0,,0,,,-,,-,,-,0,,0,,,-,,-,,-,0,,0,,,-,,-,"GUAM
(13.3532, 144.653198)",
ARIZONA,2017,6,,-,0,,2,,4,,7,,,-,0,,2,,,-,4,,,-,0,,0,,,-,,-,"ARIZONA
(34.869712, -111.760902)",
C.N.M.I.,2017,6,,-,,-,,-,,-,,-,,-,,-,,-,,-,,-,,-,,-,,-,,-,,-,"NORTHERN MARIANA ISLANDS
(15.1834, 145.725693)",
HAWAII,2017,6,,-,0,,39,,2,,,-,,-,0,,1,,,-,,-,,-,0,,0,,,-,,-,"HAWAII
(21.30992, -157.858158)",
NORTH CAROLINA,2017,6,,-,1,,5,,,-,7,,,-,2,,6,,1,,16,,,-,1,,4,,,-,12,,"NORTH CAROLINA
(35.47995, -79.180571)",
UTAH,2017,6,,-,0,,2,,,-,2,,,-,0,,1,,,-,,-,,-,1,,4,,3,,3,,"UTAH
(39.359772, -111.584173)",
TENNESSEE,2017,6,,-,0,,2,,,-,,-,,-,4,,7,,14,,25,,1,,2,,11,,4,,25,,"TENNESSEE
(35.681402, -85.774444)",
MINNESOTA,2017,6,,-,0,,2,,,-,1,,,-,0,,2,,,-,2,,,-,1,,4,,,-,6,,"MINNESOTA
(46.357661, -94.793397)",
NORTH DAKOTA,2017,6,,-,0,,1,,,-,,-,,-,0,,1,,,-,1,,,-,0,,1,,1,,,-,"NORTH DAKOTA
(47.475879, -100.121011)",
NEBRASKA,2017,6,,-,0,,4,,1,,2,,1,,0,,2,,1,,1,,,-,0,,2,,,-,2,,"NEBRASKA
(41.640503, -99.367122)",
MASSACHUSETTS,2017,6,,-,1,,4,,2,,6,,,-,0,,2,,2,,6,,,-,6,,11,,,-,73,,"MASSACHUSETTS
(42.268546, -72.085064)",
MICHIGAN,2017,6,,-,1,,7,,5,,6,,,-,1,,4,,4,,1,,,-,1,,5,,2,,13,,"MICHIGAN
(44.66399, -84.711206)",
GEORGIA,2017,6,,-,1,,4,,2,,11,,1,,2,,7,,10,,12,,,-,1,,4,,2,,8,,"GEORGIA
(32.836038, -83.631709)",
WASHINGTON,2017,6,,-,0,,3,,1,,,-,1,,1,,3,,2,,2,,1,,1,,6,,1,,2,,"WASHINGTON
(47.517368, -120.467672)",
COLORADO,2017,6,1,,0,,2,,2,,4,,1,,0,,2,,2,,,-,,-,0,,3,,3,,2,,"COLORADO
(38.841772, -106.132562)",
INDIANA,2017,6,,-,0,,1,,1,,5,,,-,4,,9,,7,,15,,,-,2,,7,,3,,19,,"INDIANA
(39.76845, -86.156212)",
RHODE ISLAND,2017,6,,-,0,,2,,,-,,-,,U,0,,0,,,U,,U,,-,0,,0,,,-,,-,"RHODE ISLAND
(41.707447, -71.522488)",
DELAWARE,2017,6,,-,0,,1,,,-,,-,,-,0,,1,,1,,,-,,-,0,,0,,,-,,-,"DELAWARE
(39.008676, -75.574561)",
MAINE,2017,6,,-,0,,1,,,-,2,,,-,1,,3,,5,,5,,,-,0,,3,,2,,3,,"MAINE
(45.252223, -68.986647)",
ARKANSAS,2017,6,,-,0,,3,,,-,,-,,-,1,,5,,4,,6,,,-,0,,0,,,-,,-,"ARKANSAS
(34.748745, -92.275105)",
OHIO,2017,6,,-,0,,7,,2,,,-,,-,5,,13,,13,,43,,,-,3,,10,,6,,30,,"OHIO
(40.056807, -82.405897)",
SOUTH DAKOTA,2017,6,,-,0,,1,,,-,,-,,-,0,,1,,,-,,-,,-,0,,1,,,-,4,,"SOUTH DAKOTA
(44.35371, -100.373709)",
WEST VIRGINIA,2017,6,,-,0,,4,,2,,1,,,-,0,,12,,,-,20,,,-,1,,6,,4,,11,,"WEST VIRGINIA
(38.668501, -80.709421)",
OKLAHOMA,2017,6,,-,0,,4,,,-,,-,,-,0,,8,,,-,,-,,-,0,,4,,1,,1,,"OKLAHOMA
(35.468494, -97.521264)",
CONNECTICUT,2017,6,,-,0,,3,,,-,2,,,-,0,,1,,,-,1,,,-,0,,2,,,-,6,,"CONNECTICUT
(41.544654, -72.651713)",
PENNSYLVANIA,2017,6,,-,1,,3,,2,,6,,,-,1,,3,,7,,1,,,-,3,,11,,5,,25,,"PENNSYLVANIA
(40.789676, -77.858055)",
IOWA,2017,6,,-,0,,2,,1,,2,,,-,0,,2,,2,,1,,,-,0,,0,,,-,,-,"IOWA
(42.46942, -93.815856)",
FLORIDA,2017,6,4,,2,,7,,18,,15,,4,,11,,17,,48,,52,,3,,4,,9,,21,,32,,"FLORIDA
(28.915325, -81.922409)",
OREGON,2017,6,,-,0,,2,,4,,2,,,-,0,,3,,1,,1,,,-,0,,2,,1,,2,,"OREGON
(44.567912, -120.156945)",
MONTANA,2017,6,,-,0,,1,,1,,1,,,-,0,,1,,,-,,-,,-,0,,2,,1,,3,,"MONTANA
(47.062617, -109.430168)",
KANSAS,2017,6,,-,0,,1,,,-,,-,,-,0,,3,,1,,5,,,-,0,,2,,1,,3,,"KANSAS
(38.345528, -98.201847)",
SOUTH CAROLINA,2017,6,2,,0,,3,,6,,2,,,-,0,,4,,2,,6,,,-,0,,2,,1,,1,,"SOUTH CAROLINA
(34.009286, -81.037094)",
CALIFORNIA,2017,6,,-,4,,9,,10,,28,,,-,2,,6,,6,,20,,,-,1,,4,,4,,4,,"CALIFORNIA
(37.640735, -121.002435)",
VERMONT,2017,6,,-,0,,1,,,-,,-,,-,0,,1,,,-,1,,,-,0,,1,,,-,2,,"VERMONT
(43.622479, -72.51927)",
IDAHO,2017,6,1,,0,,1,,2,,1,,,-,0,,1,,1,,2,,,-,0,,1,,1,,1,,"IDAHO
(43.680635, -114.364237)",
NEW YORK,2017,6,2,,1,,3,,5,,5,,,-,1,,3,,1,,3,,1,,3,,11,,7,,21,,"NEW YORK
(42.826892, -75.544286)",
UNITED STATES,2017,7,11,,31,,104,,116,,211,,19,,57,,80,,232,,390,,8,,45,,72,,116,,433,,,
NEW ENGLAND,2017,7,,-,2,,5,,2,,12,,,-,1,,3,,9,,14,,1,,6,,13,,4,,95,,,
MID. ATLANTIC,2017,7,5,,4,,10,,21,,30,,2,,4,,7,,13,,18,,2,,7,,17,,14,,68,,,
NEW YORK CITY,2017,7,4,,1,,3,,13,,6,,2,,1,,3,,4,,6,,,-,0,,1,,,-,2,,,
E.N. CENTRAL,2017,7,,-,4,,11,,15,,24,,3,,11,,20,,39,,77,,1,,8,,17,,14,,84,,,
W.N. CENTRAL,2017,7,,-,1,,5,,3,,10,,,-,1,,7,,6,,17,,,-,2,,7,,9,,20,,,
S. ATLANTIC,2017,7,4,,7,,55,,38,,52,,10,,21,,34,,91,,138,,3,,9,,20,,42,,84,,,
E.S. CENTRAL,2017,7,,-,0,,4,,2,,6,,1,,8,,18,,40,,75,,1,,4,,17,,10,,44,,,
W.S. CENTRAL,2017,7,1,,3,,8,,4,,24,,1,,4,,16,,19,,17,,,-,1,,5,,5,,3,,,
VIRGINIA,2017,7,1,,2,,40,,6,,9,,,-,1,,5,,5,,7,,,-,1,,4,,4,,5,,"VIRGINIA
(37.542699, -78.45822)",
MOUNTAIN,2017,7,,-,2,,5,,9,,19,,,-,1,,5,,3,,8,,,-,2,,9,,9,,26,,,
PACIFIC,2017,7,1,,6,,47,,22,,34,,2,,3,,7,,12,,26,,,-,2,,9,,9,,9,,,
AMER. SAMOA,2017,7,,-,0,,0,,,-,,-,,-,0,,0,,,-,,-,,-,0,,0,,,-,,-,,
ARKANSAS,2017,7,,-,0,,3,,,-,,-,,-,1,,5,,6,,6,,,-,0,,0,,,-,,-,"ARKANSAS
(34.748745, -92.275105)",
IOWA,2017,7,,-,0,,2,,1,,2,,,-,0,,2,,2,,2,,,-,0,,0,,,-,,-,"IOWA
(42.46942, -93.815856)",
ILLINOIS,2017,7,,-,1,,5,,5,,11,,,-,0,,3,,1,,8,,,-,0,,3,,1,,5,,"ILLINOIS
(40.477092, -88.993221)",
DELAWARE,2017,7,,-,0,,1,,,-,,-,,-,0,,1,,1,,,-,,-,0,,0,,,-,,-,"DELAWARE
(39.008676, -75.574561)",
MINNESOTA,2017,7,,-,0,,2,,,-,1,,,-,0,,2,,,-,2,,,-,1,,4,,,-,7,,"MINNESOTA
(46.357661, -94.793397)",
MICHIGAN,2017,7,,-,1,,7,,5,,7,,,-,1,,4,,4,,2,,,-,1,,5,,2,,16,,"MICHIGAN
(44.66399, -84.711206)",
SOUTH DAKOTA,2017,7,,-,0,,1,,,-,,-,,-,0,,1,,,-,,-,,-,0,,1,,1,,5,,"SOUTH DAKOTA
(44.35371, -100.373709)",
IDAHO,2017,7,,-,0,,1,,2,,1,,,-,0,,1,,1,,2,,,-,0,,1,,1,,1,,"IDAHO
(43.680635, -114.364237)",
NORTH DAKOTA,2017,7,,-,0,,1,,,-,,-,,-,0,,1,,,-,1,,,-,0,,1,,1,,,-,"NORTH DAKOTA
(47.475879, -100.121011)",
FLORIDA,2017,7,2,,2,,7,,20,,15,,10,,11,,17,,58,,62,,3,,4,,9,,28,,36,,"FLORIDA
(28.915325, -81.922409)",
OHIO,2017,7,,-,0,,7,,2,,,-,3,,5,,13,,18,,47,,1,,3,,10,,7,,31,,"OHIO
(40.056807, -82.405897)",
GEORGIA,2017,7,,-,1,,4,,2,,13,,,-,2,,7,,10,,13,,,-,1,,4,,2,,11,,"GEORGIA
(32.836038, -83.631709)",
LOUISIANA,2017,7,,-,0,,1,,,-,4,,,-,1,,4,,6,,4,,,-,0,,1,,1,,1,,"LOUISIANA
(31.2931, -92.463284)",
INDIANA,2017,7,,-,0,,1,,2,,6,,,-,4,,9,,13,,17,,,-,2,,7,,4,,23,,"INDIANA
(39.76845, -86.156212)",
VIRGIN ISL.,2017,7,,-,0,,0,,,-,,-,,-,0,,0,,,-,,-,,-,0,,0,,,-,,-,"VIRGIN ISLANDS
(18.060868, -64.840836)",
MONTANA,2017,7,,-,0,,1,,1,,1,,,-,0,,1,,,-,,-,,-,0,,2,,1,,5,,"MONTANA
(47.062617, -109.430168)",
OREGON,2017,7,,-,0,,2,,4,,2,,,-,0,,3,,1,,1,,,-,0,,2,,1,,3,,"OREGON
(44.567912, -120.156945)",
HAWAII,2017,7,,-,0,,39,,2,,,-,,-,0,,1,,,-,,-,,-,0,,0,,,-,,-,"HAWAII
(21.30992, -157.858158)",
NEBRASKA,2017,7,,-,0,,4,,1,,3,,,-,0,,2,,1,,1,,,-,0,,2,,,-,2,,"NEBRASKA
(41.640503, -99.367122)",
C.N.M.I.,2017,7,,-,,-,,-,,-,,-,,-,,-,,-,,-,,-,,-,,-,,-,,-,,-,"NORTHERN MARIANA ISLANDS
(15.1834, 145.725693)",
RHODE ISLAND,2017,7,,-,0,,2,,,-,,-,,U,0,,0,,,U,,U,,-,0,,0,,,-,,-,"RHODE ISLAND
(41.707447, -71.522488)",
ARIZONA,2017,7,,-,0,,2,,4,,7,,,-,0,,2,,,-,4,,,-,0,,0,,,-,,-,"ARIZONA
(34.869712, -111.760902)",
NEW JERSEY,2017,7,,-,1,,4,,,-,11,,,-,0,,3,,,-,8,,,-,0,,3,,,-,14,,"NEW JERSEY
(40.104655, -74.386686)",
MISSISSIPPI,2017,7,,-,0,,1,,,-,1,,,-,0,,2,,4,,4,,,-,0,,0,,,-,,-,"MISSISSIPPI
(32.738663, -89.537312)",
PUERTO RICO,2017,7,,-,0,,1,,,-,,-,,-,0,,2,,,-,4,,,-,0,,0,,,-,,-,"PUERTO RICO
(18.215692, -66.414655)",
NEW MEXICO,2017,7,,-,0,,1,,,-,,-,,-,0,,1,,,-,,-,,-,0,,2,,,-,11,,"NEW MEXICO
(34.520396, -106.244402)",
WASHINGTON,2017,7,,-,0,,3,,1,,,-,2,,1,,4,,4,,3,,,-,1,,6,,1,,2,,"WASHINGTON
(47.517368, -120.467672)",
NEW YORK,2017,7,1,,1,,3,,6,,7,,,-,1,,4,,1,,3,,,-,3,,11,,7,,25,,"NEW YORK
(42.826892, -75.544286)",
UTAH,2017,7,,-,0,,2,,,-,2,,,-,0,,1,,,-,,-,,-,1,,4,,4,,5,,"UTAH
(39.359772, -111.584173)",
DIST. OF COL.,2017,7,,U,0,,0,,,U,,U,,U,0,,0,,,U,,U,,-,0,,0,,,-,,-,"DISTRICT OF COLUMBIA
(38.892062, -77.019912)",
PENNSYLVANIA,2017,7,,-,1,,3,,2,,6,,,-,1,,3,,8,,1,,2,,3,,11,,7,,27,,"PENNSYLVANIA
(40.789676, -77.858055)",
ALABAMA,2017,7,,-,0,,2,,1,,5,,,-,1,,3,,7,,16,,,-,0,,4,,1,,6,,"ALABAMA
(32.839182, -86.631125)",
TEXAS,2017,7,1,,2,,6,,4,,19,,1,,2,,12,,7,,7,,,-,0,,4,,3,,1,,"TEXAS
(31.827233, -99.423022)",
CONNECTICUT,2017,7,,-,0,,3,,,-,2,,,-,0,,1,,,-,1,,,-,0,,2,,,-,6,,"CONNECTICUT
(41.544654, -72.651713)",
CALIFORNIA,2017,7,1,,4,,9,,14,,32,,,-,2,,6,,7,,22,,,-,1,,4,,7,,4,,"CALIFORNIA
(37.640735, -121.002435)",
NEVADA,2017,7,,-,0,,2,,,-,4,,,-,0,,2,,,-,2,,,-,0,,3,,,-,1,,"NEVADA
(39.491833, -117.070159)",
OKLAHOMA,2017,7,,-,0,,4,,,-,1,,,-,0,,8,,,-,,-,,-,0,,4,,1,,1,,"OKLAHOMA
(35.468494, -97.521264)",
WISCONSIN,2017,7,,-,0,,2,,1,,,-,,-,0,,1,,3,,3,,,-,1,,2,,,-,9,,"WISCONSIN
(44.395526, -89.834513)",
GUAM,2017,7,,-,0,,0,,,-,,-,,-,0,,0,,,-,,-,,-,0,,0,,,-,,-,"GUAM
(13.3532, 144.653198)",
MASSACHUSETTS,2017,7,,-,1,,4,,2,,7,,,-,0,,2,,2,,7,,,-,5,,11,,,-,84,,"MASSACHUSETTS
(42.268546, -72.085064)",
MARYLAND,2017,7,,-,0,,5,,1,,2,,,-,1,,3,,4,,5,,,-,0,,3,,1,,3,,"MARYLAND
(39.290443, -76.612333)",
WYOMING,2017,7,,-,0,,0,,,-,,-,,U,0,,0,,,U,,U,,-,0,,0,,,-,,-,"WYOMING
(43.23558, -108.110518)",
KANSAS,2017,7,,-,0,,1,,,-,,-,,-,0,,3,,1,,5,,,-,0,,2,,1,,3,,"KANSAS
(38.345528, -98.201847)",
COLORADO,2017,7,,-,0,,2,,2,,4,,,-,0,,2,,2,,,-,,-,0,,3,,3,,3,,"COLORADO
(38.841772, -106.132562)",
NEW HAMPSHIRE,2017,7,,-,0,,1,,,-,,-,,-,0,,0,,,-,,-,,-,0,,0,,,-,,-,"NEW HAMPSHIRE
(43.657736, -71.500736)",
SOUTH CAROLINA,2017,7,,-,0,,3,,6,,2,,,-,0,,4,,3,,8,,,-,0,,2,,1,,3,,"SOUTH CAROLINA
(34.009286, -81.037094)",
ALASKA,2017,7,,-,0,,1,,1,,,-,,-,0,,2,,,-,,-,,-,0,,0,,,-,,-,"ALASKA
(64.836661, -147.738891)",
MISSOURI,2017,7,,-,0,,2,,1,,4,,,-,1,,3,,2,,6,,,-,0,,3,,6,,3,,"MISSOURI
(38.636168, -92.566292)",
WEST VIRGINIA,2017,7,1,,0,,4,,3,,1,,,-,4,,12,,8,,25,,,-,1,,6,,6,,12,,"WEST VIRGINIA
(38.668501, -80.709421)",
MAINE,2017,7,,-,0,,1,,,-,2,,,-,1,,3,,7,,5,,1,,0,,3,,4,,3,,"MAINE
(45.252223, -68.986647)",
VERMONT,2017,7,,-,0,,1,,,-,1,,,-,0,,1,,,-,1,,,-,0,,1,,,-,2,,"VERMONT
(43.622479, -72.51927)",
KENTUCKY,2017,7,,-,0,,2,,1,,,-,1,,3,,11,,13,,25,,,-,1,,8,,2,,12,,"KENTUCKY
(37.64591, -84.774043)",
TENNESSEE,2017,7,,-,0,,2,,,-,,-,,-,4,,7,,16,,30,,1,,2,,11,,7,,26,,"TENNESSEE
(35.681402, -85.774444)",
NORTH CAROLINA,2017,7,,-,1,,5,,,-,10,,,-,3,,7,,2,,18,,,-,1,,4,,,-,14,,"NORTH CAROLINA
(35.47995, -79.180571)",
UNITED STATES,2017,8,11,,31,,104,,159,,235,,16,,58,,80,,296,,468,,17,,47,,73,,167,,490,,,
NEW ENGLAND,2017,8,,-,2,,5,,5,,13,,,-,1,,4,,10,,17,,1,,6,,13,,11,,104,,,
MID. ATLANTIC,2017,8,4,,4,,10,,25,,33,,2,,4,,7,,18,,23,,5,,7,,18,,20,,78,,,
NEW YORK CITY,2017,8,1,,1,,4,,14,,6,,1,,1,,3,,5,,7,,,-,0,,1,,,-,2,,,
E.N. CENTRAL,2017,8,1,,4,,11,,35,,27,,2,,11,,20,,54,,90,,3,,8,,17,,29,,94,,,
W.N. CENTRAL,2017,8,,-,1,,5,,4,,11,,1,,1,,7,,8,,20,,1,,2,,7,,10,,20,,,
S. ATLANTIC,2017,8,5,,7,,55,,46,,56,,6,,20,,34,,110,,170,,3,,10,,20,,53,,96,,,
E.S. CENTRAL,2017,8,,-,0,,4,,2,,7,,2,,8,,18,,48,,85,,2,,4,,17,,15,,53,,,
W.S. CENTRAL,2017,8,,-,3,,8,,6,,29,,,-,4,,16,,27,,24,,,-,1,,5,,6,,4,,,
MOUNTAIN,2017,8,,-,2,,5,,10,,19,,1,,1,,4,,6,,10,,2,,2,,9,,14,,27,,,
PACIFIC,2017,8,1,,6,,47,,26,,40,,2,,3,,8,,15,,29,,,-,2,,9,,9,,14,,,
AMER. SAMOA,2017,8,,-,0,,0,,,-,,-,,-,0,,0,,,-,,-,,-,0,,0,,,-,,-,,
VIRGINIA,2017,8,1,,2,,40,,7,,10,,,-,1,,5,,6,,12,,,-,1,,4,,4,,7,,"VIRGINIA
(37.542699, -78.45822)",
SOUTH DAKOTA,2017,8,,-,0,,1,,,-,,-,,-,0,,1,,,-,1,,,-,0,,1,,1,,5,,"SOUTH DAKOTA
(44.35371, -100.373709)",
IDAHO,2017,8,,-,0,,1,,2,,1,,,-,0,,1,,1,,3,,,-,0,,1,,1,,1,,"IDAHO
(43.680635, -114.364237)",
PENNSYLVANIA,2017,8,2,,1,,3,,4,,6,,,-,1,,3,,9,,3,,2,,3,,11,,10,,34,,"PENNSYLVANIA
(40.789676, -77.858055)",
WASHINGTON,2017,8,,-,0,,3,,1,,,-,1,,1,,5,,5,,4,,,-,1,,6,,1,,3,,"WASHINGTON
(47.517368, -120.467672)",
MISSISSIPPI,2017,8,,-,0,,1,,,-,1,,,-,1,,2,,6,,4,,,-,0,,0,,,-,,-,"MISSISSIPPI
(32.738663, -89.537312)",
GEORGIA,2017,8,,-,1,,4,,3,,14,,,-,2,,7,,12,,15,,,-,1,,4,,2,,13,,"GEORGIA
(32.836038, -83.631709)",
MONTANA,2017,8,,-,0,,1,,1,,1,,,-,0,,1,,,-,,-,,-,0,,2,,2,,5,,"MONTANA
(47.062617, -109.430168)",
RHODE ISLAND,2017,8,,-,0,,2,,,-,,-,,U,0,,0,,,U,,U,,-,0,,0,,,-,,-,"RHODE ISLAND
(41.707447, -71.522488)",
TEXAS,2017,8,,-,2,,6,,4,,24,,,-,2,,12,,8,,12,,,-,0,,4,,4,,2,,"TEXAS
(31.827233, -99.423022)",
CONNECTICUT,2017,8,,-,0,,3,,1,,2,,,-,0,,1,,,-,1,,,-,0,,2,,,-,6,,"CONNECTICUT
(41.544654, -72.651713)",
ARKANSAS,2017,8,,-,0,,3,,1,,,-,,-,1,,5,,7,,7,,,-,0,,0,,,-,,-,"ARKANSAS
(34.748745, -92.275105)",
WEST VIRGINIA,2017,8,,-,0,,4,,3,,1,,,-,4,,12,,13,,27,,,-,1,,6,,6,,14,,"WEST VIRGINIA
(38.668501, -80.709421)",
VIRGIN ISL.,2017,8,,-,0,,0,,,-,,-,,-,0,,0,,,-,,-,,-,0,,0,,,-,,-,"VIRGIN ISLANDS
(18.060868, -64.840836)",
COLORADO,2017,8,,-,0,,2,,2,,4,,1,,0,,2,,3,,1,,2,,0,,3,,5,,3,,"COLORADO
(38.841772, -106.132562)",
ARIZONA,2017,8,,-,0,,2,,5,,7,,,-,0,,2,,2,,4,,,-,0,,0,,,-,,-,"ARIZONA
(34.869712, -111.760902)",
NORTH CAROLINA,2017,8,,-,1,,5,,1,,11,,,-,3,,8,,3,,24,,,-,1,,4,,2,,16,,"NORTH CAROLINA
(35.47995, -79.180571)",
ILLINOIS,2017,8,,-,1,,5,,5,,12,,,-,0,,3,,1,,9,,,-,0,,3,,1,,6,,"ILLINOIS
(40.477092, -88.993221)",
NEBRASKA,2017,8,,-,0,,4,,1,,3,,,-,0,,2,,1,,1,,,-,0,,2,,,-,2,,"NEBRASKA
(41.640503, -99.367122)",
NEW YORK,2017,8,1,,1,,3,,7,,8,,1,,1,,4,,2,,4,,3,,3,,11,,10,,28,,"NEW YORK
(42.826892, -75.544286)",
C.N.M.I.,2017,8,,-,,-,,-,,-,,-,,-,,-,,-,,-,,-,,-,,-,,-,,-,,-,"NORTHERN MARIANA ISLANDS
(15.1834, 145.725693)",
OKLAHOMA,2017,8,,-,0,,4,,,-,1,,,-,0,,8,,,-,,-,,-,0,,4,,1,,1,,"OKLAHOMA
(35.468494, -97.521264)",
OREGON,2017,8,,-,0,,2,,4,,2,,1,,0,,3,,2,,2,,,-,0,,2,,1,,4,,"OREGON
(44.567912, -120.156945)",
WYOMING,2017,8,,-,0,,0,,,-,,-,,U,0,,0,,,U,,U,,-,0,,0,,,-,,-,"WYOMING
(43.23558, -108.110518)",
MASSACHUSETTS,2017,8,,-,1,,4,,4,,8,,,-,0,,2,,4,,9,,,-,5,,11,,6,,93,,"MASSACHUSETTS
(42.268546, -72.085064)",
ALASKA,2017,8,,-,0,,1,,1,,,-,,-,0,,2,,1,,,-,,-,0,,0,,,-,,-,"ALASKA
(64.836661, -147.738891)",
DELAWARE,2017,8,,-,0,,1,,,-,,-,,-,0,,1,,1,,,-,,-,0,,0,,,-,,-,"DELAWARE
(39.008676, -75.574561)",
NEW JERSEY,2017,8,,-,1,,4,,,-,13,,,-,0,,3,,2,,9,,,-,0,,3,,,-,14,,"NEW JERSEY
(40.104655, -74.386686)",
MAINE,2017,8,,-,0,,1,,,-,2,,,-,1,,3,,6,,6,,,-,0,,3,,4,,3,,"MAINE
(45.252223, -68.986647)",
IOWA,2017,8,,-,0,,2,,1,,2,,,-,0,,2,,2,,2,,,-,0,,0,,,-,,-,"IOWA
(42.46942, -93.815856)",
PUERTO RICO,2017,8,,-,0,,1,,,-,,-,,-,0,,2,,,-,4,,,-,0,,0,,,-,,-,"PUERTO RICO
(18.215692, -66.414655)",
DIST. OF COL.,2017,8,,U,0,,0,,,U,,U,,U,0,,0,,,U,,U,,-,0,,0,,,-,,-,"DISTRICT OF COLUMBIA
(38.892062, -77.019912)",
SOUTH CAROLINA,2017,8,,-,0,,3,,7,,2,,,-,0,,4,,3,,8,,,-,0,,2,,1,,3,,"SOUTH CAROLINA
(34.009286, -81.037094)",
MISSOURI,2017,8,,-,0,,2,,1,,5,,1,,1,,3,,3,,7,,1,,0,,3,,7,,3,,"MISSOURI
(38.636168, -92.566292)",
MARYLAND,2017,8,,-,0,,5,,1,,2,,,-,0,,3,,4,,7,,,-,0,,3,,1,,3,,"MARYLAND
(39.290443, -76.612333)",
ALABAMA,2017,8,,-,0,,2,,1,,6,,,-,1,,3,,8,,17,,,-,0,,4,,1,,6,,"ALABAMA
(32.839182, -86.631125)",
GUAM,2017,8,,-,0,,0,,,-,,-,,-,0,,0,,,-,,-,,-,0,,0,,,-,,-,"GUAM
(13.3532, 144.653198)",
CALIFORNIA,2017,8,1,,4,,9,,18,,38,,,-,2,,6,,7,,23,,,-,1,,4,,7,,7,,"CALIFORNIA
(37.640735, -121.002435)",
INDIANA,2017,8,,-,0,,1,,2,,7,,,-,4,,10,,17,,21,,,-,2,,7,,9,,25,,"INDIANA
(39.76845, -86.156212)",
NORTH DAKOTA,2017,8,,-,0,,1,,,-,,-,,-,0,,1,,,-,1,,,-,0,,1,,1,,,-,"NORTH DAKOTA
(47.475879, -100.121011)",
VERMONT,2017,8,,-,0,,1,,,-,1,,,-,0,,1,,,-,1,,1,,0,,1,,1,,2,,"VERMONT
(43.622479, -72.51927)",
FLORIDA,2017,8,4,,2,,7,,24,,16,,6,,11,,17,,68,,77,,3,,4,,9,,37,,40,,"FLORIDA
(28.915325, -81.922409)",
MICHIGAN,2017,8,,-,2,,8,,24,,8,,,-,1,,4,,10,,4,,,-,1,,4,,6,,19,,"MICHIGAN
(44.66399, -84.711206)",
NEW HAMPSHIRE,2017,8,,-,0,,1,,,-,,-,,-,0,,0,,,-,,-,,-,0,,0,,,-,,-,"NEW HAMPSHIRE
(43.657736, -71.500736)",
WISCONSIN,2017,8,,-,0,,2,,1,,,-,,-,0,,1,,3,,3,,,-,1,,3,,1,,10,,"WISCONSIN
(44.395526, -89.834513)",
MINNESOTA,2017,8,,-,0,,2,,,-,1,,,-,0,,2,,,-,2,,,-,1,,4,,,-,7,,"MINNESOTA
(46.357661, -94.793397)",
NEVADA,2017,8,,-,0,,2,,,-,4,,,-,0,,2,,,-,2,,,-,0,,3,,2,,1,,"NEVADA
(39.491833, -117.070159)",
KENTUCKY,2017,8,,-,0,,2,,1,,,-,1,,3,,11,,15,,29,,1,,1,,8,,4,,15,,"KENTUCKY
(37.64591, -84.774043)",
LOUISIANA,2017,8,,-,0,,1,,1,,4,,,-,1,,5,,12,,5,,,-,0,,1,,1,,1,,"LOUISIANA
(31.2931, -92.463284)",
KANSAS,2017,8,,-,0,,1,,1,,,-,,-,0,,3,,2,,6,,,-,0,,2,,1,,3,,"KANSAS
(38.345528, -98.201847)",
HAWAII,2017,8,,-,0,,39,,2,,,-,,-,0,,0,,,-,,-,,-,0,,0,,,-,,-,"HAWAII
(21.30992, -157.858158)",
UTAH,2017,8,,-,0,,2,,,-,2,,,-,0,,1,,,-,,-,,-,1,,4,,4,,6,,"UTAH
(39.359772, -111.584173)",
TENNESSEE,2017,8,,-,0,,2,,,-,,-,1,,4,,7,,19,,35,,1,,2,,11,,10,,32,,"TENNESSEE
(35.681402, -85.774444)",
NEW MEXICO,2017,8,,-,0,,1,,,-,,-,,-,0,,1,,,-,,-,,-,0,,2,,,-,11,,"NEW MEXICO
(34.520396, -106.244402)",
OHIO,2017,8,1,,0,,7,,3,,,-,2,,5,,13,,23,,53,,3,,3,,10,,12,,34,,"OHIO
(40.056807, -82.405897)",
UNITED STATES,2017,9,11,,31,,105,,182,,259,,24,,58,,80,,356,,525,,13,,45,,74,,217,,539,,,
NEW ENGLAND,2017,9,1,,2,,5,,7,,14,,1,,1,,4,,13,,17,,,-,6,,14,,20,,120,,,
MID. ATLANTIC,2017,9,3,,4,,10,,28,,37,,3,,4,,7,,21,,25,,2,,7,,18,,22,,83,,,
NEW YORK CITY,2017,9,1,,1,,4,,15,,8,,1,,1,,3,,6,,7,,,-,0,,1,,,-,3,,,
E.N. CENTRAL,2017,9,,-,4,,11,,42,,31,,2,,11,,20,,64,,105,,3,,8,,17,,36,,99,,,
W.N. CENTRAL,2017,9,,-,1,,5,,4,,13,,,-,1,,7,,8,,21,,,-,2,,7,,12,,21,,,
S. ATLANTIC,2017,9,4,,7,,55,,51,,63,,11,,21,,34,,133,,196,,5,,9,,20,,70,,106,,,
E.S. CENTRAL,2017,9,,-,0,,4,,2,,7,,7,,8,,18,,61,,91,,,-,4,,17,,19,,60,,,
W.S. CENTRAL,2017,9,,-,3,,8,,7,,31,,,-,4,,16,,33,,26,,2,,1,,5,,9,,5,,,
MOUNTAIN,2017,9,1,,2,,5,,11,,21,,,-,1,,4,,8,,11,,1,,3,,9,,18,,29,,,
PACIFIC,2017,9,2,,6,,47,,30,,42,,,-,3,,8,,15,,33,,,-,2,,9,,11,,16,,,
AMER. SAMOA,2017,9,,-,0,,0,,,-,,-,,-,0,,0,,,-,,-,,-,0,,0,,,-,,-,,
SOUTH DAKOTA,2017,9,,-,0,,1,,,-,,-,,-,0,,1,,,-,1,,,-,0,,1,,1,,5,,"SOUTH DAKOTA
(44.35371, -100.373709)",
ILLINOIS,2017,9,,-,1,,5,,7,,13,,,-,0,,3,,1,,10,,,-,0,,3,,1,,6,,"ILLINOIS
(40.477092, -88.993221)",
HAWAII,2017,9,,-,0,,39,,2,,1,,,-,0,,0,,,-,,-,,-,0,,0,,,-,,-,"HAWAII
(21.30992, -157.858158)",
INDIANA,2017,9,,-,0,,1,,2,,7,,,-,4,,10,,22,,26,,,-,2,,7,,10,,26,,"INDIANA
(39.76845, -86.156212)",
NORTH DAKOTA,2017,9,,-,0,,1,,,-,,-,,-,0,,1,,,-,1,,,-,0,,1,,1,,,-,"NORTH DAKOTA
(47.475879, -100.121011)",
SOUTH CAROLINA,2017,9,,-,0,,4,,8,,3,,,-,0,,4,,3,,8,,,-,0,,2,,1,,3,,"SOUTH CAROLINA
(34.009286, -81.037094)",
MINNESOTA,2017,9,,-,0,,2,,,-,2,,,-,0,,2,,,-,2,,,-,1,,4,,,-,8,,"MINNESOTA
(46.357661, -94.793397)",
C.N.M.I.,2017,9,,-,,-,,-,,-,,-,,-,,-,,-,,-,,-,,-,,-,,-,,-,,-,"NORTHERN MARIANA ISLANDS
(15.1834, 145.725693)",
MICHIGAN,2017,9,,-,2,,8,,29,,10,,,-,1,,4,,13,,4,,1,,1,,4,,10,,20,,"MICHIGAN
(44.66399, -84.711206)",
WYOMING,2017,9,,-,0,,0,,,-,,-,,U,0,,0,,,U,,U,,-,0,,0,,,-,,-,"WYOMING
(43.23558, -108.110518)",
COLORADO,2017,9,,-,0,,2,,2,,4,,,-,0,,2,,3,,1,,,-,0,,3,,5,,3,,"COLORADO
(38.841772, -106.132562)",
WISCONSIN,2017,9,,-,0,,2,,1,,,-,,-,0,,1,,3,,3,,,-,1,,3,,1,,10,,"WISCONSIN
(44.395526, -89.834513)",
OHIO,2017,9,,-,0,,7,,3,,1,,2,,5,,13,,25,,62,,2,,3,,10,,14,,37,,"OHIO
(40.056807, -82.405897)",
MARYLAND,2017,9,1,,0,,5,,2,,4,,,-,0,,3,,4,,8,,1,,0,,3,,2,,6,,"MARYLAND
(39.290443, -76.612333)",
NEBRASKA,2017,9,,-,0,,4,,1,,3,,,-,0,,2,,1,,1,,,-,0,,2,,,-,2,,"NEBRASKA
(41.640503, -99.367122)",
WEST VIRGINIA,2017,9,,-,0,,4,,3,,2,,,-,4,,12,,17,,34,,2,,1,,6,,16,,14,,"WEST VIRGINIA
(38.668501, -80.709421)",
KANSAS,2017,9,,-,0,,1,,1,,,-,,-,0,,3,,2,,6,,,-,0,,2,,1,,3,,"KANSAS
(38.345528, -98.201847)",
NEW HAMPSHIRE,2017,9,,-,0,,1,,,-,,-,,-,0,,0,,,-,,-,,-,0,,0,,,-,,-,"NEW HAMPSHIRE
(43.657736, -71.500736)",
GUAM,2017,9,,-,0,,0,,,-,,-,,-,0,,0,,,-,,-,,-,0,,0,,,-,,-,"GUAM
(13.3532, 144.653198)",
GEORGIA,2017,9,,-,1,,4,,3,,14,,2,,2,,7,,15,,17,,,-,1,,4,,3,,14,,"GEORGIA
(32.836038, -83.631709)",
ALABAMA,2017,9,,-,0,,2,,1,,6,,,-,1,,3,,8,,17,,,-,0,,4,,1,,7,,"ALABAMA
(32.839182, -86.631125)",
CALIFORNIA,2017,9,1,,4,,9,,20,,38,,,-,2,,6,,7,,25,,,-,1,,5,,8,,7,,"CALIFORNIA
(37.640735, -121.002435)",
UTAH,2017,9,,-,0,,2,,,-,2,,,-,0,,1,,1,,,-,1,,1,,5,,6,,8,,"UTAH
(39.359772, -111.584173)",
NEW JERSEY,2017,9,,-,1,,4,,,-,14,,,-,0,,3,,2,,9,,,-,0,,3,,,-,15,,"NEW JERSEY
(40.104655, -74.386686)",
TENNESSEE,2017,9,,-,0,,2,,,-,,-,2,,4,,8,,23,,39,,,-,2,,11,,14,,35,,"TENNESSEE
(35.681402, -85.774444)",
NORTH CAROLINA,2017,9,,-,1,,5,,1,,11,,,-,3,,8,,4,,28,,,-,1,,4,,2,,18,,"NORTH CAROLINA
(35.47995, -79.180571)",
VERMONT,2017,9,,-,0,,1,,,-,1,,,-,0,,1,,,-,1,,,-,0,,1,,1,,2,,"VERMONT
(43.622479, -72.51927)",
MAINE,2017,9,,-,0,,1,,,-,2,,1,,1,,3,,9,,6,,,-,0,,3,,4,,5,,"MAINE
(45.252223, -68.986647)",
OKLAHOMA,2017,9,,-,0,,4,,,-,1,,,-,0,,8,,,-,,-,1,,0,,4,,2,,1,,"OKLAHOMA
(35.468494, -97.521264)",
RHODE ISLAND,2017,9,,-,0,,2,,,-,,-,,U,0,,0,,,U,,U,,-,0,,0,,,-,,-,"RHODE ISLAND
(41.707447, -71.522488)",
MONTANA,2017,9,1,,0,,1,,2,,1,,,-,0,,1,,,-,,-,,-,0,,2,,4,,5,,"MONTANA
(47.062617, -109.430168)",
OREGON,2017,9,1,,0,,2,,6,,2,,,-,0,,3,,2,,3,,,-,0,,2,,2,,5,,"OREGON
(44.567912, -120.156945)",
ARIZONA,2017,9,,-,0,,2,,5,,9,,,-,0,,2,,3,,5,,,-,0,,0,,,-,,-,"ARIZONA
(34.869712, -111.760902)",
CONNECTICUT,2017,9,,-,0,,3,,1,,2,,,-,0,,1,,,-,1,,,-,0,,2,,,-,6,,"CONNECTICUT
(41.544654, -72.651713)",
NEW MEXICO,2017,9,,-,0,,1,,,-,,-,,-,0,,1,,,-,,-,,-,0,,2,,,-,11,,"NEW MEXICO
(34.520396, -106.244402)",
NEW YORK,2017,9,,-,1,,3,,7,,9,,,-,1,,4,,2,,5,,2,,3,,11,,12,,30,,"NEW YORK
(42.826892, -75.544286)",
WASHINGTON,2017,9,,-,0,,3,,1,,1,,,-,1,,5,,5,,4,,,-,1,,6,,1,,4,,"WASHINGTON
(47.517368, -120.467672)",
PENNSYLVANIA,2017,9,2,,1,,4,,6,,6,,2,,1,,3,,11,,4,,,-,3,,11,,10,,35,,"PENNSYLVANIA
(40.789676, -77.858055)",
MISSOURI,2017,9,,-,0,,2,,1,,6,,,-,1,,3,,3,,8,,,-,0,,3,,9,,3,,"MISSOURI
(38.636168, -92.566292)",
IDAHO,2017,9,,-,0,,1,,2,,1,,,-,0,,1,,1,,3,,,-,0,,1,,1,,1,,"IDAHO
(43.680635, -114.364237)",
IOWA,2017,9,,-,0,,2,,1,,2,,,-,0,,2,,2,,2,,,-,0,,0,,,-,,-,"IOWA
(42.46942, -93.815856)",
ARKANSAS,2017,9,,-,0,,3,,1,,,-,,-,1,,5,,7,,8,,,-,0,,0,,,-,,-,"ARKANSAS
(34.748745, -92.275105)",
KENTUCKY,2017,9,,-,0,,2,,1,,,-,5,,3,,11,,24,,30,,,-,1,,8,,4,,18,,"KENTUCKY
(37.64591, -84.774043)",
PUERTO RICO,2017,9,,-,0,,1,,,-,,-,,-,0,,2,,,-,4,,,-,0,,0,,,-,,-,"PUERTO RICO
(18.215692, -66.414655)",
ALASKA,2017,9,,-,0,,1,,1,,,-,,-,0,,2,,1,,1,,,-,0,,0,,,-,,-,"ALASKA
(64.836661, -147.738891)",
LOUISIANA,2017,9,,-,0,,1,,1,,4,,,-,1,,6,,17,,6,,,-,0,,1,,1,,1,,"LOUISIANA
(31.2931, -92.463284)",
MASSACHUSETTS,2017,9,1,,1,,4,,6,,9,,,-,0,,2,,4,,9,,,-,5,,13,,15,,107,,"MASSACHUSETTS
(42.268546, -72.085064)",
NEVADA,2017,9,,-,0,,2,,,-,4,,,-,0,,2,,,-,2,,,-,0,,3,,2,,1,,"NEVADA
(39.491833, -117.070159)",
VIRGINIA,2017,9,,-,2,,40,,7,,11,,,-,1,,3,,8,,12,,,-,1,,4,,4,,8,,"VIRGINIA
(37.542699, -78.45822)",
DELAWARE,2017,9,,-,0,,1,,,-,,-,,-,0,,1,,2,,,-,,-,0,,0,,,-,,-,"DELAWARE
(39.008676, -75.574561)",
DIST. OF COL.,2017,9,,U,0,,0,,,U,,U,,U,0,,0,,,U,,U,,-,0,,0,,,-,,-,"DISTRICT OF COLUMBIA
(38.892062, -77.019912)",
TEXAS,2017,9,,-,2,,6,,5,,26,,,-,2,,12,,9,,12,,1,,0,,4,,6,,3,,"TEXAS
(31.827233, -99.423022)",
VIRGIN ISL.,2017,9,,-,0,,0,,,-,,-,,-,0,,0,,,-,,-,,-,0,,0,,,-,,-,"VIRGIN ISLANDS
(18.060868, -64.840836)",
MISSISSIPPI,2017,9,,-,0,,1,,,-,1,,,-,1,,2,,6,,5,,,-,0,,0,,,-,,-,"MISSISSIPPI
(32.738663, -89.537312)",
FLORIDA,2017,9,3,,2,,7,,27,,18,,9,,11,,17,,80,,89,,2,,4,,9,,42,,43,,"FLORIDA
(28.915325, -81.922409)",
UNITED STATES,2017,10,13,,31,,105,,210,,291,,22,,58,,80,,402,,579,,8,,45,,75,,245,,594,,,
NEW ENGLAND,2017,10,,-,2,,5,,7,,16,,,-,1,,4,,14,,19,,,-,6,,14,,20,,130,,,
MID. ATLANTIC,2017,10,4,,4,,10,,32,,42,,1,,4,,7,,22,,27,,,-,7,,18,,24,,99,,,
NEW YORK CITY,2017,10,,-,1,,4,,15,,10,,,-,1,,3,,6,,8,,,-,0,,1,,,-,3,,,
E.N. CENTRAL,2017,10,,-,4,,11,,42,,34,,4,,11,,20,,71,,123,,1,,8,,17,,41,,111,,,
W.N. CENTRAL,2017,10,,-,1,,5,,4,,16,,,-,1,,7,,9,,22,,,-,2,,7,,14,,23,,,
S. ATLANTIC,2017,10,7,,7,,55,,63,,68,,7,,21,,34,,152,,212,,5,,10,,22,,77,,109,,,
E.S. CENTRAL,2017,10,,-,0,,4,,2,,8,,2,,8,,18,,64,,95,,1,,4,,17,,26,,65,,,
W.S. CENTRAL,2017,10,,-,3,,8,,8,,35,,5,,4,,19,,41,,31,,,-,1,,5,,9,,8,,,
MOUNTAIN,2017,10,2,,2,,5,,16,,22,,,-,1,,4,,9,,14,,,-,3,,9,,21,,33,,,
PACIFIC,2017,10,,-,6,,47,,36,,50,,3,,3,,9,,20,,36,,1,,2,,9,,13,,16,,,
AMER. SAMOA,2017,10,,-,0,,0,,,-,,-,,-,0,,0,,,-,,-,,-,0,,0,,,-,,-,,
MARYLAND,2017,10,,-,0,,5,,5,,4,,,-,0,,3,,4,,8,,1,,0,,3,,4,,6,,"MARYLAND
(39.290443, -76.612333)",
UTAH,2017,10,,-,0,,2,,,-,2,,,-,0,,1,,1,,,-,,-,1,,5,,8,,10,,"UTAH
(39.359772, -111.584173)",
RHODE ISLAND,2017,10,,-,0,,2,,,-,,-,,U,0,,0,,,U,,U,,-,0,,0,,,-,,-,"RHODE ISLAND
(41.707447, -71.522488)",
IDAHO,2017,10,,-,0,,1,,2,,1,,,-,0,,1,,1,,4,,,-,0,,1,,1,,1,,"IDAHO
(43.680635, -114.364237)",
PENNSYLVANIA,2017,10,,-,1,,4,,6,,7,,,-,1,,3,,11,,4,,,-,3,,11,,11,,37,,"PENNSYLVANIA
(40.789676, -77.858055)",
OREGON,2017,10,,-,0,,2,,6,,3,,,-,0,,3,,2,,3,,,-,0,,2,,2,,5,,"OREGON
(44.567912, -120.156945)",
WEST VIRGINIA,2017,10,,-,0,,4,,3,,2,,1,,4,,12,,23,,36,,,-,1,,6,,16,,14,,"WEST VIRGINIA
(38.668501, -80.709421)",
DELAWARE,2017,10,,-,0,,1,,,-,,-,1,,0,,1,,3,,,-,,-,0,,0,,,-,,-,"DELAWARE
(39.008676, -75.574561)",
ALABAMA,2017,10,,-,0,,2,,1,,7,,,-,1,,3,,8,,17,,,-,0,,4,,4,,7,,"ALABAMA
(32.839182, -86.631125)",
LOUISIANA,2017,10,,-,0,,1,,1,,4,,,-,1,,6,,18,,6,,,-,0,,1,,1,,1,,"LOUISIANA
(31.2931, -92.463284)",
HAWAII,2017,10,,-,0,,39,,2,,2,,,-,0,,0,,,-,,-,,-,0,,0,,,-,,-,"HAWAII
(21.30992, -157.858158)",
NEBRASKA,2017,10,,-,0,,4,,1,,5,,,-,0,,2,,1,,1,,,-,0,,2,,,-,2,,"NEBRASKA
(41.640503, -99.367122)",
VIRGINIA,2017,10,1,,2,,40,,9,,13,,,-,1,,3,,10,,13,,2,,1,,4,,7,,9,,"VIRGINIA
(37.542699, -78.45822)",
VIRGIN ISL.,2017,10,,-,0,,0,,,-,,-,,-,0,,0,,,-,,-,,-,0,,0,,,-,,-,"VIRGIN ISLANDS
(18.060868, -64.840836)",
COLORADO,2017,10,,-,0,,2,,2,,5,,,-,0,,2,,3,,2,,,-,0,,3,,5,,4,,"COLORADO
(38.841772, -106.132562)",
OKLAHOMA,2017,10,,-,0,,4,,,-,1,,1,,0,,8,,1,,2,,,-,0,,4,,2,,1,,"OKLAHOMA
(35.468494, -97.521264)",
WASHINGTON,2017,10,,-,0,,3,,1,,1,,2,,1,,6,,6,,5,,1,,1,,6,,2,,4,,"WASHINGTON
(47.517368, -120.467672)",
NEW MEXICO,2017,10,,-,0,,1,,1,,,-,,-,0,,1,,,-,,-,,-,0,,2,,,-,12,,"NEW MEXICO
(34.520396, -106.244402)",
CONNECTICUT,2017,10,,-,0,,3,,1,,2,,,-,0,,1,,,-,1,,,-,0,,2,,,-,7,,"CONNECTICUT
(41.544654, -72.651713)",
WISCONSIN,2017,10,,-,0,,2,,1,,,-,,-,0,,1,,3,,3,,,-,1,,3,,1,,12,,"WISCONSIN
(44.395526, -89.834513)",
SOUTH DAKOTA,2017,10,,-,0,,1,,,-,,-,,-,0,,1,,,-,1,,,-,0,,1,,2,,6,,"SOUTH DAKOTA
(44.35371, -100.373709)",
ARKANSAS,2017,10,,-,0,,3,,1,,,-,,-,1,,5,,8,,10,,,-,0,,0,,,-,,-,"ARKANSAS
(34.748745, -92.275105)",
INDIANA,2017,10,,-,0,,1,,2,,7,,,-,5,,11,,23,,34,,1,,2,,7,,14,,29,,"INDIANA
(39.76845, -86.156212)",
OHIO,2017,10,,-,0,,7,,3,,2,,4,,5,,13,,31,,69,,,-,3,,10,,15,,40,,"OHIO
(40.056807, -82.405897)",
GEORGIA,2017,10,,-,1,,4,,3,,14,,,-,2,,7,,16,,18,,,-,1,,4,,3,,15,,"GEORGIA
(32.836038, -83.631709)",
PUERTO RICO,2017,10,,-,0,,4,,1,,,-,,-,0,,2,,,-,6,,,-,0,,0,,,-,,-,"PUERTO RICO
(18.215692, -66.414655)",
SOUTH CAROLINA,2017,10,,-,0,,4,,9,,4,,,-,0,,4,,3,,8,,,-,0,,2,,1,,3,,"SOUTH CAROLINA
(34.009286, -81.037094)",
NORTH DAKOTA,2017,10,,-,0,,1,,,-,,-,,-,0,,1,,,-,1,,,-,0,,1,,1,,,-,"NORTH DAKOTA
(47.475879, -100.121011)",
GUAM,2017,10,,-,0,,0,,,-,,-,,-,0,,0,,,-,,-,,-,0,,0,,,-,,-,"GUAM
(13.3532, 144.653198)",
ARIZONA,2017,10,1,,0,,2,,7,,9,,,-,0,,2,,4,,5,,,-,0,,0,,,-,,-,"ARIZONA
(34.869712, -111.760902)",
MASSACHUSETTS,2017,10,,-,1,,4,,6,,11,,,-,0,,2,,4,,10,,,-,5,,13,,15,,115,,"MASSACHUSETTS
(42.268546, -72.085064)",
MISSOURI,2017,10,,-,0,,2,,1,,7,,,-,0,,3,,3,,8,,,-,0,,3,,9,,4,,"MISSOURI
(38.636168, -92.566292)",
IOWA,2017,10,,-,0,,2,,1,,2,,,-,0,,2,,2,,2,,,-,0,,0,,,-,,-,"IOWA
(42.46942, -93.815856)",
MICHIGAN,2017,10,,-,2,,8,,29,,10,,,-,1,,4,,13,,5,,,-,1,,4,,10,,22,,"MICHIGAN
(44.66399, -84.711206)",
NEVADA,2017,10,,-,0,,2,,1,,4,,,-,0,,2,,,-,3,,,-,0,,3,,2,,1,,"NEVADA
(39.491833, -117.070159)",
MONTANA,2017,10,1,,0,,1,,3,,1,,,-,0,,1,,,-,,-,,-,0,,2,,5,,5,,"MONTANA
(47.062617, -109.430168)",
NORTH CAROLINA,2017,10,,-,1,,5,,1,,12,,,-,2,,8,,6,,31,,,-,1,,4,,2,,18,,"NORTH CAROLINA
(35.47995, -79.180571)",
TENNESSEE,2017,10,,-,0,,2,,,-,,-,1,,4,,8,,25,,41,,1,,2,,11,,17,,38,,"TENNESSEE
(35.681402, -85.774444)",
WYOMING,2017,10,,-,0,,0,,,-,,-,,U,0,,0,,,U,,U,,-,0,,0,,,-,,-,"WYOMING
(43.23558, -108.110518)",
MINNESOTA,2017,10,,-,0,,2,,,-,2,,,-,0,,2,,,-,3,,,-,1,,4,,,-,8,,"MINNESOTA
(46.357661, -94.793397)",
MISSISSIPPI,2017,10,,-,0,,1,,,-,1,,,-,0,,2,,6,,7,,,-,0,,0,,,-,,-,"MISSISSIPPI
(32.738663, -89.537312)",
NEW HAMPSHIRE,2017,10,,-,0,,1,,,-,,-,,-,0,,0,,,-,,-,,-,0,,0,,,-,,-,"NEW HAMPSHIRE
(43.657736, -71.500736)",
NEW YORK,2017,10,4,,1,,3,,11,,9,,1,,1,,4,,3,,5,,,-,3,,11,,13,,41,,"NEW YORK
(42.826892, -75.544286)",
KANSAS,2017,10,,-,0,,1,,1,,,-,,-,0,,3,,3,,6,,,-,0,,2,,2,,3,,"KANSAS
(38.345528, -98.201847)",
CALIFORNIA,2017,10,,-,4,,9,,26,,44,,1,,2,,6,,11,,27,,,-,1,,5,,9,,7,,"CALIFORNIA
(37.640735, -121.002435)",
KENTUCKY,2017,10,,-,0,,2,,1,,,-,1,,3,,11,,25,,30,,,-,1,,8,,5,,20,,"KENTUCKY
(37.64591, -84.774043)",
ILLINOIS,2017,10,,-,1,,5,,7,,15,,,-,0,,3,,1,,12,,,-,0,,3,,1,,8,,"ILLINOIS
(40.477092, -88.993221)",
NEW JERSEY,2017,10,,-,1,,4,,,-,16,,,-,0,,3,,2,,10,,,-,0,,3,,,-,18,,"NEW JERSEY
(40.104655, -74.386686)",
VERMONT,2017,10,,-,0,,1,,,-,1,,,-,0,,1,,,-,1,,,-,0,,1,,1,,2,,"VERMONT
(43.622479, -72.51927)",
FLORIDA,2017,10,6,,2,,7,,33,,19,,5,,11,,17,,87,,98,,2,,4,,9,,44,,44,,"FLORIDA
(28.915325, -81.922409)",
TEXAS,2017,10,,-,2,,6,,6,,30,,4,,2,,15,,14,,13,,,-,0,,4,,6,,6,,"TEXAS
(31.827233, -99.423022)",
ALASKA,2017,10,,-,0,,1,,1,,,-,,-,0,,2,,1,,1,,,-,0,,0,,,-,,-,"ALASKA
(64.836661, -147.738891)",
C.N.M.I.,2017,10,,-,,-,,-,,-,,-,,-,,-,,-,,-,,-,,-,,-,,-,,-,,-,"NORTHERN MARIANA ISLANDS
(15.1834, 145.725693)",
DIST. OF COL.,2017,10,,U,0,,0,,,U,,U,,U,0,,0,,,U,,U,,-,0,,0,,,-,,-,"DISTRICT OF COLUMBIA
(38.892062, -77.019912)",
MAINE,2017,10,,-,0,,1,,,-,2,,,-,1,,3,,10,,7,,,-,0,,3,,4,,6,,"MAINE
(45.252223, -68.986647)",
UNITED STATES,2017,11,10,,32,,107,,237,,321,,27,,59,,82,,474,,646,,10,,46,,80,,282,,652,,,
NEW ENGLAND,2017,11,,-,2,,5,,11,,19,,,-,1,,4,,15,,21,,,-,5,,14,,21,,138,,,
MID. ATLANTIC,2017,11,2,,5,,12,,43,,48,,4,,5,,10,,39,,36,,1,,9,,24,,39,,124,,,
NEW YORK CITY,2017,11,1,,1,,4,,18,,10,,4,,1,,3,,10,,9,,,-,0,,1,,,-,3,,,
E.N. CENTRAL,2017,11,,-,4,,11,,43,,36,,1,,11,,21,,76,,138,,,-,8,,17,,42,,119,,,
W.N. CENTRAL,2017,11,,-,1,,5,,4,,17,,,-,2,,7,,11,,24,,,-,2,,7,,14,,27,,,
S. ATLANTIC,2017,11,4,,7,,55,,67,,76,,12,,21,,34,,176,,233,,7,,10,,21,,88,,115,,,
E.S. CENTRAL,2017,11,,-,0,,4,,2,,8,,7,,9,,18,,82,,105,,2,,4,,17,,31,,71,,,
W.S. CENTRAL,2017,11,3,,3,,8,,11,,38,,1,,4,,19,,44,,34,,,-,1,,5,,9,,9,,,
MOUNTAIN,2017,11,,-,2,,5,,20,,25,,1,,1,,4,,10,,14,,,-,3,,9,,25,,33,,,
PACIFIC,2017,11,1,,6,,47,,36,,54,,1,,3,,9,,21,,41,,,-,2,,9,,13,,16,,,
AMER. SAMOA,2017,11,,-,0,,0,,,-,,-,,-,0,,0,,,-,,-,,-,0,,0,,,-,,-,,
KANSAS,2017,11,,-,0,,1,,1,,,-,,-,0,,3,,3,,6,,,-,0,,2,,2,,4,,"KANSAS
(38.345528, -98.201847)",
RHODE ISLAND,2017,11,,-,0,,2,,,-,,-,,U,0,,0,,,U,,U,,-,0,,0,,,-,,-,"RHODE ISLAND
(41.707447, -71.522488)",
OHIO,2017,11,,-,0,,7,,4,,2,,,-,5,,13,,33,,79,,,-,3,,10,,16,,41,,"OHIO
",
TEXAS,2017,11,3,,2,,7,,9,,33,,1,,2,,15,,15,,14,,,-,0,,4,,6,,6,,"TEXAS
(31.827233, -99.423022)",
LOUISIANA,2017,11,,-,0,,1,,1,,4,,,-,1,,6,,20,,8,,,-,0,,1,,1,,2,,"LOUISIANA
(31.2931, -92.463284)",
MISSOURI,2017,11,,-,0,,2,,1,,7,,,-,1,,3,,4,,9,,,-,0,,3,,9,,4,,"MISSOURI
(38.636168, -92.566292)",
PENNSYLVANIA,2017,11,,-,2,,7,,13,,12,,,-,2,,6,,24,,12,,,-,4,,16,,22,,59,,"PENNSYLVANIA
(40.789676, -77.858055)",
KENTUCKY,2017,11,,-,0,,2,,1,,,-,4,,3,,11,,32,,34,,2,,1,,8,,10,,23,,"KENTUCKY
(37.64591, -84.774043)",
VIRGIN ISL.,2017,11,,-,0,,0,,,-,,-,,-,0,,0,,,-,,-,,-,0,,0,,,-,,-,"VIRGIN ISLANDS
(18.060868, -64.840836)",
WASHINGTON,2017,11,1,,0,,4,,1,,1,,1,,1,,6,,7,,6,,,-,1,,8,,2,,4,,"WASHINGTON
(47.517368, -120.467672)",
MASSACHUSETTS,2017,11,,-,1,,4,,9,,14,,,-,0,,2,,4,,11,,,-,5,,13,,15,,123,,"MASSACHUSETTS
(42.268546, -72.085064)",
OREGON,2017,11,,-,0,,2,,6,,4,,,-,0,,3,,2,,5,,,-,0,,2,,2,,5,,"OREGON
(44.567912, -120.156945)",
GEORGIA,2017,11,,-,1,,4,,3,,15,,,-,2,,7,,16,,21,,,-,1,,4,,3,,17,,"GEORGIA
(32.836038, -83.631709)",
OKLAHOMA,2017,11,,-,0,,4,,,-,1,,,-,0,,8,,1,,2,,,-,0,,4,,2,,1,,"OKLAHOMA
(35.468494, -97.521264)",
WISCONSIN,2017,11,,-,0,,2,,1,,,-,,-,0,,1,,3,,4,,,-,1,,3,,1,,14,,"WISCONSIN
(44.395526, -89.834513)",
VERMONT,2017,11,,-,0,,1,,,-,1,,,-,0,,1,,,-,1,,,-,0,,1,,1,,2,,"VERMONT
(43.622479, -72.51927)",
SOUTH DAKOTA,2017,11,,-,0,,1,,,-,,-,,-,0,,1,,,-,1,,,-,0,,1,,2,,6,,"SOUTH DAKOTA
(44.35371, -100.373709)",
PUERTO RICO,2017,11,,-,0,,4,,1,,,-,,-,0,,1,,,-,6,,,-,0,,0,,,-,,-,"PUERTO RICO
(18.215692, -66.414655)",
TENNESSEE,2017,11,,-,0,,2,,,-,,-,2,,4,,8,,29,,44,,,-,2,,11,,17,,41,,"TENNESSEE
(35.681402, -85.774444)",
GUAM,2017,11,,-,0,,0,,,-,,-,,-,0,,0,,,-,,-,,-,0,,0,,,-,,-,"GUAM
(13.3532, 144.653198)",
IDAHO,2017,11,,-,0,,1,,2,,1,,1,,0,,1,,2,,4,,,-,0,,1,,1,,1,,"IDAHO
(43.680635, -114.364237)",
NORTH DAKOTA,2017,11,,-,0,,1,,,-,,-,,-,0,,1,,,-,1,,,-,0,,1,,1,,,-,"NORTH DAKOTA
(47.475879, -100.121011)",
CONNECTICUT,2017,11,,-,0,,3,,2,,2,,,-,0,,1,,,-,1,,,-,0,,2,,,-,7,,"CONNECTICUT
(41.544654, -72.651713)",
MONTANA,2017,11,,-,0,,1,,3,,1,,,-,0,,1,,,-,,-,,-,0,,2,,6,,5,,"MONTANA
(47.062617, -109.430168)",
SOUTH CAROLINA,2017,11,,-,0,,4,,9,,5,,,-,0,,4,,3,,8,,,-,0,,2,,1,,3,,"SOUTH CAROLINA
(34.009286, -81.037094)",
INDIANA,2017,11,,-,0,,1,,2,,7,,1,,5,,11,,26,,37,,,-,2,,7,,14,,31,,"INDIANA
(39.76845, -86.156212)",
MINNESOTA,2017,11,,-,0,,2,,,-,2,,,-,0,,2,,,-,4,,,-,1,,4,,,-,11,,"MINNESOTA
(46.357661, -94.793397)",
COLORADO,2017,11,,-,0,,3,,5,,6,,,-,0,,2,,3,,2,,,-,0,,3,,5,,4,,"COLORADO
(38.841772, -106.132562)",
NEVADA,2017,11,,-,0,,2,,2,,4,,,-,0,,2,,,-,3,,,-,0,,3,,3,,1,,"NEVADA
(39.491833, -117.070159)",
NEW MEXICO,2017,11,,-,0,,1,,1,,,-,,-,0,,1,,,-,,-,,-,0,,2,,,-,12,,"NEW MEXICO
(34.520396, -106.244402)",
NEW HAMPSHIRE,2017,11,,-,0,,1,,,-,,-,,-,0,,0,,,-,,-,,-,0,,0,,,-,,-,"NEW HAMPSHIRE
(43.657736, -71.500736)",
NEW YORK,2017,11,1,,1,,4,,12,,9,,,-,1,,4,,3,,5,,1,,3,,9,,15,,43,,"NEW YORK
",
IOWA,2017,11,,-,0,,2,,1,,2,,,-,0,,2,,3,,2,,,-,0,,0,,,-,,-,"IOWA
(42.46942, -93.815856)",
UTAH,2017,11,,-,0,,2,,,-,3,,,-,0,,1,,1,,,-,,-,1,,5,,10,,10,,"UTAH
(39.359772, -111.584173)",
MARYLAND,2017,11,,-,0,,5,,5,,4,,,-,0,,3,,4,,8,,,-,0,,4,,4,,5,,"MARYLAND
(39.290443, -76.612333)",
ARIZONA,2017,11,,-,1,,2,,7,,10,,,-,0,,2,,4,,5,,,-,0,,0,,,-,,-,"ARIZONA
(34.869712, -111.760902)",
CALIFORNIA,2017,11,,-,4,,9,,26,,47,,,-,2,,6,,11,,29,,,-,1,,5,,9,,7,,"CALIFORNIA
",
ARKANSAS,2017,11,,-,0,,3,,1,,,-,,-,1,,5,,8,,10,,,-,0,,0,,,-,,-,"ARKANSAS
(34.748745, -92.275105)",
FLORIDA,2017,11,4,,2,,7,,36,,21,,10,,11,,17,,100,,103,,7,,4,,9,,53,,47,,"FLORIDA
(28.915325, -81.922409)",
NEW JERSEY,2017,11,,-,1,,4,,,-,17,,,-,0,,3,,2,,10,,,-,0,,3,,2,,19,,"NEW JERSEY
",
MICHIGAN,2017,11,,-,2,,8,,29,,11,,,-,1,,4,,13,,7,,,-,1,,4,,10,,23,,"MICHIGAN
(44.66399, -84.711206)",
NORTH CAROLINA,2017,11,,-,1,,5,,2,,12,,,-,2,,8,,8,,33,,,-,1,,4,,2,,19,,"NORTH CAROLINA
(35.47995, -79.180571)",
ILLINOIS,2017,11,,-,1,,5,,7,,16,,,-,0,,3,,1,,11,,,-,0,,3,,1,,10,,"ILLINOIS
(40.477092, -88.993221)",
WEST VIRGINIA,2017,11,,-,0,,4,,3,,2,,1,,4,,12,,30,,46,,,-,1,,6,,18,,15,,"WEST VIRGINIA
(38.668501, -80.709421)",
C.N.M.I.,2017,11,,-,,-,,-,,-,,-,,-,,-,,-,,-,,-,,-,,-,,-,,-,,-,"NORTHERN MARIANA ISLANDS
(15.1834, 145.725693)",
WYOMING,2017,11,,-,0,,0,,,-,,-,,U,0,,0,,,U,,U,,-,0,,0,,,-,,-,"WYOMING
(43.23558, -108.110518)",
ALASKA,2017,11,,-,0,,1,,1,,,-,,-,0,,2,,1,,1,,,-,0,,0,,,-,,-,"ALASKA
(64.836661, -147.738891)",
VIRGINIA,2017,11,,-,2,,40,,9,,17,,1,,1,,3,,12,,14,,,-,1,,4,,7,,9,,"VIRGINIA
(37.542699, -78.45822)",
ALABAMA,2017,11,,-,0,,2,,1,,7,,,-,1,,3,,10,,19,,,-,0,,4,,4,,7,,"ALABAMA
(32.839182, -86.631125)",
MAINE,2017,11,,-,0,,1,,,-,2,,,-,1,,3,,11,,8,,,-,0,,3,,5,,6,,"MAINE
(45.252223, -68.986647)",
DIST. OF COL.,2017,11,,U,0,,0,,,U,,U,,U,0,,0,,,U,,U,,-,0,,0,,,-,,-,"DISTRICT OF COLUMBIA
(38.892062, -77.019912)",
DELAWARE,2017,11,,-,0,,1,,,-,,-,,-,0,,1,,3,,,-,,-,0,,0,,,-,,-,"DELAWARE
(39.008676, -75.574561)",
MISSISSIPPI,2017,11,,-,0,,1,,,-,1,,1,,1,,2,,11,,8,,,-,0,,0,,,-,,-,"MISSISSIPPI
(32.738663, -89.537312)",
NEBRASKA,2017,11,,-,0,,4,,1,,6,,,-,0,,2,,1,,1,,,-,0,,2,,,-,2,,"NEBRASKA
",
HAWAII,2017,11,,-,0,,39,,2,,2,,,-,0,,0,,,-,,-,,-,0,,0,,,-,,-,"HAWAII
(21.30992, -157.858158)",
UNITED STATES,2017,12,13,,33,,107,,276,,339,,22,,60,,83,,562,,700,,12,,46,,81,,336,,723,,,
NEW ENGLAND,2017,12,,-,2,,5,,11,,22,,,-,2,,4,,17,,23,,,-,5,,14,,22,,152,,,
MID. ATLANTIC,2017,12,4,,5,,12,,47,,51,,2,,5,,10,,44,,39,,7,,9,,24,,53,,139,,,
NEW YORK CITY,2017,12,2,,1,,4,,20,,10,,1,,1,,4,,11,,10,,,-,0,,1,,,-,3,,,
E.N. CENTRAL,2017,12,,-,4,,11,,49,,38,,1,,10,,22,,86,,155,,,-,8,,17,,52,,131,,,
W.N. CENTRAL,2017,12,,-,1,,5,,4,,18,,,-,2,,7,,13,,25,,,-,2,,7,,15,,32,,,
S. ATLANTIC,2017,12,6,,7,,55,,78,,77,,10,,21,,34,,201,,252,,4,,10,,22,,100,,126,,,
E.S. CENTRAL,2017,12,,-,0,,4,,2,,10,,4,,9,,18,,111,,112,,,-,5,,17,,37,,80,,,
W.S. CENTRAL,2017,12,2,,2,,8,,16,,39,,3,,4,,19,,48,,35,,,-,1,,5,,9,,11,,,
MOUNTAIN,2017,12,1,,2,,5,,25,,28,,1,,1,,4,,14,,16,,,-,3,,9,,27,,36,,,
PACIFIC,2017,12,,-,6,,47,,44,,56,,1,,3,,9,,28,,43,,1,,2,,9,,21,,16,,,
AMER. SAMOA,2017,12,,-,0,,0,,,-,,-,,-,0,,0,,,-,,-,,-,0,,0,,,-,,-,,
ARIZONA,2017,12,1,,1,,2,,10,,12,,1,,0,,2,,5,,5,,,-,0,,0,,,-,,-,"ARIZONA
(34.869712, -111.760902)",
MINNESOTA,2017,12,,-,0,,2,,,-,2,,,-,0,,2,,,-,4,,,-,1,,4,,,-,13,,"MINNESOTA
(46.357661, -94.793397)",
WISCONSIN,2017,12,,-,0,,2,,1,,,-,,-,0,,2,,5,,4,,,-,1,,4,,1,,16,,"WISCONSIN
(44.395526, -89.834513)",
SOUTH DAKOTA,2017,12,,-,0,,1,,,-,,-,,-,0,,1,,,-,1,,,-,0,,1,,2,,7,,"SOUTH DAKOTA
(44.35371, -100.373709)",
NEBRASKA,2017,12,,-,0,,4,,1,,7,,,-,0,,2,,1,,1,,,-,0,,2,,,-,2,,"NEBRASKA
(41.640503, -99.367122)",
NEW JERSEY,2017,12,,-,1,,4,,,-,19,,,-,0,,3,,3,,10,,,-,0,,3,,2,,20,,"NEW JERSEY
(40.104655, -74.386686)",
IOWA,2017,12,,-,0,,2,,1,,2,,,-,0,,2,,3,,2,,,-,0,,0,,,-,,-,"IOWA
(42.46942, -93.815856)",
COLORADO,2017,12,,-,0,,3,,6,,7,,,-,0,,2,,3,,3,,,-,0,,3,,5,,5,,"COLORADO
(38.841772, -106.132562)",
UTAH,2017,12,,-,0,,2,,1,,3,,,-,0,,1,,2,,1,,,-,1,,5,,10,,11,,"UTAH
(39.359772, -111.584173)",
MASSACHUSETTS,2017,12,,-,1,,4,,9,,14,,,-,0,,2,,4,,11,,,-,5,,13,,15,,135,,"MASSACHUSETTS
(42.268546, -72.085064)",
SOUTH CAROLINA,2017,12,,-,0,,4,,9,,5,,,-,0,,4,,3,,9,,,-,0,,2,,1,,3,,"SOUTH CAROLINA
(34.009286, -81.037094)",
PENNSYLVANIA,2017,12,1,,2,,7,,14,,12,,,-,2,,6,,25,,12,,,-,4,,16,,22,,71,,"PENNSYLVANIA
(40.789676, -77.858055)",
IDAHO,2017,12,,-,0,,1,,2,,1,,,-,0,,1,,2,,4,,,-,0,,1,,1,,2,,"IDAHO
(43.680635, -114.364237)",
CONNECTICUT,2017,12,,-,0,,3,,2,,3,,,-,0,,2,,,-,2,,,-,0,,2,,1,,9,,"CONNECTICUT
(41.544654, -72.651713)",
DIST. OF COL.,2017,12,,U,0,,0,,,U,,U,,U,0,,0,,,U,,U,,-,0,,0,,,-,,-,"DISTRICT OF COLUMBIA
(38.892062, -77.019912)",
CALIFORNIA,2017,12,,-,4,,9,,32,,48,,,-,2,,6,,15,,31,,,-,1,,5,,13,,7,,"CALIFORNIA
(37.640735, -121.002435)",
VIRGINIA,2017,12,,-,2,,40,,10,,17,,1,,1,,3,,16,,12,,1,,1,,4,,9,,7,,"VIRGINIA
(37.542699, -78.45822)",
WASHINGTON,2017,12,,-,0,,4,,1,,2,,1,,1,,6,,8,,6,,1,,1,,8,,3,,4,,"WASHINGTON
(47.517368, -120.467672)",
NORTH DAKOTA,2017,12,,-,0,,1,,,-,,-,,-,0,,1,,,-,1,,,-,0,,1,,1,,,-,"NORTH DAKOTA
(47.475879, -100.121011)",
NEW MEXICO,2017,12,,-,0,,1,,1,,,-,,-,0,,1,,,-,,-,,-,0,,2,,,-,12,,"NEW MEXICO
(34.520396, -106.244402)",
WEST VIRGINIA,2017,12,,-,0,,4,,3,,2,,,-,4,,12,,34,,52,,,-,2,,6,,20,,19,,"WEST VIRGINIA
(38.668501, -80.709421)",
VERMONT,2017,12,,-,0,,1,,,-,1,,,-,0,,1,,,-,1,,,-,0,,1,,1,,2,,"VERMONT
(43.622479, -72.51927)",
TENNESSEE,2017,12,,-,0,,2,,,-,,-,4,,4,,8,,35,,47,,,-,2,,11,,20,,47,,"TENNESSEE
(35.681402, -85.774444)",
MARYLAND,2017,12,1,,0,,5,,6,,4,,,-,0,,3,,6,,8,,,-,0,,4,,4,,6,,"MARYLAND
(39.290443, -76.612333)",
ARKANSAS,2017,12,,-,0,,3,,1,,,-,,-,1,,5,,9,,10,,,-,0,,0,,,-,,-,"ARKANSAS
(34.748745, -92.275105)",
OKLAHOMA,2017,12,,-,0,,4,,,-,3,,,-,0,,8,,1,,2,,,-,0,,4,,2,,1,,"OKLAHOMA
(35.468494, -97.521264)",
MISSOURI,2017,12,,-,0,,2,,1,,7,,,-,1,,3,,6,,10,,,-,0,,3,,9,,6,,"MISSOURI
(38.636168, -92.566292)",
DELAWARE,2017,12,,-,0,,1,,1,,,-,,-,0,,1,,3,,,-,,-,0,,0,,,-,,-,"DELAWARE
(39.008676, -75.574561)",
GUAM,2017,12,,-,0,,0,,,-,,-,,-,0,,0,,,-,,-,,-,0,,0,,,-,,-,"GUAM
(13.3532, 144.653198)",
INDIANA,2017,12,,-,0,,1,,3,,7,,,-,5,,11,,28,,46,,,-,2,,7,,16,,35,,"INDIANA
(39.76845, -86.156212)",
OHIO,2017,12,,-,0,,7,,4,,2,,1,,5,,13,,37,,82,,,-,3,,10,,20,,46,,"OHIO
(40.056807, -82.405897)",
OREGON,2017,12,,-,0,,2,,8,,4,,,-,0,,3,,4,,5,,,-,0,,2,,5,,5,,"OREGON
(44.567912, -120.156945)",
MAINE,2017,12,,-,0,,1,,,-,2,,,-,1,,3,,13,,9,,,-,0,,3,,5,,6,,"MAINE
(45.252223, -68.986647)",
FLORIDA,2017,12,4,,3,,7,,40,,21,,9,,11,,17,,111,,109,,3,,5,,9,,59,,48,,"FLORIDA
(28.915325, -81.922409)",
MISSISSIPPI,2017,12,,-,0,,1,,,-,2,,,-,1,,3,,13,,8,,,-,0,,0,,,-,,-,"MISSISSIPPI
(32.738663, -89.537312)",
WYOMING,2017,12,,-,0,,0,,,-,,-,,U,0,,0,,,U,,U,,-,0,,0,,,-,,-,"WYOMING
(43.23558, -108.110518)",
ALABAMA,2017,12,,-,0,,2,,1,,8,,,-,1,,3,,12,,20,,,-,0,,4,,5,,7,,"ALABAMA
(32.839182, -86.631125)",
PUERTO RICO,2017,12,,-,0,,4,,1,,,-,,-,0,,1,,,-,6,,,-,0,,0,,,-,,-,"PUERTO RICO
(18.215692, -66.414655)",
C.N.M.I.,2017,12,,-,,-,,-,,-,,-,,-,,-,,-,,-,,-,,-,,-,,-,,-,,-,"NORTHERN MARIANA ISLANDS
(15.1834, 145.725693)",
KENTUCKY,2017,12,,-,0,,2,,1,,,-,,-,3,,11,,51,,37,,,-,1,,8,,12,,26,,"KENTUCKY
(37.64591, -84.774043)",
NEW HAMPSHIRE,2017,12,,-,0,,1,,,-,,-,,-,0,,0,,,-,,-,,-,0,,0,,,-,,-,"NEW HAMPSHIRE
(43.657736, -71.500736)",
LOUISIANA,2017,12,,-,0,,1,,1,,4,,,-,1,,6,,20,,8,,,-,0,,1,,1,,2,,"LOUISIANA
(31.2931, -92.463284)",
NEW YORK,2017,12,1,,1,,4,,13,,10,,1,,1,,4,,5,,7,,7,,3,,9,,29,,45,,"NEW YORK
(42.826892, -75.544286)",
MONTANA,2017,12,,-,0,,1,,3,,1,,,-,0,,1,,,-,,-,,-,0,,2,,6,,5,,"MONTANA
(47.062617, -109.430168)",
HAWAII,2017,12,,-,0,,39,,2,,2,,,-,0,,0,,,-,,-,,-,0,,0,,,-,,-,"HAWAII
(21.30992, -157.858158)",
MICHIGAN,2017,12,,-,2,,8,,34,,13,,,-,1,,4,,13,,10,,,-,2,,4,,13,,23,,"MICHIGAN
(44.66399, -84.711206)",
KANSAS,2017,12,,-,0,,1,,1,,,-,,-,0,,3,,3,,6,,,-,0,,2,,3,,4,,"KANSAS
(38.345528, -98.201847)",
ALASKA,2017,12,,-,0,,1,,1,,,-,,-,0,,2,,1,,1,,,-,0,,0,,,-,,-,"ALASKA
(64.836661, -147.738891)",
GEORGIA,2017,12,1,,1,,4,,7,,15,,,-,2,,7,,19,,28,,,-,1,,6,,5,,23,,"GEORGIA
(32.836038, -83.631709)",
NEVADA,2017,12,,-,0,,2,,2,,4,,,-,0,,2,,2,,3,,,-,0,,3,,5,,1,,"NEVADA
(39.491833, -117.070159)",
RHODE ISLAND,2017,12,,-,0,,2,,,-,2,,,U,0,,0,,,U,,U,,-,0,,0,,,-,,-,"RHODE ISLAND
(41.707447, -71.522488)",
ILLINOIS,2017,12,,-,1,,5,,7,,16,,,-,0,,3,,3,,13,,,-,0,,3,,2,,11,,"ILLINOIS
(40.477092, -88.993221)",
NORTH CAROLINA,2017,12,,-,1,,5,,2,,13,,,-,2,,8,,9,,34,,,-,1,,4,,2,,20,,"NORTH CAROLINA
(35.47995, -79.180571)",
TEXAS,2017,12,2,,2,,7,,14,,32,,3,,2,,15,,18,,15,,,-,0,,4,,6,,8,,"TEXAS
(31.827233, -99.423022)",
VIRGIN ISL.,2017,12,,-,0,,0,,,-,,-,,-,0,,0,,,-,,-,,-,0,,0,,,-,,-,"VIRGIN ISLANDS
(18.060868, -64.840836)",
UNITED STATES,2017,13,17,,32,,107,,297,,359,,27,,60,,85,,619,,778,,10,,45,,80,,355,,789,,,
NEW ENGLAND,2017,13,,-,2,,5,,12,,23,,2,,1,,4,,19,,24,,,-,5,,14,,23,,163,,,
MID. ATLANTIC,2017,13,7,,5,,12,,54,,55,,4,,5,,10,,49,,45,,3,,8,,24,,56,,157,,,
NEW YORK CITY,2017,13,6,,1,,4,,26,,12,,2,,1,,4,,13,,12,,,-,0,,1,,,-,3,,,
E.N. CENTRAL,2017,13,1,,4,,12,,53,,39,,2,,11,,23,,92,,179,,1,,8,,17,,54,,148,,,
W.N. CENTRAL,2017,13,,-,1,,5,,4,,19,,1,,2,,7,,15,,26,,,-,2,,7,,15,,34,,,
S. ATLANTIC,2017,13,6,,7,,55,,84,,78,,10,,21,,35,,215,,274,,2,,9,,21,,102,,136,,,
E.S. CENTRAL,2017,13,,-,0,,4,,2,,10,,5,,10,,18,,129,,122,,1,,5,,16,,41,,84,,,
W.S. CENTRAL,2017,13,,-,3,,8,,16,,46,,1,,4,,19,,52,,40,,1,,1,,5,,12,,11,,,
MOUNTAIN,2017,13,2,,2,,5,,27,,29,,,-,1,,4,,15,,19,,1,,3,,9,,31,,39,,,
PACIFIC,2017,13,1,,7,,47,,45,,60,,2,,3,,9,,33,,49,,1,,2,,9,,21,,17,,,
AMER. SAMOA,2017,13,,-,0,,0,,,-,,-,,-,0,,0,,,-,,-,,-,0,,0,,,-,,-,,
RHODE ISLAND,2017,13,,-,0,,1,,,-,3,,,U,0,,0,,,U,,U,,-,0,,0,,,-,,-,"RHODE ISLAND
(41.707447, -71.522488)",
VIRGIN ISL.,2017,13,,-,0,,0,,,-,,-,,-,0,,0,,,-,,-,,-,0,,0,,,-,,-,"VIRGIN ISLANDS
(18.060868, -64.840836)",
NEW JERSEY,2017,13,,-,1,,4,,,-,20,,,-,0,,3,,4,,11,,,-,0,,3,,3,,21,,"NEW JERSEY
(40.104655, -74.386686)",
MINNESOTA,2017,13,,-,0,,2,,,-,2,,,-,0,,2,,,-,4,,,-,1,,4,,,-,14,,"MINNESOTA
(46.357661, -94.793397)",
WYOMING,2017,13,,-,0,,0,,,-,,-,,U,0,,0,,,U,,U,,-,0,,0,,,-,,-,"WYOMING
(43.23558, -108.110518)",
KANSAS,2017,13,,-,0,,1,,1,,1,,,-,0,,3,,3,,6,,,-,0,,2,,3,,4,,"KANSAS
(38.345528, -98.201847)",
OKLAHOMA,2017,13,,-,0,,4,,,-,4,,,-,0,,8,,1,,4,,,-,0,,4,,2,,1,,"OKLAHOMA
(35.468494, -97.521264)",
PUERTO RICO,2017,13,,-,0,,4,,1,,,-,,-,0,,1,,,-,6,,,-,0,,0,,,-,,-,"PUERTO RICO
(18.215692, -66.414655)",
TENNESSEE,2017,13,,-,0,,2,,,-,,-,2,,4,,8,,48,,51,,1,,2,,10,,23,,48,,"TENNESSEE
(35.681402, -85.774444)",
MISSOURI,2017,13,,-,0,,2,,1,,7,,,-,1,,3,,6,,10,,,-,0,,3,,9,,7,,"MISSOURI
(38.636168, -92.566292)",
VIRGINIA,2017,13,,-,2,,40,,11,,19,,,-,1,,3,,16,,13,,1,,1,,4,,10,,8,,"VIRGINIA
(37.542699, -78.45822)",
UTAH,2017,13,,-,0,,2,,1,,3,,,-,0,,1,,2,,1,,,-,1,,5,,12,,12,,"UTAH
(39.359772, -111.584173)",
MISSISSIPPI,2017,13,,-,0,,0,,,-,2,,,-,1,,3,,13,,8,,,-,0,,0,,,-,,-,"MISSISSIPPI
(32.738663, -89.537312)",
C.N.M.I.,2017,13,,-,,-,,-,,-,,-,,-,,-,,-,,-,,-,,-,,-,,-,,-,,-,"NORTHERN MARIANA ISLANDS
(15.1834, 145.725693)",
LOUISIANA,2017,13,,-,0,,1,,1,,5,,,-,1,,6,,20,,9,,1,,0,,1,,2,,2,,"LOUISIANA
(31.2931, -92.463284)",
WASHINGTON,2017,13,,-,0,,4,,1,,2,,,-,1,,6,,8,,7,,1,,1,,8,,4,,4,,"WASHINGTON
(47.517368, -120.467672)",
ALASKA,2017,13,,-,0,,1,,1,,,-,,-,0,,2,,1,,3,,,-,0,,0,,,-,,-,"ALASKA
(64.836661, -147.738891)",
NORTH CAROLINA,2017,13,,-,1,,5,,2,,14,,,-,2,,8,,9,,37,,,-,1,,4,,2,,22,,"NORTH CAROLINA
(35.47995, -79.180571)",
WEST VIRGINIA,2017,13,,-,0,,4,,4,,2,,,-,4,,12,,38,,58,,,-,1,,6,,20,,22,,"WEST VIRGINIA
(38.668501, -80.709421)",
IOWA,2017,13,,-,0,,2,,1,,2,,1,,0,,2,,5,,2,,,-,0,,0,,,-,,-,"IOWA
(42.46942, -93.815856)",
GUAM,2017,13,,-,0,,0,,,-,,-,,-,0,,0,,,-,,-,,-,0,,0,,,-,,-,"GUAM
(13.3532, 144.653198)",
NEW HAMPSHIRE,2017,13,,-,0,,1,,,-,,-,,-,0,,0,,,-,,-,,-,0,,0,,,-,,-,"NEW HAMPSHIRE
(43.657736, -71.500736)",
ILLINOIS,2017,13,,-,1,,5,,9,,16,,,-,0,,3,,4,,14,,,-,0,,3,,3,,12,,"ILLINOIS
(40.477092, -88.993221)",
PENNSYLVANIA,2017,13,1,,2,,7,,15,,12,,,-,2,,6,,25,,14,,,-,4,,16,,23,,82,,"PENNSYLVANIA
(40.789676, -77.858055)",
OREGON,2017,13,,,0,,2,,7,,4,,,-,0,,3,,4,,5,,,-,0,,2,,4,,5,,"OREGON
(44.567912, -120.156945)",
SOUTH CAROLINA,2017,13,,-,0,,4,,9,,5,,,-,0,,4,,3,,9,,,-,0,,2,,1,,3,,"SOUTH CAROLINA
(34.009286, -81.037094)",
MASSACHUSETTS,2017,13,,-,1,,4,,9,,14,,,-,0,,2,,4,,12,,,-,5,,13,,15,,144,,"MASSACHUSETTS
(42.268546, -72.085064)",
NEVADA,2017,13,,-,0,,2,,2,,4,,,-,0,,2,,2,,4,,,-,0,,3,,5,,1,,"NEVADA
(39.491833, -117.070159)",
COLORADO,2017,13,,-,0,,3,,6,,7,,,-,0,,2,,3,,3,,,-,0,,3,,5,,6,,"COLORADO
(38.841772, -106.132562)",
DELAWARE,2017,13,,-,0,,1,,1,,,-,,-,0,,1,,3,,,-,,-,0,,0,,,-,,-,"DELAWARE
(39.008676, -75.574561)",
CONNECTICUT,2017,13,,-,0,,3,,2,,3,,,-,0,,2,,,-,2,,,-,0,,1,,1,,10,,"CONNECTICUT
(41.544654, -72.651713)",
VERMONT,2017,13,,-,0,,1,,1,,1,,,-,0,,1,,,-,1,,,-,0,,1,,1,,2,,"VERMONT
(43.622479, -72.51927)",
DIST. OF COL.,2017,13,,U,0,,0,,,U,,U,,U,0,,0,,,U,,U,,-,0,,0,,,-,,-,"DISTRICT OF COLUMBIA
(38.892062, -77.019912)",
KENTUCKY,2017,13,,-,0,,2,,1,,,-,3,,3,,11,,56,,43,,,-,1,,8,,12,,29,,"KENTUCKY
(37.64591, -84.774043)",
CALIFORNIA,2017,13,,-,4,,9,,34,,52,,2,,2,,6,,20,,34,,,-,1,,5,,13,,8,,"CALIFORNIA
(37.640735, -121.002435)",
FLORIDA,2017,13,6,,2,,8,,43,,16,,9,,10,,17,,117,,115,,1,,4,,12,,58,,50,,"FLORIDA
(28.915325, -81.922409)",
NEBRASKA,2017,13,,-,0,,4,,1,,7,,,-,0,,2,,1,,1,,,-,0,,2,,,-,2,,"NEBRASKA
(41.640503, -99.367122)",
TEXAS,2017,13,,-,2,,7,,14,,37,,1,,2,,15,,21,,17,,,-,0,,4,,8,,8,,"TEXAS
(31.827233, -99.423022)",
WISCONSIN,2017,13,,-,0,,4,,1,,,-,,-,0,,2,,5,,4,,,-,1,,4,,1,,18,,"WISCONSIN
(44.395526, -89.834513)",
ARKANSAS,2017,13,,-,0,,3,,1,,,-,,-,1,,5,,10,,10,,,-,0,,0,,,-,,-,"ARKANSAS
(34.748745, -92.275105)",
OHIO,2017,13,1,,0,,7,,5,,3,,2,,5,,13,,40,,94,,1,,3,,10,,21,,56,,"OHIO
(40.056807, -82.405897)",
ARIZONA,2017,13,2,,1,,2,,13,,13,,,-,0,,2,,5,,7,,,-,0,,0,,,-,,-,"ARIZONA
(34.869712, -111.760902)",
IDAHO,2017,13,,-,0,,1,,2,,1,,,-,0,,1,,3,,4,,1,,0,,1,,2,,2,,"IDAHO
(43.680635, -114.364237)",
NEW MEXICO,2017,13,,-,0,,1,,,-,,-,,-,0,,1,,,-,,-,,-,0,,3,,,-,13,,"NEW MEXICO
(34.520396, -106.244402)",
GEORGIA,2017,13,,-,1,,4,,7,,17,,1,,2,,7,,23,,33,,,-,1,,5,,5,,24,,"GEORGIA
(32.836038, -83.631709)",
MAINE,2017,13,,-,0,,1,,,-,2,,2,,1,,3,,15,,9,,,-,0,,3,,6,,7,,"MAINE
(45.252223, -68.986647)",
INDIANA,2017,13,,-,0,,1,,4,,7,,,-,5,,11,,30,,55,,,-,2,,7,,16,,38,,"INDIANA
(39.76845, -86.156212)",
MONTANA,2017,13,,-,0,,1,,3,,1,,,-,0,,1,,,-,,-,,-,0,,2,,7,,5,,"MONTANA
(47.062617, -109.430168)",
MARYLAND,2017,13,,-,0,,5,,7,,5,,,-,0,,3,,6,,9,,,-,0,,3,,6,,7,,"MARYLAND
(39.290443, -76.612333)",
SOUTH DAKOTA,2017,13,,-,0,,1,,,-,,-,,-,0,,1,,,-,2,,,-,0,,1,,2,,7,,"SOUTH DAKOTA
(44.35371, -100.373709)",
NORTH DAKOTA,2017,13,,-,0,,1,,,-,,-,,-,0,,1,,,-,1,,,-,0,,1,,1,,,-,"NORTH DAKOTA
(47.475879, -100.121011)",
ALABAMA,2017,13,,-,0,,2,,1,,8,,,-,1,,3,,12,,20,,,-,0,,4,,6,,7,,"ALABAMA
(32.839182, -86.631125)",
NEW YORK,2017,13,,-,1,,4,,13,,11,,2,,1,,4,,7,,8,,3,,3,,9,,30,,51,,"NEW YORK
(42.826892, -75.544286)",
MICHIGAN,2017,13,,-,2,,8,,34,,13,,,-,1,,4,,13,,12,,,-,2,,4,,13,,24,,"MICHIGAN
(44.66399, -84.711206)",
HAWAII,2017,13,,-,0,,39,,2,,2,,,-,0,,0,,,-,,-,,-,0,,0,,,-,,-,"HAWAII
(21.30992, -157.858158)",
UNITED STATES,2017,14,12,,36,,111,,383,,387,,27,,61,,85,,699,,850,,14,,47,,81,,437,,874,,,
NEW ENGLAND,2017,14,,-,2,,5,,16,,24,,1,,2,,4,,22,,26,,,-,6,,15,,38,,179,,,
MID. ATLANTIC,2017,14,1,,5,,12,,56,,62,,2,,5,,10,,55,,48,,5,,9,,24,,68,,166,,,
NEW YORK CITY,2017,14,1,,1,,6,,27,,14,,,-,1,,4,,13,,12,,,-,0,,1,,,-,3,,,
E.N. CENTRAL,2017,14,,-,5,,20,,114,,52,,6,,11,,21,,123,,200,,1,,9,,19,,89,,174,,,
W.N. CENTRAL,2017,14,,-,1,,5,,4,,19,,2,,2,,7,,20,,28,,2,,2,,7,,17,,36,,,
S. ATLANTIC,2017,14,5,,7,,55,,92,,80,,9,,21,,35,,236,,300,,4,,9,,22,,108,,159,,,
E.S. CENTRAL,2017,14,,-,0,,4,,2,,10,,2,,10,,18,,135,,128,,,-,5,,16,,46,,87,,,
CONNECTICUT,2017,14,,-,0,,3,,3,,3,,,-,0,,2,,,-,2,,,-,0,,1,,1,,10,,"CONNECTICUT
(41.544654, -72.651713)",
W.S. CENTRAL,2017,14,,-,2,,8,,17,,48,,3,,4,,19,,58,,48,,,-,1,,5,,12,,13,,,
MOUNTAIN,2017,14,5,,2,,5,,34,,31,,,-,1,,4,,15,,17,,,-,3,,9,,33,,42,,,
PACIFIC,2017,14,1,,6,,47,,48,,61,,2,,3,,9,,35,,55,,2,,2,,9,,26,,18,,,
AMER. SAMOA,2017,14,,-,0,,0,,,-,,-,,-,0,,0,,,-,,-,,-,0,,0,,,-,,-,,
OHIO,2017,14,,-,0,,7,,5,,3,,6,,5,,13,,53,,100,,1,,3,,7,,25,,57,,"OHIO
(40.056807, -82.405897)",
DELAWARE,2017,14,,-,0,,1,,1,,,-,,-,0,,1,,3,,,-,,-,0,,0,,,-,,-,"DELAWARE
(39.008676, -75.574561)",
NORTH CAROLINA,2017,14,,-,1,,5,,3,,15,,,-,3,,8,,10,,40,,,-,1,,4,,2,,26,,"NORTH CAROLINA
(35.47995, -79.180571)",
ARKANSAS,2017,14,,-,0,,3,,1,,,-,,-,1,,5,,11,,13,,,-,0,,0,,,-,,-,"ARKANSAS
(34.748745, -92.275105)",
HAWAII,2017,14,,-,0,,39,,2,,2,,,-,0,,0,,,-,,-,,-,0,,0,,,-,,-,"HAWAII
(21.30992, -157.858158)",
UTAH,2017,14,,-,0,,2,,1,,4,,,-,0,,1,,2,,1,,,-,1,,6,,12,,18,,"UTAH
(39.359772, -111.584173)",
NEW HAMPSHIRE,2017,14,,-,0,,1,,,-,,-,,-,0,,0,,,-,,-,,-,0,,0,,,-,,-,"NEW HAMPSHIRE
(43.657736, -71.500736)",
VIRGINIA,2017,14,,-,2,,40,,11,,19,,2,,1,,3,,20,,14,,,-,1,,4,,10,,11,,"VIRGINIA
(37.542699, -78.45822)",
IOWA,2017,14,,-,0,,2,,1,,2,,,-,0,,2,,5,,3,,,-,0,,0,,,-,,-,"IOWA
(42.46942, -93.815856)",
CALIFORNIA,2017,14,,-,4,,9,,34,,53,,,-,2,,7,,21,,38,,,-,1,,5,,14,,8,,"CALIFORNIA
(37.640735, -121.002435)",
NEBRASKA,2017,14,,-,0,,4,,1,,7,,,-,0,,2,,1,,1,,1,,0,,2,,1,,2,,"NEBRASKA
(41.640503, -99.367122)",
INDIANA,2017,14,,-,0,,2,,5,,8,,,-,5,,12,,36,,61,,,-,2,,7,,21,,43,,"INDIANA
(39.76845, -86.156212)",
IDAHO,2017,14,1,,0,,1,,3,,,-,,-,0,,1,,3,,1,,,-,0,,1,,2,,2,,"IDAHO
(43.680635, -114.364237)",
MICHIGAN,2017,14,,-,4,,17,,93,,23,,,-,1,,8,,24,,19,,,-,2,,9,,37,,45,,"MICHIGAN
(44.66399, -84.711206)",
ARIZONA,2017,14,1,,1,,4,,16,,13,,,-,0,,2,,5,,7,,,-,0,,0,,,-,,-,"ARIZONA
(34.869712, -111.760902)",
ILLINOIS,2017,14,,-,1,,5,,9,,18,,,-,0,,4,,5,,15,,,-,0,,3,,5,,9,,"ILLINOIS
(40.477092, -88.993221)",
WYOMING,2017,14,1,,0,,0,,1,,,-,,U,0,,0,,,U,,U,,-,0,,0,,,-,,-,"WYOMING
(43.23558, -108.110518)",
SOUTH CAROLINA,2017,14,,-,0,,4,,9,,5,,,-,0,,4,,3,,10,,,-,0,,2,,1,,4,,"SOUTH CAROLINA
(34.009286, -81.037094)",
MARYLAND,2017,14,,-,0,,5,,7,,6,,,-,0,,3,,7,,9,,,-,0,,3,,6,,10,,"MARYLAND
(39.290443, -76.612333)",
FLORIDA,2017,14,5,,2,,8,,49,,16,,7,,10,,17,,126,,130,,4,,4,,12,,63,,56,,"FLORIDA
(28.915325, -81.922409)",
KANSAS,2017,14,,-,0,,1,,1,,1,,,-,0,,3,,6,,6,,,-,0,,2,,3,,4,,"KANSAS
(38.345528, -98.201847)",
NORTH DAKOTA,2017,14,,-,0,,1,,,-,,-,,-,0,,1,,,-,1,,,-,0,,1,,1,,,-,"NORTH DAKOTA
(47.475879, -100.121011)",
SOUTH DAKOTA,2017,14,,-,0,,1,,,-,,-,,-,0,,0,,,-,2,,,-,0,,1,,2,,7,,"SOUTH DAKOTA
(44.35371, -100.373709)",
MAINE,2017,14,,-,0,,1,,,-,2,,1,,1,,3,,17,,10,,,-,0,,3,,6,,7,,"MAINE
(45.252223, -68.986647)",
ALASKA,2017,14,,-,0,,1,,1,,,-,,-,0,,1,,1,,4,,,-,0,,0,,,-,,-,"ALASKA
(64.836661, -147.738891)",
GUAM,2017,14,,-,0,,0,,,-,,-,,-,0,,0,,,-,,-,,-,0,,0,,,-,,-,"GUAM
(13.3532, 144.653198)",
ALABAMA,2017,14,,-,0,,2,,1,,8,,,-,1,,3,,14,,21,,,-,0,,4,,7,,9,,"ALABAMA
(32.839182, -86.631125)",
DIST. OF COL.,2017,14,,U,0,,0,,,U,,U,,U,0,,0,,,U,,U,,-,0,,0,,,-,,-,"DISTRICT OF COLUMBIA
(38.892062, -77.019912)",
NEVADA,2017,14,,-,0,,2,,2,,5,,,-,0,,2,,2,,4,,,-,0,,3,,7,,2,,"NEVADA
(39.491833, -117.070159)",
PENNSYLVANIA,2017,14,,-,2,,7,,16,,14,,2,,2,,6,,30,,16,,1,,4,,16,,28,,86,,"PENNSYLVANIA
(40.789676, -77.858055)",
LOUISIANA,2017,14,,-,0,,1,,1,,5,,,-,1,,6,,20,,11,,,-,0,,1,,2,,2,,"LOUISIANA
(31.2931, -92.463284)",
VIRGIN ISL.,2017,14,,-,0,,0,,,-,,-,,-,0,,0,,,-,,-,,-,0,,0,,,-,,-,"VIRGIN ISLANDS
(18.060868, -64.840836)",
KENTUCKY,2017,14,,-,0,,2,,1,,,-,,-,3,,11,,57,,46,,,-,1,,8,,12,,30,,"KENTUCKY
(37.64591, -84.774043)",
NEW YORK,2017,14,,-,1,,4,,13,,12,,,-,1,,4,,7,,9,,4,,3,,9,,37,,55,,"NEW YORK
(42.826892, -75.544286)",
MISSISSIPPI,2017,14,,-,0,,0,,,-,2,,,-,1,,3,,13,,8,,,-,0,,0,,,-,,-,"MISSISSIPPI
(32.738663, -89.537312)",
MISSOURI,2017,14,,-,0,,2,,1,,7,,2,,1,,3,,8,,11,,1,,0,,3,,10,,8,,"MISSOURI
(38.636168, -92.566292)",
COLORADO,2017,14,2,,0,,3,,8,,8,,,-,0,,2,,3,,4,,,-,0,,3,,5,,6,,"COLORADO
(38.841772, -106.132562)",
WISCONSIN,2017,14,,-,0,,4,,2,,,-,,-,0,,2,,5,,5,,,-,1,,4,,1,,20,,"WISCONSIN
(44.395526, -89.834513)",
WASHINGTON,2017,14,,-,0,,5,,1,,2,,2,,1,,6,,9,,8,,2,,1,,9,,6,,5,,"WASHINGTON
(47.517368, -120.467672)",
PUERTO RICO,2017,14,,-,0,,4,,1,,,-,,-,0,,1,,,-,7,,,-,0,,0,,,-,,-,"PUERTO RICO
(18.215692, -66.414655)",
TENNESSEE,2017,14,,-,0,,2,,,-,,-,2,,4,,8,,51,,53,,,-,2,,10,,27,,48,,"TENNESSEE
(35.681402, -85.774444)",
OREGON,2017,14,1,,0,,2,,10,,4,,,-,0,,3,,4,,5,,,-,0,,2,,6,,5,,"OREGON
(44.567912, -120.156945)",
OKLAHOMA,2017,14,,-,0,,4,,,-,4,,2,,0,,8,,3,,4,,,-,0,,4,,2,,2,,"OKLAHOMA
(35.468494, -97.521264)",
NEW MEXICO,2017,14,,-,0,,1,,,-,,-,,-,0,,1,,,-,,-,,-,0,,3,,,-,9,,"NEW MEXICO
(34.520396, -106.244402)",
MINNESOTA,2017,14,,-,0,,2,,,-,2,,,-,0,,2,,,-,4,,,-,0,,4,,,-,15,,"MINNESOTA
(46.357661, -94.793397)",
RHODE ISLAND,2017,14,,-,0,,1,,,-,3,,,U,0,,0,,,U,,U,,-,0,,0,,,-,,-,"RHODE ISLAND
(41.707447, -71.522488)",
NEW JERSEY,2017,14,,-,1,,4,,,-,22,,,-,0,,3,,5,,11,,,-,0,,3,,3,,22,,"NEW JERSEY
(40.104655, -74.386686)",
VERMONT,2017,14,,-,0,,1,,1,,1,,,-,0,,1,,,-,1,,,-,0,,1,,1,,2,,"VERMONT
(43.622479, -72.51927)",
WEST VIRGINIA,2017,14,,-,0,,4,,4,,2,,,-,4,,12,,44,,62,,,-,1,,6,,21,,27,,"WEST VIRGINIA
(38.668501, -80.709421)",
TEXAS,2017,14,,-,2,,7,,15,,39,,1,,2,,15,,24,,20,,,-,0,,4,,8,,9,,"TEXAS
(31.827233, -99.423022)",
MASSACHUSETTS,2017,14,,-,1,,4,,12,,15,,,-,0,,3,,5,,13,,,-,5,,14,,30,,160,,"MASSACHUSETTS
(42.268546, -72.085064)",
GEORGIA,2017,14,,-,1,,4,,8,,17,,,-,2,,7,,23,,35,,,-,1,,5,,5,,25,,"GEORGIA
(32.836038, -83.631709)",
C.N.M.I.,2017,14,,-,,-,,-,,-,,-,,-,,-,,-,,-,,-,,-,,-,,-,,-,,-,"NORTHERN MARIANA ISLANDS
(15.1834, 145.725693)",
MONTANA,2017,14,,-,0,,1,,3,,1,,,-,0,,1,,,-,,-,,-,0,,2,,7,,5,,"MONTANA
(47.062617, -109.430168)",
UNITED STATES,2017,15,13,,32,,107,,357,,412,,10,,60,,82,,686,,941,,10,,46,,83,,432,,915,,,
NEW ENGLAND,2017,15,,-,2,,5,,17,,24,,,-,2,,4,,22,,27,,,-,6,,15,,38,,190,,,
MID. ATLANTIC,2017,15,8,,5,,12,,66,,71,,1,,5,,10,,59,,58,,,-,8,,24,,69,,173,,,
NEW YORK CITY,2017,15,4,,1,,6,,31,,15,,1,,1,,4,,14,,14,,,-,0,,1,,,-,3,,,
E.N. CENTRAL,2017,15,,-,5,,13,,85,,49,,,-,12,,21,,111,,233,,2,,8,,16,,78,,170,,,
W.N. CENTRAL,2017,15,,-,1,,5,,4,,22,,2,,2,,7,,23,,28,,1,,2,,7,,21,,38,,,
S. ATLANTIC,2017,15,,-,7,,55,,74,,85,,1,,20,,35,,200,,327,,2,,9,,22,,97,,167,,,
E.S. CENTRAL,2017,15,,-,0,,4,,3,,11,,4,,10,,18,,153,,138,,,-,5,,16,,49,,96,,,
W.S. CENTRAL,2017,15,2,,3,,8,,23,,50,,,-,4,,19,,62,,56,,1,,1,,5,,13,,17,,,
MOUNTAIN,2017,15,3,,2,,5,,37,,34,,,-,1,,4,,16,,15,,2,,2,,9,,37,,44,,,
PACIFIC,2017,15,,-,6,,47,,48,,66,,2,,3,,9,,40,,59,,2,,2,,9,,30,,20,,,
AMER. SAMOA,2017,15,,-,0,,0,,,-,,-,,-,0,,0,,,-,,-,,-,0,,0,,,-,,-,,
MICHIGAN,2017,15,,-,3,,12,,63,,18,,,-,1,,4,,12,,15,,,-,2,,5,,24,,33,,"MICHIGAN
(44.66399, -84.711206)",
ALASKA,2017,15,,-,0,,1,,1,,,-,,-,0,,1,,1,,4,,,-,0,,0,,,-,,-,"ALASKA
(64.836661, -147.738891)",
MASSACHUSETTS,2017,15,,-,1,,4,,12,,15,,,-,0,,3,,5,,13,,,-,5,,14,,30,,170,,"MASSACHUSETTS
(42.268546, -72.085064)",
IDAHO,2017,15,,-,0,,1,,2,,1,,,-,0,,1,,3,,1,,1,,0,,1,,3,,2,,"IDAHO
(43.680635, -114.364237)",
MINNESOTA,2017,15,,-,0,,2,,,-,4,,,-,0,,2,,,-,4,,,-,0,,4,,,-,15,,"MINNESOTA
(46.357661, -94.793397)",
FLORIDA,2017,15,,-,2,,8,,31,,18,,,-,10,,17,,85,,141,,,-,4,,11,,45,,53,,"FLORIDA
(28.915325, -81.922409)",
GEORGIA,2017,15,,-,1,,4,,8,,17,,,-,2,,7,,23,,35,,,-,1,,5,,5,,27,,"GEORGIA
(32.836038, -83.631709)",
MONTANA,2017,15,,-,0,,1,,3,,1,,,-,0,,1,,,-,,-,,-,0,,2,,7,,5,,"MONTANA
(47.062617, -109.430168)",
GUAM,2017,15,,-,0,,0,,,-,,-,,-,0,,0,,,-,,-,,-,0,,0,,,-,,-,"GUAM
(13.3532, 144.653198)",
OREGON,2017,15,,-,0,,2,,10,,4,,,-,0,,3,,6,,5,,,-,0,,2,,7,,6,,"OREGON
(44.567912, -120.156945)",
OKLAHOMA,2017,15,,-,0,,4,,,-,4,,,-,0,,8,,3,,4,,,-,0,,4,,2,,2,,"OKLAHOMA
(35.468494, -97.521264)",
COLORADO,2017,15,2,,0,,3,,10,,9,,,-,0,,2,,3,,4,,,-,0,,3,,5,,6,,"COLORADO
(38.841772, -106.132562)",
NEW YORK,2017,15,,-,1,,4,,13,,13,,,-,1,,4,,7,,11,,,-,3,,9,,37,,59,,"NEW YORK
(42.826892, -75.544286)",
IOWA,2017,15,,-,0,,2,,1,,2,,,-,0,,2,,5,,3,,,-,0,,0,,,-,,-,"IOWA
(42.46942, -93.815856)",
OHIO,2017,15,,-,0,,7,,5,,3,,,-,5,,13,,52,,105,,2,,3,,7,,27,,62,,"OHIO
(40.056807, -82.405897)",
RHODE ISLAND,2017,15,,-,0,,1,,,-,3,,,U,0,,0,,,U,,U,,-,0,,0,,,-,,-,"RHODE ISLAND
(41.707447, -71.522488)",
PUERTO RICO,2017,15,,-,0,,4,,1,,,-,,-,0,,1,,,-,7,,,-,0,,0,,,-,,-,"PUERTO RICO
(18.215692, -66.414655)",
HAWAII,2017,15,,-,0,,39,,2,,2,,,-,0,,0,,,-,,-,,-,0,,0,,,-,,-,"HAWAII
(21.30992, -157.858158)",
INDIANA,2017,15,,-,0,,2,,5,,9,,,-,5,,14,,37,,93,,,-,2,,7,,21,,46,,"INDIANA
(39.76845, -86.156212)",
PENNSYLVANIA,2017,15,4,,2,,7,,20,,18,,,-,2,,6,,33,,22,,,-,4,,16,,29,,89,,"PENNSYLVANIA
(40.789676, -77.858055)",
VIRGINIA,2017,15,,-,2,,40,,11,,20,,,-,1,,3,,21,,15,,1,,1,,4,,14,,12,,"VIRGINIA
(37.542699, -78.45822)",
NORTH CAROLINA,2017,15,,-,1,,5,,3,,17,,,-,2,,8,,11,,48,,,-,1,,4,,2,,29,,"NORTH CAROLINA
(35.47995, -79.180571)",
KANSAS,2017,15,,-,0,,1,,1,,2,,,-,0,,3,,6,,6,,,-,0,,2,,5,,4,,"KANSAS
(38.345528, -98.201847)",
NEW MEXICO,2017,15,,-,0,,1,,,-,,-,,-,0,,1,,,-,,-,,-,0,,3,,,-,9,,"NEW MEXICO
(34.520396, -106.244402)",
CALIFORNIA,2017,15,,-,4,,9,,34,,57,,1,,2,,7,,24,,40,,,-,1,,5,,15,,8,,"CALIFORNIA
(37.640735, -121.002435)",
KENTUCKY,2017,15,,-,0,,2,,1,,1,,2,,3,,11,,63,,48,,,-,1,,8,,14,,34,,"KENTUCKY
(37.64591, -84.774043)",
ARKANSAS,2017,15,1,,0,,3,,2,,,-,,-,1,,5,,12,,16,,,-,0,,0,,,-,,-,"ARKANSAS
(34.748745, -92.275105)",
MISSISSIPPI,2017,15,,-,0,,1,,1,,2,,,-,1,,3,,14,,8,,,-,0,,0,,,-,,-,"MISSISSIPPI
(32.738663, -89.537312)",
NORTH DAKOTA,2017,15,,-,0,,1,,,-,,-,,-,0,,1,,,-,1,,,-,0,,1,,1,,,-,"NORTH DAKOTA
(47.475879, -100.121011)",
DELAWARE,2017,15,,-,0,,1,,1,,,-,,-,0,,1,,3,,,-,,-,0,,0,,,-,,-,"DELAWARE
(39.008676, -75.574561)",
CONNECTICUT,2017,15,,-,0,,3,,3,,4,,,-,0,,2,,,-,2,,,-,0,,1,,1,,10,,"CONNECTICUT
(41.544654, -72.651713)",
NEW JERSEY,2017,15,,-,1,,4,,2,,25,,,-,0,,3,,5,,11,,,-,0,,3,,3,,22,,"NEW JERSEY
(40.104655, -74.386686)",
ILLINOIS,2017,15,,-,1,,5,,10,,19,,,-,0,,4,,5,,15,,,-,0,,3,,5,,9,,"ILLINOIS
(40.477092, -88.993221)",
NEVADA,2017,15,,-,0,,2,,3,,6,,,-,0,,2,,3,,4,,1,,0,,3,,8,,2,,"NEVADA
(39.491833, -117.070159)",
WEST VIRGINIA,2017,15,,-,0,,4,,4,,2,,1,,4,,12,,48,,68,,,-,1,,6,,23,,31,,"WEST VIRGINIA
(38.668501, -80.709421)",
WASHINGTON,2017,15,,-,0,,5,,1,,3,,1,,1,,6,,9,,10,,2,,1,,9,,8,,6,,"WASHINGTON
(47.517368, -120.467672)",
MARYLAND,2017,15,,-,0,,5,,7,,6,,,-,0,,3,,6,,9,,1,,0,,3,,7,,11,,"MARYLAND
(39.290443, -76.612333)",
MISSOURI,2017,15,,-,0,,2,,1,,7,,1,,1,,3,,10,,11,,1,,0,,3,,12,,9,,"MISSOURI
(38.636168, -92.566292)",
C.N.M.I.,2017,15,,-,,-,,-,,-,,-,,-,,-,,-,,-,,-,,-,,-,,-,,-,,-,"NORTHERN MARIANA ISLANDS
(15.1834, 145.725693)",
DIST. OF COL.,2017,15,,U,0,,0,,,U,,U,,U,0,,0,,,U,,U,,-,0,,0,,,-,,-,"DISTRICT OF COLUMBIA
(38.892062, -77.019912)",
UTAH,2017,15,,-,0,,2,,1,,4,,,-,0,,1,,2,,,-,,-,1,,6,,14,,20,,"UTAH
(39.359772, -111.584173)",
WISCONSIN,2017,15,,-,0,,4,,2,,,-,,-,0,,2,,5,,5,,,-,1,,4,,1,,20,,"WISCONSIN
(44.395526, -89.834513)",
VIRGIN ISL.,2017,15,,-,0,,0,,,-,,-,,-,0,,0,,,-,,-,,-,0,,0,,,-,,-,"VIRGIN ISLANDS
(18.060868, -64.840836)",
WYOMING,2017,15,,-,0,,1,,1,,,-,,U,0,,0,,,U,,U,,-,0,,0,,,-,,-,"WYOMING
(43.23558, -108.110518)",
ALABAMA,2017,15,,-,0,,2,,1,,8,,,-,1,,4,,18,,23,,,-,0,,4,,7,,10,,"ALABAMA
(32.839182, -86.631125)",
ARIZONA,2017,15,1,,1,,4,,17,,13,,,-,0,,2,,5,,6,,,-,0,,0,,,-,,-,"ARIZONA
(34.869712, -111.760902)",
SOUTH CAROLINA,2017,15,,-,0,,4,,9,,5,,,-,0,,4,,3,,11,,,-,0,,2,,1,,4,,"SOUTH CAROLINA
(34.009286, -81.037094)",
SOUTH DAKOTA,2017,15,,-,0,,1,,,-,,-,,-,0,,0,,,-,2,,,-,0,,1,,2,,8,,"SOUTH DAKOTA
(44.35371, -100.373709)",
NEBRASKA,2017,15,,-,0,,4,,1,,7,,1,,0,,2,,2,,1,,,-,0,,2,,1,,2,,"NEBRASKA
(41.640503, -99.367122)",
MAINE,2017,15,,-,0,,1,,,-,1,,,-,1,,3,,17,,11,,,-,0,,3,,6,,8,,"MAINE
(45.252223, -68.986647)",
TEXAS,2017,15,1,,2,,7,,18,,40,,,-,2,,15,,24,,22,,1,,0,,4,,9,,12,,"TEXAS
(31.827233, -99.423022)",
LOUISIANA,2017,15,,-,0,,1,,3,,6,,,-,1,,6,,23,,14,,,-,0,,1,,2,,3,,"LOUISIANA
(31.2931, -92.463284)",
VERMONT,2017,15,,-,0,,1,,1,,1,,,-,0,,1,,,-,1,,,-,0,,1,,1,,2,,"VERMONT
(43.622479, -72.51927)",
TENNESSEE,2017,15,,-,0,,2,,,-,,-,2,,4,,8,,58,,59,,,-,2,,10,,28,,52,,"TENNESSEE
(35.681402, -85.774444)",
NEW HAMPSHIRE,2017,15,,-,0,,1,,1,,,-,,-,0,,0,,,-,,-,,-,0,,0,,,-,,-,"NEW HAMPSHIRE
(43.657736, -71.500736)",
