Reporting Area,MMWR Year,MMWR Week,"Ehrlichiosis and Anaplasmosis§, Ehrlichia chaffeensis, Current week","Ehrlichiosis and Anaplasmosis§, Ehrlichia chaffeensis, Current week, flag","Ehrlichiosis and Anaplasmosis§, Ehrlichia chaffeensis, Previous 52 weeks Med","Ehrlichiosis and Anaplasmosis§, Ehrlichia chaffeensis, Previous 52 weeks Med, flag","Ehrlichiosis and Anaplasmosis§, Ehrlichia chaffeensis, Previous 52 weeks Max","Ehrlichiosis and Anaplasmosis§, Ehrlichia chaffeensis, Previous 52 weeks Max, flag","Ehrlichiosis and Anaplasmosis§, Ehrlichia chaffeensis, Cum 2017","Ehrlichiosis and Anaplasmosis§, Ehrlichia chaffeensis, Cum 2017, flag","Ehrlichiosis and Anaplasmosis§, Ehrlichia chaffeensis, Cum 2016","Ehrlichiosis and Anaplasmosis§, Ehrlichia chaffeensis, Cum 2016, flag","Ehrlichiosis and Anaplasmosis§, Anaplasma phagocytophilum, Current week","Ehrlichiosis and Anaplasmosis§, Anaplasma phagocytophilum, Current week, flag","Ehrlichiosis and Anaplasmosis§, Anaplasma phagocytophilum, Previous 52 weeks Med","Ehrlichiosis and Anaplasmosis§, Anaplasma phagocytophilum, Previous 52 weeks Med, flag","Ehrlichiosis and Anaplasmosis§, Anaplasma phagocytophilum, Previous 52 weeks Max","Ehrlichiosis and Anaplasmosis§, Anaplasma phagocytophilum, Previous 52 weeks Max, flag","Ehrlichiosis and Anaplasmosis§, Anaplasma phagocytophilum, Cum 2017","Ehrlichiosis and Anaplasmosis§, Anaplasma phagocytophilum, Cum 2017, flag","Ehrlichiosis and Anaplasmosis§, Anaplasma phagocytophilum, Cum 2016","Ehrlichiosis and Anaplasmosis§, Anaplasma phagocytophilum, Cum 2016, flag","Ehrlichiosis and Anaplasmosis§, Undetermined, Current week","Ehrlichiosis and Anaplasmosis§, Undetermined, Current week, flag","Ehrlichiosis and Anaplasmosis§, Undetermined, Previous 52 weeks Med","Ehrlichiosis and Anaplasmosis§, Undetermined, Previous 52 weeks Med, flag","Ehrlichiosis and Anaplasmosis§, Undetermined, Previous 52 weeks Max","Ehrlichiosis and Anaplasmosis§, Undetermined, Previous 52 weeks Max, flag","Ehrlichiosis and Anaplasmosis§, Undetermined, Cum 2017","Ehrlichiosis and Anaplasmosis§, Undetermined, Cum 2017, flag","Ehrlichiosis and Anaplasmosis§, Undetermined, Cum 2016","Ehrlichiosis and Anaplasmosis§, Undetermined, Cum 2016, flag",Location 1,Location 2
UNITED STATES,2017,1,,-,13,,90,,,-,3,,4,,42,,198,,4,,9,,1,,2,,9,,1,,,-,,
NEW ENGLAND,2017,1,,-,0,,8,,,-,,-,,-,19,,100,,,-,7,,,-,0,,2,,,-,,-,,
MID. ATLANTIC,2017,1,,-,3,,17,,,-,,-,4,,13,,60,,4,,1,,1,,0,,3,,1,,,-,,
NEW YORK CITY,2017,1,,-,0,,3,,,-,,-,4,,1,,5,,4,,,-,1,,0,,1,,1,,,-,,
E.N. CENTRAL,2017,1,,-,1,,8,,,-,,-,,-,6,,41,,,-,,-,,-,1,,5,,,-,,-,,
W.N. CENTRAL,2017,1,,-,2,,25,,,-,1,,,-,0,,4,,,-,,-,,-,0,,2,,,-,,-,,
S. ATLANTIC,2017,1,,-,2,,18,,,-,2,,,-,1,,4,,,-,1,,,-,0,,2,,,-,,-,,
E.S. CENTRAL,2017,1,,-,1,,12,,,-,,-,,-,0,,3,,,-,,-,,-,0,,2,,,-,,-,,
W.S. CENTRAL,2017,1,,-,2,,18,,,-,,-,,-,0,,5,,,-,,-,,-,0,,1,,,-,,-,,
MOUNTAIN,2017,1,,-,0,,1,,,-,,-,,-,0,,1,,,-,,-,,-,0,,1,,,-,,-,,
PACIFIC,2017,1,,-,0,,1,,,-,,-,,-,0,,1,,,-,,-,,-,0,,2,,,-,,-,,
AMER. SAMOA,2017,1,,N,0,,0,,,N,,N,,N,0,,0,,,N,,N,,N,0,,0,,,N,,N,,
TEXAS,2017,1,,-,0,,2,,,-,,-,,-,0,,1,,,-,,-,,-,0,,1,,,-,,-,"TEXAS
(31.827233, -99.423022)",
TENNESSEE,2017,1,,-,1,,10,,,-,,-,,-,0,,2,,,-,,-,,-,0,,2,,,-,,-,"TENNESSEE
(35.681402, -85.774444)",
KENTUCKY,2017,1,,-,0,,4,,,-,,-,,-,0,,1,,,-,,-,,-,0,,1,,,-,,-,"KENTUCKY
(37.64591, -84.774043)",
RHODE ISLAND,2017,1,,-,0,,6,,,-,,-,,-,0,,18,,,-,,-,,-,0,,0,,,-,,-,"RHODE ISLAND
(41.707447, -71.522488)",
CONNECTICUT,2017,1,,-,0,,0,,,-,,-,,-,0,,4,,,-,,-,,N,0,,0,,,N,,N,"CONNECTICUT
(41.544654, -72.651713)",
MARYLAND,2017,1,,-,0,,9,,,-,1,,,-,0,,2,,,-,,-,,-,0,,1,,,-,,-,"MARYLAND
(39.290443, -76.612333)",
DIST. OF COL.,2017,1,,-,0,,1,,,-,,-,,N,0,,0,,,N,,N,,-,0,,0,,,-,,-,"DISTRICT OF COLUMBIA
(38.892062, -77.019912)",
MICHIGAN,2017,1,,-,0,,2,,,-,,-,,-,0,,1,,,-,,-,,-,0,,0,,,-,,-,"MICHIGAN
(44.66399, -84.711206)",
GEORGIA,2017,1,,-,0,,2,,,-,,-,,-,0,,1,,,-,,-,,-,0,,1,,,-,,-,"GEORGIA
(32.836038, -83.631709)",
IDAHO,2017,1,,N,0,,0,,,N,,N,,N,0,,0,,,N,,N,,N,0,,0,,,N,,N,"IDAHO
(43.680635, -114.364237)",
VIRGIN ISL.,2017,1,,-,0,,0,,,-,,-,,-,0,,0,,,-,,-,,-,0,,0,,,-,,-,"VIRGIN ISLANDS
(18.060868, -64.840836)",
LOUISIANA,2017,1,,-,0,,1,,,-,,-,,-,0,,0,,,-,,-,,-,0,,0,,,-,,-,"LOUISIANA
(31.2931, -92.463284)",
WEST VIRGINIA,2017,1,,-,0,,1,,,-,,-,,-,0,,0,,,-,,-,,-,0,,0,,,-,,-,"WEST VIRGINIA
(38.668501, -80.709421)",
PUERTO RICO,2017,1,,N,0,,0,,,N,,N,,N,0,,0,,,N,,N,,N,0,,0,,,N,,N,"PUERTO RICO
(18.215692, -66.414655)",
MINNESOTA,2017,1,,-,0,,0,,,-,,-,,-,0,,0,,,-,,-,,-,0,,0,,,-,,-,"MINNESOTA
(46.357661, -94.793397)",
HAWAII,2017,1,,N,0,,0,,,N,,N,,N,0,,0,,,N,,N,,N,0,,0,,,N,,N,"HAWAII
(21.30992, -157.858158)",
DELAWARE,2017,1,,-,0,,3,,,-,,-,,-,0,,1,,,-,,-,,-,0,,1,,,-,,-,"DELAWARE
(39.008676, -75.574561)",
NEW MEXICO,2017,1,,N,0,,0,,,N,,N,,N,0,,0,,,N,,N,,N,0,,0,,,N,,N,"NEW MEXICO
(34.520396, -106.244402)",
SOUTH CAROLINA,2017,1,,-,0,,0,,,-,,-,,-,0,,0,,,-,,-,,-,0,,0,,,-,,-,"SOUTH CAROLINA
(34.009286, -81.037094)",
ALASKA,2017,1,,N,0,,0,,,N,,N,,N,0,,0,,,N,,N,,N,0,,0,,,N,,N,"ALASKA
(64.836661, -147.738891)",
WYOMING,2017,1,,-,0,,0,,,-,,-,,-,0,,1,,,-,,-,,-,0,,0,,,-,,-,"WYOMING
(43.23558, -108.110518)",
ALABAMA,2017,1,,-,0,,2,,,-,,-,,-,0,,1,,,-,,-,,-,0,,1,,,-,,-,"ALABAMA
(32.839182, -86.631125)",
GUAM,2017,1,,N,0,,0,,,N,,N,,N,0,,0,,,N,,N,,N,0,,0,,,N,,N,"GUAM
(13.3532, 144.653198)",
NEW HAMPSHIRE,2017,1,,-,0,,1,,,-,,-,,-,0,,6,,,-,,-,,-,0,,0,,,-,,-,"NEW HAMPSHIRE
(43.657736, -71.500736)",
CALIFORNIA,2017,1,,-,0,,0,,,-,,-,,-,0,,0,,,-,,-,,-,0,,2,,,-,,-,"CALIFORNIA
(37.640735, -121.002435)",
OREGON,2017,1,,-,0,,1,,,-,,-,,-,0,,1,,,-,,-,,-,0,,0,,,-,,-,"OREGON
(44.567912, -120.156945)",
MISSISSIPPI,2017,1,,-,0,,2,,,-,,-,,-,0,,0,,,-,,-,,-,0,,0,,,-,,-,"MISSISSIPPI
(32.738663, -89.537312)",
MAINE,2017,1,,-,0,,1,,,-,,-,,-,3,,31,,,-,1,,,-,0,,1,,,-,,-,"MAINE
(45.252223, -68.986647)",
FLORIDA,2017,1,,-,0,,6,,,-,,-,,-,0,,2,,,-,,-,,-,0,,0,,,-,,-,"FLORIDA
(28.915325, -81.922409)",
OKLAHOMA,2017,1,,-,0,,1,,,-,,-,,-,0,,0,,,-,,-,,-,0,,0,,,-,,-,"OKLAHOMA
(35.468494, -97.521264)",
NEW JERSEY,2017,1,,-,0,,7,,,-,,-,,-,1,,13,,,-,1,,,-,0,,2,,,-,,-,"NEW JERSEY
(40.104655, -74.386686)",
PENNSYLVANIA,2017,1,,-,0,,0,,,-,,-,,-,0,,1,,,-,,-,,-,0,,1,,,-,,-,"PENNSYLVANIA
(40.789676, -77.858055)",
MASSACHUSETTS,2017,1,,-,0,,2,,,-,,-,,-,8,,68,,,-,6,,,-,0,,1,,,-,,-,"MASSACHUSETTS
(42.268546, -72.085064)",
VERMONT,2017,1,,-,0,,1,,,-,,-,,-,2,,22,,,-,,-,,-,0,,1,,,-,,-,"VERMONT
(43.622479, -72.51927)",
NORTH DAKOTA,2017,1,,-,0,,1,,,-,,-,,-,0,,2,,,-,,-,,-,0,,1,,,-,,-,"NORTH DAKOTA
(47.475879, -100.121011)",
WASHINGTON,2017,1,,-,0,,0,,,-,,-,,-,0,,0,,,-,,-,,-,0,,0,,,-,,-,"WASHINGTON
(47.517368, -120.467672)",
KANSAS,2017,1,,-,0,,5,,,-,,-,,-,0,,1,,,-,,-,,-,0,,1,,,-,,-,"KANSAS
(38.345528, -98.201847)",
NEBRASKA,2017,1,,-,0,,2,,,-,,-,,-,0,,1,,,-,,-,,-,0,,0,,,-,,-,"NEBRASKA
(41.640503, -99.367122)",
SOUTH DAKOTA,2017,1,,-,0,,0,,,-,,-,,-,0,,1,,,-,,-,,-,0,,0,,,-,,-,"SOUTH DAKOTA
(44.35371, -100.373709)",
ILLINOIS,2017,1,,-,0,,5,,,-,,-,,-,0,,2,,,-,,-,,-,0,,0,,,-,,-,"ILLINOIS
(40.477092, -88.993221)",
NEVADA,2017,1,,-,0,,0,,,-,,-,,-,0,,0,,,-,,-,,-,0,,0,,,-,,-,"NEVADA
(39.491833, -117.070159)",
NEW YORK,2017,1,,-,2,,13,,,-,,-,,-,11,,54,,,-,,-,,-,0,,2,,,-,,-,"NEW YORK
(42.826892, -75.544286)",
OHIO,2017,1,,-,0,,1,,,-,,-,,-,0,,2,,,-,,-,,-,0,,0,,,-,,-,"OHIO
(40.056807, -82.405897)",
MONTANA,2017,1,,-,0,,1,,,-,,-,,-,0,,0,,,-,,-,,-,0,,0,,,-,,-,"MONTANA
(47.062617, -109.430168)",
INDIANA,2017,1,,-,0,,0,,,-,,-,,-,0,,0,,,-,,-,,-,0,,2,,,-,,-,"INDIANA
(39.76845, -86.156212)",
UTAH,2017,1,,-,0,,0,,,-,,-,,-,0,,0,,,-,,-,,-,0,,0,,,-,,-,"UTAH
(39.359772, -111.584173)",
ARKANSAS,2017,1,,-,2,,16,,,-,,-,,-,0,,5,,,-,,-,,-,0,,0,,,-,,-,"ARKANSAS
(34.748745, -92.275105)",
C.N.M.I.,2017,1,,-,,-,,-,,-,,-,,-,,-,,-,,-,,-,,-,,-,,-,,-,,-,"NORTHERN MARIANA ISLANDS
(15.1834, 145.725693)",
IOWA,2017,1,,-,0,,1,,,-,,-,,-,0,,1,,,-,,-,,-,0,,1,,,-,,-,"IOWA
(42.46942, -93.815856)",
NORTH CAROLINA,2017,1,,-,1,,5,,,-,1,,,-,0,,2,,,-,1,,,-,0,,0,,,-,,-,"NORTH CAROLINA
(35.47995, -79.180571)",
COLORADO,2017,1,,N,0,,0,,,N,,N,,N,0,,0,,,N,,N,,N,0,,0,,,N,,N,"COLORADO
(38.841772, -106.132562)",
ARIZONA,2017,1,,-,0,,0,,,-,,-,,-,0,,0,,,-,,-,,-,0,,1,,,-,,-,"ARIZONA
(34.869712, -111.760902)",
MISSOURI,2017,1,,-,2,,20,,,-,1,,,-,0,,2,,,-,,-,,-,0,,1,,,-,,-,"MISSOURI
(38.636168, -92.566292)",
VIRGINIA,2017,1,,-,1,,10,,,-,,-,,-,0,,2,,,-,,-,,-,0,,2,,,-,,-,"VIRGINIA
(37.542699, -78.45822)",
WISCONSIN,2017,1,,-,0,,3,,,-,,-,,-,6,,41,,,-,,-,,-,0,,3,,,-,,-,"WISCONSIN
(44.395526, -89.834513)",
UNITED STATES,2017,2,1,,13,,90,,1,,5,,1,,42,,198,,6,,15,,,-,2,,9,,1,,,-,,
NEW ENGLAND,2017,2,,-,0,,8,,,-,,-,1,,19,,100,,1,,11,,,-,0,,2,,,-,,-,,
MID. ATLANTIC,2017,2,1,,3,,17,,1,,1,,,-,13,,60,,4,,3,,,-,0,,3,,1,,,-,,
NEW YORK CITY,2017,2,1,,0,,3,,1,,,-,,-,1,,5,,4,,,-,,-,0,,1,,1,,,-,,
E.N. CENTRAL,2017,2,,-,1,,8,,,-,,-,,-,6,,41,,1,,,-,,-,1,,5,,,-,,-,,
W.N. CENTRAL,2017,2,,-,2,,25,,,-,1,,,-,0,,4,,,-,,-,,-,0,,2,,,-,,-,,
S. ATLANTIC,2017,2,,-,2,,18,,,-,2,,,-,1,,4,,,-,1,,,-,0,,2,,,-,,-,,
E.S. CENTRAL,2017,2,,-,1,,12,,,-,1,,,-,0,,3,,,-,,-,,-,0,,2,,,-,,-,,
W.S. CENTRAL,2017,2,,-,2,,18,,,-,,-,,-,0,,5,,,-,,-,,-,0,,1,,,-,,-,,
MOUNTAIN,2017,2,,-,0,,1,,,-,,-,,-,0,,1,,,-,,-,,-,0,,1,,,-,,-,,
PACIFIC,2017,2,,-,0,,1,,,-,,-,,-,0,,1,,,-,,-,,-,0,,2,,,-,,-,,
AMER. SAMOA,2017,2,,N,0,,0,,,N,,N,,N,0,,0,,,N,,N,,N,0,,0,,,N,,N,,
TENNESSEE,2017,2,,-,1,,10,,,-,,-,,-,0,,2,,,-,,-,,-,0,,2,,,-,,-,"TENNESSEE
(35.681402, -85.774444)",
VIRGINIA,2017,2,,-,1,,10,,,-,,-,,-,0,,2,,,-,,-,,-,0,,2,,,-,,-,"VIRGINIA
(37.542699, -78.45822)",
ILLINOIS,2017,2,,-,0,,5,,,-,,-,,-,0,,2,,,-,,-,,-,0,,0,,,-,,-,"ILLINOIS
(40.477092, -88.993221)",
WYOMING,2017,2,,-,0,,0,,,-,,-,,-,0,,1,,,-,,-,,-,0,,0,,,-,,-,"WYOMING
(43.23558, -108.110518)",
ARKANSAS,2017,2,,-,2,,16,,,-,,-,,-,0,,5,,,-,,-,,-,0,,0,,,-,,-,"ARKANSAS
(34.748745, -92.275105)",
PENNSYLVANIA,2017,2,,-,0,,0,,,-,,-,,-,0,,1,,,-,,-,,-,0,,1,,,-,,-,"PENNSYLVANIA
(40.789676, -77.858055)",
NORTH CAROLINA,2017,2,,-,1,,5,,,-,1,,,-,0,,2,,,-,1,,,-,0,,0,,,-,,-,"NORTH CAROLINA
(35.47995, -79.180571)",
NEBRASKA,2017,2,,-,0,,2,,,-,,-,,-,0,,1,,,-,,-,,-,0,,0,,,-,,-,"NEBRASKA
(41.640503, -99.367122)",
NORTH DAKOTA,2017,2,,-,0,,1,,,-,,-,,-,0,,2,,,-,,-,,-,0,,1,,,-,,-,"NORTH DAKOTA
(47.475879, -100.121011)",
PUERTO RICO,2017,2,,N,0,,0,,,N,,N,,N,0,,0,,,N,,N,,N,0,,0,,,N,,N,"PUERTO RICO
(18.215692, -66.414655)",
MISSISSIPPI,2017,2,,-,0,,2,,,-,,-,,-,0,,0,,,-,,-,,-,0,,0,,,-,,-,"MISSISSIPPI
(32.738663, -89.537312)",
MASSACHUSETTS,2017,2,,-,0,,2,,,-,,-,,-,8,,68,,,-,9,,,-,0,,1,,,-,,-,"MASSACHUSETTS
(42.268546, -72.085064)",
COLORADO,2017,2,,N,0,,0,,,N,,N,,N,0,,0,,,N,,N,,N,0,,0,,,N,,N,"COLORADO
(38.841772, -106.132562)",
SOUTH DAKOTA,2017,2,,-,0,,0,,,-,,-,,-,0,,1,,,-,,-,,-,0,,0,,,-,,-,"SOUTH DAKOTA
(44.35371, -100.373709)",
ALABAMA,2017,2,,-,0,,2,,,-,,-,,-,0,,1,,,-,,-,,-,0,,1,,,-,,-,"ALABAMA
(32.839182, -86.631125)",
NEW MEXICO,2017,2,,N,0,,0,,,N,,N,,N,0,,0,,,N,,N,,N,0,,0,,,N,,N,"NEW MEXICO
(34.520396, -106.244402)",
CONNECTICUT,2017,2,,-,0,,0,,,-,,-,,-,0,,4,,,-,,-,,N,0,,0,,,N,,N,"CONNECTICUT
(41.544654, -72.651713)",
NEVADA,2017,2,,-,0,,0,,,-,,-,,-,0,,0,,,-,,-,,-,0,,0,,,-,,-,"NEVADA
(39.491833, -117.070159)",
GUAM,2017,2,,N,0,,0,,,N,,N,,N,0,,0,,,N,,N,,N,0,,0,,,N,,N,"GUAM
(13.3532, 144.653198)",
NEW JERSEY,2017,2,,-,0,,7,,,-,,-,,-,1,,13,,,-,1,,,-,0,,2,,,-,,-,"NEW JERSEY
(40.104655, -74.386686)",
MINNESOTA,2017,2,,-,0,,0,,,-,,-,,-,0,,0,,,-,,-,,-,0,,0,,,-,,-,"MINNESOTA
(46.357661, -94.793397)",
OREGON,2017,2,,-,0,,1,,,-,,-,,-,0,,1,,,-,,-,,-,0,,0,,,-,,-,"OREGON
(44.567912, -120.156945)",
IOWA,2017,2,,-,0,,1,,,-,,-,,-,0,,1,,,-,,-,,-,0,,1,,,-,,-,"IOWA
(42.46942, -93.815856)",
DIST. OF COL.,2017,2,,-,0,,1,,,-,,-,,N,0,,0,,,N,,N,,-,0,,0,,,-,,-,"DISTRICT OF COLUMBIA
(38.892062, -77.019912)",
MARYLAND,2017,2,,-,0,,9,,,-,1,,,-,0,,2,,,-,,-,,-,0,,1,,,-,,-,"MARYLAND
(39.290443, -76.612333)",
DELAWARE,2017,2,,-,0,,3,,,-,,-,,-,0,,1,,,-,,-,,-,0,,1,,,-,,-,"DELAWARE
(39.008676, -75.574561)",
MICHIGAN,2017,2,,-,0,,2,,,-,,-,,-,0,,1,,,-,,-,,-,0,,0,,,-,,-,"MICHIGAN
(44.66399, -84.711206)",
VIRGIN ISL.,2017,2,,-,0,,0,,,-,,-,,-,0,,0,,,-,,-,,-,0,,0,,,-,,-,"VIRGIN ISLANDS
(18.060868, -64.840836)",
NEW YORK,2017,2,,-,2,,13,,,-,1,,,-,11,,54,,,-,2,,,-,0,,2,,,-,,-,"NEW YORK
(42.826892, -75.544286)",
KANSAS,2017,2,,-,0,,5,,,-,,-,,-,0,,1,,,-,,-,,-,0,,1,,,-,,-,"KANSAS
(38.345528, -98.201847)",
WEST VIRGINIA,2017,2,,-,0,,1,,,-,,-,,-,0,,0,,,-,,-,,-,0,,0,,,-,,-,"WEST VIRGINIA
(38.668501, -80.709421)",
UTAH,2017,2,,-,0,,0,,,-,,-,,-,0,,0,,,-,,-,,-,0,,0,,,-,,-,"UTAH
(39.359772, -111.584173)",
CALIFORNIA,2017,2,,-,0,,0,,,-,,-,,-,0,,0,,,-,,-,,-,0,,2,,,-,,-,"CALIFORNIA
(37.640735, -121.002435)",
OKLAHOMA,2017,2,,-,0,,1,,,-,,-,,-,0,,0,,,-,,-,,-,0,,0,,,-,,-,"OKLAHOMA
(35.468494, -97.521264)",
ARIZONA,2017,2,,-,0,,0,,,-,,-,,-,0,,0,,,-,,-,,-,0,,1,,,-,,-,"ARIZONA
(34.869712, -111.760902)",
KENTUCKY,2017,2,,-,0,,4,,,-,1,,,-,0,,1,,,-,,-,,-,0,,1,,,-,,-,"KENTUCKY
(37.64591, -84.774043)",
WISCONSIN,2017,2,,-,0,,3,,,-,,-,,-,6,,41,,1,,,-,,-,0,,3,,,-,,-,"WISCONSIN
(44.395526, -89.834513)",
GEORGIA,2017,2,,-,0,,2,,,-,,-,,-,0,,1,,,-,,-,,-,0,,1,,,-,,-,"GEORGIA
(32.836038, -83.631709)",
TEXAS,2017,2,,-,0,,2,,,-,,-,,-,0,,1,,,-,,-,,-,0,,1,,,-,,-,"TEXAS
(31.827233, -99.423022)",
INDIANA,2017,2,,-,0,,0,,,-,,-,,-,0,,0,,,-,,-,,-,0,,2,,,-,,-,"INDIANA
(39.76845, -86.156212)",
RHODE ISLAND,2017,2,,-,0,,6,,,-,,-,,-,0,,18,,,-,,-,,-,0,,0,,,-,,-,"RHODE ISLAND
(41.707447, -71.522488)",
OHIO,2017,2,,-,0,,1,,,-,,-,,-,0,,2,,,-,,-,,-,0,,0,,,-,,-,"OHIO
(40.056807, -82.405897)",
C.N.M.I.,2017,2,,-,,-,,-,,-,,-,,-,,-,,-,,-,,-,,-,,-,,-,,-,,-,"NORTHERN MARIANA ISLANDS
(15.1834, 145.725693)",
MISSOURI,2017,2,,-,2,,20,,,-,1,,,-,0,,2,,,-,,-,,-,0,,1,,,-,,-,"MISSOURI
(38.636168, -92.566292)",
VERMONT,2017,2,,-,0,,1,,,-,,-,,-,2,,22,,,-,,-,,-,0,,1,,,-,,-,"VERMONT
(43.622479, -72.51927)",
HAWAII,2017,2,,N,0,,0,,,N,,N,,N,0,,0,,,N,,N,,N,0,,0,,,N,,N,"HAWAII
(21.30992, -157.858158)",
ALASKA,2017,2,,N,0,,0,,,N,,N,,N,0,,0,,,N,,N,,N,0,,0,,,N,,N,"ALASKA
(64.836661, -147.738891)",
WASHINGTON,2017,2,,-,0,,0,,,-,,-,,-,0,,0,,,-,,-,,-,0,,0,,,-,,-,"WASHINGTON
(47.517368, -120.467672)",
MONTANA,2017,2,,-,0,,1,,,-,,-,,-,0,,0,,,-,,-,,-,0,,0,,,-,,-,"MONTANA
(47.062617, -109.430168)",
SOUTH CAROLINA,2017,2,,-,0,,0,,,-,,-,,-,0,,0,,,-,,-,,-,0,,0,,,-,,-,"SOUTH CAROLINA
(34.009286, -81.037094)",
IDAHO,2017,2,,N,0,,0,,,N,,N,,N,0,,0,,,N,,N,,N,0,,0,,,N,,N,"IDAHO
(43.680635, -114.364237)",
MAINE,2017,2,,-,0,,1,,,-,,-,1,,3,,31,,1,,2,,,-,0,,1,,,-,,-,"MAINE
(45.252223, -68.986647)",
NEW HAMPSHIRE,2017,2,,-,0,,1,,,-,,-,,-,0,,6,,,-,,-,,-,0,,0,,,-,,-,"NEW HAMPSHIRE
(43.657736, -71.500736)",
FLORIDA,2017,2,,-,0,,6,,,-,,-,,-,0,,2,,,-,,-,,-,0,,0,,,-,,-,"FLORIDA
(28.915325, -81.922409)",
LOUISIANA,2017,2,,-,0,,1,,,-,,-,,-,0,,0,,,-,,-,,-,0,,0,,,-,,-,"LOUISIANA
(31.2931, -92.463284)",
UNITED STATES,2017,3,,-,13,,91,,3,,13,,1,,43,,200,,7,,22,,,-,2,,9,,1,,,-,,
NEW ENGLAND,2017,3,,-,0,,8,,1,,3,,1,,19,,100,,2,,13,,,-,0,,1,,,-,,-,,
MID. ATLANTIC,2017,3,,-,3,,17,,1,,4,,,-,14,,61,,4,,7,,,-,0,,3,,1,,,-,,
NEW YORK CITY,2017,3,,-,0,,3,,1,,,-,,-,1,,5,,4,,1,,,-,0,,1,,1,,,-,,
E.N. CENTRAL,2017,3,,-,1,,8,,1,,,-,,-,6,,42,,1,,,-,,-,1,,5,,,-,,-,,
W.N. CENTRAL,2017,3,,-,2,,25,,,-,2,,,-,0,,4,,,-,,-,,-,0,,2,,,-,,-,,
S. ATLANTIC,2017,3,,-,2,,18,,,-,3,,,-,1,,4,,,-,2,,,-,0,,2,,,-,,-,,
E.S. CENTRAL,2017,3,,-,1,,12,,,-,1,,,-,0,,3,,,-,,-,,-,0,,2,,,-,,-,,
W.S. CENTRAL,2017,3,,-,2,,18,,,-,,-,,-,0,,5,,,-,,-,,-,0,,1,,,-,,-,,
MOUNTAIN,2017,3,,-,0,,1,,,-,,-,,-,0,,1,,,-,,-,,-,0,,1,,,-,,-,,
PACIFIC,2017,3,,-,0,,1,,,-,,-,,-,0,,1,,,-,,-,,-,0,,2,,,-,,-,,
AMER. SAMOA,2017,3,,N,0,,0,,,N,,N,,N,0,,0,,,N,,N,,N,0,,0,,,N,,N,,
DELAWARE,2017,3,,-,0,,3,,,-,,-,,-,0,,1,,,-,,-,,-,0,,1,,,-,,-,"DELAWARE
(39.008676, -75.574561)",
NEBRASKA,2017,3,,-,0,,2,,,-,,-,,-,0,,1,,,-,,-,,-,0,,0,,,-,,-,"NEBRASKA
(41.640503, -99.367122)",
FLORIDA,2017,3,,-,0,,6,,,-,,-,,-,0,,2,,,-,,-,,-,0,,0,,,-,,-,"FLORIDA
(28.915325, -81.922409)",
IOWA,2017,3,,-,0,,1,,,-,,-,,-,0,,1,,,-,,-,,-,0,,1,,,-,,-,"IOWA
(42.46942, -93.815856)",
SOUTH CAROLINA,2017,3,,-,0,,0,,,-,,-,,-,0,,0,,,-,,-,,-,0,,0,,,-,,-,"SOUTH CAROLINA
(34.009286, -81.037094)",
UTAH,2017,3,,-,0,,0,,,-,,-,,-,0,,0,,,-,,-,,-,0,,0,,,-,,-,"UTAH
(39.359772, -111.584173)",
OREGON,2017,3,,-,0,,1,,,-,,-,,-,0,,1,,,-,,-,,-,0,,0,,,-,,-,"OREGON
(44.567912, -120.156945)",
INDIANA,2017,3,,-,0,,0,,,-,,-,,-,0,,0,,,-,,-,,-,0,,2,,,-,,-,"INDIANA
(39.76845, -86.156212)",
KENTUCKY,2017,3,,-,0,,4,,,-,1,,,-,0,,1,,,-,,-,,-,0,,1,,,-,,-,"KENTUCKY
(37.64591, -84.774043)",
WEST VIRGINIA,2017,3,,-,0,,1,,,-,,-,,-,0,,0,,,-,,-,,-,0,,0,,,-,,-,"WEST VIRGINIA
(38.668501, -80.709421)",
NORTH CAROLINA,2017,3,,-,1,,5,,,-,1,,,-,0,,2,,,-,1,,,-,0,,0,,,-,,-,"NORTH CAROLINA
(35.47995, -79.180571)",
CONNECTICUT,2017,3,,-,0,,0,,,-,,-,,-,0,,4,,,-,,-,,N,0,,0,,,N,,N,"CONNECTICUT
(41.544654, -72.651713)",
NEW HAMPSHIRE,2017,3,,-,0,,1,,,-,1,,,-,0,,6,,,-,,-,,-,0,,0,,,-,,-,"NEW HAMPSHIRE
(43.657736, -71.500736)",
C.N.M.I.,2017,3,,-,,-,,-,,-,,-,,-,,-,,-,,-,,-,,-,,-,,-,,-,,-,"NORTHERN MARIANA ISLANDS
(15.1834, 145.725693)",
ARIZONA,2017,3,,-,0,,0,,,-,,-,,-,0,,0,,,-,,-,,-,0,,1,,,-,,-,"ARIZONA
(34.869712, -111.760902)",
NORTH DAKOTA,2017,3,,-,0,,1,,,-,,-,,-,0,,2,,,-,,-,,-,0,,1,,,-,,-,"NORTH DAKOTA
(47.475879, -100.121011)",
GUAM,2017,3,,N,0,,0,,,N,,N,,N,0,,0,,,N,,N,,N,0,,0,,,N,,N,"GUAM
(13.3532, 144.653198)",
WYOMING,2017,3,,-,0,,0,,,-,,-,,-,0,,1,,,-,,-,,-,0,,0,,,-,,-,"WYOMING
(43.23558, -108.110518)",
ALABAMA,2017,3,,-,0,,2,,,-,,-,,-,0,,1,,,-,,-,,-,0,,1,,,-,,-,"ALABAMA
(32.839182, -86.631125)",
COLORADO,2017,3,,N,0,,0,,,N,,N,,N,0,,0,,,N,,N,,N,0,,0,,,N,,N,"COLORADO
(38.841772, -106.132562)",
TEXAS,2017,3,,-,0,,2,,,-,,-,,-,0,,1,,,-,,-,,-,0,,1,,,-,,-,"TEXAS
(31.827233, -99.423022)",
GEORGIA,2017,3,,-,0,,2,,,-,,-,,-,0,,1,,,-,1,,,-,0,,1,,,-,,-,"GEORGIA
(32.836038, -83.631709)",
MISSISSIPPI,2017,3,,-,0,,2,,,-,,-,,-,0,,0,,,-,,-,,-,0,,0,,,-,,-,"MISSISSIPPI
(32.738663, -89.537312)",
MONTANA,2017,3,,-,0,,1,,,-,,-,,-,0,,0,,,-,,-,,-,0,,0,,,-,,-,"MONTANA
(47.062617, -109.430168)",
DIST. OF COL.,2017,3,,-,0,,1,,,-,,-,,N,0,,0,,,N,,N,,-,0,,0,,,-,,-,"DISTRICT OF COLUMBIA
(38.892062, -77.019912)",
VIRGIN ISL.,2017,3,,-,0,,0,,,-,,-,,-,0,,0,,,-,,-,,-,0,,0,,,-,,-,"VIRGIN ISLANDS
(18.060868, -64.840836)",
TENNESSEE,2017,3,,-,1,,10,,,-,,-,,-,0,,2,,,-,,-,,-,0,,2,,,-,,-,"TENNESSEE
(35.681402, -85.774444)",
MINNESOTA,2017,3,,-,0,,0,,,-,,-,,-,0,,0,,,-,,-,,-,0,,0,,,-,,-,"MINNESOTA
(46.357661, -94.793397)",
KANSAS,2017,3,,-,0,,5,,,-,1,,,-,0,,1,,,-,,-,,-,0,,1,,,-,,-,"KANSAS
(38.345528, -98.201847)",
NEW YORK,2017,3,,-,2,,13,,,-,3,,,-,12,,55,,,-,5,,,-,0,,2,,,-,,-,"NEW YORK
(42.826892, -75.544286)",
WISCONSIN,2017,3,,-,0,,3,,,-,,-,,-,6,,41,,1,,,-,,-,0,,3,,,-,,-,"WISCONSIN
(44.395526, -89.834513)",
OHIO,2017,3,,-,0,,1,,,-,,-,,-,0,,2,,,-,,-,,-,0,,0,,,-,,-,"OHIO
(40.056807, -82.405897)",
SOUTH DAKOTA,2017,3,,-,0,,0,,,-,,-,,-,0,,1,,,-,,-,,-,0,,0,,,-,,-,"SOUTH DAKOTA
(44.35371, -100.373709)",
VIRGINIA,2017,3,,-,1,,10,,,-,1,,,-,0,,2,,,-,,-,,-,0,,2,,,-,,-,"VIRGINIA
(37.542699, -78.45822)",
VERMONT,2017,3,,-,0,,1,,,-,1,,,-,2,,22,,,-,,-,,-,0,,1,,,-,,-,"VERMONT
(43.622479, -72.51927)",
ILLINOIS,2017,3,,-,0,,5,,,-,,-,,-,0,,2,,,-,,-,,-,0,,0,,,-,,-,"ILLINOIS
(40.477092, -88.993221)",
PUERTO RICO,2017,3,,N,0,,0,,,N,,N,,N,0,,0,,,N,,N,,N,0,,0,,,N,,N,"PUERTO RICO
(18.215692, -66.414655)",
LOUISIANA,2017,3,,-,0,,1,,,-,,-,,-,0,,0,,,-,,-,,-,0,,0,,,-,,-,"LOUISIANA
(31.2931, -92.463284)",
WASHINGTON,2017,3,,-,0,,0,,,-,,-,,-,0,,0,,,-,,-,,-,0,,0,,,-,,-,"WASHINGTON
(47.517368, -120.467672)",
RHODE ISLAND,2017,3,,-,0,,6,,,-,1,,,-,0,,18,,,-,,-,,-,0,,0,,,-,,-,"RHODE ISLAND
(41.707447, -71.522488)",
MARYLAND,2017,3,,-,0,,9,,,-,1,,,-,0,,2,,,-,,-,,-,0,,1,,,-,,-,"MARYLAND
(39.290443, -76.612333)",
NEW JERSEY,2017,3,,-,0,,7,,,-,1,,,-,1,,13,,,-,1,,,-,0,,2,,,-,,-,"NEW JERSEY
(40.104655, -74.386686)",
NEVADA,2017,3,,-,0,,0,,,-,,-,,-,0,,0,,,-,,-,,-,0,,0,,,-,,-,"NEVADA
(39.491833, -117.070159)",
NEW MEXICO,2017,3,,N,0,,0,,,N,,N,,N,0,,0,,,N,,N,,N,0,,0,,,N,,N,"NEW MEXICO
(34.520396, -106.244402)",
OKLAHOMA,2017,3,,-,0,,1,,,-,,-,,-,0,,0,,,-,,-,,-,0,,0,,,-,,-,"OKLAHOMA
(35.468494, -97.521264)",
HAWAII,2017,3,,N,0,,0,,,N,,N,,N,0,,0,,,N,,N,,N,0,,0,,,N,,N,"HAWAII
(21.30992, -157.858158)",
CALIFORNIA,2017,3,,-,0,,0,,,-,,-,,-,0,,0,,,-,,-,,-,0,,2,,,-,,-,"CALIFORNIA
(37.640735, -121.002435)",
MICHIGAN,2017,3,,-,0,,2,,1,,,-,,-,0,,1,,,-,,-,,-,0,,0,,,-,,-,"MICHIGAN
(44.66399, -84.711206)",
ARKANSAS,2017,3,,-,2,,16,,,-,,-,,-,0,,5,,,-,,-,,-,0,,0,,,-,,-,"ARKANSAS
(34.748745, -92.275105)",
PENNSYLVANIA,2017,3,,-,0,,0,,,-,,-,,-,0,,1,,,-,,-,,-,0,,1,,,-,,-,"PENNSYLVANIA
(40.789676, -77.858055)",
MASSACHUSETTS,2017,3,,-,0,,2,,,-,,-,,-,10,,69,,,-,10,,,-,0,,0,,,-,,-,"MASSACHUSETTS
(42.268546, -72.085064)",
IDAHO,2017,3,,N,0,,0,,,N,,N,,N,0,,0,,,N,,N,,N,0,,0,,,N,,N,"IDAHO
(43.680635, -114.364237)",
ALASKA,2017,3,,N,0,,0,,,N,,N,,N,0,,0,,,N,,N,,N,0,,0,,,N,,N,"ALASKA
(64.836661, -147.738891)",
MISSOURI,2017,3,,-,2,,20,,,-,1,,,-,0,,2,,,-,,-,,-,0,,1,,,-,,-,"MISSOURI
(38.636168, -92.566292)",
MAINE,2017,3,,-,0,,1,,1,,,-,1,,3,,31,,2,,3,,,-,0,,1,,,-,,-,"MAINE
(45.252223, -68.986647)",
UNITED STATES,2017,4,,-,13,,91,,3,,14,,,-,44,,200,,7,,30,,,-,2,,9,,1,,,-,,
NEW ENGLAND,2017,4,,-,0,,8,,1,,3,,,-,19,,100,,2,,17,,,-,0,,1,,,-,,-,,
MID. ATLANTIC,2017,4,,-,3,,17,,1,,5,,,-,14,,61,,4,,9,,,-,0,,3,,1,,,-,,
NEW YORK CITY,2017,4,,-,0,,3,,1,,,-,,-,1,,5,,4,,1,,,-,0,,1,,1,,,-,,
E.N. CENTRAL,2017,4,,-,1,,8,,1,,,-,,-,6,,42,,1,,,-,,-,1,,5,,,-,,-,,
W.N. CENTRAL,2017,4,,-,2,,25,,,-,2,,,-,0,,4,,,-,,-,,-,0,,2,,,-,,-,,
S. ATLANTIC,2017,4,,-,2,,18,,,-,3,,,-,0,,4,,,-,4,,,-,0,,2,,,-,,-,,
E.S. CENTRAL,2017,4,,-,1,,12,,,-,1,,,-,0,,3,,,-,,-,,-,0,,2,,,-,,-,,
W.S. CENTRAL,2017,4,,-,2,,18,,,-,,-,,-,0,,5,,,-,,-,,-,0,,1,,,-,,-,,
MOUNTAIN,2017,4,,-,0,,1,,,-,,-,,-,0,,1,,,-,,-,,-,0,,1,,,-,,-,,
PACIFIC,2017,4,,-,0,,1,,,-,,-,,-,0,,1,,,-,,-,,-,0,,2,,,-,,-,,
AMER. SAMOA,2017,4,,N,0,,0,,,N,,N,,N,0,,0,,,N,,N,,N,0,,0,,,N,,N,,
LOUISIANA,2017,4,,-,0,,1,,,-,,-,,-,0,,0,,,-,,-,,-,0,,0,,,-,,-,"LOUISIANA
(31.2931, -92.463284)",
WISCONSIN,2017,4,,-,0,,3,,,-,,-,,-,6,,41,,1,,,-,,-,0,,3,,,-,,-,"WISCONSIN
(44.395526, -89.834513)",
OKLAHOMA,2017,4,,-,0,,1,,,-,,-,,-,0,,0,,,-,,-,,-,0,,0,,,-,,-,"OKLAHOMA
(35.468494, -97.521264)",
MAINE,2017,4,,-,0,,1,,1,,,-,,-,3,,31,,2,,3,,,-,0,,1,,,-,,-,"MAINE
(45.252223, -68.986647)",
MASSACHUSETTS,2017,4,,-,0,,2,,,-,,-,,-,11,,69,,,-,10,,,-,0,,0,,,-,,-,"MASSACHUSETTS
(42.268546, -72.085064)",
NEVADA,2017,4,,-,0,,0,,,-,,-,,-,0,,0,,,-,,-,,-,0,,0,,,-,,-,"NEVADA
(39.491833, -117.070159)",
ARIZONA,2017,4,,-,0,,0,,,-,,-,,-,0,,0,,,-,,-,,-,0,,1,,,-,,-,"ARIZONA
(34.869712, -111.760902)",
GUAM,2017,4,,N,0,,0,,,N,,N,,N,0,,0,,,N,,N,,N,0,,0,,,N,,N,"GUAM
(13.3532, 144.653198)",
ALASKA,2017,4,,N,0,,0,,,N,,N,,N,0,,0,,,N,,N,,N,0,,0,,,N,,N,"ALASKA
(64.836661, -147.738891)",
IOWA,2017,4,,-,0,,1,,,-,,-,,-,0,,1,,,-,,-,,-,0,,1,,,-,,-,"IOWA
(42.46942, -93.815856)",
C.N.M.I.,2017,4,,-,,-,,-,,-,,-,,-,,-,,-,,-,,-,,-,,-,,-,,-,,-,"NORTHERN MARIANA ISLANDS
(15.1834, 145.725693)",
NEW YORK,2017,4,,-,2,,13,,,-,4,,,-,12,,55,,,-,7,,,-,0,,2,,,-,,-,"NEW YORK
(42.826892, -75.544286)",
NEW HAMPSHIRE,2017,4,,-,0,,1,,,-,1,,,-,0,,6,,,-,,-,,-,0,,0,,,-,,-,"NEW HAMPSHIRE
(43.657736, -71.500736)",
WEST VIRGINIA,2017,4,,-,0,,1,,,-,,-,,-,0,,0,,,-,,-,,-,0,,0,,,-,,-,"WEST VIRGINIA
(38.668501, -80.709421)",
HAWAII,2017,4,,N,0,,0,,,N,,N,,N,0,,0,,,N,,N,,N,0,,0,,,N,,N,"HAWAII
(21.30992, -157.858158)",
NORTH DAKOTA,2017,4,,-,0,,1,,,-,,-,,-,0,,2,,,-,,-,,-,0,,1,,,-,,-,"NORTH DAKOTA
(47.475879, -100.121011)",
MONTANA,2017,4,,-,0,,1,,,-,,-,,-,0,,0,,,-,,-,,-,0,,0,,,-,,-,"MONTANA
(47.062617, -109.430168)",
MISSOURI,2017,4,,-,2,,20,,,-,1,,,-,0,,2,,,-,,-,,-,0,,1,,,-,,-,"MISSOURI
(38.636168, -92.566292)",
OHIO,2017,4,,-,0,,1,,,-,,-,,-,0,,2,,,-,,-,,-,0,,0,,,-,,-,"OHIO
(40.056807, -82.405897)",
OREGON,2017,4,,-,0,,1,,,-,,-,,-,0,,1,,,-,,-,,-,0,,0,,,-,,-,"OREGON
(44.567912, -120.156945)",
CONNECTICUT,2017,4,,-,0,,0,,,-,,-,,-,0,,4,,,-,,-,,N,0,,0,,,N,,N,"CONNECTICUT
(41.544654, -72.651713)",
WASHINGTON,2017,4,,-,0,,0,,,-,,-,,-,0,,0,,,-,,-,,-,0,,0,,,-,,-,"WASHINGTON
(47.517368, -120.467672)",
DELAWARE,2017,4,,-,0,,3,,,-,,-,,-,0,,1,,,-,,-,,-,0,,1,,,-,,-,"DELAWARE
(39.008676, -75.574561)",
NEW MEXICO,2017,4,,N,0,,0,,,N,,N,,N,0,,0,,,N,,N,,N,0,,0,,,N,,N,"NEW MEXICO
(34.520396, -106.244402)",
FLORIDA,2017,4,,-,0,,6,,,-,,-,,-,0,,2,,,-,2,,,-,0,,0,,,-,,-,"FLORIDA
(28.915325, -81.922409)",
WYOMING,2017,4,,-,0,,0,,,-,,-,,-,0,,1,,,-,,-,,-,0,,0,,,-,,-,"WYOMING
(43.23558, -108.110518)",
UTAH,2017,4,,-,0,,0,,,-,,-,,-,0,,0,,,-,,-,,-,0,,0,,,-,,-,"UTAH
(39.359772, -111.584173)",
ARKANSAS,2017,4,,-,2,,16,,,-,,-,,-,0,,5,,,-,,-,,-,0,,0,,,-,,-,"ARKANSAS
(34.748745, -92.275105)",
MISSISSIPPI,2017,4,,-,0,,2,,,-,,-,,-,0,,0,,,-,,-,,-,0,,0,,,-,,-,"MISSISSIPPI
(32.738663, -89.537312)",
VERMONT,2017,4,,-,0,,1,,,-,1,,,-,2,,22,,,-,2,,,-,0,,1,,,-,,-,"VERMONT
(43.622479, -72.51927)",
RHODE ISLAND,2017,4,,-,0,,6,,,-,1,,,-,0,,18,,,-,2,,,-,0,,0,,,-,,-,"RHODE ISLAND
(41.707447, -71.522488)",
KANSAS,2017,4,,-,0,,5,,,-,1,,,-,0,,1,,,-,,-,,-,0,,1,,,-,,-,"KANSAS
(38.345528, -98.201847)",
VIRGINIA,2017,4,,-,1,,10,,,-,1,,,-,0,,2,,,-,,-,,-,0,,2,,,-,,-,"VIRGINIA
(37.542699, -78.45822)",
COLORADO,2017,4,,N,0,,0,,,N,,N,,N,0,,0,,,N,,N,,N,0,,0,,,N,,N,"COLORADO
(38.841772, -106.132562)",
NEBRASKA,2017,4,,-,0,,2,,,-,,-,,-,0,,1,,,-,,-,,-,0,,0,,,-,,-,"NEBRASKA
(41.640503, -99.367122)",
NEW JERSEY,2017,4,,-,0,,7,,,-,1,,,-,1,,13,,,-,1,,,-,0,,2,,,-,,-,"NEW JERSEY
(40.104655, -74.386686)",
DIST. OF COL.,2017,4,,-,0,,1,,,-,,-,,N,0,,0,,,N,,N,,-,0,,0,,,-,,-,"DISTRICT OF COLUMBIA
(38.892062, -77.019912)",
GEORGIA,2017,4,,-,0,,2,,,-,,-,,-,0,,0,,,-,1,,,-,0,,1,,,-,,-,"GEORGIA
(32.836038, -83.631709)",
NORTH CAROLINA,2017,4,,-,1,,5,,,-,1,,,-,0,,2,,,-,1,,,-,0,,0,,,-,,-,"NORTH CAROLINA
(35.47995, -79.180571)",
MINNESOTA,2017,4,,-,0,,0,,,-,,-,,-,0,,0,,,-,,-,,-,0,,0,,,-,,-,"MINNESOTA
(46.357661, -94.793397)",
PUERTO RICO,2017,4,,N,0,,0,,,N,,N,,N,0,,0,,,N,,N,,N,0,,0,,,N,,N,"PUERTO RICO
(18.215692, -66.414655)",
TENNESSEE,2017,4,,-,1,,10,,,-,,-,,-,0,,2,,,-,,-,,-,0,,2,,,-,,-,"TENNESSEE
(35.681402, -85.774444)",
ILLINOIS,2017,4,,-,0,,5,,,-,,-,,-,0,,2,,,-,,-,,-,0,,0,,,-,,-,"ILLINOIS
(40.477092, -88.993221)",
TEXAS,2017,4,,-,0,,2,,,-,,-,,-,0,,1,,,-,,-,,-,0,,1,,,-,,-,"TEXAS
(31.827233, -99.423022)",
MARYLAND,2017,4,,-,0,,9,,,-,1,,,-,0,,2,,,-,,-,,-,0,,1,,,-,,-,"MARYLAND
(39.290443, -76.612333)",
IDAHO,2017,4,,N,0,,0,,,N,,N,,N,0,,0,,,N,,N,,N,0,,0,,,N,,N,"IDAHO
(43.680635, -114.364237)",
VIRGIN ISL.,2017,4,,-,0,,0,,,-,,-,,-,0,,0,,,-,,-,,-,0,,0,,,-,,-,"VIRGIN ISLANDS
(18.060868, -64.840836)",
CALIFORNIA,2017,4,,-,0,,0,,,-,,-,,-,0,,0,,,-,,-,,-,0,,2,,,-,,-,"CALIFORNIA
(37.640735, -121.002435)",
SOUTH DAKOTA,2017,4,,-,0,,0,,,-,,-,,-,0,,1,,,-,,-,,-,0,,0,,,-,,-,"SOUTH DAKOTA
(44.35371, -100.373709)",
SOUTH CAROLINA,2017,4,,-,0,,0,,,-,,-,,-,0,,0,,,-,,-,,-,0,,0,,,-,,-,"SOUTH CAROLINA
(34.009286, -81.037094)",
ALABAMA,2017,4,,-,0,,2,,,-,,-,,-,0,,1,,,-,,-,,-,0,,1,,,-,,-,"ALABAMA
(32.839182, -86.631125)",
INDIANA,2017,4,,-,0,,0,,,-,,-,,-,0,,0,,,-,,-,,-,0,,2,,,-,,-,"INDIANA
(39.76845, -86.156212)",
KENTUCKY,2017,4,,-,0,,4,,,-,1,,,-,0,,1,,,-,,-,,-,0,,1,,,-,,-,"KENTUCKY
(37.64591, -84.774043)",
PENNSYLVANIA,2017,4,,-,0,,0,,,-,,-,,-,0,,1,,,-,,-,,-,0,,1,,,-,,-,"PENNSYLVANIA
(40.789676, -77.858055)",
MICHIGAN,2017,4,,-,0,,2,,1,,,-,,-,0,,1,,,-,,-,,-,0,,0,,,-,,-,"MICHIGAN
(44.66399, -84.711206)",
UNITED STATES,2017,5,1,,13,,91,,5,,18,,1,,44,,201,,8,,33,,,-,2,,9,,1,,2,,,
NEW ENGLAND,2017,5,,-,0,,8,,1,,3,,,-,19,,100,,2,,18,,,-,0,,1,,,-,1,,,
MID. ATLANTIC,2017,5,,-,3,,17,,2,,5,,1,,14,,61,,5,,10,,,-,0,,3,,1,,1,,,
NEW YORK CITY,2017,5,,-,0,,3,,1,,,-,1,,1,,5,,5,,1,,,-,0,,1,,1,,1,,,
E.N. CENTRAL,2017,5,,-,1,,8,,1,,,-,,-,6,,42,,1,,,-,,-,1,,5,,,-,,-,,
W.N. CENTRAL,2017,5,,-,2,,25,,,-,3,,,-,0,,4,,,-,1,,,-,0,,2,,,-,,-,,
S. ATLANTIC,2017,5,1,,2,,18,,1,,4,,,-,0,,4,,,-,4,,,-,0,,2,,,-,,-,,
E.S. CENTRAL,2017,5,,-,1,,12,,,-,1,,,-,0,,3,,,-,,-,,-,0,,2,,,-,,-,,
W.S. CENTRAL,2017,5,,-,2,,18,,,-,2,,,-,0,,5,,,-,,-,,-,0,,1,,,-,,-,,
MOUNTAIN,2017,5,,-,0,,1,,,-,,-,,-,0,,1,,,-,,-,,-,0,,1,,,-,,-,,
PACIFIC,2017,5,,-,0,,1,,,-,,-,,-,0,,1,,,-,,-,,-,0,,2,,,-,,-,,
AMER. SAMOA,2017,5,,N,0,,0,,,N,,N,,N,0,,0,,,N,,N,,N,0,,0,,,N,,N,,
NORTH DAKOTA,2017,5,,-,0,,1,,,-,,-,,-,0,,2,,,-,,-,,-,0,,1,,,-,,-,"NORTH DAKOTA
(47.475879, -100.121011)",
WYOMING,2017,5,,-,0,,0,,,-,,-,,-,0,,1,,,-,,-,,-,0,,0,,,-,,-,"WYOMING
(43.23558, -108.110518)",
ALABAMA,2017,5,,-,0,,2,,,-,,-,,-,0,,1,,,-,,-,,-,0,,1,,,-,,-,"ALABAMA
(32.839182, -86.631125)",
ARKANSAS,2017,5,,-,2,,16,,,-,1,,,-,0,,5,,,-,,-,,-,0,,0,,,-,,-,"ARKANSAS
(34.748745, -92.275105)",
KENTUCKY,2017,5,,-,0,,4,,,-,1,,,-,0,,1,,,-,,-,,-,0,,1,,,-,,-,"KENTUCKY
(37.64591, -84.774043)",
CALIFORNIA,2017,5,,-,0,,0,,,-,,-,,-,0,,0,,,-,,-,,-,0,,2,,,-,,-,"CALIFORNIA
(37.640735, -121.002435)",
IOWA,2017,5,,-,0,,1,,,-,,-,,-,0,,1,,,-,,-,,-,0,,1,,,-,,-,"IOWA
(42.46942, -93.815856)",
OKLAHOMA,2017,5,,-,0,,1,,,-,,-,,-,0,,0,,,-,,-,,-,0,,0,,,-,,-,"OKLAHOMA
(35.468494, -97.521264)",
NEVADA,2017,5,,-,0,,0,,,-,,-,,-,0,,0,,,-,,-,,-,0,,0,,,-,,-,"NEVADA
(39.491833, -117.070159)",
DELAWARE,2017,5,,-,0,,3,,,-,,-,,-,0,,1,,,-,,-,,-,0,,1,,,-,,-,"DELAWARE
(39.008676, -75.574561)",
NORTH CAROLINA,2017,5,,-,1,,5,,,-,1,,,-,0,,2,,,-,1,,,-,0,,0,,,-,,-,"NORTH CAROLINA
(35.47995, -79.180571)",
NEBRASKA,2017,5,,-,0,,2,,,-,,-,,-,0,,1,,,-,,-,,-,0,,0,,,-,,-,"NEBRASKA
(41.640503, -99.367122)",
OREGON,2017,5,,-,0,,1,,,-,,-,,-,0,,1,,,-,,-,,-,0,,0,,,-,,-,"OREGON
(44.567912, -120.156945)",
KANSAS,2017,5,,-,0,,5,,,-,2,,,-,0,,1,,,-,,-,,-,0,,1,,,-,,-,"KANSAS
(38.345528, -98.201847)",
VERMONT,2017,5,,-,0,,1,,,-,1,,,-,2,,22,,,-,2,,,-,0,,1,,,-,,-,"VERMONT
(43.622479, -72.51927)",
VIRGIN ISL.,2017,5,,-,0,,0,,,-,,-,,-,0,,0,,,-,,-,,-,0,,0,,,-,,-,"VIRGIN ISLANDS
(18.060868, -64.840836)",
C.N.M.I.,2017,5,,-,,-,,-,,-,,-,,-,,-,,-,,-,,-,,-,,-,,-,,-,,-,"NORTHERN MARIANA ISLANDS
(15.1834, 145.725693)",
LOUISIANA,2017,5,,-,0,,1,,,-,,-,,-,0,,0,,,-,,-,,-,0,,0,,,-,,-,"LOUISIANA
(31.2931, -92.463284)",
TENNESSEE,2017,5,,-,1,,10,,,-,,-,,-,0,,2,,,-,,-,,-,0,,2,,,-,,-,"TENNESSEE
(35.681402, -85.774444)",
INDIANA,2017,5,,-,0,,0,,,-,,-,,-,0,,0,,,-,,-,,-,0,,2,,,-,,-,"INDIANA
(39.76845, -86.156212)",
CONNECTICUT,2017,5,,-,0,,0,,,-,,-,,-,0,,4,,,-,,-,,N,0,,0,,,N,,N,"CONNECTICUT
(41.544654, -72.651713)",
WASHINGTON,2017,5,,-,0,,0,,,-,,-,,-,0,,0,,,-,,-,,-,0,,0,,,-,,-,"WASHINGTON
(47.517368, -120.467672)",
WISCONSIN,2017,5,,-,0,,3,,,-,,-,,-,6,,41,,1,,,-,,-,0,,3,,,-,,-,"WISCONSIN
(44.395526, -89.834513)",
NEW MEXICO,2017,5,,N,0,,0,,,N,,N,,N,0,,0,,,N,,N,,N,0,,0,,,N,,N,"NEW MEXICO
(34.520396, -106.244402)",
ILLINOIS,2017,5,,-,0,,5,,,-,,-,,-,0,,2,,,-,,-,,-,0,,0,,,-,,-,"ILLINOIS
(40.477092, -88.993221)",
NEW JERSEY,2017,5,,-,0,,7,,1,,1,,,-,1,,13,,,-,1,,,-,0,,2,,,-,,-,"NEW JERSEY
(40.104655, -74.386686)",
MISSISSIPPI,2017,5,,-,0,,2,,,-,,-,,-,0,,0,,,-,,-,,-,0,,0,,,-,,-,"MISSISSIPPI
(32.738663, -89.537312)",
MASSACHUSETTS,2017,5,,-,0,,2,,,-,,-,,-,11,,69,,,-,11,,,-,0,,0,,,-,,-,"MASSACHUSETTS
(42.268546, -72.085064)",
ALASKA,2017,5,,N,0,,0,,,N,,N,,N,0,,0,,,N,,N,,N,0,,0,,,N,,N,"ALASKA
(64.836661, -147.738891)",
MARYLAND,2017,5,1,,0,,9,,1,,2,,,-,0,,2,,,-,,-,,-,0,,1,,,-,,-,"MARYLAND
(39.290443, -76.612333)",
HAWAII,2017,5,,N,0,,0,,,N,,N,,N,0,,0,,,N,,N,,N,0,,0,,,N,,N,"HAWAII
(21.30992, -157.858158)",
ARIZONA,2017,5,,-,0,,0,,,-,,-,,-,0,,0,,,-,,-,,-,0,,1,,,-,,-,"ARIZONA
(34.869712, -111.760902)",
GUAM,2017,5,,N,0,,0,,,N,,N,,N,0,,0,,,N,,N,,N,0,,0,,,N,,N,"GUAM
(13.3532, 144.653198)",
MAINE,2017,5,,-,0,,1,,1,,,-,,-,3,,31,,2,,3,,,-,0,,1,,,-,1,,"MAINE
(45.252223, -68.986647)",
FLORIDA,2017,5,,-,0,,6,,,-,,-,,-,0,,1,,,-,2,,,-,0,,0,,,-,,-,"FLORIDA
(28.915325, -81.922409)",
RHODE ISLAND,2017,5,,-,0,,6,,,-,1,,,-,0,,18,,,-,2,,,-,0,,0,,,-,,-,"RHODE ISLAND
(41.707447, -71.522488)",
COLORADO,2017,5,,N,0,,0,,,N,,N,,N,0,,0,,,N,,N,,N,0,,0,,,N,,N,"COLORADO
(38.841772, -106.132562)",
UTAH,2017,5,,-,0,,0,,,-,,-,,-,0,,0,,,-,,-,,-,0,,0,,,-,,-,"UTAH
(39.359772, -111.584173)",
GEORGIA,2017,5,,-,0,,2,,,-,,-,,-,0,,0,,,-,1,,,-,0,,1,,,-,,-,"GEORGIA
(32.836038, -83.631709)",
OHIO,2017,5,,-,0,,1,,,-,,-,,-,0,,2,,,-,,-,,-,0,,0,,,-,,-,"OHIO
(40.056807, -82.405897)",
MINNESOTA,2017,5,,-,0,,0,,,-,,-,,-,0,,0,,,-,,-,,-,0,,0,,,-,,-,"MINNESOTA
(46.357661, -94.793397)",
DIST. OF COL.,2017,5,,-,0,,1,,,-,,-,,N,0,,0,,,N,,N,,-,0,,0,,,-,,-,"DISTRICT OF COLUMBIA
(38.892062, -77.019912)",
MICHIGAN,2017,5,,-,0,,2,,1,,,-,,-,0,,1,,,-,,-,,-,0,,0,,,-,,-,"MICHIGAN
(44.66399, -84.711206)",
MONTANA,2017,5,,-,0,,1,,,-,,-,,-,0,,0,,,-,,-,,-,0,,0,,,-,,-,"MONTANA
(47.062617, -109.430168)",
PUERTO RICO,2017,5,,N,0,,0,,,N,,N,,N,0,,0,,,N,,N,,N,0,,0,,,N,,N,"PUERTO RICO
(18.215692, -66.414655)",
TEXAS,2017,5,,-,0,,2,,,-,1,,,-,0,,1,,,-,,-,,-,0,,1,,,-,,-,"TEXAS
(31.827233, -99.423022)",
VIRGINIA,2017,5,,-,1,,10,,,-,1,,,-,0,,2,,,-,,-,,-,0,,2,,,-,,-,"VIRGINIA
(37.542699, -78.45822)",
WEST VIRGINIA,2017,5,,-,0,,1,,,-,,-,,-,0,,0,,,-,,-,,-,0,,0,,,-,,-,"WEST VIRGINIA
(38.668501, -80.709421)",
SOUTH CAROLINA,2017,5,,-,0,,0,,,-,,-,,-,0,,0,,,-,,-,,-,0,,0,,,-,,-,"SOUTH CAROLINA
(34.009286, -81.037094)",
NEW YORK,2017,5,,-,2,,13,,,-,4,,,-,12,,55,,,-,8,,,-,0,,2,,,-,,-,"NEW YORK
(42.826892, -75.544286)",
NEW HAMPSHIRE,2017,5,,-,0,,1,,,-,1,,,-,0,,6,,,-,,-,,-,0,,0,,,-,,-,"NEW HAMPSHIRE
(43.657736, -71.500736)",
MISSOURI,2017,5,,-,2,,20,,,-,1,,,-,0,,2,,,-,1,,,-,0,,1,,,-,,-,"MISSOURI
(38.636168, -92.566292)",
PENNSYLVANIA,2017,5,,-,0,,0,,,-,,-,,-,0,,1,,,-,,-,,-,0,,1,,,-,,-,"PENNSYLVANIA
(40.789676, -77.858055)",
IDAHO,2017,5,,N,0,,0,,,N,,N,,N,0,,0,,,N,,N,,N,0,,0,,,N,,N,"IDAHO
(43.680635, -114.364237)",
SOUTH DAKOTA,2017,5,,-,0,,0,,,-,,-,,-,0,,1,,,-,,-,,-,0,,0,,,-,,-,"SOUTH DAKOTA
(44.35371, -100.373709)",
UNITED STATES,2017,6,4,,13,,91,,9,,19,,1,,44,,201,,9,,36,,,-,2,,9,,1,,3,,,
NEW ENGLAND,2017,6,1,,0,,8,,2,,3,,,-,19,,100,,2,,19,,,-,0,,1,,,-,1,,,
MID. ATLANTIC,2017,6,1,,3,,17,,3,,5,,1,,14,,61,,6,,11,,,-,0,,3,,1,,2,,,
NEW YORK CITY,2017,6,1,,0,,3,,2,,,-,,-,1,,5,,5,,1,,,-,0,,1,,1,,2,,,
E.N. CENTRAL,2017,6,,-,1,,8,,1,,,-,,-,6,,42,,1,,,-,,-,1,,5,,,-,,-,,
W.N. CENTRAL,2017,6,,-,2,,25,,,-,3,,,-,0,,4,,,-,1,,,-,0,,2,,,-,,-,,
S. ATLANTIC,2017,6,,-,2,,18,,1,,4,,,-,0,,4,,,-,5,,,-,0,,2,,,-,,-,,
E.S. CENTRAL,2017,6,,-,1,,12,,,-,1,,,-,0,,3,,,-,,-,,-,0,,2,,,-,,-,,
W.S. CENTRAL,2017,6,2,,2,,18,,2,,3,,,-,0,,5,,,-,,-,,-,0,,1,,,-,,-,,
MOUNTAIN,2017,6,,-,0,,1,,,-,,-,,-,0,,1,,,-,,-,,-,0,,1,,,-,,-,,
PACIFIC,2017,6,,-,0,,1,,,-,,-,,-,0,,1,,,-,,-,,-,0,,2,,,-,,-,,
AMER. SAMOA,2017,6,,N,0,,0,,,N,,N,,N,0,,0,,,N,,N,,N,0,,0,,,N,,N,,
VIRGIN ISL.,2017,6,,-,0,,0,,,-,,-,,-,0,,0,,,-,,-,,-,0,,0,,,-,,-,"VIRGIN ISLANDS
(18.060868, -64.840836)",
NORTH CAROLINA,2017,6,,-,1,,5,,,-,1,,,-,0,,2,,,-,1,,,-,0,,0,,,-,,-,"NORTH CAROLINA
(35.47995, -79.180571)",
WASHINGTON,2017,6,,-,0,,0,,,-,,-,,-,0,,0,,,-,,-,,-,0,,0,,,-,,-,"WASHINGTON
(47.517368, -120.467672)",
INDIANA,2017,6,,-,0,,0,,,-,,-,,-,0,,0,,,-,,-,,-,0,,2,,,-,,-,"INDIANA
(39.76845, -86.156212)",
ARKANSAS,2017,6,2,,2,,16,,2,,1,,,-,0,,5,,,-,,-,,-,0,,0,,,-,,-,"ARKANSAS
(34.748745, -92.275105)",
GUAM,2017,6,,N,0,,0,,,N,,N,,N,0,,0,,,N,,N,,N,0,,0,,,N,,N,"GUAM
(13.3532, 144.653198)",
OHIO,2017,6,,-,0,,1,,,-,,-,,-,0,,2,,,-,,-,,-,0,,0,,,-,,-,"OHIO
(40.056807, -82.405897)",
KENTUCKY,2017,6,,-,0,,4,,,-,1,,,-,0,,1,,,-,,-,,-,0,,1,,,-,,-,"KENTUCKY
(37.64591, -84.774043)",
WEST VIRGINIA,2017,6,,-,0,,1,,,-,,-,,-,0,,0,,,-,,-,,-,0,,0,,,-,,-,"WEST VIRGINIA
(38.668501, -80.709421)",
C.N.M.I.,2017,6,,-,,-,,-,,-,,-,,-,,-,,-,,-,,-,,-,,-,,-,,-,,-,"NORTHERN MARIANA ISLANDS
(15.1834, 145.725693)",
NEVADA,2017,6,,-,0,,0,,,-,,-,,-,0,,0,,,-,,-,,-,0,,0,,,-,,-,"NEVADA
(39.491833, -117.070159)",
UTAH,2017,6,,-,0,,0,,,-,,-,,-,0,,0,,,-,,-,,-,0,,0,,,-,,-,"UTAH
(39.359772, -111.584173)",
MAINE,2017,6,,-,0,,1,,1,,,-,,-,3,,31,,2,,3,,,-,0,,1,,,-,1,,"MAINE
(45.252223, -68.986647)",
DELAWARE,2017,6,,-,0,,3,,,-,,-,,-,0,,1,,,-,1,,,-,0,,1,,,-,,-,"DELAWARE
(39.008676, -75.574561)",
KANSAS,2017,6,,-,0,,5,,,-,2,,,-,0,,1,,,-,,-,,-,0,,1,,,-,,-,"KANSAS
(38.345528, -98.201847)",
ALABAMA,2017,6,,-,0,,2,,,-,,-,,-,0,,1,,,-,,-,,-,0,,1,,,-,,-,"ALABAMA
(32.839182, -86.631125)",
OREGON,2017,6,,-,0,,1,,,-,,-,,-,0,,1,,,-,,-,,-,0,,0,,,-,,-,"OREGON
(44.567912, -120.156945)",
NEW JERSEY,2017,6,,-,0,,7,,1,,1,,,-,1,,13,,,-,2,,,-,0,,2,,,-,,-,"NEW JERSEY
(40.104655, -74.386686)",
FLORIDA,2017,6,,-,0,,6,,,-,,-,,-,0,,1,,,-,2,,,-,0,,0,,,-,,-,"FLORIDA
(28.915325, -81.922409)",
VERMONT,2017,6,1,,0,,1,,1,,1,,,-,2,,22,,,-,2,,,-,0,,1,,,-,,-,"VERMONT
(43.622479, -72.51927)",
MONTANA,2017,6,,-,0,,1,,,-,,-,,-,0,,0,,,-,,-,,-,0,,0,,,-,,-,"MONTANA
(47.062617, -109.430168)",
NEW YORK,2017,6,,-,2,,13,,,-,4,,1,,12,,55,,1,,8,,,-,0,,2,,,-,,-,"NEW YORK
(42.826892, -75.544286)",
COLORADO,2017,6,,N,0,,0,,,N,,N,,N,0,,0,,,N,,N,,N,0,,0,,,N,,N,"COLORADO
(38.841772, -106.132562)",
PUERTO RICO,2017,6,,N,0,,0,,,N,,N,,N,0,,0,,,N,,N,,N,0,,0,,,N,,N,"PUERTO RICO
(18.215692, -66.414655)",
ALASKA,2017,6,,N,0,,0,,,N,,N,,N,0,,0,,,N,,N,,N,0,,0,,,N,,N,"ALASKA
(64.836661, -147.738891)",
PENNSYLVANIA,2017,6,,-,0,,0,,,-,,-,,-,0,,1,,,-,,-,,-,0,,1,,,-,,-,"PENNSYLVANIA
(40.789676, -77.858055)",
MICHIGAN,2017,6,,-,0,,2,,1,,,-,,-,0,,1,,,-,,-,,-,0,,0,,,-,,-,"MICHIGAN
(44.66399, -84.711206)",
MASSACHUSETTS,2017,6,,-,0,,2,,,-,,-,,-,11,,69,,,-,12,,,-,0,,0,,,-,,-,"MASSACHUSETTS
(42.268546, -72.085064)",
SOUTH CAROLINA,2017,6,,-,0,,0,,,-,,-,,-,0,,0,,,-,,-,,-,0,,0,,,-,,-,"SOUTH CAROLINA
(34.009286, -81.037094)",
NEBRASKA,2017,6,,-,0,,2,,,-,,-,,-,0,,1,,,-,,-,,-,0,,0,,,-,,-,"NEBRASKA
(41.640503, -99.367122)",
CALIFORNIA,2017,6,,-,0,,0,,,-,,-,,-,0,,0,,,-,,-,,-,0,,2,,,-,,-,"CALIFORNIA
(37.640735, -121.002435)",
LOUISIANA,2017,6,,-,0,,1,,,-,1,,,-,0,,0,,,-,,-,,-,0,,0,,,-,,-,"LOUISIANA
(31.2931, -92.463284)",
RHODE ISLAND,2017,6,,-,0,,6,,,-,1,,,-,0,,18,,,-,2,,,-,0,,0,,,-,,-,"RHODE ISLAND
(41.707447, -71.522488)",
MISSOURI,2017,6,,-,2,,20,,,-,1,,,-,0,,2,,,-,1,,,-,0,,1,,,-,,-,"MISSOURI
(38.636168, -92.566292)",
HAWAII,2017,6,,N,0,,0,,,N,,N,,N,0,,0,,,N,,N,,N,0,,0,,,N,,N,"HAWAII
(21.30992, -157.858158)",
CONNECTICUT,2017,6,,-,0,,0,,,-,,-,,-,0,,4,,,-,,-,,N,0,,0,,,N,,N,"CONNECTICUT
(41.544654, -72.651713)",
IOWA,2017,6,,-,0,,1,,,-,,-,,-,0,,1,,,-,,-,,-,0,,1,,,-,,-,"IOWA
(42.46942, -93.815856)",
DIST. OF COL.,2017,6,,-,0,,1,,,-,,-,,N,0,,0,,,N,,N,,-,0,,0,,,-,,-,"DISTRICT OF COLUMBIA
(38.892062, -77.019912)",
WISCONSIN,2017,6,,-,0,,3,,,-,,-,,-,6,,41,,1,,,-,,-,0,,3,,,-,,-,"WISCONSIN
(44.395526, -89.834513)",
SOUTH DAKOTA,2017,6,,-,0,,0,,,-,,-,,-,0,,1,,,-,,-,,-,0,,0,,,-,,-,"SOUTH DAKOTA
(44.35371, -100.373709)",
MARYLAND,2017,6,,-,0,,9,,1,,2,,,-,0,,2,,,-,,-,,-,0,,1,,,-,,-,"MARYLAND
(39.290443, -76.612333)",
ILLINOIS,2017,6,,-,0,,5,,,-,,-,,-,0,,2,,,-,,-,,-,0,,0,,,-,,-,"ILLINOIS
(40.477092, -88.993221)",
ARIZONA,2017,6,,-,0,,0,,,-,,-,,-,0,,0,,,-,,-,,-,0,,1,,,-,,-,"ARIZONA
(34.869712, -111.760902)",
NEW HAMPSHIRE,2017,6,,-,0,,1,,,-,1,,,-,0,,6,,,-,,-,,-,0,,0,,,-,,-,"NEW HAMPSHIRE
(43.657736, -71.500736)",
OKLAHOMA,2017,6,,-,0,,1,,,-,,-,,-,0,,0,,,-,,-,,-,0,,0,,,-,,-,"OKLAHOMA
(35.468494, -97.521264)",
TENNESSEE,2017,6,,-,1,,10,,,-,,-,,-,0,,2,,,-,,-,,-,0,,2,,,-,,-,"TENNESSEE
(35.681402, -85.774444)",
VIRGINIA,2017,6,,-,1,,10,,,-,1,,,-,0,,2,,,-,,-,,-,0,,2,,,-,,-,"VIRGINIA
(37.542699, -78.45822)",
TEXAS,2017,6,,-,0,,2,,,-,1,,,-,0,,1,,,-,,-,,-,0,,1,,,-,,-,"TEXAS
(31.827233, -99.423022)",
MISSISSIPPI,2017,6,,-,0,,2,,,-,,-,,-,0,,0,,,-,,-,,-,0,,0,,,-,,-,"MISSISSIPPI
(32.738663, -89.537312)",
IDAHO,2017,6,,N,0,,0,,,N,,N,,N,0,,0,,,N,,N,,N,0,,0,,,N,,N,"IDAHO
(43.680635, -114.364237)",
MINNESOTA,2017,6,,-,0,,0,,,-,,-,,-,0,,0,,,-,,-,,-,0,,0,,,-,,-,"MINNESOTA
(46.357661, -94.793397)",
GEORGIA,2017,6,,-,0,,2,,,-,,-,,-,0,,0,,,-,1,,,-,0,,1,,,-,,-,"GEORGIA
(32.836038, -83.631709)",
NEW MEXICO,2017,6,,N,0,,0,,,N,,N,,N,0,,0,,,N,,N,,N,0,,0,,,N,,N,"NEW MEXICO
(34.520396, -106.244402)",
NORTH DAKOTA,2017,6,,-,0,,1,,,-,,-,,-,0,,2,,,-,,-,,-,0,,1,,,-,,-,"NORTH DAKOTA
(47.475879, -100.121011)",
WYOMING,2017,6,,-,0,,0,,,-,,-,,-,0,,1,,,-,,-,,-,0,,0,,,-,,-,"WYOMING
(43.23558, -108.110518)",
UNITED STATES,2017,7,2,,13,,91,,14,,22,,3,,44,,200,,14,,41,,1,,2,,9,,2,,3,,,
NEW ENGLAND,2017,7,,-,1,,8,,2,,3,,,-,19,,100,,3,,21,,,-,0,,1,,,-,1,,,
MID. ATLANTIC,2017,7,1,,3,,17,,4,,8,,3,,14,,61,,9,,13,,1,,0,,3,,2,,2,,,
NEW YORK CITY,2017,7,1,,0,,3,,3,,,-,1,,1,,5,,6,,2,,,-,0,,1,,1,,2,,,
E.N. CENTRAL,2017,7,,-,1,,8,,1,,,-,,-,6,,42,,1,,1,,,-,1,,5,,,-,,-,,
W.N. CENTRAL,2017,7,,-,2,,25,,1,,3,,,-,0,,4,,1,,1,,,-,0,,2,,,-,,-,,
S. ATLANTIC,2017,7,1,,3,,18,,2,,4,,,-,0,,4,,,-,5,,,-,0,,2,,,-,,-,,
E.S. CENTRAL,2017,7,,-,1,,12,,1,,1,,,-,0,,3,,,-,,-,,-,0,,2,,,-,,-,,
W.S. CENTRAL,2017,7,,-,3,,18,,3,,3,,,-,0,,5,,,-,,-,,-,0,,1,,,-,,-,,
MOUNTAIN,2017,7,,-,0,,1,,,-,,-,,-,0,,1,,,-,,-,,-,0,,1,,,-,,-,,
PACIFIC,2017,7,,-,0,,1,,,-,,-,,-,0,,1,,,-,,-,,-,0,,2,,,-,,-,,
AMER. SAMOA,2017,7,,N,0,,0,,,N,,N,,N,0,,0,,,N,,N,,N,0,,0,,,N,,N,,
OHIO,2017,7,,-,0,,1,,,-,,-,,-,0,,2,,,-,,-,,-,0,,0,,,-,,-,"OHIO
(40.056807, -82.405897)",
PENNSYLVANIA,2017,7,,-,0,,0,,,-,,-,,-,0,,1,,,-,,-,,-,0,,1,,,-,,-,"PENNSYLVANIA
(40.789676, -77.858055)",
NEW MEXICO,2017,7,,N,0,,0,,,N,,N,,N,0,,0,,,N,,N,,N,0,,0,,,N,,N,"NEW MEXICO
(34.520396, -106.244402)",
WEST VIRGINIA,2017,7,,-,0,,1,,,-,,-,,-,0,,0,,,-,,-,,-,0,,0,,,-,,-,"WEST VIRGINIA
(38.668501, -80.709421)",
ALASKA,2017,7,,N,0,,0,,,N,,N,,N,0,,0,,,N,,N,,N,0,,0,,,N,,N,"ALASKA
(64.836661, -147.738891)",
NEW YORK,2017,7,,-,2,,13,,,-,7,,2,,12,,55,,3,,9,,1,,0,,2,,1,,,-,"NEW YORK
(42.826892, -75.544286)",
CALIFORNIA,2017,7,,-,0,,0,,,-,,-,,-,0,,0,,,-,,-,,-,0,,2,,,-,,-,"CALIFORNIA
(37.640735, -121.002435)",
OREGON,2017,7,,-,0,,1,,,-,,-,,-,0,,1,,,-,,-,,-,0,,0,,,-,,-,"OREGON
(44.567912, -120.156945)",
IOWA,2017,7,,-,0,,1,,,-,,-,,-,0,,1,,,-,,-,,-,0,,1,,,-,,-,"IOWA
(42.46942, -93.815856)",
VIRGINIA,2017,7,,-,1,,10,,,-,1,,,-,0,,2,,,-,,-,,-,0,,2,,,-,,-,"VIRGINIA
(37.542699, -78.45822)",
ARIZONA,2017,7,,-,0,,0,,,-,,-,,-,0,,0,,,-,,-,,-,0,,1,,,-,,-,"ARIZONA
(34.869712, -111.760902)",
NEBRASKA,2017,7,,-,0,,2,,,-,,-,,-,0,,1,,,-,,-,,-,0,,0,,,-,,-,"NEBRASKA
(41.640503, -99.367122)",
MINNESOTA,2017,7,,-,0,,0,,,-,,-,,-,0,,0,,,-,,-,,-,0,,0,,,-,,-,"MINNESOTA
(46.357661, -94.793397)",
ILLINOIS,2017,7,,-,0,,5,,,-,,-,,-,0,,2,,,-,,-,,-,0,,0,,,-,,-,"ILLINOIS
(40.477092, -88.993221)",
OKLAHOMA,2017,7,,-,0,,1,,,-,,-,,-,0,,0,,,-,,-,,-,0,,0,,,-,,-,"OKLAHOMA
(35.468494, -97.521264)",
TENNESSEE,2017,7,,-,1,,10,,,-,,-,,-,0,,2,,,-,,-,,-,0,,2,,,-,,-,"TENNESSEE
(35.681402, -85.774444)",
HAWAII,2017,7,,N,0,,0,,,N,,N,,N,0,,0,,,N,,N,,N,0,,0,,,N,,N,"HAWAII
(21.30992, -157.858158)",
MONTANA,2017,7,,-,0,,1,,,-,,-,,-,0,,0,,,-,,-,,-,0,,0,,,-,,-,"MONTANA
(47.062617, -109.430168)",
GUAM,2017,7,,N,0,,0,,,N,,N,,N,0,,0,,,N,,N,,N,0,,0,,,N,,N,"GUAM
(13.3532, 144.653198)",
VIRGIN ISL.,2017,7,,-,0,,0,,,-,,-,,-,0,,0,,,-,,-,,-,0,,0,,,-,,-,"VIRGIN ISLANDS
(18.060868, -64.840836)",
INDIANA,2017,7,,-,0,,0,,,-,,-,,-,0,,0,,,-,,-,,-,0,,2,,,-,,-,"INDIANA
(39.76845, -86.156212)",
WYOMING,2017,7,,-,0,,0,,,-,,-,,-,0,,1,,,-,,-,,-,0,,0,,,-,,-,"WYOMING
(43.23558, -108.110518)",
MICHIGAN,2017,7,,-,0,,2,,1,,,-,,-,0,,1,,,-,1,,,-,0,,0,,,-,,-,"MICHIGAN
(44.66399, -84.711206)",
PUERTO RICO,2017,7,,N,0,,0,,,N,,N,,N,0,,0,,,N,,N,,N,0,,0,,,N,,N,"PUERTO RICO
(18.215692, -66.414655)",
WASHINGTON,2017,7,,-,0,,0,,,-,,-,,-,0,,0,,,-,,-,,-,0,,0,,,-,,-,"WASHINGTON
(47.517368, -120.467672)",
NEVADA,2017,7,,-,0,,0,,,-,,-,,-,0,,0,,,-,,-,,-,0,,0,,,-,,-,"NEVADA
(39.491833, -117.070159)",
MAINE,2017,7,,-,0,,1,,1,,,-,,-,3,,31,,3,,3,,,-,0,,1,,,-,1,,"MAINE
(45.252223, -68.986647)",
NORTH CAROLINA,2017,7,,-,1,,5,,,-,2,,,-,0,,2,,,-,1,,,-,0,,0,,,-,,-,"NORTH CAROLINA
(35.47995, -79.180571)",
VERMONT,2017,7,,-,0,,1,,1,,1,,,-,2,,26,,,-,2,,,-,0,,1,,,-,,-,"VERMONT
(43.622479, -72.51927)",
KENTUCKY,2017,7,,-,0,,4,,1,,1,,,-,0,,1,,,-,,-,,-,0,,1,,,-,,-,"KENTUCKY
(37.64591, -84.774043)",
MASSACHUSETTS,2017,7,,-,0,,2,,,-,,-,,-,11,,69,,,-,12,,,-,0,,0,,,-,,-,"MASSACHUSETTS
(42.268546, -72.085064)",
RHODE ISLAND,2017,7,,-,0,,6,,,-,1,,,-,0,,18,,,-,4,,,-,0,,0,,,-,,-,"RHODE ISLAND
(41.707447, -71.522488)",
WISCONSIN,2017,7,,-,0,,3,,,-,,-,,-,6,,41,,1,,,-,,-,0,,3,,,-,,-,"WISCONSIN
(44.395526, -89.834513)",
NORTH DAKOTA,2017,7,,-,0,,1,,,-,,-,,-,0,,2,,,-,,-,,-,0,,1,,,-,,-,"NORTH DAKOTA
(47.475879, -100.121011)",
UTAH,2017,7,,-,0,,0,,,-,,-,,-,0,,0,,,-,,-,,-,0,,0,,,-,,-,"UTAH
(39.359772, -111.584173)",
CONNECTICUT,2017,7,,-,0,,0,,,-,,-,,-,0,,4,,,-,,-,,N,0,,0,,,N,,N,"CONNECTICUT
(41.544654, -72.651713)",
NEW JERSEY,2017,7,,-,0,,7,,1,,1,,,-,1,,13,,,-,2,,,-,0,,2,,,-,,-,"NEW JERSEY
(40.104655, -74.386686)",
SOUTH DAKOTA,2017,7,,-,0,,0,,,-,,-,,-,0,,1,,,-,,-,,-,0,,0,,,-,,-,"SOUTH DAKOTA
(44.35371, -100.373709)",
NEW HAMPSHIRE,2017,7,,-,0,,1,,,-,1,,,-,0,,6,,,-,,-,,-,0,,0,,,-,,-,"NEW HAMPSHIRE
(43.657736, -71.500736)",
DIST. OF COL.,2017,7,,-,0,,1,,,-,,-,,N,0,,0,,,N,,N,,-,0,,0,,,-,,-,"DISTRICT OF COLUMBIA
(38.892062, -77.019912)",
ALABAMA,2017,7,,-,0,,2,,,-,,-,,-,0,,1,,,-,,-,,-,0,,1,,,-,,-,"ALABAMA
(32.839182, -86.631125)",
SOUTH CAROLINA,2017,7,,-,0,,0,,,-,,-,,-,0,,0,,,-,,-,,-,0,,0,,,-,,-,"SOUTH CAROLINA
(34.009286, -81.037094)",
TEXAS,2017,7,,-,0,,2,,,-,1,,,-,0,,1,,,-,,-,,-,0,,1,,,-,,-,"TEXAS
(31.827233, -99.423022)",
ARKANSAS,2017,7,,-,2,,16,,3,,1,,,-,0,,5,,,-,,-,,-,0,,0,,,-,,-,"ARKANSAS
(34.748745, -92.275105)",
KANSAS,2017,7,,-,0,,5,,,-,2,,,-,0,,1,,,-,,-,,-,0,,1,,,-,,-,"KANSAS
(38.345528, -98.201847)",
MARYLAND,2017,7,,-,0,,7,,1,,1,,,-,0,,2,,,-,,-,,-,0,,1,,,-,,-,"MARYLAND
(39.290443, -76.612333)",
IDAHO,2017,7,,N,0,,0,,,N,,N,,N,0,,0,,,N,,N,,N,0,,0,,,N,,N,"IDAHO
(43.680635, -114.364237)",
COLORADO,2017,7,,N,0,,0,,,N,,N,,N,0,,0,,,N,,N,,N,0,,0,,,N,,N,"COLORADO
(38.841772, -106.132562)",
FLORIDA,2017,7,1,,0,,6,,1,,,-,,-,0,,1,,,-,2,,,-,0,,0,,,-,,-,"FLORIDA
(28.915325, -81.922409)",
GEORGIA,2017,7,,-,0,,2,,,-,,-,,-,0,,0,,,-,1,,,-,0,,1,,,-,,-,"GEORGIA
(32.836038, -83.631709)",
DELAWARE,2017,7,,-,0,,3,,,-,,-,,-,0,,1,,,-,1,,,-,0,,1,,,-,,-,"DELAWARE
(39.008676, -75.574561)",
LOUISIANA,2017,7,,-,0,,0,,,-,1,,,-,0,,0,,,-,,-,,-,0,,0,,,-,,-,"LOUISIANA
(31.2931, -92.463284)",
MISSISSIPPI,2017,7,,-,0,,2,,,-,,-,,-,0,,0,,,-,,-,,-,0,,0,,,-,,-,"MISSISSIPPI
(32.738663, -89.537312)",
MISSOURI,2017,7,,-,2,,20,,1,,1,,,-,0,,2,,1,,1,,,-,0,,1,,,-,,-,"MISSOURI
(38.636168, -92.566292)",
C.N.M.I.,2017,7,,-,,-,,-,,-,,-,,-,,-,,-,,-,,-,,-,,-,,-,,-,,-,"NORTHERN MARIANA ISLANDS
(15.1834, 145.725693)",
UNITED STATES,2017,8,1,,13,,91,,16,,22,,5,,44,,200,,22,,44,,,-,2,,10,,3,,3,,,
NEW ENGLAND,2017,8,,-,1,,8,,2,,3,,1,,19,,100,,5,,23,,,-,0,,1,,,-,1,,,
MID. ATLANTIC,2017,8,1,,3,,17,,5,,8,,3,,14,,61,,13,,14,,,-,0,,3,,2,,2,,,
NEW YORK CITY,2017,8,,-,0,,3,,3,,,-,,-,1,,5,,6,,3,,,-,0,,1,,1,,2,,,
E.N. CENTRAL,2017,8,,-,1,,8,,2,,,-,,-,6,,42,,2,,1,,,-,1,,6,,,-,,-,,
W.N. CENTRAL,2017,8,,-,2,,25,,1,,3,,,-,0,,4,,1,,1,,,-,0,,2,,,-,,-,,
S. ATLANTIC,2017,8,,-,3,,18,,2,,4,,1,,0,,4,,1,,5,,,-,0,,2,,,-,,-,,
E.S. CENTRAL,2017,8,,-,1,,12,,1,,1,,,-,0,,3,,,-,,-,,-,0,,2,,,-,,-,,
W.S. CENTRAL,2017,8,,-,2,,18,,3,,3,,,-,0,,5,,,-,,-,,-,0,,1,,,-,,-,,
MOUNTAIN,2017,8,,-,0,,1,,,-,,-,,-,0,,1,,,-,,-,,-,0,,1,,1,,,-,,
PACIFIC,2017,8,,-,0,,1,,,-,,-,,-,0,,1,,,-,,-,,-,0,,2,,,-,,-,,
AMER. SAMOA,2017,8,,N,0,,0,,,N,,N,,N,0,,0,,,N,,N,,N,0,,0,,,N,,N,,
NEW MEXICO,2017,8,,N,0,,0,,,N,,N,,N,0,,0,,,N,,N,,N,0,,0,,,N,,N,"NEW MEXICO
(34.520396, -106.244402)",
KANSAS,2017,8,,-,0,,5,,,-,2,,,-,0,,1,,,-,,-,,-,0,,1,,,-,,-,"KANSAS
(38.345528, -98.201847)",
NEW HAMPSHIRE,2017,8,,-,0,,1,,,-,1,,,-,0,,6,,,-,,-,,-,0,,0,,,-,,-,"NEW HAMPSHIRE
(43.657736, -71.500736)",
DELAWARE,2017,8,,-,0,,3,,,-,,-,,-,0,,1,,,-,1,,,-,0,,1,,,-,,-,"DELAWARE
(39.008676, -75.574561)",
GEORGIA,2017,8,,-,0,,2,,,-,,-,,-,0,,0,,,-,1,,,-,0,,1,,,-,,-,"GEORGIA
(32.836038, -83.631709)",
HAWAII,2017,8,,N,0,,0,,,N,,N,,N,0,,0,,,N,,N,,N,0,,0,,,N,,N,"HAWAII
(21.30992, -157.858158)",
WEST VIRGINIA,2017,8,,-,0,,1,,,-,,-,,-,0,,0,,,-,,-,,-,0,,0,,,-,,-,"WEST VIRGINIA
(38.668501, -80.709421)",
LOUISIANA,2017,8,,-,0,,0,,,-,1,,,-,0,,0,,,-,,-,,-,0,,0,,,-,,-,"LOUISIANA
(31.2931, -92.463284)",
KENTUCKY,2017,8,,-,0,,4,,1,,1,,,-,0,,1,,,-,,-,,-,0,,1,,,-,,-,"KENTUCKY
(37.64591, -84.774043)",
PENNSYLVANIA,2017,8,,-,0,,0,,,-,,-,,-,0,,1,,,-,,-,,-,0,,1,,,-,,-,"PENNSYLVANIA
(40.789676, -77.858055)",
MICHIGAN,2017,8,,-,0,,2,,1,,,-,,-,0,,1,,,-,1,,,-,0,,0,,,-,,-,"MICHIGAN
(44.66399, -84.711206)",
VERMONT,2017,8,,-,0,,1,,1,,1,,,-,2,,26,,,-,2,,,-,0,,1,,,-,,-,"VERMONT
(43.622479, -72.51927)",
WYOMING,2017,8,,-,0,,0,,,-,,-,,-,0,,1,,,-,,-,,-,0,,0,,,-,,-,"WYOMING
(43.23558, -108.110518)",
NEBRASKA,2017,8,,-,0,,2,,,-,,-,,-,0,,1,,,-,,-,,-,0,,0,,,-,,-,"NEBRASKA
(41.640503, -99.367122)",
OHIO,2017,8,,-,0,,1,,,-,,-,,-,0,,2,,,-,,-,,-,0,,0,,,-,,-,"OHIO
(40.056807, -82.405897)",
TENNESSEE,2017,8,,-,1,,10,,,-,,-,,-,0,,2,,,-,,-,,-,0,,2,,,-,,-,"TENNESSEE
(35.681402, -85.774444)",
OKLAHOMA,2017,8,,-,0,,1,,,-,,-,,-,0,,0,,,-,,-,,-,0,,0,,,-,,-,"OKLAHOMA
(35.468494, -97.521264)",
MONTANA,2017,8,,-,0,,1,,,-,,-,,-,0,,0,,,-,,-,,-,0,,0,,,-,,-,"MONTANA
(47.062617, -109.430168)",
PUERTO RICO,2017,8,,N,0,,0,,,N,,N,,N,0,,0,,,N,,N,,N,0,,0,,,N,,N,"PUERTO RICO
(18.215692, -66.414655)",
IDAHO,2017,8,,N,0,,0,,,N,,N,,N,0,,0,,,N,,N,,N,0,,0,,,N,,N,"IDAHO
(43.680635, -114.364237)",
DIST. OF COL.,2017,8,,-,0,,1,,,-,,-,,N,0,,0,,,N,,N,,-,0,,0,,,-,,-,"DISTRICT OF COLUMBIA
(38.892062, -77.019912)",
WASHINGTON,2017,8,,-,0,,0,,,-,,-,,-,0,,0,,,-,,-,,-,0,,0,,,-,,-,"WASHINGTON
(47.517368, -120.467672)",
TEXAS,2017,8,,-,0,,2,,,-,1,,,-,0,,1,,,-,,-,,-,0,,1,,,-,,-,"TEXAS
(31.827233, -99.423022)",
NEW YORK,2017,8,1,,2,,13,,1,,7,,3,,12,,55,,6,,9,,,-,0,,2,,1,,,-,"NEW YORK
(42.826892, -75.544286)",
C.N.M.I.,2017,8,,-,,-,,-,,-,,-,,-,,-,,-,,-,,-,,-,,-,,-,,-,,-,"NORTHERN MARIANA ISLANDS
(15.1834, 145.725693)",
SOUTH CAROLINA,2017,8,,-,0,,0,,,-,,-,,-,0,,0,,,-,,-,,-,0,,0,,,-,,-,"SOUTH CAROLINA
(34.009286, -81.037094)",
GUAM,2017,8,,N,0,,0,,,N,,N,,N,0,,0,,,N,,N,,N,0,,0,,,N,,N,"GUAM
(13.3532, 144.653198)",
ALABAMA,2017,8,,-,0,,2,,,-,,-,,-,0,,1,,,-,,-,,-,0,,1,,,-,,-,"ALABAMA
(32.839182, -86.631125)",
VIRGINIA,2017,8,,-,1,,10,,,-,1,,1,,0,,2,,1,,,-,,-,0,,2,,,-,,-,"VIRGINIA
(37.542699, -78.45822)",
NORTH DAKOTA,2017,8,,-,0,,1,,,-,,-,,-,0,,2,,,-,,-,,-,0,,1,,,-,,-,"NORTH DAKOTA
(47.475879, -100.121011)",
NORTH CAROLINA,2017,8,,-,0,,5,,,-,2,,,-,0,,2,,,-,1,,,-,0,,0,,,-,,-,"NORTH CAROLINA
(35.47995, -79.180571)",
OREGON,2017,8,,-,0,,1,,,-,,-,,-,0,,1,,,-,,-,,-,0,,0,,,-,,-,"OREGON
(44.567912, -120.156945)",
CONNECTICUT,2017,8,,-,0,,0,,,-,,-,,-,0,,4,,,-,,-,,N,0,,0,,,N,,N,"CONNECTICUT
(41.544654, -72.651713)",
NEW JERSEY,2017,8,,-,0,,7,,1,,1,,,-,1,,13,,1,,2,,,-,0,,2,,,-,,-,"NEW JERSEY
(40.104655, -74.386686)",
ALASKA,2017,8,,N,0,,0,,,N,,N,,N,0,,0,,,N,,N,,N,0,,0,,,N,,N,"ALASKA
(64.836661, -147.738891)",
MASSACHUSETTS,2017,8,,-,0,,2,,,-,,-,,-,11,,69,,1,,14,,,-,0,,0,,,-,,-,"MASSACHUSETTS
(42.268546, -72.085064)",
NEVADA,2017,8,,-,0,,0,,,-,,-,,-,0,,0,,,-,,-,,-,0,,0,,,-,,-,"NEVADA
(39.491833, -117.070159)",
MISSISSIPPI,2017,8,,-,0,,2,,,-,,-,,-,0,,0,,,-,,-,,-,0,,0,,,-,,-,"MISSISSIPPI
(32.738663, -89.537312)",
WISCONSIN,2017,8,,-,0,,3,,,-,,-,,-,6,,41,,2,,,-,,-,0,,4,,,-,,-,"WISCONSIN
(44.395526, -89.834513)",
MAINE,2017,8,,-,0,,1,,1,,,-,1,,3,,31,,4,,3,,,-,0,,1,,,-,1,,"MAINE
(45.252223, -68.986647)",
ILLINOIS,2017,8,,-,0,,5,,1,,,-,,-,0,,2,,,-,,-,,-,0,,0,,,-,,-,"ILLINOIS
(40.477092, -88.993221)",
MARYLAND,2017,8,,-,0,,7,,1,,1,,,-,0,,2,,,-,,-,,-,0,,1,,,-,,-,"MARYLAND
(39.290443, -76.612333)",
FLORIDA,2017,8,,-,0,,6,,1,,,-,,-,0,,1,,,-,2,,,-,0,,0,,,-,,-,"FLORIDA
(28.915325, -81.922409)",
MINNESOTA,2017,8,,-,0,,0,,,-,,-,,-,0,,0,,,-,,-,,-,0,,0,,,-,,-,"MINNESOTA
(46.357661, -94.793397)",
IOWA,2017,8,,-,0,,1,,,-,,-,,-,0,,1,,,-,,-,,-,0,,1,,,-,,-,"IOWA
(42.46942, -93.815856)",
COLORADO,2017,8,,N,0,,0,,,N,,N,,N,0,,0,,,N,,N,,N,0,,0,,,N,,N,"COLORADO
(38.841772, -106.132562)",
ARIZONA,2017,8,,-,0,,0,,,-,,-,,-,0,,0,,,-,,-,,-,0,,1,,1,,,-,"ARIZONA
(34.869712, -111.760902)",
ARKANSAS,2017,8,,-,2,,16,,3,,1,,,-,0,,5,,,-,,-,,-,0,,0,,,-,,-,"ARKANSAS
(34.748745, -92.275105)",
UTAH,2017,8,,-,0,,0,,,-,,-,,-,0,,0,,,-,,-,,-,0,,0,,,-,,-,"UTAH
(39.359772, -111.584173)",
MISSOURI,2017,8,,-,2,,20,,1,,1,,,-,0,,2,,1,,1,,,-,0,,1,,,-,,-,"MISSOURI
(38.636168, -92.566292)",
VIRGIN ISL.,2017,8,,-,0,,0,,,-,,-,,-,0,,0,,,-,,-,,-,0,,0,,,-,,-,"VIRGIN ISLANDS
(18.060868, -64.840836)",
INDIANA,2017,8,,-,0,,0,,,-,,-,,-,0,,0,,,-,,-,,-,0,,2,,,-,,-,"INDIANA
(39.76845, -86.156212)",
CALIFORNIA,2017,8,,-,0,,0,,,-,,-,,-,0,,0,,,-,,-,,-,0,,2,,,-,,-,"CALIFORNIA
(37.640735, -121.002435)",
SOUTH DAKOTA,2017,8,,-,0,,0,,,-,,-,,-,0,,1,,,-,,-,,-,0,,0,,,-,,-,"SOUTH DAKOTA
(44.35371, -100.373709)",
RHODE ISLAND,2017,8,,-,0,,6,,,-,1,,,-,0,,18,,,-,4,,,-,0,,0,,,-,,-,"RHODE ISLAND
(41.707447, -71.522488)",
UNITED STATES,2017,9,,-,13,,91,,18,,25,,,-,44,,200,,27,,50,,,-,2,,10,,3,,3,,,
NEW ENGLAND,2017,9,,-,1,,8,,4,,3,,,-,19,,100,,10,,28,,,-,0,,1,,,-,1,,,
MID. ATLANTIC,2017,9,,-,3,,17,,5,,9,,,-,14,,61,,13,,14,,,-,0,,3,,2,,2,,,
NEW YORK CITY,2017,9,,-,0,,3,,3,,,-,,-,1,,5,,6,,3,,,-,0,,1,,1,,2,,,
E.N. CENTRAL,2017,9,,-,1,,8,,2,,,-,,-,6,,42,,2,,1,,,-,1,,6,,,-,,-,,
W.N. CENTRAL,2017,9,,-,2,,25,,1,,3,,,-,0,,4,,1,,1,,,-,0,,2,,,-,,-,,
S. ATLANTIC,2017,9,,-,3,,18,,2,,4,,,-,1,,4,,1,,5,,,-,0,,2,,,-,,-,,
E.S. CENTRAL,2017,9,,-,1,,12,,1,,2,,,-,0,,3,,,-,,-,,-,0,,2,,,-,,-,,
W.S. CENTRAL,2017,9,,-,2,,18,,3,,4,,,-,0,,5,,,-,1,,,-,0,,1,,,-,,-,,
MOUNTAIN,2017,9,,-,0,,1,,,-,,-,,-,0,,1,,,-,,-,,-,0,,1,,1,,,-,,
PACIFIC,2017,9,,-,0,,1,,,-,,-,,-,0,,1,,,-,,-,,-,0,,2,,,-,,-,,
AMER. SAMOA,2017,9,,N,0,,0,,,N,,N,,N,0,,0,,,N,,N,,N,0,,0,,,N,,N,,
NEW YORK,2017,9,,-,2,,13,,1,,8,,,-,12,,55,,6,,9,,,-,0,,2,,1,,,-,"NEW YORK
(42.826892, -75.544286)",
MICHIGAN,2017,9,,-,0,,2,,1,,,-,,-,0,,1,,,-,1,,,-,0,,0,,,-,,-,"MICHIGAN
(44.66399, -84.711206)",
ALABAMA,2017,9,,-,0,,2,,,-,1,,,-,0,,1,,,-,,-,,-,0,,1,,,-,,-,"ALABAMA
(32.839182, -86.631125)",
MONTANA,2017,9,,-,0,,1,,,-,,-,,-,0,,0,,,-,,-,,-,0,,0,,,-,,-,"MONTANA
(47.062617, -109.430168)",
NEW MEXICO,2017,9,,N,0,,0,,,N,,N,,N,0,,0,,,N,,N,,N,0,,0,,,N,,N,"NEW MEXICO
(34.520396, -106.244402)",
UTAH,2017,9,,-,0,,0,,,-,,-,,-,0,,0,,,-,,-,,-,0,,0,,,-,,-,"UTAH
(39.359772, -111.584173)",
HAWAII,2017,9,,N,0,,0,,,N,,N,,N,0,,0,,,N,,N,,N,0,,0,,,N,,N,"HAWAII
(21.30992, -157.858158)",
PENNSYLVANIA,2017,9,,-,0,,0,,,-,,-,,-,0,,1,,,-,,-,,-,0,,1,,,-,,-,"PENNSYLVANIA
(40.789676, -77.858055)",
SOUTH DAKOTA,2017,9,,-,0,,0,,,-,,-,,-,0,,1,,,-,,-,,-,0,,0,,,-,,-,"SOUTH DAKOTA
(44.35371, -100.373709)",
OKLAHOMA,2017,9,,-,0,,1,,,-,,-,,-,0,,0,,,-,,-,,-,0,,0,,,-,,-,"OKLAHOMA
(35.468494, -97.521264)",
NORTH CAROLINA,2017,9,,-,0,,5,,,-,2,,,-,0,,2,,,-,1,,,-,0,,0,,,-,,-,"NORTH CAROLINA
(35.47995, -79.180571)",
WASHINGTON,2017,9,,-,0,,0,,,-,,-,,-,0,,0,,,-,,-,,-,0,,0,,,-,,-,"WASHINGTON
(47.517368, -120.467672)",
VERMONT,2017,9,,-,0,,1,,1,,1,,,-,2,,26,,,-,2,,,-,0,,1,,,-,,-,"VERMONT
(43.622479, -72.51927)",
WEST VIRGINIA,2017,9,,-,0,,1,,,-,,-,,-,0,,0,,,-,,-,,-,0,,0,,,-,,-,"WEST VIRGINIA
(38.668501, -80.709421)",
WISCONSIN,2017,9,,-,0,,3,,,-,,-,,-,6,,41,,2,,,-,,-,0,,4,,,-,,-,"WISCONSIN
(44.395526, -89.834513)",
CALIFORNIA,2017,9,,-,0,,0,,,-,,-,,-,0,,0,,,-,,-,,-,0,,2,,,-,,-,"CALIFORNIA
(37.640735, -121.002435)",
VIRGIN ISL.,2017,9,,-,0,,0,,,-,,-,,-,0,,0,,,-,,-,,-,0,,0,,,-,,-,"VIRGIN ISLANDS
(18.060868, -64.840836)",
ALASKA,2017,9,,N,0,,0,,,N,,N,,N,0,,0,,,N,,N,,N,0,,0,,,N,,N,"ALASKA
(64.836661, -147.738891)",
MINNESOTA,2017,9,,-,0,,0,,,-,,-,,-,0,,0,,,-,,-,,-,0,,0,,,-,,-,"MINNESOTA
(46.357661, -94.793397)",
COLORADO,2017,9,,N,0,,0,,,N,,N,,N,0,,0,,,N,,N,,N,0,,0,,,N,,N,"COLORADO
(38.841772, -106.132562)",
FLORIDA,2017,9,,-,0,,6,,1,,,-,,-,0,,1,,,-,2,,,-,0,,0,,,-,,-,"FLORIDA
(28.915325, -81.922409)",
NEW HAMPSHIRE,2017,9,,-,0,,1,,,-,1,,,-,0,,6,,,-,1,,,-,0,,0,,,-,,-,"NEW HAMPSHIRE
(43.657736, -71.500736)",
PUERTO RICO,2017,9,,N,0,,0,,,N,,N,,N,0,,0,,,N,,N,,N,0,,0,,,N,,N,"PUERTO RICO
(18.215692, -66.414655)",
GEORGIA,2017,9,,-,0,,2,,,-,,-,,-,0,,0,,,-,1,,,-,0,,1,,,-,,-,"GEORGIA
(32.836038, -83.631709)",
IOWA,2017,9,,-,0,,1,,,-,,-,,-,0,,1,,,-,,-,,-,0,,1,,,-,,-,"IOWA
(42.46942, -93.815856)",
DELAWARE,2017,9,,-,0,,3,,,-,,-,,-,0,,1,,,-,1,,,-,0,,1,,,-,,-,"DELAWARE
(39.008676, -75.574561)",
NEVADA,2017,9,,-,0,,0,,,-,,-,,-,0,,0,,,-,,-,,-,0,,0,,,-,,-,"NEVADA
(39.491833, -117.070159)",
TEXAS,2017,9,,-,0,,2,,,-,1,,,-,0,,1,,,-,,-,,-,0,,1,,,-,,-,"TEXAS
(31.827233, -99.423022)",
NORTH DAKOTA,2017,9,,-,0,,1,,,-,,-,,-,0,,2,,,-,,-,,-,0,,1,,,-,,-,"NORTH DAKOTA
(47.475879, -100.121011)",
DIST. OF COL.,2017,9,,-,0,,1,,,-,,-,,N,0,,0,,,N,,N,,-,0,,0,,,-,,-,"DISTRICT OF COLUMBIA
(38.892062, -77.019912)",
ARIZONA,2017,9,,-,0,,0,,,-,,-,,-,0,,0,,,-,,-,,-,0,,1,,1,,,-,"ARIZONA
(34.869712, -111.760902)",
GUAM,2017,9,,N,0,,0,,,N,,N,,N,0,,0,,,N,,N,,N,0,,0,,,N,,N,"GUAM
(13.3532, 144.653198)",
ILLINOIS,2017,9,,-,0,,5,,1,,,-,,-,0,,2,,,-,,-,,-,0,,0,,,-,,-,"ILLINOIS
(40.477092, -88.993221)",
OREGON,2017,9,,-,0,,1,,,-,,-,,-,0,,1,,,-,,-,,-,0,,0,,,-,,-,"OREGON
(44.567912, -120.156945)",
MAINE,2017,9,,-,0,,1,,1,,,-,,-,3,,31,,4,,3,,,-,0,,1,,,-,1,,"MAINE
(45.252223, -68.986647)",
MASSACHUSETTS,2017,9,,-,0,,2,,,-,,-,,-,11,,69,,4,,18,,,-,0,,0,,,-,,-,"MASSACHUSETTS
(42.268546, -72.085064)",
INDIANA,2017,9,,-,0,,0,,,-,,-,,-,0,,0,,,-,,-,,-,0,,2,,,-,,-,"INDIANA
(39.76845, -86.156212)",
IDAHO,2017,9,,N,0,,0,,,N,,N,,N,0,,0,,,N,,N,,N,0,,0,,,N,,N,"IDAHO
(43.680635, -114.364237)",
MARYLAND,2017,9,,-,0,,7,,1,,1,,,-,0,,2,,,-,,-,,-,0,,1,,,-,,-,"MARYLAND
(39.290443, -76.612333)",
VIRGINIA,2017,9,,-,1,,11,,,-,1,,,-,0,,2,,1,,,-,,-,0,,2,,,-,,-,"VIRGINIA
(37.542699, -78.45822)",
NEW JERSEY,2017,9,,-,0,,7,,1,,1,,,-,1,,13,,1,,2,,,-,0,,2,,,-,,-,"NEW JERSEY
(40.104655, -74.386686)",
LOUISIANA,2017,9,,-,0,,0,,,-,1,,,-,0,,0,,,-,,-,,-,0,,0,,,-,,-,"LOUISIANA
(31.2931, -92.463284)",
RHODE ISLAND,2017,9,,-,0,,6,,2,,1,,,-,0,,18,,2,,4,,,-,0,,0,,,-,,-,"RHODE ISLAND
(41.707447, -71.522488)",
ARKANSAS,2017,9,,-,2,,16,,3,,2,,,-,0,,5,,,-,1,,,-,0,,0,,,-,,-,"ARKANSAS
(34.748745, -92.275105)",
C.N.M.I.,2017,9,,-,,-,,-,,-,,-,,-,,-,,-,,-,,-,,-,,-,,-,,-,,-,"NORTHERN MARIANA ISLANDS
(15.1834, 145.725693)",
MISSOURI,2017,9,,-,2,,20,,1,,1,,,-,0,,2,,1,,1,,,-,0,,1,,,-,,-,"MISSOURI
(38.636168, -92.566292)",
OHIO,2017,9,,-,0,,1,,,-,,-,,-,0,,2,,,-,,-,,-,0,,0,,,-,,-,"OHIO
(40.056807, -82.405897)",
MISSISSIPPI,2017,9,,-,0,,2,,,-,,-,,-,0,,0,,,-,,-,,-,0,,0,,,-,,-,"MISSISSIPPI
(32.738663, -89.537312)",
SOUTH CAROLINA,2017,9,,-,0,,0,,,-,,-,,-,0,,0,,,-,,-,,-,0,,0,,,-,,-,"SOUTH CAROLINA
(34.009286, -81.037094)",
CONNECTICUT,2017,9,,-,0,,0,,,-,,-,,-,0,,4,,,-,,-,,N,0,,0,,,N,,N,"CONNECTICUT
(41.544654, -72.651713)",
KENTUCKY,2017,9,,-,0,,4,,1,,1,,,-,0,,1,,,-,,-,,-,0,,1,,,-,,-,"KENTUCKY
(37.64591, -84.774043)",
NEBRASKA,2017,9,,-,0,,2,,,-,,-,,-,0,,1,,,-,,-,,-,0,,0,,,-,,-,"NEBRASKA
(41.640503, -99.367122)",
KANSAS,2017,9,,-,0,,5,,,-,2,,,-,0,,1,,,-,,-,,-,0,,1,,,-,,-,"KANSAS
(38.345528, -98.201847)",
TENNESSEE,2017,9,,-,1,,10,,,-,,-,,-,0,,2,,,-,,-,,-,0,,2,,,-,,-,"TENNESSEE
(35.681402, -85.774444)",
WYOMING,2017,9,,-,0,,0,,,-,,-,,-,0,,1,,,-,,-,,-,0,,0,,,-,,-,"WYOMING
(43.23558, -108.110518)",
UNITED STATES,2017,10,,-,13,,91,,18,,27,,,-,44,,201,,27,,58,,,-,2,,10,,3,,4,,,
NEW ENGLAND,2017,10,,-,1,,8,,4,,4,,,-,19,,100,,10,,32,,,-,0,,1,,,-,1,,,
MID. ATLANTIC,2017,10,,-,3,,17,,5,,10,,,-,14,,61,,13,,17,,,-,0,,3,,2,,2,,,
NEW YORK CITY,2017,10,,-,0,,3,,3,,,-,,-,1,,5,,6,,3,,,-,0,,1,,1,,2,,,
E.N. CENTRAL,2017,10,,-,1,,8,,2,,,-,,-,7,,42,,2,,2,,,-,1,,6,,,-,1,,,
W.N. CENTRAL,2017,10,,-,2,,25,,1,,3,,,-,0,,4,,1,,1,,,-,0,,2,,,-,,-,,
S. ATLANTIC,2017,10,,-,3,,19,,2,,4,,,-,1,,4,,1,,5,,,-,0,,2,,,-,,-,,
E.S. CENTRAL,2017,10,,-,1,,12,,1,,2,,,-,0,,3,,,-,,-,,-,0,,2,,,-,,-,,
W.S. CENTRAL,2017,10,,-,2,,18,,3,,4,,,-,0,,5,,,-,1,,,-,0,,1,,,-,,-,,
MOUNTAIN,2017,10,,-,0,,1,,,-,,-,,-,0,,1,,,-,,-,,-,0,,1,,1,,,-,,
PACIFIC,2017,10,,-,0,,1,,,-,,-,,-,0,,1,,,-,,-,,-,0,,2,,,-,,-,,
AMER. SAMOA,2017,10,,N,0,,0,,,N,,N,,N,0,,0,,,N,,N,,N,0,,0,,,N,,N,,
NEBRASKA,2017,10,,-,0,,2,,,-,,-,,-,0,,1,,,-,,-,,-,0,,0,,,-,,-,"NEBRASKA
(41.640503, -99.367122)",
GEORGIA,2017,10,,-,0,,2,,,-,,-,,-,0,,0,,,-,1,,,-,0,,1,,,-,,-,"GEORGIA
(32.836038, -83.631709)",
VIRGINIA,2017,10,,-,1,,11,,,-,1,,,-,0,,2,,1,,,-,,-,0,,2,,,-,,-,"VIRGINIA
(37.542699, -78.45822)",
UTAH,2017,10,,-,0,,0,,,-,,-,,-,0,,0,,,-,,-,,-,0,,0,,,-,,-,"UTAH
(39.359772, -111.584173)",
KANSAS,2017,10,,-,0,,5,,,-,2,,,-,0,,1,,,-,,-,,-,0,,1,,,-,,-,"KANSAS
(38.345528, -98.201847)",
OHIO,2017,10,,-,0,,1,,,-,,-,,-,0,,2,,,-,,-,,-,0,,0,,,-,,-,"OHIO
(40.056807, -82.405897)",
MISSOURI,2017,10,,-,2,,20,,1,,1,,,-,0,,2,,1,,1,,,-,0,,1,,,-,,-,"MISSOURI
(38.636168, -92.566292)",
NEW HAMPSHIRE,2017,10,,-,0,,1,,,-,2,,,-,0,,6,,,-,1,,,-,0,,0,,,-,,-,"NEW HAMPSHIRE
(43.657736, -71.500736)",
OKLAHOMA,2017,10,,-,0,,1,,,-,,-,,-,0,,0,,,-,,-,,-,0,,0,,,-,,-,"OKLAHOMA
(35.468494, -97.521264)",
NEW MEXICO,2017,10,,N,0,,0,,,N,,N,,N,0,,0,,,N,,N,,N,0,,0,,,N,,N,"NEW MEXICO
(34.520396, -106.244402)",
NEW YORK,2017,10,,-,2,,13,,1,,9,,,-,12,,55,,6,,12,,,-,0,,2,,1,,,-,"NEW YORK
(42.826892, -75.544286)",
CALIFORNIA,2017,10,,-,0,,0,,,-,,-,,-,0,,0,,,-,,-,,-,0,,2,,,-,,-,"CALIFORNIA
(37.640735, -121.002435)",
MICHIGAN,2017,10,,-,0,,2,,1,,,-,,-,0,,1,,,-,1,,,-,0,,0,,,-,,-,"MICHIGAN
(44.66399, -84.711206)",
TEXAS,2017,10,,-,0,,2,,,-,1,,,-,0,,1,,,-,,-,,-,0,,1,,,-,,-,"TEXAS
(31.827233, -99.423022)",
C.N.M.I.,2017,10,,-,,-,,-,,-,,-,,-,,-,,-,,-,,-,,-,,-,,-,,-,,-,"NORTHERN MARIANA ISLANDS
(15.1834, 145.725693)",
SOUTH DAKOTA,2017,10,,-,0,,0,,,-,,-,,-,0,,1,,,-,,-,,-,0,,0,,,-,,-,"SOUTH DAKOTA
(44.35371, -100.373709)",
NEVADA,2017,10,,-,0,,0,,,-,,-,,-,0,,0,,,-,,-,,-,0,,0,,,-,,-,"NEVADA
(39.491833, -117.070159)",
HAWAII,2017,10,,N,0,,0,,,N,,N,,N,0,,0,,,N,,N,,N,0,,0,,,N,,N,"HAWAII
(21.30992, -157.858158)",
WASHINGTON,2017,10,,-,0,,0,,,-,,-,,-,0,,0,,,-,,-,,-,0,,0,,,-,,-,"WASHINGTON
(47.517368, -120.467672)",
MASSACHUSETTS,2017,10,,-,0,,2,,,-,,-,,-,11,,69,,4,,22,,,-,0,,0,,,-,,-,"MASSACHUSETTS
(42.268546, -72.085064)",
OREGON,2017,10,,-,0,,1,,,-,,-,,-,0,,1,,,-,,-,,-,0,,0,,,-,,-,"OREGON
(44.567912, -120.156945)",
DIST. OF COL.,2017,10,,-,0,,1,,,-,,-,,N,0,,0,,,N,,N,,-,0,,0,,,-,,-,"DISTRICT OF COLUMBIA
(38.892062, -77.019912)",
IDAHO,2017,10,,N,0,,0,,,N,,N,,N,0,,0,,,N,,N,,N,0,,0,,,N,,N,"IDAHO
(43.680635, -114.364237)",
WYOMING,2017,10,,-,0,,0,,,-,,-,,-,0,,1,,,-,,-,,-,0,,0,,,-,,-,"WYOMING
(43.23558, -108.110518)",
ARKANSAS,2017,10,,-,2,,16,,3,,2,,,-,0,,5,,,-,1,,,-,0,,0,,,-,,-,"ARKANSAS
(34.748745, -92.275105)",
COLORADO,2017,10,,N,0,,0,,,N,,N,,N,0,,0,,,N,,N,,N,0,,0,,,N,,N,"COLORADO
(38.841772, -106.132562)",
TENNESSEE,2017,10,,-,1,,10,,,-,,-,,-,0,,2,,,-,,-,,-,0,,2,,,-,,-,"TENNESSEE
(35.681402, -85.774444)",
ALABAMA,2017,10,,-,0,,2,,,-,1,,,-,0,,1,,,-,,-,,-,0,,1,,,-,,-,"ALABAMA
(32.839182, -86.631125)",
WEST VIRGINIA,2017,10,,-,0,,1,,,-,,-,,-,0,,0,,,-,,-,,-,0,,0,,,-,,-,"WEST VIRGINIA
(38.668501, -80.709421)",
IOWA,2017,10,,-,0,,1,,,-,,-,,-,0,,1,,,-,,-,,-,0,,1,,,-,,-,"IOWA
(42.46942, -93.815856)",
FLORIDA,2017,10,,-,0,,6,,1,,,-,,-,0,,1,,,-,2,,,-,0,,0,,,-,,-,"FLORIDA
(28.915325, -81.922409)",
DELAWARE,2017,10,,-,0,,3,,,-,,-,,-,0,,1,,,-,1,,,-,0,,1,,,-,,-,"DELAWARE
(39.008676, -75.574561)",
GUAM,2017,10,,N,0,,0,,,N,,N,,N,0,,0,,,N,,N,,N,0,,0,,,N,,N,"GUAM
(13.3532, 144.653198)",
PENNSYLVANIA,2017,10,,-,0,,1,,,-,,-,,-,0,,1,,,-,,-,,-,0,,1,,,-,,-,"PENNSYLVANIA
(40.789676, -77.858055)",
ILLINOIS,2017,10,,-,0,,5,,1,,,-,,-,0,,2,,,-,,-,,-,0,,0,,,-,,-,"ILLINOIS
(40.477092, -88.993221)",
NORTH CAROLINA,2017,10,,-,0,,5,,,-,2,,,-,0,,2,,,-,1,,,-,0,,0,,,-,,-,"NORTH CAROLINA
(35.47995, -79.180571)",
INDIANA,2017,10,,-,0,,0,,,-,,-,,-,0,,0,,,-,,-,,-,0,,2,,,-,,-,"INDIANA
(39.76845, -86.156212)",
MARYLAND,2017,10,,-,0,,7,,1,,1,,,-,0,,2,,,-,,-,,-,0,,1,,,-,,-,"MARYLAND
(39.290443, -76.612333)",
RHODE ISLAND,2017,10,,-,0,,6,,2,,1,,,-,0,,18,,2,,4,,,-,0,,0,,,-,,-,"RHODE ISLAND
(41.707447, -71.522488)",
MINNESOTA,2017,10,,-,0,,0,,,-,,-,,-,0,,0,,,-,,-,,-,0,,0,,,-,,-,"MINNESOTA
(46.357661, -94.793397)",
SOUTH CAROLINA,2017,10,,-,0,,0,,,-,,-,,-,0,,0,,,-,,-,,-,0,,0,,,-,,-,"SOUTH CAROLINA
(34.009286, -81.037094)",
VERMONT,2017,10,,-,0,,1,,1,,1,,,-,2,,26,,,-,2,,,-,0,,1,,,-,,-,"VERMONT
(43.622479, -72.51927)",
MONTANA,2017,10,,-,0,,1,,,-,,-,,-,0,,0,,,-,,-,,-,0,,0,,,-,,-,"MONTANA
(47.062617, -109.430168)",
VIRGIN ISL.,2017,10,,-,0,,0,,,-,,-,,-,0,,0,,,-,,-,,-,0,,0,,,-,,-,"VIRGIN ISLANDS
(18.060868, -64.840836)",
ARIZONA,2017,10,,-,0,,0,,,-,,-,,-,0,,0,,,-,,-,,-,0,,1,,1,,,-,"ARIZONA
(34.869712, -111.760902)",
PUERTO RICO,2017,10,,N,0,,0,,,N,,N,,N,0,,0,,,N,,N,,N,0,,0,,,N,,N,"PUERTO RICO
(18.215692, -66.414655)",
MAINE,2017,10,,-,0,,1,,1,,,-,,-,3,,31,,4,,3,,,-,0,,1,,,-,1,,"MAINE
(45.252223, -68.986647)",
NORTH DAKOTA,2017,10,,-,0,,1,,,-,,-,,-,0,,2,,,-,,-,,-,0,,1,,,-,,-,"NORTH DAKOTA
(47.475879, -100.121011)",
LOUISIANA,2017,10,,-,0,,0,,,-,1,,,-,0,,0,,,-,,-,,-,0,,0,,,-,,-,"LOUISIANA
(31.2931, -92.463284)",
NEW JERSEY,2017,10,,-,0,,7,,1,,1,,,-,1,,13,,1,,2,,,-,0,,2,,,-,,-,"NEW JERSEY
(40.104655, -74.386686)",
CONNECTICUT,2017,10,,-,0,,0,,,-,,-,,-,0,,4,,,-,,-,,N,0,,0,,,N,,N,"CONNECTICUT
(41.544654, -72.651713)",
WISCONSIN,2017,10,,-,0,,3,,,-,,-,,-,7,,41,,2,,1,,,-,0,,4,,,-,1,,"WISCONSIN
(44.395526, -89.834513)",
KENTUCKY,2017,10,,-,0,,4,,1,,1,,,-,0,,1,,,-,,-,,-,0,,1,,,-,,-,"KENTUCKY
(37.64591, -84.774043)",
ALASKA,2017,10,,N,0,,0,,,N,,N,,N,0,,0,,,N,,N,,N,0,,0,,,N,,N,"ALASKA
(64.836661, -147.738891)",
MISSISSIPPI,2017,10,,-,0,,2,,,-,,-,,-,0,,0,,,-,,-,,-,0,,0,,,-,,-,"MISSISSIPPI
(32.738663, -89.537312)",
UNITED STATES,2017,11,1,,13,,92,,20,,30,,,-,45,,203,,32,,69,,,-,2,,10,,3,,5,,,
NEW ENGLAND,2017,11,,-,1,,8,,5,,4,,,-,19,,102,,14,,39,,,-,0,,1,,,-,1,,,
MID. ATLANTIC,2017,11,,-,3,,17,,5,,12,,,-,14,,61,,14,,18,,,-,0,,3,,2,,2,,,
NEW JERSEY,2017,11,,-,0,,7,,1,,1,,,-,1,,13,,2,,2,,,-,0,,2,,,-,,-,"NEW JERSEY
(40.104655, -74.386686)",
NEW YORK CITY,2017,11,,-,0,,3,,3,,,-,,-,1,,5,,6,,3,,,-,0,,1,,1,,2,,,
E.N. CENTRAL,2017,11,,-,1,,8,,2,,,-,,-,7,,43,,2,,5,,,-,1,,6,,,-,2,,,
W.N. CENTRAL,2017,11,,-,2,,25,,1,,3,,,-,0,,4,,1,,1,,,-,0,,2,,,-,,-,,
S. ATLANTIC,2017,11,1,,3,,19,,3,,4,,,-,1,,4,,1,,5,,,-,0,,2,,,-,,-,,
E.S. CENTRAL,2017,11,,-,1,,13,,1,,2,,,-,0,,3,,,-,,-,,-,0,,2,,,-,,-,,
INDIANA,2017,11,,-,0,,0,,,-,,-,,-,0,,0,,,-,,-,,-,0,,2,,,-,,-,"INDIANA
(39.76845, -86.156212)",
SOUTH DAKOTA,2017,11,,-,0,,0,,,-,,-,,-,0,,1,,,-,,-,,-,0,,0,,,-,,-,"SOUTH DAKOTA
(44.35371, -100.373709)",
FLORIDA,2017,11,1,,0,,6,,2,,,-,,-,0,,1,,,-,2,,,-,0,,0,,,-,,-,"FLORIDA
(28.915325, -81.922409)",
NORTH DAKOTA,2017,11,,-,0,,1,,,-,,-,,-,0,,2,,,-,,-,,-,0,,1,,,-,,-,"NORTH DAKOTA
(47.475879, -100.121011)",
KENTUCKY,2017,11,,-,0,,4,,1,,1,,,-,0,,1,,,-,,-,,-,0,,1,,,-,,-,"KENTUCKY
(37.64591, -84.774043)",
MINNESOTA,2017,11,,-,0,,0,,,-,,-,,-,0,,0,,,-,,-,,-,0,,0,,,-,,-,"MINNESOTA
(46.357661, -94.793397)",
MISSOURI,2017,11,,-,2,,20,,1,,1,,,-,0,,2,,1,,1,,,-,0,,1,,,-,,-,"MISSOURI
(38.636168, -92.566292)",
WISCONSIN,2017,11,,-,0,,3,,,-,,-,,-,7,,42,,2,,4,,,-,0,,4,,,-,2,,"WISCONSIN
(44.395526, -89.834513)",
MICHIGAN,2017,11,,-,0,,2,,1,,,-,,-,0,,1,,,-,1,,,-,0,,0,,,-,,-,"MICHIGAN
(44.66399, -84.711206)",
GEORGIA,2017,11,,-,0,,2,,,-,,-,,-,0,,0,,,-,1,,,-,0,,1,,,-,,-,"GEORGIA
(32.836038, -83.631709)",
KANSAS,2017,11,,-,0,,5,,,-,2,,,-,0,,1,,,-,,-,,-,0,,1,,,-,,-,"KANSAS
(38.345528, -98.201847)",
OHIO,2017,11,,-,0,,1,,,-,,-,,-,0,,2,,,-,,-,,-,0,,0,,,-,,-,"OHIO
(40.056807, -82.405897)",
W.S. CENTRAL,2017,11,,-,2,,18,,3,,5,,,-,0,,5,,,-,1,,,-,0,,1,,,-,,-,,
MOUNTAIN,2017,11,,-,0,,1,,,-,,-,,-,0,,1,,,-,,-,,-,0,,1,,1,,,-,,
PACIFIC,2017,11,,-,0,,1,,,-,,-,,-,0,,1,,,-,,-,,-,0,,2,,,-,,-,,
AMER. SAMOA,2017,11,,N,0,,0,,,N,,N,,N,0,,0,,,N,,N,,N,0,,0,,,N,,N,,
ILLINOIS,2017,11,,-,0,,5,,1,,,-,,-,0,,2,,,-,,-,,-,0,,0,,,-,,-,"ILLINOIS
(40.477092, -88.993221)",
UTAH,2017,11,,-,0,,0,,,-,,-,,-,0,,0,,,-,,-,,-,0,,0,,,-,,-,"UTAH
(39.359772, -111.584173)",
WYOMING,2017,11,,-,0,,0,,,-,,-,,-,0,,1,,,-,,-,,-,0,,0,,,-,,-,"WYOMING
(43.23558, -108.110518)",
MASSACHUSETTS,2017,11,,-,0,,2,,,-,,-,,-,11,,69,,8,,27,,,-,0,,0,,,-,,-,"MASSACHUSETTS
(42.268546, -72.085064)",
VIRGINIA,2017,11,,-,1,,11,,,-,1,,,-,0,,2,,1,,,-,,-,0,,2,,,-,,-,"VIRGINIA
(37.542699, -78.45822)",
IOWA,2017,11,,-,0,,1,,,-,,-,,-,0,,1,,,-,,-,,-,0,,1,,,-,,-,"IOWA
(42.46942, -93.815856)",
VERMONT,2017,11,,-,0,,1,,1,,1,,,-,2,,26,,,-,3,,,-,0,,1,,,-,,-,"VERMONT
(43.622479, -72.51927)",
MISSISSIPPI,2017,11,,-,0,,2,,,-,,-,,-,0,,0,,,-,,-,,-,0,,0,,,-,,-,"MISSISSIPPI
(32.738663, -89.537312)",
LOUISIANA,2017,11,,-,0,,1,,,-,1,,,-,0,,0,,,-,,-,,-,0,,0,,,-,,-,"LOUISIANA
(31.2931, -92.463284)",
ARKANSAS,2017,11,,-,2,,16,,3,,3,,,-,0,,5,,,-,1,,,-,0,,0,,,-,,-,"ARKANSAS
(34.748745, -92.275105)",
OKLAHOMA,2017,11,,-,0,,1,,,-,,-,,-,0,,0,,,-,,-,,-,0,,0,,,-,,-,"OKLAHOMA
(35.468494, -97.521264)",
ARIZONA,2017,11,,-,0,,0,,,-,,-,,-,0,,0,,,-,,-,,-,0,,1,,1,,,-,"ARIZONA
(34.869712, -111.760902)",
OREGON,2017,11,,-,0,,1,,,-,,-,,-,0,,1,,,-,,-,,-,0,,0,,,-,,-,"OREGON
(44.567912, -120.156945)",
MONTANA,2017,11,,-,0,,1,,,-,,-,,-,0,,0,,,-,,-,,-,0,,0,,,-,,-,"MONTANA
(47.062617, -109.430168)",
NEVADA,2017,11,,-,0,,0,,,-,,-,,-,0,,0,,,-,,-,,-,0,,0,,,-,,-,"NEVADA
(39.491833, -117.070159)",
NEW MEXICO,2017,11,,N,0,,0,,,N,,N,,N,0,,0,,,N,,N,,N,0,,0,,,N,,N,"NEW MEXICO
(34.520396, -106.244402)",
ALASKA,2017,11,,N,0,,0,,,N,,N,,N,0,,0,,,N,,N,,N,0,,0,,,N,,N,"ALASKA
(64.836661, -147.738891)",
WASHINGTON,2017,11,,-,0,,0,,,-,,-,,-,0,,0,,,-,,-,,-,0,,0,,,-,,-,"WASHINGTON
(47.517368, -120.467672)",
GUAM,2017,11,,N,0,,0,,,N,,N,,N,0,,0,,,N,,N,,N,0,,0,,,N,,N,"GUAM
(13.3532, 144.653198)",
TENNESSEE,2017,11,,-,1,,10,,,-,,-,,-,0,,2,,,-,,-,,-,0,,2,,,-,,-,"TENNESSEE
(35.681402, -85.774444)",
WEST VIRGINIA,2017,11,,-,0,,1,,,-,,-,,-,0,,0,,,-,,-,,-,0,,0,,,-,,-,"WEST VIRGINIA
(38.668501, -80.709421)",
TEXAS,2017,11,,-,0,,2,,,-,1,,,-,0,,1,,,-,,-,,-,0,,1,,,-,,-,"TEXAS
(31.827233, -99.423022)",
NEBRASKA,2017,11,,-,0,,2,,,-,,-,,-,0,,1,,,-,,-,,-,0,,0,,,-,,-,"NEBRASKA
(41.640503, -99.367122)",
PENNSYLVANIA,2017,11,,-,0,,1,,,-,,-,,-,0,,1,,,-,,-,,-,0,,1,,,-,,-,"PENNSYLVANIA
(40.789676, -77.858055)",
DIST. OF COL.,2017,11,,-,0,,1,,,-,,-,,N,0,,0,,,N,,N,,-,0,,0,,,-,,-,"DISTRICT OF COLUMBIA
(38.892062, -77.019912)",
IDAHO,2017,11,,N,0,,0,,,N,,N,,N,0,,0,,,N,,N,,N,0,,0,,,N,,N,"IDAHO
(43.680635, -114.364237)",
MARYLAND,2017,11,,-,0,,7,,1,,1,,,-,0,,2,,,-,,-,,-,0,,1,,,-,,-,"MARYLAND
(39.290443, -76.612333)",
RHODE ISLAND,2017,11,,-,0,,6,,2,,1,,,-,0,,18,,2,,4,,,-,0,,0,,,-,,-,"RHODE ISLAND
(41.707447, -71.522488)",
NEW HAMPSHIRE,2017,11,,-,0,,1,,1,,2,,,-,0,,6,,,-,2,,,-,0,,0,,,-,,-,"NEW HAMPSHIRE
(43.657736, -71.500736)",
PUERTO RICO,2017,11,,N,0,,0,,,N,,N,,N,0,,0,,,N,,N,,N,0,,0,,,N,,N,"PUERTO RICO
(18.215692, -66.414655)",
CALIFORNIA,2017,11,,-,0,,0,,,-,,-,,-,0,,0,,,-,,-,,-,0,,2,,,-,,-,"CALIFORNIA
(37.640735, -121.002435)",
COLORADO,2017,11,,N,0,,0,,,N,,N,,N,0,,0,,,N,,N,,N,0,,0,,,N,,N,"COLORADO
(38.841772, -106.132562)",
ALABAMA,2017,11,,-,0,,2,,,-,1,,,-,0,,1,,,-,,-,,-,0,,1,,,-,,-,"ALABAMA
(32.839182, -86.631125)",
SOUTH CAROLINA,2017,11,,-,0,,0,,,-,,-,,-,0,,0,,,-,,-,,-,0,,1,,,-,,-,"SOUTH CAROLINA
(34.009286, -81.037094)",
HAWAII,2017,11,,N,0,,0,,,N,,N,,N,0,,0,,,N,,N,,N,0,,0,,,N,,N,"HAWAII
(21.30992, -157.858158)",
MAINE,2017,11,,-,0,,1,,1,,,-,,-,3,,31,,4,,3,,,-,0,,1,,,-,1,,"MAINE
(45.252223, -68.986647)",
VIRGIN ISL.,2017,11,,-,0,,0,,,-,,-,,-,0,,0,,,-,,-,,-,0,,0,,,-,,-,"VIRGIN ISLANDS
(18.060868, -64.840836)",
DELAWARE,2017,11,,-,0,,3,,,-,,-,,-,0,,1,,,-,1,,,-,0,,1,,,-,,-,"DELAWARE
(39.008676, -75.574561)",
C.N.M.I.,2017,11,,-,,-,,-,,-,,-,,-,,-,,-,,-,,-,,-,,-,,-,,-,,-,"NORTHERN MARIANA ISLANDS
(15.1834, 145.725693)",
NORTH CAROLINA,2017,11,,-,0,,5,,,-,2,,,-,0,,2,,,-,1,,,-,0,,0,,,-,,-,"NORTH CAROLINA
(35.47995, -79.180571)",
CONNECTICUT,2017,11,,-,0,,0,,,-,,-,,-,0,,4,,,-,,-,,N,0,,0,,,N,,N,"CONNECTICUT
(41.544654, -72.651713)",
NEW YORK,2017,11,,-,2,,13,,1,,11,,,-,12,,55,,6,,13,,,-,0,,2,,1,,,-,"NEW YORK
(42.826892, -75.544286)",
UNITED STATES,2017,12,,-,13,,91,,27,,33,,1,,45,,203,,37,,79,,,-,2,,10,,4,,5,,,
NEW ENGLAND,2017,12,,-,1,,8,,5,,6,,1,,19,,102,,15,,48,,,-,0,,1,,,-,1,,,
MID. ATLANTIC,2017,12,,-,3,,17,,8,,12,,,-,14,,61,,18,,19,,,-,0,,3,,3,,2,,,
NEW YORK CITY,2017,12,,-,0,,3,,3,,,-,,-,1,,5,,6,,3,,,-,0,,1,,1,,2,,,
E.N. CENTRAL,2017,12,,-,1,,8,,2,,1,,,-,7,,43,,2,,5,,,-,1,,6,,,-,2,,,
W.N. CENTRAL,2017,12,,-,2,,25,,1,,3,,,-,0,,4,,1,,1,,,-,0,,2,,,-,,-,,
S. ATLANTIC,2017,12,,-,3,,18,,3,,4,,,-,0,,4,,1,,5,,,-,0,,2,,,-,,-,,
E.S. CENTRAL,2017,12,,-,1,,13,,3,,2,,,-,0,,3,,,-,,-,,-,0,,2,,,-,,-,,
W.S. CENTRAL,2017,12,,-,2,,18,,5,,5,,,-,0,,5,,,-,1,,,-,0,,1,,,-,,-,,
MOUNTAIN,2017,12,,-,0,,1,,,-,,-,,-,0,,1,,,-,,-,,-,0,,1,,1,,,-,,
PACIFIC,2017,12,,-,0,,1,,,-,,-,,-,0,,1,,,-,,-,,-,0,,2,,,-,,-,,
AMER. SAMOA,2017,12,,N,0,,0,,,N,,N,,N,0,,0,,,N,,N,,N,0,,0,,,N,,N,,
RHODE ISLAND,2017,12,,-,0,,6,,2,,3,,,-,0,,18,,2,,4,,,-,0,,0,,,-,,-,"RHODE ISLAND
(41.707447, -71.522488)",
NORTH CAROLINA,2017,12,,-,0,,5,,,-,2,,,-,0,,2,,,-,1,,,-,0,,0,,,-,,-,"NORTH CAROLINA
(35.47995, -79.180571)",
NEVADA,2017,12,,-,0,,0,,,-,,-,,-,0,,0,,,-,,-,,-,0,,0,,,-,,-,"NEVADA
(39.491833, -117.070159)",
TENNESSEE,2017,12,,-,1,,10,,,-,,-,,-,0,,2,,,-,,-,,-,0,,2,,,-,,-,"TENNESSEE
(35.681402, -85.774444)",
VIRGIN ISL.,2017,12,,-,0,,0,,,-,,-,,-,0,,0,,,-,,-,,-,0,,0,,,-,,-,"VIRGIN ISLANDS
(18.060868, -64.840836)",
NEW YORK,2017,12,,-,2,,13,,2,,11,,,-,12,,55,,9,,13,,,-,0,,2,,2,,,-,"NEW YORK
(42.826892, -75.544286)",
MINNESOTA,2017,12,,-,0,,0,,,-,,-,,-,0,,0,,,-,,-,,-,0,,0,,,-,,-,"MINNESOTA
(46.357661, -94.793397)",
OREGON,2017,12,,-,0,,1,,,-,,-,,-,0,,1,,,-,,-,,-,0,,0,,,-,,-,"OREGON
(44.567912, -120.156945)",
INDIANA,2017,12,,-,0,,0,,,-,,-,,-,0,,0,,,-,,-,,-,0,,2,,,-,,-,"INDIANA
(39.76845, -86.156212)",
MISSOURI,2017,12,,-,2,,20,,1,,1,,,-,0,,2,,1,,1,,,-,0,,1,,,-,,-,"MISSOURI
(38.636168, -92.566292)",
FLORIDA,2017,12,,-,0,,6,,2,,,-,,-,0,,1,,,-,2,,,-,0,,0,,,-,,-,"FLORIDA
(28.915325, -81.922409)",
DELAWARE,2017,12,,-,0,,3,,,-,,-,,-,0,,1,,,-,1,,,-,0,,1,,,-,,-,"DELAWARE
(39.008676, -75.574561)",
SOUTH DAKOTA,2017,12,,-,0,,0,,,-,,-,,-,0,,1,,,-,,-,,-,0,,0,,,-,,-,"SOUTH DAKOTA
(44.35371, -100.373709)",
MONTANA,2017,12,,-,0,,1,,,-,,-,,-,0,,0,,,-,,-,,-,0,,0,,,-,,-,"MONTANA
(47.062617, -109.430168)",
PENNSYLVANIA,2017,12,,-,0,,1,,,-,,-,,-,0,,1,,,-,,-,,-,0,,1,,,-,,-,"PENNSYLVANIA
(40.789676, -77.858055)",
MAINE,2017,12,,-,0,,1,,1,,,-,1,,3,,31,,5,,3,,,-,0,,1,,,-,1,,"MAINE
(45.252223, -68.986647)",
HAWAII,2017,12,,N,0,,0,,,N,,N,,N,0,,0,,,N,,N,,N,0,,0,,,N,,N,"HAWAII
(21.30992, -157.858158)",
IOWA,2017,12,,-,0,,1,,,-,,-,,-,0,,1,,,-,,-,,-,0,,1,,,-,,-,"IOWA
(42.46942, -93.815856)",
KENTUCKY,2017,12,,-,0,,4,,3,,1,,,-,0,,1,,,-,,-,,-,0,,1,,,-,,-,"KENTUCKY
(37.64591, -84.774043)",
KANSAS,2017,12,,-,0,,5,,,-,2,,,-,0,,1,,,-,,-,,-,0,,1,,,-,,-,"KANSAS
(38.345528, -98.201847)",
PUERTO RICO,2017,12,,N,0,,0,,,N,,N,,N,0,,0,,,N,,N,,N,0,,0,,,N,,N,"PUERTO RICO
(18.215692, -66.414655)",
VIRGINIA,2017,12,,-,1,,11,,,-,1,,,-,0,,2,,1,,,-,,-,0,,2,,,-,,-,"VIRGINIA
(37.542699, -78.45822)",
ILLINOIS,2017,12,,-,0,,5,,1,,1,,,-,0,,2,,,-,,-,,-,0,,0,,,-,,-,"ILLINOIS
(40.477092, -88.993221)",
NEW MEXICO,2017,12,,N,0,,0,,,N,,N,,N,0,,0,,,N,,N,,N,0,,0,,,N,,N,"NEW MEXICO
(34.520396, -106.244402)",
ALASKA,2017,12,,N,0,,0,,,N,,N,,N,0,,0,,,N,,N,,N,0,,0,,,N,,N,"ALASKA
(64.836661, -147.738891)",
LOUISIANA,2017,12,,-,0,,1,,,-,1,,,-,0,,0,,,-,,-,,-,0,,0,,,-,,-,"LOUISIANA
(31.2931, -92.463284)",
GUAM,2017,12,,N,0,,0,,,N,,N,,N,0,,0,,,N,,N,,N,0,,0,,,N,,N,"GUAM
(13.3532, 144.653198)",
VERMONT,2017,12,,-,0,,1,,1,,1,,,-,2,,26,,,-,3,,,-,0,,1,,,-,,-,"VERMONT
(43.622479, -72.51927)",
MARYLAND,2017,12,,-,0,,7,,1,,1,,,-,0,,2,,,-,,-,,-,0,,1,,,-,,-,"MARYLAND
(39.290443, -76.612333)",
ARIZONA,2017,12,,-,0,,0,,,-,,-,,-,0,,0,,,-,,-,,-,0,,1,,1,,,-,"ARIZONA
(34.869712, -111.760902)",
COLORADO,2017,12,,N,0,,0,,,N,,N,,N,0,,0,,,N,,N,,N,0,,0,,,N,,N,"COLORADO
(38.841772, -106.132562)",
ARKANSAS,2017,12,,-,2,,16,,5,,3,,,-,0,,5,,,-,1,,,-,0,,0,,,-,,-,"ARKANSAS
(34.748745, -92.275105)",
MASSACHUSETTS,2017,12,,-,0,,2,,,-,,-,,-,11,,69,,8,,30,,,-,0,,0,,,-,,-,"MASSACHUSETTS
(42.268546, -72.085064)",
WYOMING,2017,12,,-,0,,0,,,-,,-,,-,0,,1,,,-,,-,,-,0,,0,,,-,,-,"WYOMING
(43.23558, -108.110518)",
NORTH DAKOTA,2017,12,,-,0,,1,,,-,,-,,-,0,,2,,,-,,-,,-,0,,1,,,-,,-,"NORTH DAKOTA
(47.475879, -100.121011)",
CALIFORNIA,2017,12,,-,0,,0,,,-,,-,,-,0,,0,,,-,,-,,-,0,,2,,,-,,-,"CALIFORNIA
(37.640735, -121.002435)",
TEXAS,2017,12,,-,0,,2,,,-,1,,,-,0,,1,,,-,,-,,-,0,,1,,,-,,-,"TEXAS
(31.827233, -99.423022)",
ALABAMA,2017,12,,-,0,,2,,,-,1,,,-,0,,1,,,-,,-,,-,0,,1,,,-,,-,"ALABAMA
(32.839182, -86.631125)",
WEST VIRGINIA,2017,12,,-,0,,1,,,-,,-,,-,0,,0,,,-,,-,,-,0,,0,,,-,,-,"WEST VIRGINIA
(38.668501, -80.709421)",
NEBRASKA,2017,12,,-,0,,2,,,-,,-,,-,0,,1,,,-,,-,,-,0,,0,,,-,,-,"NEBRASKA
(41.640503, -99.367122)",
WASHINGTON,2017,12,,-,0,,0,,,-,,-,,-,0,,0,,,-,,-,,-,0,,0,,,-,,-,"WASHINGTON
(47.517368, -120.467672)",
WISCONSIN,2017,12,,-,0,,3,,,-,,-,,-,7,,42,,2,,4,,,-,0,,4,,,-,2,,"WISCONSIN
(44.395526, -89.834513)",
MISSISSIPPI,2017,12,,-,0,,2,,,-,,-,,-,0,,0,,,-,,-,,-,0,,0,,,-,,-,"MISSISSIPPI
(32.738663, -89.537312)",
OHIO,2017,12,,-,0,,1,,,-,,-,,-,0,,2,,,-,,-,,-,0,,0,,,-,,-,"OHIO
(40.056807, -82.405897)",
OKLAHOMA,2017,12,,-,0,,1,,,-,,-,,-,0,,0,,,-,,-,,-,0,,0,,,-,,-,"OKLAHOMA
(35.468494, -97.521264)",
IDAHO,2017,12,,N,0,,0,,,N,,N,,N,0,,0,,,N,,N,,N,0,,0,,,N,,N,"IDAHO
(43.680635, -114.364237)",
SOUTH CAROLINA,2017,12,,-,0,,0,,,-,,-,,-,0,,0,,,-,,-,,-,0,,1,,,-,,-,"SOUTH CAROLINA
(34.009286, -81.037094)",
DIST. OF COL.,2017,12,,-,0,,1,,,-,,-,,N,0,,0,,,N,,N,,-,0,,0,,,-,,-,"DISTRICT OF COLUMBIA
(38.892062, -77.019912)",
CONNECTICUT,2017,12,,-,0,,0,,,-,,-,,-,0,,4,,,-,4,,,N,0,,0,,,N,,N,"CONNECTICUT
(41.544654, -72.651713)",
NEW HAMPSHIRE,2017,12,,-,0,,1,,1,,2,,,-,0,,6,,,-,4,,,-,0,,0,,,-,,-,"NEW HAMPSHIRE
(43.657736, -71.500736)",
GEORGIA,2017,12,,-,0,,2,,,-,,-,,-,0,,0,,,-,1,,,-,0,,1,,,-,,-,"GEORGIA
(32.836038, -83.631709)",
NEW JERSEY,2017,12,,-,1,,7,,3,,1,,,-,1,,13,,3,,3,,,-,0,,2,,,-,,-,"NEW JERSEY
(40.104655, -74.386686)",
MICHIGAN,2017,12,,-,0,,2,,1,,,-,,-,0,,1,,,-,1,,,-,0,,0,,,-,,-,"MICHIGAN
(44.66399, -84.711206)",
C.N.M.I.,2017,12,,-,,-,,-,,-,,-,,-,,-,,-,,-,,-,,-,,-,,-,,-,,-,"NORTHERN MARIANA ISLANDS
(15.1834, 145.725693)",
UTAH,2017,12,,-,0,,0,,,-,,-,,-,0,,0,,,-,,-,,-,0,,0,,,-,,-,"UTAH
(39.359772, -111.584173)",
UNITED STATES,2017,13,4,,13,,86,,29,,45,,14,,45,,203,,52,,101,,,-,2,,10,,3,,7,,,
NEW ENGLAND,2017,13,,-,1,,8,,5,,8,,12,,20,,105,,27,,65,,,-,0,,1,,,-,2,,,
MID. ATLANTIC,2017,13,1,,3,,13,,8,,14,,1,,12,,56,,17,,21,,,-,0,,2,,2,,2,,,
NEW YORK CITY,2017,13,,-,0,,3,,3,,,-,,-,1,,5,,6,,3,,,-,0,,1,,1,,2,,,
E.N. CENTRAL,2017,13,,-,1,,8,,2,,1,,,-,7,,43,,4,,6,,,-,1,,6,,,-,2,,,
W.N. CENTRAL,2017,13,,-,2,,25,,1,,4,,,-,0,,4,,1,,2,,,-,0,,2,,,-,1,,,
S. ATLANTIC,2017,13,,-,2,,18,,2,,5,,1,,0,,4,,2,,5,,,-,0,,2,,,-,,-,,
E.S. CENTRAL,2017,13,1,,1,,13,,4,,4,,,-,0,,3,,1,,1,,,-,0,,2,,,-,,-,,
W.S. CENTRAL,2017,13,2,,2,,18,,7,,9,,,-,0,,5,,,-,1,,,-,0,,1,,,-,,-,,
MOUNTAIN,2017,13,,-,0,,1,,,-,,-,,-,0,,1,,,-,,-,,-,0,,1,,1,,,-,,
PACIFIC,2017,13,,-,0,,1,,,-,,-,,-,0,,1,,,-,,-,,-,0,,2,,,-,,-,,
AMER. SAMOA,2017,13,,N,0,,0,,,N,,N,,N,0,,0,,,N,,N,,N,0,,0,,,N,,N,,
MINNESOTA,2017,13,,-,0,,0,,,-,,-,,-,0,,0,,,-,,-,,-,0,,0,,,-,,-,"MINNESOTA
(46.357661, -94.793397)",
NEVADA,2017,13,,-,0,,0,,,-,,-,,-,0,,0,,,-,,-,,-,0,,0,,,-,,-,"NEVADA
(39.491833, -117.070159)",
MASSACHUSETTS,2017,13,,-,0,,2,,,-,,-,,-,11,,69,,8,,43,,,-,0,,0,,,-,,-,"MASSACHUSETTS
(42.268546, -72.085064)",
CALIFORNIA,2017,13,,-,0,,0,,,-,,-,,-,0,,0,,,-,,-,,-,0,,2,,,-,,-,"CALIFORNIA
(37.640735, -121.002435)",
NEW HAMPSHIRE,2017,13,,-,0,,1,,1,,3,,,-,0,,6,,,-,5,,,-,0,,0,,,-,,-,"NEW HAMPSHIRE
(43.657736, -71.500736)",
ARIZONA,2017,13,,-,0,,0,,,-,,-,,-,0,,0,,,-,,-,,-,0,,1,,1,,,-,"ARIZONA
(34.869712, -111.760902)",
MISSISSIPPI,2017,13,,-,0,,2,,,-,,-,,-,0,,0,,,-,,-,,-,0,,0,,,-,,-,"MISSISSIPPI
(32.738663, -89.537312)",
MONTANA,2017,13,,-,0,,1,,,-,,-,,-,0,,0,,,-,,-,,-,0,,0,,,-,,-,"MONTANA
(47.062617, -109.430168)",
LOUISIANA,2017,13,,-,0,,1,,,-,1,,,-,0,,0,,,-,,-,,-,0,,0,,,-,,-,"LOUISIANA
(31.2931, -92.463284)",
KANSAS,2017,13,,-,0,,5,,,-,2,,,-,0,,1,,,-,,-,,-,0,,1,,,-,,-,"KANSAS
(38.345528, -98.201847)",
ALABAMA,2017,13,,-,0,,2,,,-,1,,,-,0,,1,,,-,1,,,-,0,,1,,,-,,-,"ALABAMA
(32.839182, -86.631125)",
C.N.M.I.,2017,13,,-,,-,,-,,-,,-,,-,,-,,-,,-,,-,,-,,-,,-,,-,,-,"NORTHERN MARIANA ISLANDS
(15.1834, 145.725693)",
VIRGINIA,2017,13,,-,1,,11,,,-,1,,,-,0,,2,,1,,,-,,-,0,,2,,,-,,-,"VIRGINIA
(37.542699, -78.45822)",
WISCONSIN,2017,13,,-,0,,3,,,-,,-,,-,7,,42,,4,,5,,,-,0,,4,,,-,2,,"WISCONSIN
(44.395526, -89.834513)",
SOUTH CAROLINA,2017,13,,-,0,,0,,,-,,-,,-,0,,0,,,-,,-,,-,0,,1,,,-,,-,"SOUTH CAROLINA
(34.009286, -81.037094)",
VIRGIN ISL.,2017,13,,-,0,,0,,,-,,-,,-,0,,0,,,-,,-,,-,0,,0,,,-,,-,"VIRGIN ISLANDS
(18.060868, -64.840836)",
DIST. OF COL.,2017,13,,-,0,,1,,,-,,-,,N,0,,0,,,N,,N,,-,0,,0,,,-,,-,"DISTRICT OF COLUMBIA
(38.892062, -77.019912)",
OHIO,2017,13,,-,0,,1,,,-,,-,,-,0,,2,,,-,,-,,-,0,,0,,,-,,-,"OHIO
(40.056807, -82.405897)",
NEW JERSEY,2017,13,,-,0,,1,,3,,1,,,-,0,,2,,4,,1,,,-,0,,1,,,-,,-,"NEW JERSEY
(40.104655, -74.386686)",
WEST VIRGINIA,2017,13,,-,0,,1,,,-,1,,,-,0,,0,,,-,,-,,-,0,,0,,,-,,-,"WEST VIRGINIA
(38.668501, -80.709421)",
ILLINOIS,2017,13,,-,0,,5,,1,,1,,,-,0,,2,,,-,,-,,-,0,,0,,,-,,-,"ILLINOIS
(40.477092, -88.993221)",
NEW MEXICO,2017,13,,N,0,,0,,,N,,N,,N,0,,0,,,N,,N,,N,0,,0,,,N,,N,"NEW MEXICO
(34.520396, -106.244402)",
GEORGIA,2017,13,,-,0,,2,,,-,,-,,-,0,,0,,,-,1,,,-,0,,1,,,-,,-,"GEORGIA
(32.836038, -83.631709)",
NORTH CAROLINA,2017,13,,-,0,,5,,,-,2,,,-,0,,2,,,-,1,,,-,0,,0,,,-,,-,"NORTH CAROLINA
(35.47995, -79.180571)",
MAINE,2017,13,,-,0,,1,,1,,,-,,-,3,,31,,5,,4,,,-,0,,1,,,-,2,,"MAINE
(45.252223, -68.986647)",
PUERTO RICO,2017,13,,N,0,,0,,,N,,N,,N,0,,0,,,N,,N,,N,0,,0,,,N,,N,"PUERTO RICO
(18.215692, -66.414655)",
GUAM,2017,13,,N,0,,0,,,N,,N,,N,0,,0,,,N,,N,,N,0,,0,,,N,,N,"GUAM
(13.3532, 144.653198)",
KENTUCKY,2017,13,1,,0,,4,,4,,2,,,-,0,,1,,,-,,-,,-,0,,1,,,-,,-,"KENTUCKY
(37.64591, -84.774043)",
MISSOURI,2017,13,,-,2,,20,,1,,1,,,-,0,,2,,1,,1,,,-,0,,1,,,-,,-,"MISSOURI
(38.636168, -92.566292)",
INDIANA,2017,13,,-,0,,0,,,-,,-,,-,0,,0,,,-,,-,,-,0,,2,,,-,,-,"INDIANA
(39.76845, -86.156212)",
RHODE ISLAND,2017,13,,-,0,,6,,2,,4,,,-,0,,18,,2,,4,,,-,0,,0,,,-,,-,"RHODE ISLAND
(41.707447, -71.522488)",
NEBRASKA,2017,13,,-,0,,2,,,-,,-,,-,0,,1,,,-,,-,,-,0,,0,,,-,,-,"NEBRASKA
(41.640503, -99.367122)",
FLORIDA,2017,13,,-,0,,6,,1,,,-,1,,0,,1,,1,,2,,,-,0,,0,,,-,,-,"FLORIDA
(28.915325, -81.922409)",
CONNECTICUT,2017,13,,-,0,,0,,,-,,-,11,,1,,7,,11,,4,,,N,0,,0,,,N,,N,"CONNECTICUT
(41.544654, -72.651713)",
IOWA,2017,13,,-,0,,1,,,-,,-,,-,0,,1,,,-,1,,,-,0,,1,,,-,,-,"IOWA
(42.46942, -93.815856)",
OKLAHOMA,2017,13,,-,0,,1,,,-,,-,,-,0,,0,,,-,,-,,-,0,,0,,,-,,-,"OKLAHOMA
(35.468494, -97.521264)",
IDAHO,2017,13,,N,0,,0,,,N,,N,,N,0,,0,,,N,,N,,N,0,,0,,,N,,N,"IDAHO
(43.680635, -114.364237)",
TENNESSEE,2017,13,,-,1,,10,,,-,1,,,-,0,,2,,1,,,-,,-,0,,2,,,-,,-,"TENNESSEE
(35.681402, -85.774444)",
COLORADO,2017,13,,N,0,,0,,,N,,N,,N,0,,0,,,N,,N,,N,0,,0,,,N,,N,"COLORADO
(38.841772, -106.132562)",
OREGON,2017,13,,-,0,,1,,,-,,-,,-,0,,1,,,-,,-,,-,0,,0,,,-,,-,"OREGON
(44.567912, -120.156945)",
WYOMING,2017,13,,-,0,,0,,,-,,-,,-,0,,1,,,-,,-,,-,0,,0,,,-,,-,"WYOMING
(43.23558, -108.110518)",
ARKANSAS,2017,13,2,,2,,16,,7,,6,,,-,0,,5,,,-,1,,,-,0,,0,,,-,,-,"ARKANSAS
(34.748745, -92.275105)",
ALASKA,2017,13,,N,0,,0,,,N,,N,,N,0,,0,,,N,,N,,N,0,,0,,,N,,N,"ALASKA
(64.836661, -147.738891)",
MICHIGAN,2017,13,,-,0,,2,,1,,,-,,-,0,,1,,,-,1,,,-,0,,0,,,-,,-,"MICHIGAN
(44.66399, -84.711206)",
NEW YORK,2017,13,1,,2,,13,,2,,13,,1,,12,,55,,7,,17,,,-,0,,2,,1,,,-,"NEW YORK
(42.826892, -75.544286)",
WASHINGTON,2017,13,,-,0,,0,,,-,,-,,-,0,,0,,,-,,-,,-,0,,0,,,-,,-,"WASHINGTON
(47.517368, -120.467672)",
DELAWARE,2017,13,,-,0,,3,,,-,,-,,-,0,,1,,,-,1,,,-,0,,1,,,-,,-,"DELAWARE
(39.008676, -75.574561)",
MARYLAND,2017,13,,-,0,,7,,1,,1,,,-,0,,2,,,-,,-,,-,0,,1,,,-,,-,"MARYLAND
(39.290443, -76.612333)",
VERMONT,2017,13,,-,0,,1,,1,,1,,1,,2,,26,,1,,5,,,-,0,,1,,,-,,-,"VERMONT
(43.622479, -72.51927)",
NORTH DAKOTA,2017,13,,-,0,,1,,,-,1,,,-,0,,2,,,-,,-,,-,0,,1,,,-,1,,"NORTH DAKOTA
(47.475879, -100.121011)",
UTAH,2017,13,,-,0,,0,,,-,,-,,-,0,,0,,,-,,-,,-,0,,0,,,-,,-,"UTAH
(39.359772, -111.584173)",
PENNSYLVANIA,2017,13,,-,0,,1,,,-,,-,,-,0,,1,,,-,,-,,-,0,,1,,,-,,-,"PENNSYLVANIA
(40.789676, -77.858055)",
SOUTH DAKOTA,2017,13,,-,0,,0,,,-,,-,,-,0,,1,,,-,,-,,-,0,,0,,,-,,-,"SOUTH DAKOTA
(44.35371, -100.373709)",
TEXAS,2017,13,,-,0,,2,,,-,2,,,-,0,,1,,,-,,-,,-,0,,1,,,-,,-,"TEXAS
(31.827233, -99.423022)",
HAWAII,2017,13,,N,0,,0,,,N,,N,,N,0,,0,,,N,,N,,N,0,,0,,,N,,N,"HAWAII
(21.30992, -157.858158)",
UNITED STATES,2017,14,6,,13,,86,,40,,46,,2,,46,,203,,74,,117,,,-,2,,10,,5,,10,,,
NEW ENGLAND,2017,14,2,,1,,8,,7,,10,,,-,22,,106,,41,,80,,,-,0,,1,,,-,2,,,
MID. ATLANTIC,2017,14,2,,3,,13,,14,,7,,1,,12,,56,,23,,19,,,-,0,,2,,3,,3,,,
NEW YORK CITY,2017,14,,-,0,,3,,3,,,-,,-,1,,5,,6,,3,,,-,0,,1,,1,,2,,,
E.N. CENTRAL,2017,14,,-,1,,8,,2,,1,,,-,7,,43,,5,,8,,,-,1,,6,,1,,3,,,
W.N. CENTRAL,2017,14,,-,2,,25,,2,,8,,,-,0,,4,,1,,3,,,-,0,,2,,,-,1,,,
S. ATLANTIC,2017,14,,-,2,,18,,2,,6,,1,,1,,4,,3,,5,,,-,0,,2,,,-,,-,,
E.S. CENTRAL,2017,14,,-,1,,13,,4,,5,,,-,0,,3,,1,,1,,,-,0,,2,,,-,1,,,
W.S. CENTRAL,2017,14,2,,2,,18,,9,,9,,,-,0,,5,,,-,1,,,-,0,,1,,,-,,-,,
MOUNTAIN,2017,14,,-,0,,1,,,-,,-,,-,0,,1,,,-,,-,,-,0,,1,,1,,,-,,
PACIFIC,2017,14,,-,0,,1,,,-,,-,,-,0,,1,,,-,,-,,-,0,,2,,,-,,-,,
AMER. SAMOA,2017,14,,N,0,,0,,,N,,N,,N,0,,0,,,N,,N,,N,0,,0,,,N,,N,,
WEST VIRGINIA,2017,14,,-,0,,1,,,-,1,,,-,0,,0,,,-,,-,,-,0,,0,,,-,,-,"WEST VIRGINIA
(38.668501, -80.709421)",
WASHINGTON,2017,14,,-,0,,0,,,-,,-,,-,0,,0,,,-,,-,,-,0,,0,,,-,,-,"WASHINGTON
(47.517368, -120.467672)",
NEW YORK,2017,14,2,,2,,13,,8,,6,,1,,12,,55,,13,,15,,,-,0,,2,,2,,1,,"NEW YORK
(42.826892, -75.544286)",
IOWA,2017,14,,-,0,,1,,,-,,-,,-,0,,1,,,-,1,,,-,0,,1,,,-,,-,"IOWA
(42.46942, -93.815856)",
DELAWARE,2017,14,,-,0,,3,,,-,,-,,-,0,,1,,,-,1,,,-,0,,1,,,-,,-,"DELAWARE
(39.008676, -75.574561)",
INDIANA,2017,14,,-,0,,0,,,-,,-,,-,0,,0,,,-,,-,,-,0,,2,,,-,1,,"INDIANA
(39.76845, -86.156212)",
GUAM,2017,14,,N,0,,0,,,N,,N,,N,0,,0,,,N,,N,,N,0,,0,,,N,,N,"GUAM
(13.3532, 144.653198)",
TENNESSEE,2017,14,,-,0,,10,,,-,2,,,-,0,,2,,1,,,-,,-,0,,2,,,-,,-,"TENNESSEE
(35.681402, -85.774444)",
CONNECTICUT,2017,14,,-,0,,0,,,-,,-,,-,1,,11,,11,,8,,,N,0,,0,,,N,,N,"CONNECTICUT
(41.544654, -72.651713)",
MICHIGAN,2017,14,,-,0,,2,,1,,,-,,-,0,,1,,,-,1,,,-,0,,0,,,-,,-,"MICHIGAN
(44.66399, -84.711206)",
NEVADA,2017,14,,-,0,,0,,,-,,-,,-,0,,0,,,-,,-,,-,0,,0,,,-,,-,"NEVADA
(39.491833, -117.070159)",
C.N.M.I.,2017,14,,-,,-,,-,,-,,-,,-,,-,,-,,-,,-,,-,,-,,-,,-,,-,"NORTHERN MARIANA ISLANDS
(15.1834, 145.725693)",
MASSACHUSETTS,2017,14,,-,0,,2,,,-,,-,,-,10,,69,,21,,48,,,-,0,,0,,,-,,-,"MASSACHUSETTS
(42.268546, -72.085064)",
HAWAII,2017,14,,N,0,,0,,,N,,N,,N,0,,0,,,N,,N,,N,0,,0,,,N,,N,"HAWAII
(21.30992, -157.858158)",
DIST. OF COL.,2017,14,,-,0,,1,,,-,,-,,N,0,,0,,,N,,N,,-,0,,0,,,-,,-,"DISTRICT OF COLUMBIA
(38.892062, -77.019912)",
ARKANSAS,2017,14,2,,2,,16,,9,,6,,,-,0,,5,,,-,1,,,-,0,,0,,,-,,-,"ARKANSAS
(34.748745, -92.275105)",
WISCONSIN,2017,14,,-,0,,3,,,-,,-,,-,7,,42,,5,,7,,,-,0,,4,,1,,2,,"WISCONSIN
(44.395526, -89.834513)",
NEW JERSEY,2017,14,,-,0,,1,,3,,1,,,-,0,,2,,4,,1,,,-,0,,1,,,-,,-,"NEW JERSEY
(40.104655, -74.386686)",
OHIO,2017,14,,-,0,,1,,,-,,-,,-,0,,2,,,-,,-,,-,0,,0,,,-,,-,"OHIO
(40.056807, -82.405897)",
TEXAS,2017,14,,-,0,,2,,,-,2,,,-,0,,1,,,-,,-,,-,0,,1,,,-,,-,"TEXAS
(31.827233, -99.423022)",
GEORGIA,2017,14,,-,0,,2,,,-,1,,,-,0,,0,,,-,1,,,-,0,,1,,,-,,-,"GEORGIA
(32.836038, -83.631709)",
ALABAMA,2017,14,,-,0,,2,,,-,1,,,-,0,,1,,,-,1,,,-,0,,1,,,-,1,,"ALABAMA
(32.839182, -86.631125)",
PUERTO RICO,2017,14,,N,0,,0,,,N,,N,,N,0,,0,,,N,,N,,N,0,,0,,,N,,N,"PUERTO RICO
(18.215692, -66.414655)",
MARYLAND,2017,14,,-,0,,7,,1,,1,,1,,0,,2,,1,,,-,,-,0,,1,,,-,,-,"MARYLAND
(39.290443, -76.612333)",
WYOMING,2017,14,,-,0,,0,,,-,,-,,-,0,,1,,,-,,-,,-,0,,0,,,-,,-,"WYOMING
(43.23558, -108.110518)",
MISSOURI,2017,14,,-,2,,20,,2,,3,,,-,0,,2,,1,,1,,,-,0,,1,,,-,,-,"MISSOURI
(38.636168, -92.566292)",
NEW MEXICO,2017,14,,N,0,,0,,,N,,N,,N,0,,0,,,N,,N,,N,0,,0,,,N,,N,"NEW MEXICO
(34.520396, -106.244402)",
KANSAS,2017,14,,-,0,,5,,,-,3,,,-,0,,1,,,-,1,,,-,0,,1,,,-,,-,"KANSAS
(38.345528, -98.201847)",
VERMONT,2017,14,1,,0,,1,,2,,1,,,-,2,,26,,1,,6,,,-,0,,1,,,-,,-,"VERMONT
(43.622479, -72.51927)",
NEW HAMPSHIRE,2017,14,,-,0,,1,,1,,3,,,-,0,,6,,,-,7,,,-,0,,0,,,-,,-,"NEW HAMPSHIRE
(43.657736, -71.500736)",
SOUTH DAKOTA,2017,14,,-,0,,0,,,-,,-,,-,0,,1,,,-,,-,,-,0,,0,,,-,,-,"SOUTH DAKOTA
(44.35371, -100.373709)",
NEBRASKA,2017,14,,-,0,,2,,,-,1,,,-,0,,1,,,-,,-,,-,0,,0,,,-,,-,"NEBRASKA
(41.640503, -99.367122)",
CALIFORNIA,2017,14,,-,0,,0,,,-,,-,,-,0,,0,,,-,,-,,-,0,,2,,,-,,-,"CALIFORNIA
(37.640735, -121.002435)",
LOUISIANA,2017,14,,-,0,,1,,,-,1,,,-,0,,0,,,-,,-,,-,0,,0,,,-,,-,"LOUISIANA
(31.2931, -92.463284)",
NORTH DAKOTA,2017,14,,-,0,,1,,,-,1,,,-,0,,2,,,-,,-,,-,0,,1,,,-,1,,"NORTH DAKOTA
(47.475879, -100.121011)",
OREGON,2017,14,,-,0,,1,,,-,,-,,-,0,,1,,,-,,-,,-,0,,0,,,-,,-,"OREGON
(44.567912, -120.156945)",
IDAHO,2017,14,,N,0,,0,,,N,,N,,N,0,,0,,,N,,N,,N,0,,0,,,N,,N,"IDAHO
(43.680635, -114.364237)",
RHODE ISLAND,2017,14,,-,0,,6,,2,,6,,,-,1,,18,,2,,6,,,-,0,,0,,,-,,-,"RHODE ISLAND
(41.707447, -71.522488)",
NORTH CAROLINA,2017,14,,-,0,,5,,,-,2,,,-,0,,2,,,-,1,,,-,0,,0,,,-,,-,"NORTH CAROLINA
(35.47995, -79.180571)",
ILLINOIS,2017,14,,-,0,,5,,1,,1,,,-,0,,2,,,-,,-,,-,0,,0,,,-,,-,"ILLINOIS
(40.477092, -88.993221)",
SOUTH CAROLINA,2017,14,,-,0,,0,,,-,,-,,-,0,,0,,,-,,-,,-,0,,1,,,-,,-,"SOUTH CAROLINA
(34.009286, -81.037094)",
OKLAHOMA,2017,14,,-,0,,1,,,-,,-,,-,0,,0,,,-,,-,,-,0,,0,,,-,,-,"OKLAHOMA
(35.468494, -97.521264)",
FLORIDA,2017,14,,-,0,,6,,1,,,-,,-,0,,1,,1,,2,,,-,0,,0,,,-,,-,"FLORIDA
(28.915325, -81.922409)",
MONTANA,2017,14,,-,0,,1,,,-,,-,,-,0,,0,,,-,,-,,-,0,,0,,,-,,-,"MONTANA
(47.062617, -109.430168)",
MINNESOTA,2017,14,,-,0,,0,,,-,,-,,-,0,,0,,,-,,-,,-,0,,0,,,-,,-,"MINNESOTA
(46.357661, -94.793397)",
ALASKA,2017,14,,N,0,,0,,,N,,N,,N,0,,0,,,N,,N,,N,0,,0,,,N,,N,"ALASKA
(64.836661, -147.738891)",
ARIZONA,2017,14,,-,0,,0,,,-,,-,,-,0,,0,,,-,,-,,-,0,,1,,1,,,-,"ARIZONA
(34.869712, -111.760902)",
KENTUCKY,2017,14,,-,0,,4,,4,,2,,,-,0,,1,,,-,,-,,-,0,,1,,,-,,-,"KENTUCKY
(37.64591, -84.774043)",
MAINE,2017,14,1,,0,,1,,2,,,-,,-,3,,31,,6,,5,,,-,0,,1,,,-,2,,"MAINE
(45.252223, -68.986647)",
COLORADO,2017,14,,N,0,,0,,,N,,N,,N,0,,0,,,N,,N,,N,0,,0,,,N,,N,"COLORADO
(38.841772, -106.132562)",
VIRGINIA,2017,14,,-,1,,11,,,-,1,,,-,0,,2,,1,,,-,,-,0,,2,,,-,,-,"VIRGINIA
(37.542699, -78.45822)",
MISSISSIPPI,2017,14,,-,0,,2,,,-,,-,,-,0,,0,,,-,,-,,-,0,,0,,,-,,-,"MISSISSIPPI
(32.738663, -89.537312)",
VIRGIN ISL.,2017,14,,-,0,,0,,,-,,-,,-,0,,0,,,-,,-,,-,0,,0,,,-,,-,"VIRGIN ISLANDS
(18.060868, -64.840836)",
UTAH,2017,14,,-,0,,0,,,-,,-,,-,0,,0,,,-,,-,,-,0,,0,,,-,,-,"UTAH
(39.359772, -111.584173)",
PENNSYLVANIA,2017,14,,-,0,,1,,,-,,-,,-,0,,1,,,-,,-,,-,0,,1,,,-,,-,"PENNSYLVANIA
(40.789676, -77.858055)",
UNITED STATES,2017,15,4,,13,,86,,49,,58,,5,,46,,202,,71,,138,,,-,2,,10,,5,,10,,,
NEW ENGLAND,2017,15,,-,1,,8,,7,,10,,,-,23,,106,,32,,94,,,-,0,,1,,,-,2,,,
MID. ATLANTIC,2017,15,1,,3,,13,,15,,10,,5,,12,,56,,30,,24,,,-,0,,2,,3,,3,,,
NEW YORK CITY,2017,15,,-,0,,3,,3,,1,,,-,1,,5,,6,,5,,,-,0,,1,,1,,2,,,
E.N. CENTRAL,2017,15,,-,1,,8,,3,,3,,,-,7,,43,,5,,10,,,-,1,,6,,1,,3,,,
W.N. CENTRAL,2017,15,1,,2,,25,,5,,9,,,-,0,,4,,1,,3,,,-,0,,2,,,-,1,,,
S. ATLANTIC,2017,15,,-,2,,18,,3,,9,,,-,1,,4,,2,,5,,,-,0,,2,,,-,,-,,
E.S. CENTRAL,2017,15,,-,1,,13,,4,,6,,,-,0,,3,,1,,1,,,-,0,,2,,,-,1,,,
W.S. CENTRAL,2017,15,2,,2,,18,,12,,11,,,-,0,,5,,,-,1,,,-,0,,1,,,-,,-,,
MOUNTAIN,2017,15,,-,0,,1,,,-,,-,,-,0,,1,,,-,,-,,-,0,,1,,1,,,-,,
PACIFIC,2017,15,,-,0,,1,,,-,,-,,-,0,,1,,,-,,-,,-,0,,2,,,-,,-,,
AMER. SAMOA,2017,15,,N,0,,0,,,N,,N,,N,0,,0,,,N,,N,,N,0,,0,,,N,,N,,
SOUTH CAROLINA,2017,15,,-,0,,0,,,-,,-,,-,0,,0,,,-,,-,,-,0,,1,,,-,,-,"SOUTH CAROLINA
(34.009286, -81.037094)",
ALABAMA,2017,15,,-,0,,2,,,-,1,,,-,0,,1,,,-,1,,,-,0,,1,,,-,1,,"ALABAMA
(32.839182, -86.631125)",
MICHIGAN,2017,15,,-,0,,2,,1,,,-,,-,0,,1,,,-,1,,,-,0,,0,,,-,,-,"MICHIGAN
(44.66399, -84.711206)",
VIRGINIA,2017,15,,-,1,,11,,,-,2,,,-,0,,2,,1,,,-,,-,0,,2,,,-,,-,"VIRGINIA
(37.542699, -78.45822)",
WEST VIRGINIA,2017,15,,-,0,,1,,,-,1,,,-,0,,0,,,-,,-,,-,0,,0,,,-,,-,"WEST VIRGINIA
(38.668501, -80.709421)",
MINNESOTA,2017,15,,-,0,,0,,,-,,-,,-,0,,0,,,-,,-,,-,0,,0,,,-,,-,"MINNESOTA
(46.357661, -94.793397)",
IOWA,2017,15,,-,0,,1,,,-,,-,,-,0,,1,,,-,1,,,-,0,,1,,,-,,-,"IOWA
(42.46942, -93.815856)",
NEW YORK,2017,15,1,,2,,13,,9,,8,,5,,12,,55,,18,,18,,,-,0,,2,,2,,1,,"NEW YORK
(42.826892, -75.544286)",
C.N.M.I.,2017,15,,-,,-,,-,,-,,-,,-,,-,,-,,-,,-,,-,,-,,-,,-,,-,"NORTHERN MARIANA ISLANDS
(15.1834, 145.725693)",
LOUISIANA,2017,15,,-,0,,1,,,-,1,,,-,0,,0,,,-,,-,,-,0,,0,,,-,,-,"LOUISIANA
(31.2931, -92.463284)",
INDIANA,2017,15,,-,0,,0,,,-,,-,,-,0,,0,,,-,,-,,-,0,,2,,,-,1,,"INDIANA
(39.76845, -86.156212)",
WYOMING,2017,15,,-,0,,0,,,-,,-,,-,0,,1,,,-,,-,,-,0,,0,,,-,,-,"WYOMING
(43.23558, -108.110518)",
WISCONSIN,2017,15,,-,0,,3,,,-,,-,,-,7,,42,,5,,9,,,-,0,,4,,1,,2,,"WISCONSIN
(44.395526, -89.834513)",
ALASKA,2017,15,,N,0,,0,,,N,,N,,N,0,,0,,,N,,N,,N,0,,0,,,N,,N,"ALASKA
(64.836661, -147.738891)",
PENNSYLVANIA,2017,15,,-,0,,1,,,-,,-,,-,0,,1,,,-,,-,,-,0,,1,,,-,,-,"PENNSYLVANIA
(40.789676, -77.858055)",
KANSAS,2017,15,,-,0,,5,,1,,4,,,-,0,,1,,,-,1,,,-,0,,1,,,-,,-,"KANSAS
(38.345528, -98.201847)",
ARIZONA,2017,15,,-,0,,0,,,-,,-,,-,0,,0,,,-,,-,,-,0,,1,,1,,,-,"ARIZONA
(34.869712, -111.760902)",
MONTANA,2017,15,,-,0,,1,,,-,,-,,-,0,,0,,,-,,-,,-,0,,0,,,-,,-,"MONTANA
(47.062617, -109.430168)",
VIRGIN ISL.,2017,15,,-,0,,0,,,-,,-,,-,0,,0,,,-,,-,,-,0,,0,,,-,,-,"VIRGIN ISLANDS
(18.060868, -64.840836)",
GUAM,2017,15,,N,0,,0,,,N,,N,,N,0,,0,,,N,,N,,N,0,,0,,,N,,N,"GUAM
(13.3532, 144.653198)",
NORTH CAROLINA,2017,15,,-,1,,5,,1,,3,,,-,0,,2,,,-,1,,,-,0,,0,,,-,,-,"NORTH CAROLINA
(35.47995, -79.180571)",
RHODE ISLAND,2017,15,,-,0,,6,,2,,6,,,-,1,,18,,2,,6,,,-,0,,0,,,-,,-,"RHODE ISLAND
(41.707447, -71.522488)",
MAINE,2017,15,,-,0,,1,,2,,,-,,-,4,,31,,6,,7,,,-,0,,1,,,-,2,,"MAINE
(45.252223, -68.986647)",
MISSISSIPPI,2017,15,,-,0,,2,,,-,,-,,-,0,,0,,,-,,-,,-,0,,0,,,-,,-,"MISSISSIPPI
(32.738663, -89.537312)",
OREGON,2017,15,,-,0,,1,,,-,,-,,-,0,,1,,,-,,-,,-,0,,0,,,-,,-,"OREGON
(44.567912, -120.156945)",
CALIFORNIA,2017,15,,-,0,,0,,,-,,-,,-,0,,0,,,-,,-,,-,0,,2,,,-,,-,"CALIFORNIA
(37.640735, -121.002435)",
NEW MEXICO,2017,15,,N,0,,0,,,N,,N,,N,0,,0,,,N,,N,,N,0,,0,,,N,,N,"NEW MEXICO
(34.520396, -106.244402)",
PUERTO RICO,2017,15,,N,0,,0,,,N,,N,,N,0,,0,,,N,,N,,N,0,,0,,,N,,N,"PUERTO RICO
(18.215692, -66.414655)",
WASHINGTON,2017,15,,-,0,,0,,,-,,-,,-,0,,0,,,-,,-,,-,0,,0,,,-,,-,"WASHINGTON
(47.517368, -120.467672)",
NEVADA,2017,15,,-,0,,0,,,-,,-,,-,0,,0,,,-,,-,,-,0,,0,,,-,,-,"NEVADA
(39.491833, -117.070159)",
KENTUCKY,2017,15,,-,0,,4,,4,,2,,,-,0,,1,,,-,,-,,-,0,,1,,,-,,-,"KENTUCKY
(37.64591, -84.774043)",
MASSACHUSETTS,2017,15,,-,0,,2,,,-,,-,,-,10,,69,,21,,56,,,-,0,,0,,,-,,-,"MASSACHUSETTS
(42.268546, -72.085064)",
TENNESSEE,2017,15,,-,0,,10,,,-,3,,,-,0,,2,,1,,,-,,-,0,,2,,,-,,-,"TENNESSEE
(35.681402, -85.774444)",
ARKANSAS,2017,15,2,,2,,16,,12,,8,,,-,0,,5,,,-,1,,,-,0,,0,,,-,,-,"ARKANSAS
(34.748745, -92.275105)",
UTAH,2017,15,,-,0,,0,,,-,,-,,-,0,,0,,,-,,-,,-,0,,0,,,-,,-,"UTAH
(39.359772, -111.584173)",
NEW HAMPSHIRE,2017,15,,-,0,,1,,1,,3,,,-,0,,6,,,-,9,,,-,0,,0,,,-,,-,"NEW HAMPSHIRE
(43.657736, -71.500736)",
COLORADO,2017,15,,N,0,,0,,,N,,N,,N,0,,0,,,N,,N,,N,0,,0,,,N,,N,"COLORADO
(38.841772, -106.132562)",
ILLINOIS,2017,15,,-,0,,5,,1,,3,,,-,0,,2,,,-,,-,,-,0,,0,,,-,,-,"ILLINOIS
(40.477092, -88.993221)",
HAWAII,2017,15,,N,0,,0,,,N,,N,,N,0,,0,,,N,,N,,N,0,,0,,,N,,N,"HAWAII
(21.30992, -157.858158)",
SOUTH DAKOTA,2017,15,,-,0,,0,,,-,,-,,-,0,,1,,,-,,-,,-,0,,0,,,-,,-,"SOUTH DAKOTA
(44.35371, -100.373709)",
MARYLAND,2017,15,,-,0,,7,,1,,1,,,-,0,,2,,1,,,-,,-,0,,1,,,-,,-,"MARYLAND
(39.290443, -76.612333)",
MISSOURI,2017,15,1,,1,,20,,4,,3,,,-,0,,2,,1,,1,,,-,0,,1,,,-,,-,"MISSOURI
(38.636168, -92.566292)",
FLORIDA,2017,15,,-,0,,6,,1,,,-,,-,0,,1,,,-,2,,,-,0,,0,,,-,,-,"FLORIDA
(28.915325, -81.922409)",
OKLAHOMA,2017,15,,-,0,,1,,,-,,-,,-,0,,0,,,-,,-,,-,0,,0,,,-,,-,"OKLAHOMA
(35.468494, -97.521264)",
DIST. OF COL.,2017,15,,-,0,,1,,,-,,-,,N,0,,0,,,N,,N,,-,0,,0,,,-,,-,"DISTRICT OF COLUMBIA
(38.892062, -77.019912)",
OHIO,2017,15,,-,0,,1,,1,,,-,,-,0,,2,,,-,,-,,-,0,,0,,,-,,-,"OHIO
(40.056807, -82.405897)",
NEBRASKA,2017,15,,-,0,,2,,,-,1,,,-,0,,1,,,-,,-,,-,0,,0,,,-,,-,"NEBRASKA
(41.640503, -99.367122)",
NORTH DAKOTA,2017,15,,-,0,,1,,,-,1,,,-,0,,2,,,-,,-,,-,0,,1,,,-,1,,"NORTH DAKOTA
(47.475879, -100.121011)",
DELAWARE,2017,15,,-,0,,3,,,-,1,,,-,0,,1,,,-,1,,,-,0,,1,,,-,,-,"DELAWARE
(39.008676, -75.574561)",
TEXAS,2017,15,,-,0,,2,,,-,2,,,-,0,,1,,,-,,-,,-,0,,1,,,-,,-,"TEXAS
(31.827233, -99.423022)",
VERMONT,2017,15,,-,0,,1,,2,,1,,,-,2,,26,,3,,8,,,-,0,,1,,,-,,-,"VERMONT
(43.622479, -72.51927)",
CONNECTICUT,2017,15,,-,0,,0,,,-,,-,,-,1,,8,,,-,8,,,N,0,,0,,,N,,N,"CONNECTICUT
(41.544654, -72.651713)",
IDAHO,2017,15,,N,0,,0,,,N,,N,,N,0,,0,,,N,,N,,N,0,,0,,,N,,N,"IDAHO
(43.680635, -114.364237)",
GEORGIA,2017,15,,-,0,,2,,,-,1,,,-,0,,0,,,-,1,,,-,0,,1,,,-,,-,"GEORGIA
(32.836038, -83.631709)",
NEW JERSEY,2017,15,,-,0,,1,,3,,1,,,-,0,,2,,6,,1,,,-,0,,1,,,-,,-,"NEW JERSEY
(40.104655, -74.386686)",
