Reporting Area,MMWR Year,MMWR Week,"Chlamydia trachomatis infection, Current week","Chlamydia trachomatis infection, Current week, flag","Chlamydia trachomatis infection, Previous 52 weeks Med","Chlamydia trachomatis infection, Previous 52 weeks Med, flag","Chlamydia trachomatis infection, Previous 52 weeks Max","Chlamydia trachomatis infection, Previous 52 weeks Max, flag","Chlamydia trachomatis infection, Cum 2017","Chlamydia trachomatis infection, Cum 2017, flag","Chlamydia trachomatis infection, Cum 2016","Chlamydia trachomatis infection, Cum 2016, flag","Coccidioidomycosis, Current week","Coccidioidomycosis, Current week, flag","Coccidioidomycosis, Previous 52 weeks Med","Coccidioidomycosis, Previous 52 weeks Med, flag","Coccidioidomycosis, Previous 52 weeks Max","Coccidioidomycosis, Previous 52 weeks Max, flag","Coccidioidomycosis, Cum 2017","Coccidioidomycosis, Cum 2017, flag","Coccidioidomycosis, Cum 2016","Coccidioidomycosis, Cum 2016, flag",Location 1,Location 2
UNITED STATES,2017,1,8286,,29056,,32594,,8286,,25647,,148,,208,,269,,148,,201,,,
NEW ENGLAND,2017,1,534,,1044,,1296,,534,,806,,,-,0,,1,,,-,,-,,
MID. ATLANTIC,2017,1,1598,,3918,,4284,,1598,,4060,,,-,0,,0,,,-,,-,,
NEW YORK CITY,2017,1,530,,1297,,1520,,530,,1402,,,N,0,,0,,,N,,N,,
E.N. CENTRAL,2017,1,1094,,4221,,4909,,1094,,4744,,2,,1,,7,,2,,,-,,
W.N. CENTRAL,2017,1,248,,1841,,2070,,248,,1930,,,-,2,,9,,,-,1,,,
S. ATLANTIC,2017,1,1014,,5590,,7038,,1014,,3471,,,-,0,,2,,,-,,-,,
E.S. CENTRAL,2017,1,45,,1483,,2262,,45,,1050,,,-,0,,0,,,-,,-,,
W.S. CENTRAL,2017,1,2125,,3969,,5427,,2125,,3231,,,-,0,,1,,,-,1,,,
MOUNTAIN,2017,1,233,,1998,,2636,,233,,1492,,140,,123,,161,,140,,126,,,
PACIFIC,2017,1,1395,,4994,,5338,,1395,,4863,,6,,74,,143,,6,,73,,,
AMER. SAMOA,2017,1,,-,0,,0,,,-,,-,,N,0,,0,,,N,,N,,
GUAM,2017,1,,-,0,,0,,,-,,-,,-,0,,0,,,-,,-,"GUAM
(13.3532, 144.653198)",
TENNESSEE,2017,1,,-,616,,806,,,-,741,,,N,0,,0,,,N,,N,"TENNESSEE
(35.681402, -85.774444)",
VERMONT,2017,1,,-,24,,76,,,-,31,,,N,0,,0,,,N,,N,"VERMONT
(43.622479, -72.51927)",
MISSOURI,2017,1,118,,593,,713,,118,,559,,,-,0,,2,,,-,,-,"MISSOURI
(38.636168, -92.566292)",
NORTH DAKOTA,2017,1,,-,62,,93,,,-,92,,,-,0,,1,,,-,,-,"NORTH DAKOTA
(47.475879, -100.121011)",
MARYLAND,2017,1,32,,526,,886,,32,,60,,,-,0,,2,,,-,,-,"MARYLAND
(39.290443, -76.612333)",
CALIFORNIA,2017,1,745,,3808,,4142,,745,,3882,,6,,74,,143,,6,,73,,"CALIFORNIA
(37.640735, -121.002435)",
COLORADO,2017,1,,-,477,,1192,,,-,386,,,N,0,,0,,,N,,N,"COLORADO
(38.841772, -106.132562)",
DELAWARE,2017,1,80,,99,,199,,80,,73,,,-,0,,1,,,-,,-,"DELAWARE
(39.008676, -75.574561)",
OHIO,2017,1,429,,1162,,1355,,429,,1355,,2,,0,,4,,2,,,-,"OHIO
(40.056807, -82.405897)",
PUERTO RICO,2017,1,,-,123,,481,,,-,13,,,N,0,,0,,,N,,N,"PUERTO RICO
(18.215692, -66.414655)",
WEST VIRGINIA,2017,1,56,,91,,182,,56,,46,,,N,0,,0,,,N,,N,"WEST VIRGINIA
(38.668501, -80.709421)",
ARIZONA,2017,1,132,,643,,990,,132,,301,,140,,120,,160,,140,,123,,"ARIZONA
(34.869712, -111.760902)",
ILLINOIS,2017,1,,-,1056,,1576,,,-,1576,,,N,0,,0,,,N,,N,"ILLINOIS
(40.477092, -88.993221)",
VIRGIN ISL.,2017,1,,-,3,,28,,,-,12,,,-,0,,0,,,-,,-,"VIRGIN ISLANDS
(18.060868, -64.840836)",
RHODE ISLAND,2017,1,,-,92,,298,,,-,8,,,-,0,,1,,,-,,-,"RHODE ISLAND
(41.707447, -71.522488)",
DIST. OF COL.,2017,1,,-,152,,283,,,-,192,,,-,0,,0,,,-,,-,"DISTRICT OF COLUMBIA
(38.892062, -77.019912)",
KENTUCKY,2017,1,45,,362,,687,,45,,51,,,-,0,,0,,,-,,-,"KENTUCKY
(37.64591, -84.774043)",
ARKANSAS,2017,1,,-,268,,505,,,-,107,,,-,0,,1,,,-,,-,"ARKANSAS
(34.748745, -92.275105)",
HAWAII,2017,1,,-,134,,173,,,-,144,,,N,0,,0,,,N,,N,"HAWAII
(21.30992, -157.858158)",
WYOMING,2017,1,24,,38,,73,,24,,31,,,-,0,,1,,,-,,-,"WYOMING
(43.23558, -108.110518)",
WASHINGTON,2017,1,394,,597,,1078,,394,,584,,,N,0,,0,,,N,,N,"WASHINGTON
(47.517368, -120.467672)",
MAINE,2017,1,134,,79,,157,,134,,31,,,N,0,,0,,,N,,N,"MAINE
(45.252223, -68.986647)",
KANSAS,2017,1,30,,239,,283,,30,,247,,,N,0,,0,,,N,,N,"KANSAS
(38.345528, -98.201847)",
NORTH CAROLINA,2017,1,,-,1027,,1294,,,-,1294,,,N,0,,0,,,N,,N,"NORTH CAROLINA
(35.47995, -79.180571)",
FLORIDA,2017,1,242,,1805,,2324,,242,,655,,,N,0,,0,,,N,,N,"FLORIDA
(28.915325, -81.922409)",
NEVADA,2017,1,,-,200,,267,,,-,167,,,-,1,,5,,,-,3,,"NEVADA
(39.491833, -117.070159)",
CONNECTICUT,2017,1,2,,228,,350,,2,,27,,,N,0,,0,,,N,,N,"CONNECTICUT
(41.544654, -72.651713)",
ALABAMA,2017,1,,-,301,,739,,,-,184,,,N,0,,0,,,N,,N,"ALABAMA
(32.839182, -86.631125)",
MONTANA,2017,1,,-,84,,109,,,-,80,,,-,0,,2,,,-,,-,"MONTANA
(47.062617, -109.430168)",
INDIANA,2017,1,229,,597,,766,,229,,658,,,N,0,,0,,,N,,N,"INDIANA
(39.76845, -86.156212)",
PENNSYLVANIA,2017,1,668,,1115,,1376,,668,,1094,,,N,0,,0,,,N,,N,"PENNSYLVANIA
(40.789676, -77.858055)",
NEW YORK,2017,1,244,,803,,1017,,244,,186,,,N,0,,0,,,N,,N,"NEW YORK
(42.826892, -75.544286)",
IDAHO,2017,1,,-,107,,212,,,-,77,,,N,0,,0,,,N,,N,"IDAHO
(43.680635, -114.364237)",
NEW HAMPSHIRE,2017,1,164,,99,,218,,164,,134,,,-,0,,1,,,-,,-,"NEW HAMPSHIRE
(43.657736, -71.500736)",
VIRGINIA,2017,1,,-,624,,1358,,,-,534,,,N,0,,0,,,N,,N,"VIRGINIA
(37.542699, -78.45822)",
MISSISSIPPI,2017,1,,-,325,,566,,,-,74,,,N,0,,0,,,N,,N,"MISSISSIPPI
(32.738663, -89.537312)",
NEBRASKA,2017,1,55,,149,,274,,55,,119,,,-,0,,1,,,-,,-,"NEBRASKA
(41.640503, -99.367122)",
WISCONSIN,2017,1,280,,501,,619,,280,,461,,,-,0,,2,,,-,,-,"WISCONSIN
(44.395526, -89.834513)",
IOWA,2017,1,45,,254,,302,,45,,268,,,N,0,,0,,,N,,N,"IOWA
(42.46942, -93.815856)",
ALASKA,2017,1,,-,104,,152,,,-,55,,,N,0,,0,,,N,,N,"ALASKA
(64.836661, -147.738891)",
MINNESOTA,2017,1,,-,424,,526,,,-,526,,,-,1,,4,,,-,1,,"MINNESOTA
(46.357661, -94.793397)",
NEW MEXICO,2017,1,10,,233,,364,,10,,243,,,-,0,,3,,,-,,-,"NEW MEXICO
(34.520396, -106.244402)",
MASSACHUSETTS,2017,1,234,,515,,592,,234,,575,,,N,0,,0,,,N,,N,"MASSACHUSETTS
(42.268546, -72.085064)",
UTAH,2017,1,67,,183,,220,,67,,207,,,-,1,,3,,,-,,-,"UTAH
(39.359772, -111.584173)",
LOUISIANA,2017,1,,-,592,,1983,,,-,23,,,-,0,,1,,,-,1,,"LOUISIANA
(31.2931, -92.463284)",
OREGON,2017,1,256,,331,,422,,256,,198,,,-,0,,3,,,-,,-,"OREGON
(44.567912, -120.156945)",
NEW JERSEY,2017,1,156,,651,,1378,,156,,1378,,,N,0,,0,,,N,,N,"NEW JERSEY
(40.104655, -74.386686)",
OKLAHOMA,2017,1,40,,296,,390,,40,,339,,,N,0,,0,,,N,,N,"OKLAHOMA
(35.468494, -97.521264)",
GEORGIA,2017,1,,-,921,,1219,,,-,154,,,N,0,,0,,,N,,N,"GEORGIA
(32.836038, -83.631709)",
MICHIGAN,2017,1,156,,871,,1127,,156,,694,,,-,1,,3,,,-,,-,"MICHIGAN
(44.66399, -84.711206)",
TEXAS,2017,1,2085,,2783,,3107,,2085,,2762,,,N,0,,0,,,N,,N,"TEXAS
(31.827233, -99.423022)",
SOUTH DAKOTA,2017,1,,-,81,,119,,,-,119,,,N,0,,1,,,N,,N,"SOUTH DAKOTA
(44.35371, -100.373709)",
C.N.M.I.,2017,1,,-,,-,,-,,-,,-,,-,,-,,-,,-,,-,"NORTHERN MARIANA ISLANDS
(15.1834, 145.725693)",
SOUTH CAROLINA,2017,1,604,,565,,789,,604,,463,,,N,0,,0,,,N,,N,"SOUTH CAROLINA
(34.009286, -81.037094)",
UNITED STATES,2017,2,12393,,29800,,33017,,26911,,56694,,68,,209,,272,,202,,415,,,
NEW ENGLAND,2017,2,289,,1043,,1197,,825,,1945,,,-,0,,1,,,-,,-,,
MID. ATLANTIC,2017,2,2524,,3906,,4284,,5294,,7993,,,-,0,,0,,,-,,-,,
NEW YORK CITY,2017,2,796,,1295,,1522,,1871,,2758,,,N,0,,0,,,N,,N,,
E.N. CENTRAL,2017,2,1415,,4247,,4921,,3654,,9675,,,-,1,,7,,2,,1,,,
W.N. CENTRAL,2017,2,231,,1841,,2078,,966,,3851,,,-,2,,9,,,-,1,,,
S. ATLANTIC,2017,2,968,,5656,,7053,,2018,,8913,,,-,0,,2,,,-,,-,,
E.S. CENTRAL,2017,2,689,,2152,,2915,,1347,,3578,,,-,0,,0,,,-,,-,,
W.S. CENTRAL,2017,2,2743,,3968,,5427,,5026,,7287,,,-,0,,1,,,-,1,,,
MOUNTAIN,2017,2,1267,,1997,,2635,,2155,,3286,,66,,122,,160,,184,,270,,,
PACIFIC,2017,2,2267,,4995,,5343,,5626,,10166,,2,,75,,149,,16,,142,,,
AMER. SAMOA,2017,2,,-,0,,0,,,-,,-,,N,0,,0,,,N,,N,,
RHODE ISLAND,2017,2,4,,80,,283,,5,,21,,,-,0,,1,,,-,,-,"RHODE ISLAND
(41.707447, -71.522488)",
HAWAII,2017,2,,-,133,,173,,,-,286,,,N,0,,0,,,N,,N,"HAWAII
(21.30992, -157.858158)",
MAINE,2017,2,85,,79,,157,,219,,103,,,N,0,,0,,,N,,N,"MAINE
(45.252223, -68.986647)",
IOWA,2017,2,42,,252,,302,,223,,522,,,N,0,,0,,,N,,N,"IOWA
(42.46942, -93.815856)",
NEVADA,2017,2,139,,200,,267,,261,,373,,,-,1,,5,,,-,5,,"NEVADA
(39.491833, -117.070159)",
MISSOURI,2017,2,173,,597,,713,,530,,1153,,,-,0,,2,,,-,,-,"MISSOURI
(38.636168, -92.566292)",
WEST VIRGINIA,2017,2,63,,91,,182,,139,,112,,,N,0,,0,,,N,,N,"WEST VIRGINIA
(38.668501, -80.709421)",
NORTH DAKOTA,2017,2,,-,62,,93,,,-,169,,,-,0,,1,,,-,,-,"NORTH DAKOTA
(47.475879, -100.121011)",
INDIANA,2017,2,177,,589,,766,,546,,1266,,,N,0,,0,,,N,,N,"INDIANA
(39.76845, -86.156212)",
NORTH CAROLINA,2017,2,,-,1036,,1272,,,-,2514,,,N,0,,0,,,N,,N,"NORTH CAROLINA
(35.47995, -79.180571)",
SOUTH DAKOTA,2017,2,,-,80,,107,,,-,220,,,N,0,,1,,,N,,N,"SOUTH DAKOTA
(44.35371, -100.373709)",
IDAHO,2017,2,,-,107,,212,,,-,188,,,N,0,,0,,,N,,N,"IDAHO
(43.680635, -114.364237)",
OKLAHOMA,2017,2,47,,293,,390,,170,,729,,,N,0,,0,,,N,,N,"OKLAHOMA
(35.468494, -97.521264)",
TEXAS,2017,2,2696,,2782,,3107,,4856,,5584,,,N,0,,0,,,N,,N,"TEXAS
(31.827233, -99.423022)",
VIRGINIA,2017,2,,-,624,,1358,,,-,1174,,,N,0,,0,,,N,,N,"VIRGINIA
(37.542699, -78.45822)",
MONTANA,2017,2,,-,84,,109,,,-,168,,,-,0,,2,,1,,1,,"MONTANA
(47.062617, -109.430168)",
NEBRASKA,2017,2,,-,148,,274,,55,,238,,,-,0,,1,,,-,,-,"NEBRASKA
(41.640503, -99.367122)",
MINNESOTA,2017,2,,-,431,,526,,,-,1033,,,-,1,,4,,,-,1,,"MINNESOTA
(46.357661, -94.793397)",
ALASKA,2017,2,,-,104,,152,,,-,135,,,N,0,,0,,,N,,N,"ALASKA
(64.836661, -147.738891)",
UTAH,2017,2,109,,183,,220,,268,,427,,,-,1,,3,,,-,1,,"UTAH
(39.359772, -111.584173)",
LOUISIANA,2017,2,,-,592,,1983,,,-,565,,,-,0,,1,,,-,1,,"LOUISIANA
(31.2931, -92.463284)",
SOUTH CAROLINA,2017,2,613,,581,,789,,1217,,1079,,,N,0,,0,,,N,,N,"SOUTH CAROLINA
(34.009286, -81.037094)",
DELAWARE,2017,2,,-,99,,199,,80,,159,,,-,0,,1,,,-,,-,"DELAWARE
(39.008676, -75.574561)",
COLORADO,2017,2,422,,477,,1192,,814,,765,,,N,0,,0,,,N,,N,"COLORADO
(38.841772, -106.132562)",
VIRGIN ISL.,2017,2,,-,3,,28,,,-,27,,,-,0,,0,,,-,,-,"VIRGIN ISLANDS
(18.060868, -64.840836)",
OHIO,2017,2,595,,1156,,1313,,1444,,2674,,,-,0,,4,,2,,,-,"OHIO
(40.056807, -82.405897)",
ARIZONA,2017,2,502,,642,,989,,666,,821,,66,,119,,158,,183,,261,,"ARIZONA
(34.869712, -111.760902)",
OREGON,2017,2,,-,331,,422,,256,,603,,,-,0,,3,,1,,,-,"OREGON
(44.567912, -120.156945)",
CALIFORNIA,2017,2,1725,,3808,,4064,,4434,,7938,,2,,75,,149,,15,,142,,"CALIFORNIA
(37.640735, -121.002435)",
KENTUCKY,2017,2,,-,362,,687,,45,,142,,,-,0,,0,,,-,,-,"KENTUCKY
(37.64591, -84.774043)",
WASHINGTON,2017,2,542,,597,,1078,,936,,1204,,,N,0,,0,,,N,,N,"WASHINGTON
(47.517368, -120.467672)",
GUAM,2017,2,,-,0,,0,,,-,,-,,-,0,,0,,,-,,-,"GUAM
(13.3532, 144.653198)",
FLORIDA,2017,2,,-,1805,,2324,,242,,2441,,,N,0,,0,,,N,,N,"FLORIDA
(28.915325, -81.922409)",
MASSACHUSETTS,2017,2,,-,512,,592,,234,,1164,,,N,0,,0,,,N,,N,"MASSACHUSETTS
(42.268546, -72.085064)",
NEW JERSEY,2017,2,207,,651,,732,,752,,2110,,,N,0,,0,,,N,,N,"NEW JERSEY
(40.104655, -74.386686)",
TENNESSEE,2017,2,110,,630,,815,,408,,1505,,,N,0,,0,,,N,,N,"TENNESSEE
(35.681402, -85.774444)",
PENNSYLVANIA,2017,2,871,,1115,,1376,,1777,,2221,,,N,0,,0,,,N,,N,"PENNSYLVANIA
(40.789676, -77.858055)",
ILLINOIS,2017,2,45,,1074,,1497,,286,,3077,,,N,0,,0,,,N,,N,"ILLINOIS
(40.477092, -88.993221)",
MISSISSIPPI,2017,2,118,,325,,566,,129,,383,,,N,0,,0,,,N,,N,"MISSISSIPPI
(32.738663, -89.537312)",
VERMONT,2017,2,,-,23,,76,,,-,71,,,N,0,,0,,,N,,N,"VERMONT
(43.622479, -72.51927)",
NEW HAMPSHIRE,2017,2,197,,99,,218,,362,,309,,,-,0,,1,,,-,,-,"NEW HAMPSHIRE
(43.657736, -71.500736)",
ALABAMA,2017,2,461,,1035,,1470,,765,,1548,,,N,0,,0,,,N,,N,"ALABAMA
(32.839182, -86.631125)",
KANSAS,2017,2,16,,238,,283,,158,,516,,,N,0,,0,,,N,,N,"KANSAS
(38.345528, -98.201847)",
NEW MEXICO,2017,2,72,,233,,390,,96,,472,,,-,0,,3,,,-,2,,"NEW MEXICO
(34.520396, -106.244402)",
NEW YORK,2017,2,650,,806,,1229,,894,,904,,,N,0,,0,,,N,,N,"NEW YORK
(42.826892, -75.544286)",
C.N.M.I.,2017,2,,-,,-,,-,,-,,-,,-,,-,,-,,-,,-,"NORTHERN MARIANA ISLANDS
(15.1834, 145.725693)",
CONNECTICUT,2017,2,3,,228,,357,,5,,277,,,N,0,,0,,,N,,N,"CONNECTICUT
(41.544654, -72.651713)",
ARKANSAS,2017,2,,-,268,,505,,,-,409,,,-,0,,1,,,-,,-,"ARKANSAS
(34.748745, -92.275105)",
WYOMING,2017,2,23,,38,,73,,50,,72,,,-,0,,1,,,-,,-,"WYOMING
(43.23558, -108.110518)",
GEORGIA,2017,2,,-,923,,1219,,,-,867,,,N,0,,0,,,N,,N,"GEORGIA
(32.836038, -83.631709)",
DIST. OF COL.,2017,2,292,,151,,283,,308,,282,,,-,0,,0,,,-,,-,"DISTRICT OF COLUMBIA
(38.892062, -77.019912)",
PUERTO RICO,2017,2,,-,124,,481,,350,,73,,,N,0,,0,,,N,,N,"PUERTO RICO
(18.215692, -66.414655)",
MARYLAND,2017,2,,-,526,,886,,32,,285,,,-,0,,2,,,-,,-,"MARYLAND
(39.290443, -76.612333)",
MICHIGAN,2017,2,207,,871,,1127,,587,,1676,,,-,1,,3,,,-,1,,"MICHIGAN
(44.66399, -84.711206)",
WISCONSIN,2017,2,391,,501,,620,,791,,982,,,-,0,,2,,,-,,-,"WISCONSIN
(44.395526, -89.834513)",
UNITED STATES,2017,3,12149,,29256,,32418,,48684,,84417,,169,,206,,292,,456,,628,,,
NEW ENGLAND,2017,3,244,,1037,,1197,,1082,,3140,,,-,0,,1,,,-,,-,,
MID. ATLANTIC,2017,3,2626,,3892,,4284,,9396,,11723,,,-,0,,0,,,-,,-,,
NEW YORK CITY,2017,3,650,,1298,,1530,,3214,,3965,,,N,0,,0,,,N,,N,,
E.N. CENTRAL,2017,3,1095,,4255,,4833,,6141,,14189,,,-,1,,7,,2,,1,,,
W.N. CENTRAL,2017,3,221,,1841,,2080,,2224,,5657,,,-,2,,8,,,-,1,,,
S. ATLANTIC,2017,3,1766,,5675,,7077,,5755,,14001,,,-,0,,2,,,-,1,,,
E.S. CENTRAL,2017,3,355,,1770,,2286,,1918,,3935,,,-,0,,0,,,-,,-,,
W.S. CENTRAL,2017,3,2720,,3948,,5427,,9039,,11320,,,-,0,,1,,,-,1,,,
MOUNTAIN,2017,3,1118,,1996,,2635,,3633,,5201,,157,,122,,160,,403,,409,,,
PACIFIC,2017,3,2004,,4992,,5355,,9496,,15251,,12,,75,,152,,51,,215,,,
AMER. SAMOA,2017,3,,-,0,,0,,,-,,-,,N,0,,0,,,N,,N,,
ARIZONA,2017,3,337,,651,,1068,,1015,,1367,,157,,119,,158,,402,,396,,"ARIZONA
(34.869712, -111.760902)",
RHODE ISLAND,2017,3,,-,80,,283,,5,,46,,,-,0,,1,,,-,,-,"RHODE ISLAND
(41.707447, -71.522488)",
UTAH,2017,3,102,,183,,216,,458,,644,,,-,1,,3,,,-,2,,"UTAH
(39.359772, -111.584173)",
ARKANSAS,2017,3,30,,268,,506,,88,,578,,,-,0,,1,,,-,,-,"ARKANSAS
(34.748745, -92.275105)",
CALIFORNIA,2017,3,1184,,3807,,4055,,7241,,11766,,12,,75,,151,,50,,215,,"CALIFORNIA
(37.640735, -121.002435)",
OHIO,2017,3,418,,1156,,1284,,2293,,3875,,,-,0,,4,,2,,,-,"OHIO
(40.056807, -82.405897)",
TENNESSEE,2017,3,146,,616,,815,,645,,1891,,,N,0,,0,,,N,,N,"TENNESSEE
(35.681402, -85.774444)",
DIST. OF COL.,2017,3,,-,152,,292,,308,,453,,,-,0,,0,,,-,,-,"DISTRICT OF COLUMBIA
(38.892062, -77.019912)",
OKLAHOMA,2017,3,42,,291,,356,,329,,1059,,,N,0,,0,,,N,,N,"OKLAHOMA
(35.468494, -97.521264)",
GEORGIA,2017,3,,-,923,,1219,,,-,1903,,,N,0,,0,,,N,,N,"GEORGIA
(32.836038, -83.631709)",
ILLINOIS,2017,3,42,,1081,,1270,,746,,4330,,,N,0,,0,,,N,,N,"ILLINOIS
(40.477092, -88.993221)",
NORTH CAROLINA,2017,3,,-,1028,,1272,,,-,3401,,,N,0,,0,,,N,,N,"NORTH CAROLINA
(35.47995, -79.180571)",
DELAWARE,2017,3,80,,99,,199,,231,,246,,,-,0,,1,,,-,1,,"DELAWARE
(39.008676, -75.574561)",
PENNSYLVANIA,2017,3,956,,1111,,1376,,2995,,3338,,,N,0,,0,,,N,,N,"PENNSYLVANIA
(40.789676, -77.858055)",
WISCONSIN,2017,3,331,,501,,622,,1279,,1547,,,-,0,,2,,,-,,-,"WISCONSIN
(44.395526, -89.834513)",
FLORIDA,2017,3,824,,1816,,2723,,2804,,4095,,,N,0,,0,,,N,,N,"FLORIDA
(28.915325, -81.922409)",
C.N.M.I.,2017,3,,-,,-,,-,,-,,-,,-,,-,,-,,-,,-,"NORTHERN MARIANA ISLANDS
(15.1834, 145.725693)",
KENTUCKY,2017,3,76,,362,,687,,209,,197,,,-,0,,0,,,-,,-,"KENTUCKY
(37.64591, -84.774043)",
MISSISSIPPI,2017,3,133,,325,,566,,299,,655,,,N,0,,0,,,N,,N,"MISSISSIPPI
(32.738663, -89.537312)",
PUERTO RICO,2017,3,,-,124,,481,,389,,141,,,N,0,,0,,,N,,N,"PUERTO RICO
(18.215692, -66.414655)",
VERMONT,2017,3,3,,24,,84,,15,,111,,,N,0,,0,,,N,,N,"VERMONT
(43.622479, -72.51927)",
IOWA,2017,3,47,,251,,302,,505,,778,,,N,0,,0,,,N,,N,"IOWA
(42.46942, -93.815856)",
WASHINGTON,2017,3,456,,595,,1078,,1392,,1846,,,N,0,,0,,,N,,N,"WASHINGTON
(47.517368, -120.467672)",
MASSACHUSETTS,2017,3,,-,510,,592,,234,,1734,,,N,0,,0,,,N,,N,"MASSACHUSETTS
(42.268546, -72.085064)",
SOUTH CAROLINA,2017,3,606,,581,,789,,1823,,1610,,,N,0,,0,,,N,,N,"SOUTH CAROLINA
(34.009286, -81.037094)",
ALASKA,2017,3,,-,104,,152,,,-,238,,,N,0,,0,,,N,,N,"ALASKA
(64.836661, -147.738891)",
NEW JERSEY,2017,3,194,,650,,727,,1469,,2772,,,N,0,,0,,,N,,N,"NEW JERSEY
(40.104655, -74.386686)",
NEW MEXICO,2017,3,115,,235,,396,,315,,698,,,-,0,,3,,,-,2,,"NEW MEXICO
(34.520396, -106.244402)",
TEXAS,2017,3,1900,,2777,,3107,,6845,,8544,,,N,0,,0,,,N,,N,"TEXAS
(31.827233, -99.423022)",
INDIANA,2017,3,304,,588,,766,,1236,,1944,,,N,0,,0,,,N,,N,"INDIANA
(39.76845, -86.156212)",
WEST VIRGINIA,2017,3,97,,91,,182,,255,,172,,,N,0,,0,,,N,,N,"WEST VIRGINIA
(38.668501, -80.709421)",
GUAM,2017,3,,-,0,,0,,,-,,-,,-,0,,0,,,-,,-,"GUAM
(13.3532, 144.653198)",
MONTANA,2017,3,,-,83,,109,,,-,266,,,-,0,,2,,1,,2,,"MONTANA
(47.062617, -109.430168)",
KANSAS,2017,3,36,,237,,283,,431,,746,,,N,0,,0,,,N,,N,"KANSAS
(38.345528, -98.201847)",
NEW YORK,2017,3,826,,806,,1491,,1718,,1648,,,N,0,,0,,,N,,N,"NEW YORK
(42.826892, -75.544286)",
MICHIGAN,2017,3,,-,867,,1127,,587,,2493,,,-,0,,3,,,-,1,,"MICHIGAN
(44.66399, -84.711206)",
NEVADA,2017,3,98,,204,,267,,379,,551,,,-,1,,5,,,-,7,,"NEVADA
(39.491833, -117.070159)",
COLORADO,2017,3,405,,484,,1192,,1330,,1192,,,N,0,,0,,,N,,N,"COLORADO
(38.841772, -106.132562)",
WYOMING,2017,3,23,,38,,73,,75,,145,,,-,0,,1,,,-,,-,"WYOMING
(43.23558, -108.110518)",
SOUTH DAKOTA,2017,3,,-,80,,107,,,-,304,,,N,0,,0,,,N,,N,"SOUTH DAKOTA
(44.35371, -100.373709)",
CONNECTICUT,2017,3,,-,223,,357,,5,,609,,,N,0,,0,,,N,,N,"CONNECTICUT
(41.544654, -72.651713)",
LOUISIANA,2017,3,748,,586,,1983,,1777,,1139,,,-,0,,1,,,-,1,,"LOUISIANA
(31.2931, -92.463284)",
IDAHO,2017,3,38,,106,,212,,61,,338,,,N,0,,0,,,N,,N,"IDAHO
(43.680635, -114.364237)",
GUAM,2017,6,,-,0,,0,,,-,,-,,-,0,,0,,,-,,-,"GUAM
(13.3532, 144.653198)",
VIRGIN ISL.,2017,3,,-,10,,28,,,-,48,,,-,0,,0,,,-,,-,"VIRGIN ISLANDS
(18.060868, -64.840836)",
NEW HAMPSHIRE,2017,3,174,,99,,218,,537,,449,,,-,0,,1,,,-,,-,"NEW HAMPSHIRE
(43.657736, -71.500736)",
HAWAII,2017,3,,-,132,,174,,44,,380,,,N,0,,0,,,N,,N,"HAWAII
(21.30992, -157.858158)",
ALABAMA,2017,3,,-,521,,735,,765,,1192,,,N,0,,0,,,N,,N,"ALABAMA
(32.839182, -86.631125)",
MINNESOTA,2017,3,,-,427,,528,,,-,1456,,,-,1,,4,,,-,1,,"MINNESOTA
(46.357661, -94.793397)",
NEBRASKA,2017,3,,-,149,,275,,129,,360,,,-,0,,1,,,-,,-,"NEBRASKA
(41.640503, -99.367122)",
MAINE,2017,3,67,,80,,157,,286,,191,,,N,0,,0,,,N,,N,"MAINE
(45.252223, -68.986647)",
VIRGINIA,2017,3,,-,607,,1358,,,-,1552,,,N,0,,0,,,N,,N,"VIRGINIA
(37.542699, -78.45822)",
MISSOURI,2017,3,126,,596,,713,,1104,,1768,,,-,0,,2,,,-,,-,"MISSOURI
(38.636168, -92.566292)",
MARYLAND,2017,3,159,,556,,1190,,334,,569,,,-,0,,2,,,-,,-,"MARYLAND
(39.290443, -76.612333)",
OREGON,2017,3,364,,330,,422,,819,,1021,,,-,0,,2,,1,,,-,"OREGON
(44.567912, -120.156945)",
NORTH DAKOTA,2017,3,12,,61,,93,,55,,245,,,-,0,,1,,,-,,-,"NORTH DAKOTA
(47.475879, -100.121011)",
UNITED STATES,2017,4,16566,,29349,,32412,,75880,,115925,,171,,205,,307,,666,,860,,,
NEW ENGLAND,2017,4,691,,1042,,1200,,3101,,4219,,,-,0,,1,,,-,,-,,
MID. ATLANTIC,2017,4,2950,,3914,,4284,,13733,,15653,,,-,0,,0,,,-,,-,,
NEW YORK CITY,2017,4,940,,1298,,1531,,4881,,5333,,,N,0,,0,,,N,,N,,
E.N. CENTRAL,2017,4,1171,,4257,,4851,,9433,,19026,,,-,1,,7,,2,,1,,,
W.N. CENTRAL,2017,4,411,,1836,,2078,,3667,,7616,,,-,2,,8,,,-,3,,,
S. ATLANTIC,2017,4,2476,,5704,,7095,,9361,,20380,,,-,0,,2,,,-,1,,,
E.S. CENTRAL,2017,4,502,,1773,,2382,,3109,,5915,,,-,0,,0,,,-,,-,,
W.S. CENTRAL,2017,4,4727,,3927,,5433,,14044,,15480,,,-,0,,1,,,-,2,,,
MOUNTAIN,2017,4,1472,,2000,,2635,,5750,,7345,,156,,122,,169,,555,,556,,,
PACIFIC,2017,4,2166,,4993,,5360,,13682,,20291,,15,,75,,164,,109,,297,,,
AMER. SAMOA,2017,4,,-,0,,0,,,-,,-,,N,0,,0,,,N,,N,,
WYOMING,2017,4,22,,38,,55,,111,,183,,,-,0,,1,,,-,,-,"WYOMING
(43.23558, -108.110518)",
CALIFORNIA,2017,4,1279,,3805,,4122,,10451,,15801,,15,,74,,164,,108,,297,,"CALIFORNIA
(37.640735, -121.002435)",
NORTH DAKOTA,2017,4,14,,61,,93,,104,,309,,,-,0,,1,,,-,,-,"NORTH DAKOTA
(47.475879, -100.121011)",
HAWAII,2017,4,,-,132,,174,,133,,505,,,N,0,,0,,,N,,N,"HAWAII
(21.30992, -157.858158)",
MICHIGAN,2017,4,180,,867,,1127,,1681,,3595,,,-,0,,3,,,-,1,,"MICHIGAN
(44.66399, -84.711206)",
MAINE,2017,4,99,,79,,157,,385,,282,,,N,0,,0,,,N,,N,"MAINE
(45.252223, -68.986647)",
COLORADO,2017,4,536,,484,,1192,,1869,,1645,,,N,0,,0,,,N,,N,"COLORADO
(38.841772, -106.132562)",
NEW YORK,2017,4,855,,809,,1577,,2569,,2475,,,N,0,,0,,,N,,N,"NEW YORK
(42.826892, -75.544286)",
NEW MEXICO,2017,4,42,,239,,398,,457,,1012,,,-,0,,3,,,-,2,,"NEW MEXICO
(34.520396, -106.244402)",
MISSISSIPPI,2017,4,188,,325,,651,,525,,1221,,,N,0,,0,,,N,,N,"MISSISSIPPI
(32.738663, -89.537312)",
ARKANSAS,2017,4,,-,268,,506,,88,,949,,,-,0,,1,,,-,,-,"ARKANSAS
(34.748745, -92.275105)",
ALASKA,2017,4,,-,103,,152,,,-,352,,,N,0,,0,,,N,,N,"ALASKA
(64.836661, -147.738891)",
WISCONSIN,2017,4,399,,502,,623,,1852,,2157,,,-,0,,2,,,-,,-,"WISCONSIN
(44.395526, -89.834513)",
VERMONT,2017,4,8,,24,,89,,45,,167,,,N,0,,0,,,N,,N,"VERMONT
(43.622479, -72.51927)",
UTAH,2017,4,104,,183,,217,,667,,835,,,-,1,,3,,,-,3,,"UTAH
(39.359772, -111.584173)",
ILLINOIS,2017,4,60,,1078,,1271,,1395,,5582,,,N,0,,0,,,N,,N,"ILLINOIS
(40.477092, -88.993221)",
TEXAS,2017,4,3897,,2775,,3107,,10822,,11415,,,N,0,,0,,,N,,N,"TEXAS
(31.827233, -99.423022)",
SOUTH CAROLINA,2017,4,554,,595,,789,,2376,,2262,,,N,0,,0,,,N,,N,"SOUTH CAROLINA
(34.009286, -81.037094)",
C.N.M.I.,2017,4,,-,,-,,-,,-,,-,,-,,-,,-,,-,,-,"NORTHERN MARIANA ISLANDS
(15.1834, 145.725693)",
NORTH CAROLINA,2017,4,,-,1036,,1272,,6,,4595,,,N,0,,0,,,N,,N,"NORTH CAROLINA
(35.47995, -79.180571)",
INDIANA,2017,4,367,,586,,766,,1954,,2534,,,N,0,,0,,,N,,N,"INDIANA
(39.76845, -86.156212)",
WASHINGTON,2017,4,514,,591,,1078,,1906,,2485,,,N,0,,0,,,N,,N,"WASHINGTON
(47.517368, -120.467672)",
MONTANA,2017,4,,-,83,,109,,,-,360,,,-,0,,2,,1,,2,,"MONTANA
(47.062617, -109.430168)",
NEW JERSEY,2017,4,307,,651,,727,,2224,,3418,,,N,0,,0,,,N,,N,"NEW JERSEY
(40.104655, -74.386686)",
OREGON,2017,4,373,,330,,422,,1192,,1148,,,-,0,,3,,1,,,-,"OREGON
(44.567912, -120.156945)",
LOUISIANA,2017,4,787,,592,,1983,,2565,,1725,,,-,0,,1,,,-,2,,"LOUISIANA
(31.2931, -92.463284)",
OHIO,2017,4,165,,1160,,1284,,2551,,5158,,,-,0,,4,,2,,,-,"OHIO
(40.056807, -82.405897)",
ARIZONA,2017,4,468,,651,,1072,,1690,,2077,,156,,119,,169,,554,,541,,"ARIZONA
(34.869712, -111.760902)",
DIST. OF COL.,2017,4,168,,152,,294,,673,,522,,,-,0,,0,,,-,,-,"DISTRICT OF COLUMBIA
(38.892062, -77.019912)",
SOUTH DAKOTA,2017,4,10,,79,,107,,231,,383,,,N,0,,0,,,N,,N,"SOUTH DAKOTA
(44.35371, -100.373709)",
CONNECTICUT,2017,4,,-,231,,374,,7,,752,,,N,0,,0,,,N,,N,"CONNECTICUT
(41.544654, -72.651713)",
IDAHO,2017,4,103,,107,,212,,351,,483,,,N,0,,0,,,N,,N,"IDAHO
(43.680635, -114.364237)",
PUERTO RICO,2017,4,,-,124,,481,,504,,183,,,N,0,,0,,,N,,N,"PUERTO RICO
(18.215692, -66.414655)",
NEVADA,2017,4,197,,204,,267,,605,,750,,,-,1,,5,,,-,8,,"NEVADA
(39.491833, -117.070159)",
VIRGIN ISL.,2017,4,,-,9,,28,,,-,71,,,-,0,,0,,,-,,-,"VIRGIN ISLANDS
(18.060868, -64.840836)",
NEW HAMPSHIRE,2017,4,162,,99,,218,,699,,610,,,-,0,,1,,,-,,-,"NEW HAMPSHIRE
(43.657736, -71.500736)",
TENNESSEE,2017,4,240,,616,,815,,885,,2657,,,N,0,,0,,,N,,N,"TENNESSEE
(35.681402, -85.774444)",
ALABAMA,2017,4,,-,524,,735,,1190,,1750,,,N,0,,0,,,N,,N,"ALABAMA
(32.839182, -86.631125)",
MISSOURI,2017,4,174,,596,,714,,1693,,2430,,,-,0,,2,,,-,1,,"MISSOURI
(38.636168, -92.566292)",
DELAWARE,2017,4,122,,99,,199,,353,,364,,,-,0,,1,,,-,1,,"DELAWARE
(39.008676, -75.574561)",
KENTUCKY,2017,4,74,,362,,687,,509,,287,,,-,0,,0,,,-,,-,"KENTUCKY
(37.64591, -84.774043)",
GUAM,2017,4,,-,0,,0,,,-,,-,,-,0,,0,,,-,,-,"GUAM
(13.3532, 144.653198)",
MASSACHUSETTS,2017,4,347,,513,,597,,1884,,2310,,,N,0,,0,,,N,,N,"MASSACHUSETTS
(42.268546, -72.085064)",
PENNSYLVANIA,2017,4,848,,1116,,1376,,4059,,4427,,,N,0,,0,,,N,,N,"PENNSYLVANIA
(40.789676, -77.858055)",
MINNESOTA,2017,4,,-,433,,526,,,-,1915,,,-,1,,4,,,-,2,,"MINNESOTA
(46.357661, -94.793397)",
RHODE ISLAND,2017,4,75,,80,,406,,81,,98,,,-,0,,1,,,-,,-,"RHODE ISLAND
(41.707447, -71.522488)",
OKLAHOMA,2017,4,43,,290,,356,,569,,1391,,,N,0,,0,,,N,,N,"OKLAHOMA
(35.468494, -97.521264)",
NEBRASKA,2017,4,84,,152,,275,,343,,541,,,-,0,,1,,,-,,-,"NEBRASKA
(41.640503, -99.367122)",
GEORGIA,2017,4,,-,920,,1219,,,-,3123,,,N,0,,0,,,N,,N,"GEORGIA
(32.836038, -83.631709)",
KANSAS,2017,4,129,,237,,283,,791,,1000,,,N,0,,0,,,N,,N,"KANSAS
(38.345528, -98.201847)",
IOWA,2017,4,,-,249,,302,,505,,1038,,,N,0,,0,,,N,,N,"IOWA
(42.46942, -93.815856)",
FLORIDA,2017,4,1193,,1816,,2771,,4863,,6069,,,N,0,,0,,,N,,N,"FLORIDA
(28.915325, -81.922409)",
WEST VIRGINIA,2017,4,116,,91,,182,,373,,255,,,N,0,,0,,,N,,N,"WEST VIRGINIA
(38.668501, -80.709421)",
MARYLAND,2017,4,323,,556,,1196,,717,,794,,,-,0,,2,,,-,,-,"MARYLAND
(39.290443, -76.612333)",
VIRGINIA,2017,4,,-,607,,1358,,,-,2396,,,N,0,,0,,,N,,N,"VIRGINIA
(37.542699, -78.45822)",
UNITED STATES,2017,5,17219,,29370,,32413,,103738,,148382,,90,,202,,313,,776,,1079,,,
NEW ENGLAND,2017,5,347,,1040,,1200,,3540,,5374,,,-,0,,1,,,-,,-,,
MID. ATLANTIC,2017,5,3008,,3928,,4285,,18107,,19940,,,-,0,,0,,,-,,-,,
NEW YORK CITY,2017,5,861,,1300,,1533,,6355,,6729,,,N,0,,0,,,N,,N,,
E.N. CENTRAL,2017,5,1552,,4270,,4865,,14189,,23761,,1,,1,,7,,3,,6,,,
W.N. CENTRAL,2017,5,428,,1833,,2078,,5095,,9466,,1,,2,,8,,1,,4,,,
S. ATLANTIC,2017,5,2553,,5677,,7098,,12901,,27416,,,-,0,,2,,,-,2,,,
E.S. CENTRAL,2017,5,994,,1764,,2392,,5016,,7752,,,-,0,,0,,,-,,-,,
W.S. CENTRAL,2017,5,3966,,3936,,5433,,18442,,19755,,,-,0,,1,,,-,3,,,
MOUNTAIN,2017,5,1748,,1997,,2635,,8025,,9614,,83,,122,,162,,623,,695,,,
PACIFIC,2017,5,2623,,4993,,5361,,18423,,25304,,5,,75,,170,,149,,369,,,
AMER. SAMOA,2017,5,,-,0,,0,,,-,,-,,N,0,,0,,,N,,N,,
VIRGINIA,2017,5,,-,605,,1358,,,-,3754,,,N,0,,0,,,N,,N,"VIRGINIA
(37.542699, -78.45822)",
KENTUCKY,2017,5,106,,366,,687,,970,,368,,,-,0,,0,,,-,,-,"KENTUCKY
(37.64591, -84.774043)",
PUERTO RICO,2017,5,,-,126,,481,,672,,363,,,N,0,,0,,,N,,N,"PUERTO RICO
(18.215692, -66.414655)",
OKLAHOMA,2017,5,75,,287,,356,,834,,1717,,,N,0,,0,,,N,,N,"OKLAHOMA
(35.468494, -97.521264)",
WEST VIRGINIA,2017,5,104,,91,,182,,487,,364,,,N,0,,0,,,N,,N,"WEST VIRGINIA
(38.668501, -80.709421)",
MAINE,2017,5,121,,79,,157,,506,,361,,,N,0,,0,,,N,,N,"MAINE
(45.252223, -68.986647)",
KANSAS,2017,5,83,,238,,283,,1022,,1242,,,N,0,,0,,,N,,N,"KANSAS
(38.345528, -98.201847)",
UTAH,2017,5,106,,182,,217,,890,,1028,,,-,1,,3,,,-,3,,"UTAH
(39.359772, -111.584173)",
NEW MEXICO,2017,5,121,,236,,399,,770,,1338,,,-,0,,3,,,-,2,,"NEW MEXICO
(34.520396, -106.244402)",
INDIANA,2017,5,318,,586,,766,,2589,,3224,,,N,0,,0,,,N,,N,"INDIANA
(39.76845, -86.156212)",
MONTANA,2017,5,,-,82,,109,,,-,448,,,-,0,,2,,1,,2,,"MONTANA
(47.062617, -109.430168)",
GEORGIA,2017,5,,-,917,,1159,,,-,4156,,,N,0,,0,,,N,,N,"GEORGIA
(32.836038, -83.631709)",
RHODE ISLAND,2017,5,38,,80,,436,,119,,239,,,-,0,,1,,,-,,-,"RHODE ISLAND
(41.707447, -71.522488)",
VIRGIN ISL.,2017,5,,-,9,,28,,,-,85,,,-,0,,0,,,-,,-,"VIRGIN ISLANDS
(18.060868, -64.840836)",
C.N.M.I.,2017,5,,-,,-,,-,,-,,-,,-,,-,,-,,-,,-,"NORTHERN MARIANA ISLANDS
(15.1834, 145.725693)",
DELAWARE,2017,5,149,,99,,199,,502,,462,,,-,0,,1,,,-,1,,"DELAWARE
(39.008676, -75.574561)",
ALASKA,2017,5,,-,102,,152,,,-,467,,,N,0,,0,,,N,,N,"ALASKA
(64.836661, -147.738891)",
SOUTH CAROLINA,2017,5,594,,581,,789,,2970,,2889,,,N,0,,0,,,N,,N,"SOUTH CAROLINA
(34.009286, -81.037094)",
SOUTH DAKOTA,2017,5,8,,79,,107,,318,,484,,,N,0,,0,,,N,,N,"SOUTH DAKOTA
(44.35371, -100.373709)",
NEW JERSEY,2017,5,282,,651,,727,,2893,,4124,,,N,0,,0,,,N,,N,"NEW JERSEY
(40.104655, -74.386686)",
NORTH DAKOTA,2017,5,9,,59,,93,,144,,391,,,-,0,,1,,,-,,-,"NORTH DAKOTA
(47.475879, -100.121011)",
MISSOURI,2017,5,207,,591,,714,,2134,,3051,,,-,0,,2,,,-,1,,"MISSOURI
(38.636168, -92.566292)",
NORTH CAROLINA,2017,5,2,,1036,,1272,,95,,5868,,,N,0,,0,,,N,,N,"NORTH CAROLINA
(35.47995, -79.180571)",
GUAM,2017,5,,-,0,,0,,,-,,-,,-,0,,0,,,-,,-,"GUAM
(13.3532, 144.653198)",
CALIFORNIA,2017,5,1690,,3798,,4218,,14222,,19764,,5,,74,,170,,148,,369,,"CALIFORNIA
(37.640735, -121.002435)",
VERMONT,2017,5,,-,23,,89,,45,,199,,,N,0,,0,,,N,,N,"VERMONT
(43.622479, -72.51927)",
NEW HAMPSHIRE,2017,5,185,,99,,218,,884,,662,,,-,0,,1,,,-,,-,"NEW HAMPSHIRE
(43.657736, -71.500736)",
TEXAS,2017,5,3243,,2775,,3967,,14153,,14409,,,N,0,,0,,,N,,N,"TEXAS
(31.827233, -99.423022)",
LOUISIANA,2017,5,598,,599,,1983,,3162,,2292,,,-,0,,1,,,-,3,,"LOUISIANA
(31.2931, -92.463284)",
MINNESOTA,2017,5,,-,430,,526,,,-,2366,,,-,1,,4,,,-,3,,"MINNESOTA
(46.357661, -94.793397)",
ARIZONA,2017,5,603,,651,,1071,,2420,,2874,,83,,118,,162,,622,,676,,"ARIZONA
(34.869712, -111.760902)",
DIST. OF COL.,2017,5,,-,153,,294,,673,,705,,,-,0,,0,,,-,,-,"DISTRICT OF COLUMBIA
(38.892062, -77.019912)",
ILLINOIS,2017,5,70,,1081,,1272,,2166,,6914,,,N,0,,0,,,N,,N,"ILLINOIS
(40.477092, -88.993221)",
FLORIDA,2017,5,1217,,1805,,2799,,6916,,7894,,,N,0,,0,,,N,,N,"FLORIDA
(28.915325, -81.922409)",
ALABAMA,2017,5,460,,518,,735,,2154,,2335,,,N,0,,0,,,N,,N,"ALABAMA
(32.839182, -86.631125)",
MARYLAND,2017,5,487,,556,,1209,,1258,,1324,,,-,0,,2,,,-,1,,"MARYLAND
(39.290443, -76.612333)",
NEW YORK,2017,5,876,,809,,1705,,3444,,3284,,,N,0,,0,,,N,,N,"NEW YORK
(42.826892, -75.544286)",
WYOMING,2017,5,21,,38,,55,,136,,230,,,-,0,,1,,,-,,-,"WYOMING
(43.23558, -108.110518)",
COLORADO,2017,5,626,,485,,1192,,2511,,2116,,,N,0,,0,,,N,,N,"COLORADO
(38.841772, -106.132562)",
MISSISSIPPI,2017,5,167,,325,,661,,746,,1671,,,N,0,,0,,,N,,N,"MISSISSIPPI
(32.738663, -89.537312)",
ARKANSAS,2017,5,50,,271,,506,,293,,1337,,,-,0,,1,,,-,,-,"ARKANSAS
(34.748745, -92.275105)",
CONNECTICUT,2017,5,3,,233,,374,,102,,1057,,,N,0,,0,,,N,,N,"CONNECTICUT
(41.544654, -72.651713)",
TENNESSEE,2017,5,261,,616,,815,,1146,,3378,,,N,0,,0,,,N,,N,"TENNESSEE
(35.681402, -85.774444)",
NEBRASKA,2017,5,57,,149,,274,,480,,620,,1,,0,,1,,1,,,-,"NEBRASKA
(41.640503, -99.367122)",
OREGON,2017,5,441,,331,,422,,1641,,1317,,,-,0,,3,,1,,,-,"OREGON
(44.567912, -120.156945)",
WISCONSIN,2017,5,412,,502,,623,,2483,,2723,,,-,0,,2,,,-,1,,"WISCONSIN
(44.395526, -89.834513)",
NEVADA,2017,5,169,,206,,286,,840,,951,,,-,1,,5,,,-,12,,"NEVADA
(39.491833, -117.070159)",
IOWA,2017,5,64,,249,,302,,997,,1312,,,N,0,,0,,,N,,N,"IOWA
(42.46942, -93.815856)",
MASSACHUSETTS,2017,5,,-,512,,597,,1884,,2856,,,N,0,,0,,,N,,N,"MASSACHUSETTS
(42.268546, -72.085064)",
OHIO,2017,5,518,,1163,,1274,,4523,,6399,,1,,0,,4,,3,,2,,"OHIO
(40.056807, -82.405897)",
HAWAII,2017,5,,-,132,,174,,162,,622,,,N,0,,0,,,N,,N,"HAWAII
(21.30992, -157.858158)",
PENNSYLVANIA,2017,5,989,,1116,,1376,,5415,,5803,,,N,0,,0,,,N,,N,"PENNSYLVANIA
(40.789676, -77.858055)",
IDAHO,2017,5,102,,107,,212,,458,,629,,,N,0,,0,,,N,,N,"IDAHO
(43.680635, -114.364237)",
MICHIGAN,2017,5,234,,864,,1127,,2428,,4501,,,-,0,,3,,,-,3,,"MICHIGAN
(44.66399, -84.711206)",
WASHINGTON,2017,5,492,,587,,1078,,2398,,3134,,,N,0,,0,,,N,,N,"WASHINGTON
(47.517368, -120.467672)",
UNITED STATES,2017,6,14398,,29380,,32147,,129232,,179378,,134,,202,,315,,944,,1263,,,
NEW ENGLAND,2017,6,219,,1050,,1200,,3989,,6503,,,-,0,,1,,,-,,-,,
MID. ATLANTIC,2017,6,2636,,3928,,4216,,22005,,23917,,,-,0,,0,,,-,,-,,
NEW YORK CITY,2017,6,775,,1301,,1543,,7743,,7983,,,N,0,,0,,,N,,N,,
E.N. CENTRAL,2017,6,951,,4246,,4884,,17310,,28392,,,-,1,,7,,3,,7,,,
W.N. CENTRAL,2017,6,497,,1831,,2077,,6576,,11305,,,-,2,,8,,1,,4,,,
S. ATLANTIC,2017,6,2380,,5681,,7095,,16898,,34049,,,-,0,,2,,,-,2,,,
E.S. CENTRAL,2017,6,348,,1796,,2406,,7362,,9418,,,-,0,,0,,,-,,-,,
W.S. CENTRAL,2017,6,3888,,3945,,5433,,22815,,23742,,,-,0,,1,,,-,3,,,
MOUNTAIN,2017,6,1329,,1995,,2634,,9699,,11783,,124,,121,,160,,746,,807,,,
PACIFIC,2017,6,2150,,4988,,5457,,22578,,30269,,10,,75,,172,,194,,440,,,
AMER. SAMOA,2017,6,,-,0,,0,,,-,,-,,N,0,,0,,,N,,N,,
VIRGINIA,2017,6,,-,580,,1319,,,-,4814,,,N,0,,0,,,N,,N,"VIRGINIA
(37.542699, -78.45822)",
CALIFORNIA,2017,6,1299,,3797,,4254,,17255,,23525,,10,,75,,172,,192,,440,,"CALIFORNIA
(37.640735, -121.002435)",
WYOMING,2017,6,17,,37,,55,,158,,270,,,-,0,,1,,,-,,-,"WYOMING
(43.23558, -108.110518)",
MISSISSIPPI,2017,6,,-,320,,661,,746,,2098,,,N,0,,0,,,N,,N,"MISSISSIPPI
(32.738663, -89.537312)",
KENTUCKY,2017,6,115,,366,,687,,1444,,466,,,-,0,,0,,,-,,-,"KENTUCKY
(37.64591, -84.774043)",
KANSAS,2017,6,83,,238,,283,,1310,,1454,,,N,0,,0,,,N,,N,"KANSAS
(38.345528, -98.201847)",
IDAHO,2017,6,,-,106,,212,,458,,790,,,N,0,,0,,,N,,N,"IDAHO
(43.680635, -114.364237)",
NEW JERSEY,2017,6,209,,651,,727,,3514,,4847,,,N,0,,0,,,N,,N,"NEW JERSEY
(40.104655, -74.386686)",
NEW YORK,2017,6,776,,811,,1822,,4216,,4085,,,N,0,,0,,,N,,N,"NEW YORK
(42.826892, -75.544286)",
SOUTH CAROLINA,2017,6,465,,580,,789,,3435,,3486,,,N,0,,0,,,N,,N,"SOUTH CAROLINA
(34.009286, -81.037094)",
WEST VIRGINIA,2017,6,,-,91,,182,,487,,496,,,N,0,,0,,,N,,N,"WEST VIRGINIA
(38.668501, -80.709421)",
RHODE ISLAND,2017,6,24,,78,,449,,143,,359,,,-,0,,1,,,-,,-,"RHODE ISLAND
(41.707447, -71.522488)",
CONNECTICUT,2017,6,5,,237,,374,,289,,1329,,,N,0,,0,,,N,,N,"CONNECTICUT
(41.544654, -72.651713)",
NEW MEXICO,2017,6,55,,237,,399,,965,,1617,,,-,0,,3,,,-,2,,"NEW MEXICO
(34.520396, -106.244402)",
SOUTH DAKOTA,2017,6,13,,79,,107,,428,,568,,,N,0,,0,,,N,,N,"SOUTH DAKOTA
(44.35371, -100.373709)",
DIST. OF COL.,2017,6,,-,152,,294,,673,,855,,,-,0,,0,,,-,,-,"DISTRICT OF COLUMBIA
(38.892062, -77.019912)",
TEXAS,2017,6,3102,,2775,,4015,,17434,,17189,,,N,0,,0,,,N,,N,"TEXAS
(31.827233, -99.423022)",
COLORADO,2017,6,624,,488,,1191,,3134,,2627,,,N,0,,0,,,N,,N,"COLORADO
(38.841772, -106.132562)",
HAWAII,2017,6,,-,132,,174,,432,,747,,,N,0,,0,,,N,,N,"HAWAII
(21.30992, -157.858158)",
TENNESSEE,2017,6,233,,616,,818,,3018,,3910,,,N,0,,0,,,N,,N,"TENNESSEE
(35.681402, -85.774444)",
NORTH CAROLINA,2017,6,,-,1037,,1193,,542,,7062,,,N,0,,0,,,N,,N,"NORTH CAROLINA
(35.47995, -79.180571)",
IOWA,2017,6,82,,248,,302,,1285,,1570,,,N,0,,0,,,N,,N,"IOWA
(42.46942, -93.815856)",
FLORIDA,2017,6,1223,,1815,,2801,,9212,,9816,,,N,0,,0,,,N,,N,"FLORIDA
(28.915325, -81.922409)",
VERMONT,2017,6,7,,21,,95,,88,,251,,,N,0,,0,,,N,,N,"VERMONT
(43.622479, -72.51927)",
OHIO,2017,6,,-,1163,,1274,,4989,,7623,,,-,0,,4,,3,,2,,"OHIO
(40.056807, -82.405897)",
ALABAMA,2017,6,,-,518,,735,,2154,,2944,,,N,0,,0,,,N,,N,"ALABAMA
(32.839182, -86.631125)",
PENNSYLVANIA,2017,6,876,,1122,,1264,,6532,,7002,,,N,0,,0,,,N,,N,"PENNSYLVANIA
(40.789676, -77.858055)",
VIRGIN ISL.,2017,6,,-,8,,28,,,-,95,,,-,0,,0,,,-,,-,"VIRGIN ISLANDS
(18.060868, -64.840836)",
MARYLAND,2017,6,560,,565,,1245,,1915,,1847,,,-,0,,2,,,-,1,,"MARYLAND
(39.290443, -76.612333)",
ARKANSAS,2017,6,82,,271,,508,,414,,1704,,,-,0,,1,,,-,,-,"ARKANSAS
(34.748745, -92.275105)",
MISSOURI,2017,6,222,,590,,714,,2706,,3583,,,-,0,,2,,,-,1,,"MISSOURI
(38.636168, -92.566292)",
LOUISIANA,2017,6,661,,600,,1983,,3820,,2776,,,-,0,,1,,,-,3,,"LOUISIANA
(31.2931, -92.463284)",
ILLINOIS,2017,6,75,,1104,,1218,,3001,,8246,,,N,0,,0,,,N,,N,"ILLINOIS
(40.477092, -88.993221)",
OKLAHOMA,2017,6,43,,282,,356,,1147,,2073,,,N,0,,0,,,N,,N,"OKLAHOMA
(35.468494, -97.521264)",
UTAH,2017,6,111,,182,,218,,1077,,1220,,,-,1,,3,,,-,3,,"UTAH
(39.359772, -111.584173)",
DELAWARE,2017,6,132,,100,,199,,634,,575,,,-,0,,1,,,-,1,,"DELAWARE
(39.008676, -75.574561)",
PUERTO RICO,2017,6,,-,124,,481,,770,,568,,,N,0,,0,,,N,,N,"PUERTO RICO
(18.215692, -66.414655)",
MONTANA,2017,6,,-,81,,109,,,-,557,,,-,0,,2,,1,,2,,"MONTANA
(47.062617, -109.430168)",
MAINE,2017,6,81,,80,,157,,597,,424,,,N,0,,0,,,N,,N,"MAINE
(45.252223, -68.986647)",
WASHINGTON,2017,6,509,,579,,1078,,2907,,3746,,,N,0,,0,,,N,,N,"WASHINGTON
(47.517368, -120.467672)",
WISCONSIN,2017,6,301,,502,,623,,2993,,3246,,,-,0,,2,,,-,1,,"WISCONSIN
(44.395526, -89.834513)",
MASSACHUSETTS,2017,6,,-,510,,597,,1884,,3326,,,N,0,,0,,,N,,N,"MASSACHUSETTS
(42.268546, -72.085064)",
OREGON,2017,6,342,,331,,440,,1984,,1643,,,-,0,,3,,2,,,-,"OREGON
(44.567912, -120.156945)",
GEORGIA,2017,6,,-,911,,1159,,,-,5098,,,N,0,,0,,,N,,N,"GEORGIA
(32.836038, -83.631709)",
NEW HAMPSHIRE,2017,6,102,,105,,218,,988,,814,,,-,0,,1,,,-,,-,"NEW HAMPSHIRE
(43.657736, -71.500736)",
NEVADA,2017,6,114,,208,,290,,1030,,1156,,,-,1,,5,,,-,15,,"NEVADA
(39.491833, -117.070159)",
MINNESOTA,2017,6,,-,433,,526,,,-,2792,,,-,1,,4,,,-,3,,"MINNESOTA
(46.357661, -94.793397)",
ARIZONA,2017,6,408,,646,,1070,,2877,,3546,,124,,117,,159,,745,,785,,"ARIZONA
(34.869712, -111.760902)",
C.N.M.I.,2017,6,,-,,-,,-,,-,,-,,-,,-,,-,,-,,-,"NORTHERN MARIANA ISLANDS
(15.1834, 145.725693)",
MICHIGAN,2017,6,185,,854,,1127,,2986,,5393,,,-,0,,3,,,-,4,,"MICHIGAN
(44.66399, -84.711206)",
INDIANA,2017,6,390,,586,,764,,3341,,3884,,,N,0,,0,,,N,,N,"INDIANA
(39.76845, -86.156212)",
NORTH DAKOTA,2017,6,7,,59,,93,,196,,472,,,-,0,,1,,,-,,-,"NORTH DAKOTA
(47.475879, -100.121011)",
NEBRASKA,2017,6,90,,149,,274,,651,,866,,,-,0,,1,,1,,,-,"NEBRASKA
(41.640503, -99.367122)",
ALASKA,2017,6,,-,100,,152,,,-,608,,,N,0,,0,,,N,,N,"ALASKA
(64.836661, -147.738891)",
UNITED STATES,2017,7,14804,,29423,,32166,,155058,,207528,,117,,205,,325,,1063,,1440,,,
NEW ENGLAND,2017,7,196,,1040,,1198,,5287,,7471,,,-,0,,1,,,-,,-,,
MID. ATLANTIC,2017,7,2754,,3916,,4241,,25969,,27560,,,-,0,,0,,,-,,-,,
NEW YORK CITY,2017,7,804,,1300,,1556,,9098,,9088,,,N,0,,0,,,N,,N,,
E.N. CENTRAL,2017,7,1305,,4256,,4898,,21186,,32892,,,-,1,,7,,3,,8,,,
W.N. CENTRAL,2017,7,308,,1830,,2077,,7426,,13030,,,-,2,,8,,1,,5,,,
S. ATLANTIC,2017,7,2268,,5648,,7097,,20537,,39705,,,-,0,,2,,,-,2,,,
E.S. CENTRAL,2017,7,409,,1806,,2411,,8218,,11016,,,-,0,,0,,,-,,-,,
W.S. CENTRAL,2017,7,4402,,3949,,5433,,27711,,27432,,,-,0,,1,,,-,4,,,
MOUNTAIN,2017,7,1054,,1996,,2635,,11029,,13626,,103,,121,,160,,826,,905,,,
PACIFIC,2017,7,2108,,4984,,5479,,27695,,34796,,14,,75,,182,,233,,516,,,
AMER. SAMOA,2017,7,,-,0,,0,,,-,,-,,N,0,,0,,,N,,N,,
WYOMING,2017,7,,-,36,,55,,158,,308,,,-,0,,1,,,-,,-,"WYOMING
(43.23558, -108.110518)",
ILLINOIS,2017,7,50,,1135,,1311,,3770,,9687,,,N,0,,0,,,N,,N,"ILLINOIS
(40.477092, -88.993221)",
NEW HAMPSHIRE,2017,7,105,,103,,218,,1093,,845,,,-,0,,1,,,-,,-,"NEW HAMPSHIRE
(43.657736, -71.500736)",
PUERTO RICO,2017,7,,-,124,,481,,997,,690,,,N,0,,0,,,N,,N,"PUERTO RICO
(18.215692, -66.414655)",
GUAM,2017,7,,-,0,,0,,,-,,-,,-,0,,0,,,-,,-,"GUAM
(13.3532, 144.653198)",
DELAWARE,2017,7,110,,100,,199,,744,,676,,,-,0,,1,,,-,1,,"DELAWARE
(39.008676, -75.574561)",
LOUISIANA,2017,7,1451,,620,,1983,,5271,,3234,,,-,0,,1,,,-,4,,"LOUISIANA
(31.2931, -92.463284)",
MONTANA,2017,7,,-,81,,108,,,-,637,,,-,0,,2,,2,,2,,"MONTANA
(47.062617, -109.430168)",
ALASKA,2017,7,,-,98,,152,,,-,693,,,N,0,,0,,,N,,N,"ALASKA
(64.836661, -147.738891)",
ARKANSAS,2017,7,123,,268,,508,,636,,1909,,,-,0,,1,,,-,,-,"ARKANSAS
(34.748745, -92.275105)",
INDIANA,2017,7,204,,586,,764,,3857,,4457,,,N,0,,0,,,N,,N,"INDIANA
(39.76845, -86.156212)",
ARIZONA,2017,7,341,,643,,1070,,3276,,4093,,103,,117,,157,,824,,882,,"ARIZONA
(34.869712, -111.760902)",
NEW YORK,2017,7,822,,811,,1879,,5044,,4898,,,N,0,,0,,,N,,N,"NEW YORK
(42.826892, -75.544286)",
C.N.M.I.,2017,7,,-,,-,,-,,-,,-,,-,,-,,-,,-,,-,"NORTHERN MARIANA ISLANDS
(15.1834, 145.725693)",
VIRGINIA,2017,7,,-,551,,1319,,,-,5272,,,N,0,,0,,,N,,N,"VIRGINIA
(37.542699, -78.45822)",
VERMONT,2017,7,,-,20,,95,,88,,294,,,N,0,,0,,,N,,N,"VERMONT
(43.622479, -72.51927)",
UTAH,2017,7,143,,182,,218,,1321,,1392,,,-,1,,3,,,-,3,,"UTAH
(39.359772, -111.584173)",
DIST. OF COL.,2017,7,,-,152,,294,,673,,935,,,-,0,,0,,,-,,-,"DISTRICT OF COLUMBIA
(38.892062, -77.019912)",
VIRGIN ISL.,2017,7,,-,8,,28,,,-,101,,,-,0,,0,,,-,,-,"VIRGIN ISLANDS
(18.060868, -64.840836)",
GEORGIA,2017,7,,-,906,,1159,,,-,6017,,,N,0,,0,,,N,,N,"GEORGIA
(32.836038, -83.631709)",
CALIFORNIA,2017,7,1257,,3800,,4282,,21345,,26972,,14,,75,,182,,231,,515,,"CALIFORNIA
(37.640735, -121.002435)",
FLORIDA,2017,7,1214,,1805,,2799,,11113,,11617,,,N,0,,0,,,N,,N,"FLORIDA
(28.915325, -81.922409)",
TEXAS,2017,7,2781,,2776,,4026,,20356,,19960,,,N,0,,0,,,N,,N,"TEXAS
(31.827233, -99.423022)",
NORTH CAROLINA,2017,7,,-,1029,,1184,,1010,,8098,,,N,0,,0,,,N,,N,"NORTH CAROLINA
(35.47995, -79.180571)",
KENTUCKY,2017,7,51,,379,,687,,1869,,553,,,-,0,,0,,,-,,-,"KENTUCKY
(37.64591, -84.774043)",
NEVADA,2017,7,,-,208,,290,,1030,,1342,,,-,1,,5,,,-,15,,"NEVADA
(39.491833, -117.070159)",
NEBRASKA,2017,7,,-,148,,274,,651,,1033,,,-,0,,1,,1,,,-,"NEBRASKA
(41.640503, -99.367122)",
IOWA,2017,7,,-,245,,302,,1285,,1806,,,N,0,,0,,,N,,N,"IOWA
(42.46942, -93.815856)",
WEST VIRGINIA,2017,7,55,,91,,182,,575,,597,,,N,0,,0,,,N,,N,"WEST VIRGINIA
(38.668501, -80.709421)",
NEW JERSEY,2017,7,232,,650,,727,,4084,,5500,,,N,0,,0,,,N,,N,"NEW JERSEY
(40.104655, -74.386686)",
CONNECTICUT,2017,7,,-,234,,374,,289,,1628,,,N,0,,0,,,N,,N,"CONNECTICUT
(41.544654, -72.651713)",
OKLAHOMA,2017,7,47,,281,,340,,1448,,2329,,,N,0,,0,,,N,,N,"OKLAHOMA
(35.468494, -97.521264)",
MASSACHUSETTS,2017,7,,-,513,,597,,2982,,3743,,,N,0,,0,,,N,,N,"MASSACHUSETTS
(42.268546, -72.085064)",
MINNESOTA,2017,7,,-,434,,526,,,-,3175,,,-,1,,4,,,-,4,,"MINNESOTA
(46.357661, -94.793397)",
TENNESSEE,2017,7,221,,616,,818,,3239,,4497,,,N,0,,0,,,N,,N,"TENNESSEE
(35.681402, -85.774444)",
OHIO,2017,7,491,,1162,,1274,,6334,,8786,,,-,0,,4,,3,,2,,"OHIO
(40.056807, -82.405897)",
WISCONSIN,2017,7,331,,498,,623,,3508,,3725,,,-,0,,2,,,-,1,,"WISCONSIN
(44.395526, -89.834513)",
SOUTH DAKOTA,2017,7,3,,79,,107,,458,,640,,,N,0,,0,,,N,,N,"SOUTH DAKOTA
(44.35371, -100.373709)",
NEW MEXICO,2017,7,32,,235,,399,,1107,,1885,,,-,0,,3,,,-,3,,"NEW MEXICO
(34.520396, -106.244402)",
ALABAMA,2017,7,,-,513,,735,,2154,,3462,,,N,0,,0,,,N,,N,"ALABAMA
(32.839182, -86.631125)",
MARYLAND,2017,7,493,,589,,1259,,2473,,2361,,,-,0,,2,,,-,1,,"MARYLAND
(39.290443, -76.612333)",
MICHIGAN,2017,7,229,,844,,1127,,3717,,6237,,,-,0,,3,,,-,5,,"MICHIGAN
(44.66399, -84.711206)",
IDAHO,2017,7,,-,105,,212,,458,,997,,,N,0,,0,,,N,,N,"IDAHO
(43.680635, -114.364237)",
MISSOURI,2017,7,222,,590,,714,,3236,,4150,,,-,0,,2,,,-,1,,"MISSOURI
(38.636168, -92.566292)",
COLORADO,2017,7,538,,488,,1192,,3679,,2972,,,N,0,,0,,,N,,N,"COLORADO
(38.841772, -106.132562)",
MAINE,2017,7,91,,81,,157,,692,,513,,,N,0,,0,,,N,,N,"MAINE
(45.252223, -68.986647)",
OREGON,2017,7,368,,331,,440,,2351,,1975,,,-,0,,3,,2,,1,,"OREGON
(44.567912, -120.156945)",
SOUTH CAROLINA,2017,7,396,,575,,789,,3949,,4132,,,N,0,,0,,,N,,N,"SOUTH CAROLINA
(34.009286, -81.037094)",
MISSISSIPPI,2017,7,137,,316,,666,,956,,2504,,,N,0,,0,,,N,,N,"MISSISSIPPI
(32.738663, -89.537312)",
HAWAII,2017,7,2,,132,,174,,611,,861,,,N,0,,0,,,N,,N,"HAWAII
(21.30992, -157.858158)",
KANSAS,2017,7,79,,239,,283,,1546,,1696,,,N,0,,0,,,N,,N,"KANSAS
(38.345528, -98.201847)",
PENNSYLVANIA,2017,7,896,,1122,,1264,,7743,,8074,,,N,0,,0,,,N,,N,"PENNSYLVANIA
(40.789676, -77.858055)",
NORTH DAKOTA,2017,7,4,,59,,93,,250,,530,,,-,0,,1,,,-,,-,"NORTH DAKOTA
(47.475879, -100.121011)",
WASHINGTON,2017,7,481,,573,,1078,,3388,,4295,,,N,0,,0,,,N,,N,"WASHINGTON
(47.517368, -120.467672)",
RHODE ISLAND,2017,7,,-,76,,449,,143,,448,,,-,0,,1,,,-,,-,"RHODE ISLAND
(41.707447, -71.522488)",
UNITED STATES,2017,8,13450,,29491,,32212,,178763,,239825,,110,,207,,335,,1228,,1635,,,
NEW ENGLAND,2017,8,294,,1059,,1198,,5723,,8555,,,-,0,,1,,,-,,-,,
MID. ATLANTIC,2017,8,2244,,3916,,4272,,29433,,31694,,,-,0,,0,,,-,,-,,
NEW YORK CITY,2017,8,561,,1306,,1557,,10262,,10414,,,N,0,,0,,,N,,N,,
E.N. CENTRAL,2017,8,1174,,4302,,5008,,24546,,37449,,2,,1,,7,,8,,9,,,
W.N. CENTRAL,2017,8,455,,1821,,2062,,9183,,14850,,,-,2,,8,,1,,6,,,
S. ATLANTIC,2017,8,2139,,5625,,7095,,24677,,46415,,,-,0,,2,,,-,2,,,
E.S. CENTRAL,2017,8,416,,1806,,2419,,8954,,12821,,,-,0,,0,,,-,,-,,
W.S. CENTRAL,2017,8,3223,,3967,,5433,,31297,,31569,,,-,0,,1,,,-,4,,,
MOUNTAIN,2017,8,1062,,1997,,2636,,12755,,15849,,97,,121,,161,,953,,1034,,,
PACIFIC,2017,8,2443,,4989,,5506,,32195,,40623,,11,,78,,193,,266,,580,,,
AMER. SAMOA,2017,8,,-,0,,0,,,-,,-,,N,0,,0,,,N,,N,,
VERMONT,2017,8,,-,21,,95,,114,,333,,,N,0,,0,,,N,,N,"VERMONT
(43.622479, -72.51927)",
MARYLAND,2017,8,260,,591,,1261,,2811,,3186,,,-,0,,2,,,-,1,,"MARYLAND
(39.290443, -76.612333)",
KENTUCKY,2017,8,80,,389,,687,,2210,,652,,,-,0,,0,,,-,,-,"KENTUCKY
(37.64591, -84.774043)",
PENNSYLVANIA,2017,8,706,,1122,,1264,,8682,,9271,,,N,0,,0,,,N,,N,"PENNSYLVANIA
(40.789676, -77.858055)",
WISCONSIN,2017,8,377,,499,,627,,4088,,4178,,,-,0,,2,,,-,1,,"WISCONSIN
(44.395526, -89.834513)",
MASSACHUSETTS,2017,8,,-,513,,597,,2982,,4286,,,N,0,,0,,,N,,N,"MASSACHUSETTS
(42.268546, -72.085064)",
KANSAS,2017,8,69,,239,,283,,1756,,1944,,,N,0,,0,,,N,,N,"KANSAS
(38.345528, -98.201847)",
OKLAHOMA,2017,8,30,,282,,340,,1680,,2669,,,N,0,,0,,,N,,N,"OKLAHOMA
(35.468494, -97.521264)",
WYOMING,2017,8,35,,35,,55,,241,,359,,,-,0,,1,,,-,,-,"WYOMING
(43.23558, -108.110518)",
HAWAII,2017,8,2,,133,,174,,673,,1000,,,N,0,,0,,,N,,N,"HAWAII
(21.30992, -157.858158)",
UTAH,2017,8,66,,182,,218,,1451,,1596,,,-,1,,3,,,-,3,,"UTAH
(39.359772, -111.584173)",
PUERTO RICO,2017,8,,-,126,,481,,1214,,846,,,N,0,,0,,,N,,N,"PUERTO RICO
(18.215692, -66.414655)",
VIRGIN ISL.,2017,8,,-,8,,28,,,-,113,,,-,0,,0,,,-,,-,"VIRGIN ISLANDS
(18.060868, -64.840836)",
ALABAMA,2017,8,,-,508,,735,,2154,,4024,,,N,0,,0,,,N,,N,"ALABAMA
(32.839182, -86.631125)",
CALIFORNIA,2017,8,1611,,3809,,4294,,24948,,31611,,11,,77,,193,,262,,579,,"CALIFORNIA
(37.640735, -121.002435)",
MINNESOTA,2017,8,,-,435,,527,,,-,3588,,,-,1,,4,,,-,5,,"MINNESOTA
(46.357661, -94.793397)",
NEW YORK,2017,8,726,,815,,1936,,5767,,5782,,,N,0,,0,,,N,,N,"NEW YORK
(42.826892, -75.544286)",
MONTANA,2017,8,,-,81,,108,,,-,743,,,-,0,,2,,2,,3,,"MONTANA
(47.062617, -109.430168)",
WASHINGTON,2017,8,467,,573,,1078,,3855,,4851,,,N,0,,0,,,N,,N,"WASHINGTON
(47.517368, -120.467672)",
VIRGINIA,2017,8,,-,551,,1319,,,-,6107,,,N,0,,0,,,N,,N,"VIRGINIA
(37.542699, -78.45822)",
LOUISIANA,2017,8,80,,648,,1983,,5295,,3799,,,-,0,,1,,,-,4,,"LOUISIANA
(31.2931, -92.463284)",
SOUTH DAKOTA,2017,8,,-,79,,107,,458,,718,,,N,0,,0,,,N,,N,"SOUTH DAKOTA
(44.35371, -100.373709)",
MAINE,2017,8,67,,81,,157,,760,,584,,,N,0,,0,,,N,,N,"MAINE
(45.252223, -68.986647)",
OHIO,2017,8,189,,1161,,1274,,6957,,10042,,2,,0,,4,,5,,2,,"OHIO
(40.056807, -82.405897)",
MICHIGAN,2017,8,259,,844,,1127,,4403,,7068,,,-,0,,3,,3,,6,,"MICHIGAN
(44.66399, -84.711206)",
MISSISSIPPI,2017,8,158,,312,,674,,1173,,2973,,,N,0,,0,,,N,,N,"MISSISSIPPI
(32.738663, -89.537312)",
COLORADO,2017,8,391,,492,,1192,,4099,,3457,,,N,0,,0,,,N,,N,"COLORADO
(38.841772, -106.132562)",
FLORIDA,2017,8,1111,,1811,,2790,,12953,,13416,,,N,0,,0,,,N,,N,"FLORIDA
(28.915325, -81.922409)",
NORTH CAROLINA,2017,8,1,,1019,,1184,,2052,,9283,,,N,0,,0,,,N,,N,"NORTH CAROLINA
(35.47995, -79.180571)",
OREGON,2017,8,363,,331,,440,,2719,,2362,,,-,0,,3,,4,,1,,"OREGON
(44.567912, -120.156945)",
ARIZONA,2017,8,363,,648,,1075,,3753,,4780,,97,,118,,157,,940,,1008,,"ARIZONA
(34.869712, -111.760902)",
DIST. OF COL.,2017,8,,-,153,,294,,673,,1183,,,-,0,,0,,,-,,-,"DISTRICT OF COLUMBIA
(38.892062, -77.019912)",
TENNESSEE,2017,8,178,,616,,818,,3417,,5172,,,N,0,,0,,,N,,N,"TENNESSEE
(35.681402, -85.774444)",
GEORGIA,2017,8,,-,892,,1159,,,-,7033,,,N,0,,0,,,N,,N,"GEORGIA
(32.836038, -83.631709)",
NEW HAMPSHIRE,2017,8,153,,104,,218,,1245,,950,,,-,0,,1,,,-,,-,"NEW HAMPSHIRE
(43.657736, -71.500736)",
C.N.M.I.,2017,8,,-,,-,,-,,-,,-,,-,,-,,-,,-,,-,"NORTHERN MARIANA ISLANDS
(15.1834, 145.725693)",
NEW JERSEY,2017,8,251,,648,,727,,4722,,6227,,,N,0,,0,,,N,,N,"NEW JERSEY
(40.104655, -74.386686)",
RHODE ISLAND,2017,8,72,,74,,484,,275,,514,,,-,0,,1,,,-,,-,"RHODE ISLAND
(41.707447, -71.522488)",
DELAWARE,2017,8,131,,100,,199,,875,,768,,,-,0,,1,,,-,1,,"DELAWARE
(39.008676, -75.574561)",
NEVADA,2017,8,173,,210,,291,,1477,,1597,,,-,1,,5,,11,,17,,"NEVADA
(39.491833, -117.070159)",
WEST VIRGINIA,2017,8,78,,91,,182,,691,,741,,,N,0,,0,,,N,,N,"WEST VIRGINIA
(38.668501, -80.709421)",
IOWA,2017,8,130,,249,,302,,1884,,2089,,,N,0,,0,,,N,,N,"IOWA
(42.46942, -93.815856)",
ILLINOIS,2017,8,57,,1172,,1316,,4553,,11054,,,N,0,,0,,,N,,N,"ILLINOIS
(40.477092, -88.993221)",
ALASKA,2017,8,,-,109,,152,,,-,799,,,N,0,,0,,,N,,N,"ALASKA
(64.836661, -147.738891)",
NORTH DAKOTA,2017,8,9,,59,,93,,309,,595,,,-,0,,1,,,-,,-,"NORTH DAKOTA
(47.475879, -100.121011)",
CONNECTICUT,2017,8,2,,237,,374,,347,,1888,,,N,0,,0,,,N,,N,"CONNECTICUT
(41.544654, -72.651713)",
NEW MEXICO,2017,8,34,,236,,399,,1276,,2102,,,-,0,,3,,,-,3,,"NEW MEXICO
(34.520396, -106.244402)",
MISSOURI,2017,8,172,,590,,707,,3752,,4744,,,-,0,,2,,,-,1,,"MISSOURI
(38.636168, -92.566292)",
TEXAS,2017,8,3009,,2784,,4025,,23493,,22760,,,N,0,,0,,,N,,N,"TEXAS
(31.827233, -99.423022)",
GUAM,2017,8,,-,0,,0,,,-,,-,,-,0,,0,,,-,,-,"GUAM
(13.3532, 144.653198)",
NEBRASKA,2017,8,75,,150,,274,,1024,,1172,,,-,0,,1,,1,,,-,"NEBRASKA
(41.640503, -99.367122)",
SOUTH CAROLINA,2017,8,558,,565,,789,,4622,,4698,,,N,0,,0,,,N,,N,"SOUTH CAROLINA
(34.009286, -81.037094)",
ARKANSAS,2017,8,104,,268,,508,,829,,2341,,,-,0,,1,,,-,,-,"ARKANSAS
(34.748745, -92.275105)",
IDAHO,2017,8,,-,104,,213,,458,,1215,,,N,0,,0,,,N,,N,"IDAHO
(43.680635, -114.364237)",
INDIANA,2017,8,292,,592,,764,,4545,,5107,,,N,0,,0,,,N,,N,"INDIANA
(39.76845, -86.156212)",
UNITED STATES,2017,9,15113,,29542,,32303,,204802,,270144,,109,,209,,341,,1411,,1846,,,
NEW ENGLAND,2017,9,204,,1059,,1198,,6219,,9630,,,-,0,,1,,,-,,-,,
MID. ATLANTIC,2017,9,2749,,3916,,4277,,33515,,35669,,,-,0,,0,,,-,,-,,
NEW YORK CITY,2017,9,823,,1300,,1561,,11720,,11813,,,N,0,,0,,,N,,N,,
E.N. CENTRAL,2017,9,468,,4351,,5045,,26833,,42116,,,-,1,,7,,9,,10,,,
W.N. CENTRAL,2017,9,390,,1818,,2062,,11969,,16786,,,-,2,,8,,1,,8,,,
S. ATLANTIC,2017,9,2144,,5626,,7107,,28686,,52486,,,-,0,,2,,,-,2,,,
MINNESOTA,2017,9,7,,435,,527,,1614,,4048,,,-,1,,4,,,-,5,,"MINNESOTA
(46.357661, -94.793397)",
INDIANA,2017,9,236,,585,,764,,5111,,5679,,,N,0,,0,,,N,,N,"INDIANA
(39.76845, -86.156212)",
E.S. CENTRAL,2017,9,571,,1805,,2419,,9968,,14420,,,-,0,,0,,,-,,-,,
W.S. CENTRAL,2017,9,4787,,3949,,5433,,36561,,35628,,,-,0,,1,,,-,4,,,
MOUNTAIN,2017,9,1091,,1999,,2636,,14617,,17837,,92,,121,,161,,1062,,1167,,,
PACIFIC,2017,9,2709,,4991,,5612,,36434,,45572,,17,,80,,199,,339,,655,,,
AMER. SAMOA,2017,9,,-,0,,0,,,-,,-,,N,0,,0,,,N,,N,,
MISSISSIPPI,2017,9,261,,310,,674,,1475,,3351,,,N,0,,0,,,N,,N,"MISSISSIPPI
(32.738663, -89.537312)",
TENNESSEE,2017,9,188,,616,,818,,3605,,5788,,,N,0,,0,,,N,,N,"TENNESSEE
(35.681402, -85.774444)",
WEST VIRGINIA,2017,9,31,,90,,182,,724,,923,,,N,0,,0,,,N,,N,"WEST VIRGINIA
(38.668501, -80.709421)",
OHIO,2017,9,28,,1159,,1274,,7134,,11205,,,-,0,,4,,5,,2,,"OHIO
(40.056807, -82.405897)",
NEVADA,2017,9,157,,210,,291,,1781,,1804,,,-,1,,5,,11,,17,,"NEVADA
(39.491833, -117.070159)",
MARYLAND,2017,9,423,,584,,1277,,3344,,3810,,,-,0,,2,,,-,1,,"MARYLAND
(39.290443, -76.612333)",
OREGON,2017,9,363,,331,,440,,3084,,2741,,,-,0,,2,,3,,1,,"OREGON
(44.567912, -120.156945)",
NEW HAMPSHIRE,2017,9,153,,104,,218,,1396,,1070,,,-,0,,1,,,-,,-,"NEW HAMPSHIRE
(43.657736, -71.500736)",
ALABAMA,2017,9,,-,500,,735,,2154,,4561,,,N,0,,0,,,N,,N,"ALABAMA
(32.839182, -86.631125)",
MICHIGAN,2017,9,151,,844,,1127,,5081,,7885,,,-,0,,3,,4,,7,,"MICHIGAN
(44.66399, -84.711206)",
PENNSYLVANIA,2017,9,867,,1122,,1264,,9877,,10415,,,N,0,,0,,,N,,N,"PENNSYLVANIA
(40.789676, -77.858055)",
CONNECTICUT,2017,9,4,,242,,374,,604,,2171,,,N,0,,0,,,N,,N,"CONNECTICUT
(41.544654, -72.651713)",
ILLINOIS,2017,9,53,,1211,,1372,,5419,,12607,,,N,0,,0,,,N,,N,"ILLINOIS
(40.477092, -88.993221)",
GEORGIA,2017,9,,-,881,,1159,,,-,8016,,,N,0,,0,,,N,,N,"GEORGIA
(32.836038, -83.631709)",
UTAH,2017,9,95,,182,,219,,1675,,1777,,,-,1,,3,,,-,3,,"UTAH
(39.359772, -111.584173)",
NEW JERSEY,2017,9,240,,645,,725,,5333,,6906,,,N,0,,0,,,N,,N,"NEW JERSEY
(40.104655, -74.386686)",
ARKANSAS,2017,9,189,,262,,508,,1180,,2702,,,-,0,,1,,,-,,-,"ARKANSAS
(34.748745, -92.275105)",
ALASKA,2017,9,,-,109,,152,,,-,951,,,N,0,,0,,,N,,N,"ALASKA
(64.836661, -147.738891)",
WISCONSIN,2017,9,,-,499,,627,,4088,,4740,,,-,0,,2,,,-,1,,"WISCONSIN
(44.395526, -89.834513)",
NORTH CAROLINA,2017,9,1,,1068,,1225,,2919,,10378,,,N,0,,0,,,N,,N,"NORTH CAROLINA
(35.47995, -79.180571)",
NEW YORK,2017,9,819,,806,,1969,,6585,,6535,,,N,0,,0,,,N,,N,"NEW YORK
(42.826892, -75.544286)",
GUAM,2017,9,,-,0,,0,,,-,,-,,-,0,,0,,,-,,-,"GUAM
(13.3532, 144.653198)",
LOUISIANA,2017,9,1784,,648,,1983,,7057,,4264,,,-,0,,1,,,-,4,,"LOUISIANA
(31.2931, -92.463284)",
C.N.M.I.,2017,9,,-,,-,,-,,-,,-,,-,,-,,-,,-,,-,"NORTHERN MARIANA ISLANDS
(15.1834, 145.725693)",
NEW MEXICO,2017,9,44,,239,,399,,1596,,2408,,,-,0,,3,,,-,6,,"NEW MEXICO
(34.520396, -106.244402)",
VERMONT,2017,9,7,,23,,96,,162,,370,,,N,0,,0,,,N,,N,"VERMONT
(43.622479, -72.51927)",
TEXAS,2017,9,2749,,2794,,4028,,26372,,25665,,,N,0,,0,,,N,,N,"TEXAS
(31.827233, -99.423022)",
ARIZONA,2017,9,453,,646,,1075,,4346,,5339,,92,,118,,157,,1049,,1138,,"ARIZONA
(34.869712, -111.760902)",
COLORADO,2017,9,342,,492,,1192,,4520,,3986,,,N,0,,0,,,N,,N,"COLORADO
(38.841772, -106.132562)",
MAINE,2017,9,,-,81,,157,,760,,675,,,N,0,,0,,,N,,N,"MAINE
(45.252223, -68.986647)",
SOUTH CAROLINA,2017,9,556,,579,,789,,5283,,5316,,,N,0,,0,,,N,,N,"SOUTH CAROLINA
(34.009286, -81.037094)",
NORTH DAKOTA,2017,9,7,,59,,93,,383,,675,,,-,0,,1,,,-,1,,"NORTH DAKOTA
(47.475879, -100.121011)",
MONTANA,2017,9,,-,81,,108,,,-,842,,,-,0,,2,,2,,3,,"MONTANA
(47.062617, -109.430168)",
HAWAII,2017,9,,-,132,,174,,673,,1137,,,N,0,,0,,,N,,N,"HAWAII
(21.30992, -157.858158)",
VIRGIN ISL.,2017,9,,-,8,,28,,46,,130,,,-,0,,0,,,-,,-,"VIRGIN ISLANDS
(18.060868, -64.840836)",
VIRGINIA,2017,9,,-,495,,1319,,,-,6523,,,N,0,,0,,,N,,N,"VIRGINIA
(37.542699, -78.45822)",
RHODE ISLAND,2017,9,40,,74,,486,,315,,549,,,-,0,,1,,,-,,-,"RHODE ISLAND
(41.707447, -71.522488)",
MISSOURI,2017,9,207,,588,,749,,4348,,5322,,,-,0,,2,,,-,1,,"MISSOURI
(38.636168, -92.566292)",
MASSACHUSETTS,2017,9,,-,511,,597,,2982,,4795,,,N,0,,0,,,N,,N,"MASSACHUSETTS
(42.268546, -72.085064)",
OKLAHOMA,2017,9,65,,282,,339,,1952,,2997,,,N,0,,0,,,N,,N,"OKLAHOMA
(35.468494, -97.521264)",
CALIFORNIA,2017,9,1846,,3807,,4313,,28322,,35374,,17,,79,,199,,336,,654,,"CALIFORNIA
(37.640735, -121.002435)",
NEBRASKA,2017,9,76,,150,,274,,1131,,1404,,,-,0,,1,,1,,1,,"NEBRASKA
(41.640503, -99.367122)",
KENTUCKY,2017,9,122,,393,,687,,2734,,720,,,-,0,,0,,,-,,-,"KENTUCKY
(37.64591, -84.774043)",
KANSAS,2017,9,32,,239,,286,,1964,,2189,,,N,0,,0,,,N,,N,"KANSAS
(38.345528, -98.201847)",
DIST. OF COL.,2017,9,,-,152,,294,,673,,1322,,,-,0,,0,,,-,,-,"DISTRICT OF COLUMBIA
(38.892062, -77.019912)",
SOUTH DAKOTA,2017,9,,-,79,,107,,458,,800,,,N,0,,0,,,N,,N,"SOUTH DAKOTA
(44.35371, -100.373709)",
IDAHO,2017,9,,-,103,,164,,458,,1271,,,N,0,,0,,,N,,N,"IDAHO
(43.680635, -114.364237)",
PUERTO RICO,2017,9,,-,125,,481,,1309,,885,,,N,0,,0,,,N,,N,"PUERTO RICO
(18.215692, -66.414655)",
FLORIDA,2017,9,1023,,1826,,2786,,14758,,15280,,,N,0,,0,,,N,,N,"FLORIDA
(28.915325, -81.922409)",
WYOMING,2017,9,,-,35,,55,,241,,410,,,-,0,,1,,,-,,-,"WYOMING
(43.23558, -108.110518)",
DELAWARE,2017,9,110,,101,,199,,985,,918,,,-,0,,1,,,-,1,,"DELAWARE
(39.008676, -75.574561)",
WASHINGTON,2017,9,500,,589,,818,,4355,,5369,,,N,0,,0,,,N,,N,"WASHINGTON
(47.517368, -120.467672)",
IOWA,2017,9,61,,248,,302,,2071,,2348,,,N,0,,0,,,N,,N,"IOWA
(42.46942, -93.815856)",
UNITED STATES,2017,10,14420,,28272,,31014,,225646,,288360,,125,,208,,343,,1578,,2043,,,
NEW ENGLAND,2017,10,238,,1063,,1277,,8223,,10752,,,-,0,,1,,,-,1,,,
MID. ATLANTIC,2017,10,2174,,3891,,4301,,36923,,39719,,,-,0,,0,,,-,,-,,
NEW YORK CITY,2017,10,842,,1307,,1565,,13237,,13143,,,N,0,,0,,,N,,N,,
E.N. CENTRAL,2017,10,1027,,4362,,5062,,31350,,46855,,,-,1,,7,,9,,12,,,
W.N. CENTRAL,2017,10,257,,1813,,2062,,13114,,18610,,,-,2,,8,,1,,10,,,
S. ATLANTIC,2017,10,2173,,5603,,7099,,32579,,58091,,,-,0,,2,,,-,3,,,
E.S. CENTRAL,2017,10,609,,1854,,2428,,13076,,16044,,,-,0,,0,,,-,,-,,
W.S. CENTRAL,2017,10,3837,,3949,,5433,,40862,,39585,,,-,0,,1,,,-,4,,,
MOUNTAIN,2017,10,1504,,2002,,2636,,16674,,19867,,120,,121,,161,,1197,,1292,,,
PACIFIC,2017,10,2601,,3769,,4272,,32845,,38837,,5,,80,,201,,371,,721,,,
AMER. SAMOA,2017,10,,-,0,,0,,,-,,-,,N,0,,0,,,N,,N,,
C.N.M.I.,2017,10,,-,,-,,-,,-,,-,,-,,-,,-,,-,,-,"NORTHERN MARIANA ISLANDS
(15.1834, 145.725693)",
MONTANA,2017,10,,-,80,,108,,,-,936,,,-,0,,2,,2,,3,,"MONTANA
(47.062617, -109.430168)",
NORTH CAROLINA,2017,10,,-,1074,,1231,,3770,,11447,,,N,0,,0,,,N,,N,"NORTH CAROLINA
(35.47995, -79.180571)",
WEST VIRGINIA,2017,10,41,,90,,128,,837,,1009,,,N,0,,0,,,N,,N,"WEST VIRGINIA
(38.668501, -80.709421)",
TEXAS,2017,10,2847,,2797,,4029,,29310,,28358,,,N,0,,0,,,N,,N,"TEXAS
(31.827233, -99.423022)",
CALIFORNIA,2017,10,1710,,2613,,2973,,23631,,27369,,5,,79,,201,,368,,719,,"CALIFORNIA
(37.640735, -121.002435)",
MAINE,2017,10,90,,81,,157,,971,,742,,,N,0,,0,,,N,,N,"MAINE
(45.252223, -68.986647)",
OHIO,2017,10,19,,1154,,1275,,8536,,12371,,,-,0,,4,,5,,3,,"OHIO
(40.056807, -82.405897)",
NORTH DAKOTA,2017,10,6,,57,,93,,410,,742,,,-,0,,1,,,-,1,,"NORTH DAKOTA
(47.475879, -100.121011)",
INDIANA,2017,10,327,,595,,763,,5809,,6281,,,N,0,,0,,,N,,N,"INDIANA
(39.76845, -86.156212)",
LOUISIANA,2017,10,744,,658,,1983,,7692,,4962,,,-,0,,1,,,-,4,,"LOUISIANA
(31.2931, -92.463284)",
NEW MEXICO,2017,10,92,,236,,399,,1802,,2656,,,-,0,,2,,,-,7,,"NEW MEXICO
(34.520396, -106.244402)",
COLORADO,2017,10,532,,488,,1192,,5039,,4301,,,N,0,,0,,,N,,N,"COLORADO
(38.841772, -106.132562)",
VIRGINIA,2017,10,,-,495,,1319,,,-,6660,,,N,0,,0,,,N,,N,"VIRGINIA
(37.542699, -78.45822)",
CONNECTICUT,2017,10,1,,242,,374,,710,,2488,,,N,0,,0,,,N,,N,"CONNECTICUT
(41.544654, -72.651713)",
WISCONSIN,2017,10,413,,496,,627,,4762,,5226,,,-,0,,2,,,-,2,,"WISCONSIN
(44.395526, -89.834513)",
SOUTH DAKOTA,2017,10,,-,79,,107,,580,,907,,,N,0,,0,,,N,,N,"SOUTH DAKOTA
(44.35371, -100.373709)",
MARYLAND,2017,10,330,,580,,1315,,3779,,4329,,,-,0,,2,,,-,2,,"MARYLAND
(39.290443, -76.612333)",
ILLINOIS,2017,10,58,,1222,,1345,,6339,,14050,,,N,0,,0,,,N,,N,"ILLINOIS
(40.477092, -88.993221)",
GEORGIA,2017,10,,-,877,,1159,,,-,8984,,,N,0,,0,,,N,,N,"GEORGIA
(32.836038, -83.631709)",
OREGON,2017,10,316,,331,,440,,3403,,3145,,,-,0,,2,,3,,2,,"OREGON
(44.567912, -120.156945)",
VIRGIN ISL.,2017,10,,-,8,,28,,46,,138,,,-,0,,0,,,-,,-,"VIRGIN ISLANDS
(18.060868, -64.840836)",
WYOMING,2017,10,14,,34,,55,,273,,443,,,-,0,,1,,,-,,-,"WYOMING
(43.23558, -108.110518)",
RHODE ISLAND,2017,10,66,,74,,486,,381,,625,,,-,0,,1,,,-,,-,"RHODE ISLAND
(41.707447, -71.522488)",
IDAHO,2017,10,,-,103,,164,,458,,1389,,,N,0,,0,,,N,,N,"IDAHO
(43.680635, -114.364237)",
MASSACHUSETTS,2017,10,,-,513,,607,,4503,,5305,,,N,0,,0,,,N,,N,"MASSACHUSETTS
(42.268546, -72.085064)",
HAWAII,2017,10,,-,132,,174,,881,,1276,,,N,0,,0,,,N,,N,"HAWAII
(21.30992, -157.858158)",
DIST. OF COL.,2017,10,,-,152,,294,,673,,1473,,,-,0,,0,,,-,,-,"DISTRICT OF COLUMBIA
(38.892062, -77.019912)",
IOWA,2017,10,,-,245,,302,,2071,,2500,,,N,0,,0,,,N,,N,"IOWA
(42.46942, -93.815856)",
MISSISSIPPI,2017,10,306,,306,,674,,1855,,3752,,,N,0,,0,,,N,,N,"MISSISSIPPI
(32.738663, -89.537312)",
SOUTH CAROLINA,2017,10,500,,580,,789,,5918,,5955,,,N,0,,0,,,N,,N,"SOUTH CAROLINA
(34.009286, -81.037094)",
PUERTO RICO,2017,10,,-,128,,481,,1466,,966,,,N,0,,0,,,N,,N,"PUERTO RICO
(18.215692, -66.414655)",
OKLAHOMA,2017,10,53,,281,,339,,2197,,3293,,,N,0,,0,,,N,,N,"OKLAHOMA
(35.468494, -97.521264)",
DELAWARE,2017,10,101,,101,,199,,1086,,1017,,,-,0,,1,,,-,1,,"DELAWARE
(39.008676, -75.574561)",
ARKANSAS,2017,10,193,,268,,508,,1663,,2972,,,-,0,,1,,,-,,-,"ARKANSAS
(34.748745, -92.275105)",
UTAH,2017,10,141,,182,,219,,1924,,1966,,,-,1,,3,,4,,4,,"UTAH
(39.359772, -111.584173)",
TENNESSEE,2017,10,208,,649,,843,,5682,,6340,,,N,0,,0,,,N,,N,"TENNESSEE
(35.681402, -85.774444)",
PENNSYLVANIA,2017,10,122,,1117,,1264,,10179,,11595,,,N,0,,0,,,N,,N,"PENNSYLVANIA
(40.789676, -77.858055)",
ARIZONA,2017,10,579,,646,,1078,,5034,,6169,,120,,117,,157,,1179,,1261,,"ARIZONA
(34.869712, -111.760902)",
MISSOURI,2017,10,204,,593,,750,,5028,,5933,,,-,0,,2,,,-,1,,"MISSOURI
(38.636168, -92.566292)",
ALASKA,2017,10,,-,106,,142,,,-,1044,,,N,0,,0,,,N,,N,"ALASKA
(64.836661, -147.738891)",
NEW YORK,2017,10,928,,814,,1969,,7511,,7386,,,N,0,,0,,,N,,N,"NEW YORK
(42.826892, -75.544286)",
MICHIGAN,2017,10,210,,844,,1127,,5904,,8927,,,-,0,,3,,4,,7,,"MICHIGAN
(44.66399, -84.711206)",
ALABAMA,2017,10,,-,492,,735,,2154,,5105,,,N,0,,0,,,N,,N,"ALABAMA
(32.839182, -86.631125)",
VERMONT,2017,10,10,,22,,96,,190,,399,,,N,0,,0,,,N,,N,"VERMONT
(43.622479, -72.51927)",
NEW JERSEY,2017,10,282,,644,,725,,5996,,7595,,,N,0,,0,,,N,,N,"NEW JERSEY
(40.104655, -74.386686)",
KENTUCKY,2017,10,95,,393,,687,,3385,,847,,,-,0,,0,,,-,,-,"KENTUCKY
(37.64591, -84.774043)",
MINNESOTA,2017,10,9,,434,,527,,1682,,4474,,,-,1,,4,,,-,6,,"MINNESOTA
(46.357661, -94.793397)",
KANSAS,2017,10,38,,238,,287,,2212,,2432,,,N,0,,0,,,N,,N,"KANSAS
(38.345528, -98.201847)",
FLORIDA,2017,10,1201,,1798,,2767,,16516,,17217,,,N,0,,0,,,N,,N,"FLORIDA
(28.915325, -81.922409)",
NEVADA,2017,10,146,,210,,317,,2144,,2007,,,-,1,,5,,12,,17,,"NEVADA
(39.491833, -117.070159)",
GUAM,2017,10,,-,0,,0,,,-,,-,,-,0,,0,,,-,,-,"GUAM
(13.3532, 144.653198)",
WASHINGTON,2017,10,575,,589,,818,,4930,,6003,,,N,0,,0,,,N,,N,"WASHINGTON
(47.517368, -120.467672)",
NEW HAMPSHIRE,2017,10,71,,104,,218,,1468,,1193,,,-,0,,1,,,-,1,,"NEW HAMPSHIRE
(43.657736, -71.500736)",
NEBRASKA,2017,10,,-,150,,274,,1131,,1622,,,-,0,,1,,1,,2,,"NEBRASKA
(41.640503, -99.367122)",
UNITED STATES,2017,11,11612,,30351,,33115,,267289,,337129,,,-,208,,343,,1587,,2222,,,
NEW ENGLAND,2017,11,151,,1084,,1323,,9133,,11870,,,-,0,,1,,,-,1,,,
MID. ATLANTIC,2017,11,2442,,4602,,5066,,47764,,50555,,,-,0,,0,,,-,,-,,
NEW YORK CITY,2017,11,633,,1307,,1577,,14486,,14441,,,N,0,,0,,,N,,N,,
E.N. CENTRAL,2017,11,561,,4384,,5082,,35694,,51364,,,-,1,,7,,9,,15,,,
W.N. CENTRAL,2017,11,394,,1811,,2062,,15436,,20315,,,-,2,,8,,3,,11,,,
S. ATLANTIC,2017,11,1916,,5583,,7102,,36127,,64230,,,-,0,,2,,,-,3,,,
E.S. CENTRAL,2017,11,599,,1906,,2462,,16321,,18121,,,-,0,,0,,,-,,-,,
W.S. CENTRAL,2017,11,3652,,3955,,5433,,44922,,43132,,,-,0,,3,,1,,4,,,
MOUNTAIN,2017,11,1006,,2001,,2637,,18426,,21777,,,-,121,,161,,1203,,1412,,,
PACIFIC,2017,11,891,,4986,,5620,,43466,,55765,,,-,80,,201,,371,,776,,,
AMER. SAMOA,2017,11,,-,0,,0,,,-,,-,,N,0,,0,,,N,,N,,
NEW MEXICO,2017,11,61,,236,,399,,2113,,2889,,,-,0,,2,,,-,8,,"NEW MEXICO
(34.520396, -106.244402)",
CALIFORNIA,2017,11,,-,3810,,4321,,33208,,42957,,,-,79,,201,,368,,774,,"CALIFORNIA
(37.640735, -121.002435)",
COLORADO,2017,11,,-,492,,1192,,5039,,4753,,,N,0,,0,,,N,,N,"COLORADO
(38.841772, -106.132562)",
ALABAMA,2017,11,434,,513,,735,,5234,,5623,,,N,0,,0,,,N,,N,"ALABAMA
(32.839182, -86.631125)",
TENNESSEE,2017,11,165,,649,,843,,5847,,7006,,,N,0,,0,,,N,,N,"TENNESSEE
(35.681402, -85.774444)",
ARIZONA,2017,11,671,,645,,1077,,5898,,6793,,,-,117,,157,,1179,,1378,,"ARIZONA
(34.869712, -111.760902)",
OKLAHOMA,2017,11,50,,280,,339,,2426,,3563,,,N,0,,0,,,N,,N,"OKLAHOMA
(35.468494, -97.521264)",
MINNESOTA,2017,11,15,,434,,527,,2296,,4882,,,-,1,,4,,,-,7,,"MINNESOTA
(46.357661, -94.793397)",
GEORGIA,2017,11,,-,874,,1159,,,-,9795,,,N,0,,0,,,N,,N,"GEORGIA
(32.836038, -83.631709)",
IDAHO,2017,11,,-,102,,164,,458,,1493,,,N,0,,0,,,N,,N,"IDAHO
(43.680635, -114.364237)",
WEST VIRGINIA,2017,11,,-,90,,128,,837,,1087,,,N,0,,0,,,N,,N,"WEST VIRGINIA
(38.668501, -80.709421)",
MONTANA,2017,11,,-,79,,108,,,-,1019,,,-,0,,2,,2,,3,,"MONTANA
(47.062617, -109.430168)",
DELAWARE,2017,11,107,,101,,197,,1193,,1106,,,-,0,,1,,,-,1,,"DELAWARE
(39.008676, -75.574561)",
ILLINOIS,2017,11,50,,1245,,1383,,7068,,15420,,,N,0,,0,,,N,,N,"ILLINOIS
(40.477092, -88.993221)",
MISSISSIPPI,2017,11,,-,349,,705,,1855,,4194,,,N,0,,0,,,N,,N,"MISSISSIPPI
(32.738663, -89.537312)",
NORTH CAROLINA,2017,11,1,,1074,,1235,,4523,,12521,,,N,0,,0,,,N,,N,"NORTH CAROLINA
(35.47995, -79.180571)",
SOUTH CAROLINA,2017,11,621,,583,,789,,6637,,6556,,,N,0,,0,,,N,,N,"SOUTH CAROLINA
(34.009286, -81.037094)",
VIRGIN ISL.,2017,11,,-,8,,28,,46,,148,,,-,0,,0,,,-,,-,"VIRGIN ISLANDS
(18.060868, -64.840836)",
DIST. OF COL.,2017,11,,-,152,,294,,673,,1652,,,-,0,,0,,,-,,-,"DISTRICT OF COLUMBIA
(38.892062, -77.019912)",
NEW JERSEY,2017,11,177,,643,,725,,6550,,8263,,,N,0,,0,,,N,,N,"NEW JERSEY
(40.104655, -74.386686)",
SOUTH DAKOTA,2017,11,1,,79,,104,,611,,1006,,,N,0,,0,,,N,,N,"SOUTH DAKOTA
(44.35371, -100.373709)",
VIRGINIA,2017,11,,-,495,,1319,,,-,7382,,,N,0,,0,,,N,,N,"VIRGINIA
(37.542699, -78.45822)",
MICHIGAN,2017,11,203,,843,,1127,,6588,,9771,,,-,0,,3,,4,,9,,"MICHIGAN
(44.66399, -84.711206)",
PENNSYLVANIA,2017,11,761,,1819,,2066,,18348,,19695,,,N,0,,0,,,N,,N,"PENNSYLVANIA
(40.789676, -77.858055)",
ARKANSAS,2017,11,215,,269,,508,,2065,,3130,,,-,0,,1,,1,,,-,"ARKANSAS
(34.748745, -92.275105)",
NEBRASKA,2017,11,86,,150,,275,,1493,,1756,,,-,0,,1,,1,,2,,"NEBRASKA
(41.640503, -99.367122)",
MASSACHUSETTS,2017,11,,-,519,,607,,5114,,5805,,,N,0,,0,,,N,,N,"MASSACHUSETTS
(42.268546, -72.085064)",
WYOMING,2017,11,21,,34,,55,,303,,483,,,-,0,,1,,,-,,-,"WYOMING
(43.23558, -108.110518)",
GUAM,2017,11,,-,0,,0,,,-,,-,,-,0,,0,,,-,,-,"GUAM
(13.3532, 144.653198)",
NEW HAMPSHIRE,2017,11,150,,104,,218,,1623,,1388,,,-,0,,1,,,-,1,,"NEW HAMPSHIRE
(43.657736, -71.500736)",
C.N.M.I.,2017,11,,-,,-,,-,,-,,-,,-,,-,,-,,-,,-,"NORTHERN MARIANA ISLANDS
(15.1834, 145.725693)",
PUERTO RICO,2017,11,,-,128,,481,,1466,,1072,,,N,0,,0,,,N,,N,"PUERTO RICO
(18.215692, -66.414655)",
LOUISIANA,2017,11,655,,658,,1983,,8177,,5438,,,-,0,,3,,,-,4,,"LOUISIANA
(31.2931, -92.463284)",
NEW YORK,2017,11,871,,813,,1969,,8380,,8156,,,N,0,,0,,,N,,N,"NEW YORK
(42.826892, -75.544286)",
UTAH,2017,11,121,,183,,232,,2144,,2127,,,-,1,,3,,5,,4,,"UTAH
(39.359772, -111.584173)",
HAWAII,2017,11,2,,131,,174,,1036,,1391,,,N,0,,0,,,N,,N,"HAWAII
(21.30992, -157.858158)",
WASHINGTON,2017,11,478,,580,,818,,5408,,6795,,,N,0,,0,,,N,,N,"WASHINGTON
(47.517368, -120.467672)",
VERMONT,2017,11,,-,21,,96,,190,,428,,,N,0,,0,,,N,,N,"VERMONT
(43.622479, -72.51927)",
OHIO,2017,11,,-,1154,,1275,,10723,,13504,,,-,0,,4,,5,,4,,"OHIO
(40.056807, -82.405897)",
OREGON,2017,11,411,,331,,440,,3814,,3459,,,-,0,,2,,3,,2,,"OREGON
(44.567912, -120.156945)",
TEXAS,2017,11,2732,,2815,,4055,,32254,,31001,,,N,0,,0,,,N,,N,"TEXAS
(31.827233, -99.423022)",
WISCONSIN,2017,11,,-,496,,627,,4762,,5744,,,-,0,,2,,,-,2,,"WISCONSIN
(44.395526, -89.834513)",
MISSOURI,2017,11,178,,593,,750,,5554,,6569,,,-,0,,2,,2,,1,,"MISSOURI
(38.636168, -92.566292)",
FLORIDA,2017,11,969,,1783,,2767,,18212,,19040,,,N,0,,0,,,N,,N,"FLORIDA
(28.915325, -81.922409)",
KANSAS,2017,11,78,,238,,287,,2522,,2624,,,N,0,,0,,,N,,N,"KANSAS
(38.345528, -98.201847)",
NORTH DAKOTA,2017,11,,-,57,,93,,410,,809,,,-,0,,1,,,-,1,,"NORTH DAKOTA
(47.475879, -100.121011)",
MAINE,2017,11,,-,83,,157,,971,,802,,,N,0,,0,,,N,,N,"MAINE
(45.252223, -68.986647)",
CONNECTICUT,2017,11,1,,248,,386,,854,,2703,,,N,0,,0,,,N,,N,"CONNECTICUT
(41.544654, -72.651713)",
ALASKA,2017,11,,-,106,,142,,,-,1163,,,N,0,,0,,,N,,N,"ALASKA
(64.836661, -147.738891)",
MARYLAND,2017,11,218,,586,,1338,,4052,,5091,,,-,0,,2,,,-,2,,"MARYLAND
(39.290443, -76.612333)",
NEVADA,2017,11,132,,212,,330,,2471,,2220,,,-,1,,5,,17,,19,,"NEVADA
(39.491833, -117.070159)",
INDIANA,2017,11,308,,595,,763,,6553,,6925,,,N,0,,0,,,N,,N,"INDIANA
(39.76845, -86.156212)",
IOWA,2017,11,36,,249,,302,,2550,,2669,,,N,0,,0,,,N,,N,"IOWA
(42.46942, -93.815856)",
RHODE ISLAND,2017,11,,-,73,,486,,381,,744,,,-,0,,1,,,-,,-,"RHODE ISLAND
(41.707447, -71.522488)",
KENTUCKY,2017,11,,-,393,,687,,3385,,1298,,,-,0,,0,,,-,,-,"KENTUCKY
(37.64591, -84.774043)",
UNITED STATES,2017,12,15023,,29971,,32547,,302372,,361692,,111,,208,,369,,1848,,2416,,,
NEW ENGLAND,2017,12,544,,1086,,1367,,10832,,13007,,,-,0,,1,,,-,1,,,
MID. ATLANTIC,2017,12,2706,,3925,,5075,,51759,,47193,,,-,0,,0,,,-,,-,,
NEW YORK CITY,2017,12,585,,1307,,1579,,15748,,15686,,,N,0,,0,,,N,,N,,
E.N. CENTRAL,2017,12,953,,4415,,5098,,39460,,55957,,,-,1,,7,,9,,15,,,
W.N. CENTRAL,2017,12,327,,1813,,2062,,16884,,22143,,1,,2,,8,,4,,13,,,
S. ATLANTIC,2017,12,2047,,5736,,7234,,39970,,72070,,,-,0,,2,,1,,3,,,
E.S. CENTRAL,2017,12,1019,,1935,,2486,,18032,,20098,,,-,0,,1,,1,,,-,,
W.S. CENTRAL,2017,12,3571,,3971,,5433,,48846,,47012,,,-,0,,3,,1,,4,,,
MOUNTAIN,2017,12,1005,,2006,,2637,,22392,,23628,,96,,121,,161,,1363,,1544,,,
PACIFIC,2017,12,2851,,4991,,5668,,54197,,60584,,14,,81,,227,,469,,836,,,
AMER. SAMOA,2017,12,,-,0,,0,,,-,,-,,N,0,,0,,,N,,N,,
WEST VIRGINIA,2017,12,6,,90,,128,,908,,1160,,,N,0,,0,,,N,,N,"WEST VIRGINIA
(38.668501, -80.709421)",
SOUTH CAROLINA,2017,12,495,,583,,789,,7131,,7105,,,N,0,,0,,,N,,N,"SOUTH CAROLINA
(34.009286, -81.037094)",
C.N.M.I.,2017,12,,-,,-,,-,,-,,-,,-,,-,,-,,-,,-,"NORTHERN MARIANA ISLANDS
(15.1834, 145.725693)",
CONNECTICUT,2017,12,5,,255,,408,,1139,,2965,,,N,0,,0,,,N,,N,"CONNECTICUT
(41.544654, -72.651713)",
NEW MEXICO,2017,12,62,,239,,400,,2579,,3116,,,-,0,,2,,,-,8,,"NEW MEXICO
(34.520396, -106.244402)",
MAINE,2017,12,64,,83,,157,,1114,,887,,,N,0,,0,,,N,,N,"MAINE
(45.252223, -68.986647)",
NORTH CAROLINA,2017,12,,-,1082,,1236,,5321,,13495,,,N,0,,0,,,N,,N,"NORTH CAROLINA
(35.47995, -79.180571)",
TENNESSEE,2017,12,,-,638,,843,,5847,,7506,,,N,0,,0,,,N,,N,"TENNESSEE
(35.681402, -85.774444)",
WISCONSIN,2017,12,356,,496,,627,,5424,,6233,,,-,0,,2,,,-,2,,"WISCONSIN
(44.395526, -89.834513)",
NEW YORK,2017,12,996,,818,,1970,,9374,,8937,,,N,0,,0,,,N,,N,"NEW YORK
(42.826892, -75.544286)",
VIRGIN ISL.,2017,12,,-,8,,28,,46,,154,,,-,0,,0,,,-,,-,"VIRGIN ISLANDS
(18.060868, -64.840836)",
MISSISSIPPI,2017,12,316,,338,,709,,2222,,4562,,,N,0,,0,,,N,,N,"MISSISSIPPI
(32.738663, -89.537312)",
ARKANSAS,2017,12,,-,269,,508,,2065,,3448,,,-,0,,1,,1,,,-,"ARKANSAS
(34.748745, -92.275105)",
OREGON,2017,12,386,,331,,440,,4198,,3788,,,-,0,,2,,3,,3,,"OREGON
(44.567912, -120.156945)",
MINNESOTA,2017,12,8,,434,,527,,2352,,5290,,,-,1,,4,,,-,8,,"MINNESOTA
(46.357661, -94.793397)",
RHODE ISLAND,2017,12,73,,72,,494,,505,,863,,,-,0,,1,,,-,,-,"RHODE ISLAND
(41.707447, -71.522488)",
DELAWARE,2017,12,96,,102,,197,,1289,,1187,,,-,0,,1,,,-,1,,"DELAWARE
(39.008676, -75.574561)",
FLORIDA,2017,12,1059,,1784,,2769,,20082,,20793,,,N,0,,0,,,N,,N,"FLORIDA
(28.915325, -81.922409)",
DIST. OF COL.,2017,12,,-,148,,294,,673,,1836,,,-,0,,0,,,-,,-,"DISTRICT OF COLUMBIA
(38.892062, -77.019912)",
OKLAHOMA,2017,12,48,,280,,339,,2652,,3863,,,N,0,,0,,,N,,N,"OKLAHOMA
(35.468494, -97.521264)",
VERMONT,2017,12,8,,24,,97,,283,,466,,,N,0,,0,,,N,,N,"VERMONT
(43.622479, -72.51927)",
GUAM,2017,12,,-,0,,0,,,-,,-,,-,0,,0,,,-,,-,"GUAM
(13.3532, 144.653198)",
KENTUCKY,2017,12,259,,395,,714,,4204,,1976,,,-,0,,1,,1,,,-,"KENTUCKY
(37.64591, -84.774043)",
MARYLAND,2017,12,391,,588,,1338,,4566,,5568,,,-,0,,2,,1,,2,,"MARYLAND
(39.290443, -76.612333)",
VIRGINIA,2017,12,,-,441,,1319,,,-,7927,,,N,0,,0,,,N,,N,"VIRGINIA
(37.542699, -78.45822)",
WYOMING,2017,12,31,,34,,55,,349,,511,,,-,0,,1,,,-,,-,"WYOMING
(43.23558, -108.110518)",
UTAH,2017,12,126,,183,,232,,2361,,2299,,,-,1,,3,,5,,4,,"UTAH
(39.359772, -111.584173)",
MICHIGAN,2017,12,244,,842,,1127,,7318,,10731,,,-,0,,3,,4,,9,,"MICHIGAN
(44.66399, -84.711206)",
ILLINOIS,2017,12,47,,1300,,1421,,8396,,16805,,,N,0,,0,,,N,,N,"ILLINOIS
(40.477092, -88.993221)",
MASSACHUSETTS,2017,12,312,,525,,611,,6077,,6299,,,N,0,,0,,,N,,N,"MASSACHUSETTS
(42.268546, -72.085064)",
PUERTO RICO,2017,12,,-,131,,481,,1707,,1078,,,N,0,,0,,,N,,N,"PUERTO RICO
(18.215692, -66.414655)",
NEW HAMPSHIRE,2017,12,82,,104,,218,,1714,,1527,,,-,0,,1,,,-,1,,"NEW HAMPSHIRE
(43.657736, -71.500736)",
ARIZONA,2017,12,729,,651,,1083,,7002,,7316,,96,,117,,157,,1330,,1509,,"ARIZONA
(34.869712, -111.760902)",
CALIFORNIA,2017,12,1940,,3829,,4369,,42846,,46615,,14,,80,,227,,466,,833,,"CALIFORNIA
(37.640735, -121.002435)",
GEORGIA,2017,12,,-,1030,,1228,,,-,12999,,,N,0,,0,,,N,,N,"GEORGIA
(32.836038, -83.631709)",
ALASKA,2017,12,,-,103,,142,,,-,1275,,,N,0,,0,,,N,,N,"ALASKA
(64.836661, -147.738891)",
LOUISIANA,2017,12,740,,658,,1983,,8846,,5906,,,-,0,,3,,,-,4,,"LOUISIANA
(31.2931, -92.463284)",
OHIO,2017,12,8,,1154,,1275,,11089,,14651,,,-,0,,4,,5,,4,,"OHIO
(40.056807, -82.405897)",
MONTANA,2017,12,11,,83,,158,,1106,,1122,,,-,0,,2,,2,,3,,"MONTANA
(47.062617, -109.430168)",
NEW JERSEY,2017,12,267,,643,,725,,7191,,8908,,,N,0,,0,,,N,,N,"NEW JERSEY
(40.104655, -74.386686)",
KANSAS,2017,12,13,,239,,288,,2689,,2872,,,N,0,,0,,,N,,N,"KANSAS
(38.345528, -98.201847)",
PENNSYLVANIA,2017,12,858,,1107,,2004,,19446,,13662,,,N,0,,0,,,N,,N,"PENNSYLVANIA
(40.789676, -77.858055)",
MISSOURI,2017,12,178,,588,,750,,6203,,7170,,,-,0,,2,,2,,2,,"MISSOURI
(38.636168, -92.566292)",
NEBRASKA,2017,12,51,,151,,275,,1704,,1912,,1,,0,,1,,2,,2,,"NEBRASKA
(41.640503, -99.367122)",
COLORADO,2017,12,,-,492,,1192,,5557,,5280,,,N,0,,0,,,N,,N,"COLORADO
(38.841772, -106.132562)",
NEVADA,2017,12,46,,212,,332,,2617,,2387,,,-,1,,5,,26,,20,,"NEVADA
(39.491833, -117.070159)",
IOWA,2017,12,73,,249,,302,,2820,,2940,,,N,0,,0,,,N,,N,"IOWA
(42.46942, -93.815856)",
NORTH DAKOTA,2017,12,,-,57,,93,,476,,871,,,-,0,,1,,,-,1,,"NORTH DAKOTA
(47.475879, -100.121011)",
IDAHO,2017,12,,-,105,,164,,821,,1597,,,N,0,,0,,,N,,N,"IDAHO
(43.680635, -114.364237)",
HAWAII,2017,12,2,,132,,178,,1222,,1488,,,N,0,,0,,,N,,N,"HAWAII
(21.30992, -157.858158)",
INDIANA,2017,12,298,,597,,763,,7233,,7537,,,N,0,,0,,,N,,N,"INDIANA
(39.76845, -86.156212)",
WASHINGTON,2017,12,523,,575,,818,,5931,,7418,,,N,0,,0,,,N,,N,"WASHINGTON
(47.517368, -120.467672)",
TEXAS,2017,12,2783,,2838,,4051,,35283,,33795,,,N,0,,0,,,N,,N,"TEXAS
(31.827233, -99.423022)",
SOUTH DAKOTA,2017,12,4,,79,,104,,640,,1088,,,N,0,,0,,,N,,N,"SOUTH DAKOTA
(44.35371, -100.373709)",
ALABAMA,2017,12,444,,517,,735,,5759,,6054,,,N,0,,0,,,N,,N,"ALABAMA
(32.839182, -86.631125)",
UNITED STATES,2017,13,14739,,29957,,32516,,328797,,389250,,100,,208,,370,,1976,,2625,,,
NEW ENGLAND,2017,13,494,,1030,,1419,,12007,,13175,,,-,0,,1,,,-,1,,,
MID. ATLANTIC,2017,13,2329,,3892,,5083,,55557,,50316,,,-,0,,0,,,-,,-,,
NEW YORK CITY,2017,13,829,,1315,,1582,,17452,,17009,,,N,0,,0,,,N,,N,,
E.N. CENTRAL,2017,13,1035,,4425,,5159,,42786,,59992,,,-,1,,7,,9,,18,,,
W.N. CENTRAL,2017,13,371,,1809,,2059,,18608,,23832,,,-,2,,8,,5,,17,,,
S. ATLANTIC,2017,13,2834,,5738,,7234,,45413,,77940,,,-,0,,2,,1,,3,,,
E.S. CENTRAL,2017,13,925,,1894,,2486,,19284,,22344,,,-,0,,1,,1,,,-,,
W.S. CENTRAL,2017,13,3422,,3971,,5433,,52797,,50709,,,-,0,,3,,1,,4,,,
WISCONSIN,2017,13,361,,496,,627,,5965,,6695,,,-,0,,2,,,-,3,,"WISCONSIN
(44.395526, -89.834513)",
MOUNTAIN,2017,13,723,,2007,,2637,,23530,,25629,,97,,119,,161,,1456,,1685,,,
PACIFIC,2017,13,2606,,4991,,5680,,58815,,65313,,3,,81,,227,,503,,897,,,
AMER. SAMOA,2017,13,,-,0,,0,,,-,,-,,N,0,,0,,,N,,N,,
UTAH,2017,13,95,,183,,232,,2534,,2481,,,-,1,,3,,5,,6,,"UTAH
(39.359772, -111.584173)",
MINNESOTA,2017,13,20,,431,,524,,3034,,5660,,,-,1,,4,,,-,10,,"MINNESOTA
(46.357661, -94.793397)",
NEW JERSEY,2017,13,309,,598,,722,,7897,,8830,,,N,0,,0,,,N,,N,"NEW JERSEY
(40.104655, -74.386686)",
NEBRASKA,2017,13,,-,150,,274,,1704,,2032,,,-,0,,1,,2,,2,,"NEBRASKA
(41.640503, -99.367122)",
GEORGIA,2017,13,395,,1030,,1228,,1211,,13985,,,N,0,,0,,,N,,N,"GEORGIA
(32.836038, -83.631709)",
SOUTH DAKOTA,2017,13,2,,79,,104,,652,,1179,,,N,0,,0,,,N,,N,"SOUTH DAKOTA
(44.35371, -100.373709)",
IOWA,2017,13,62,,249,,302,,3077,,3197,,,N,0,,0,,,N,,N,"IOWA
(42.46942, -93.815856)",
ILLINOIS,2017,13,69,,1300,,1421,,9669,,18140,,,N,0,,0,,,N,,N,"ILLINOIS
(40.477092, -88.993221)",
PUERTO RICO,2017,13,104,,131,,481,,1900,,1157,,,N,0,,0,,,N,,N,"PUERTO RICO
(18.215692, -66.414655)",
KANSAS,2017,13,73,,238,,288,,2955,,3116,,,N,0,,0,,,N,,N,"KANSAS
(38.345528, -98.201847)",
GUAM,2017,13,,-,0,,0,,,-,,-,,-,0,,0,,,-,,-,"GUAM
(13.3532, 144.653198)",
MICHIGAN,2017,13,223,,867,,1123,,8014,,11408,,,-,0,,3,,4,,11,,"MICHIGAN
(44.66399, -84.711206)",
INDIANA,2017,13,331,,596,,763,,7895,,8032,,,N,0,,0,,,N,,N,"INDIANA
(39.76845, -86.156212)",
CALIFORNIA,2017,13,1827,,3829,,4381,,46683,,50217,,3,,80,,227,,500,,893,,"CALIFORNIA
(37.640735, -121.002435)",
TEXAS,2017,13,2458,,2845,,4049,,37989,,36433,,,N,0,,0,,,N,,N,"TEXAS
(31.827233, -99.423022)",
ARIZONA,2017,13,538,,653,,1086,,7616,,7934,,97,,116,,157,,1422,,1648,,"ARIZONA
(34.869712, -111.760902)",
SOUTH CAROLINA,2017,13,693,,583,,789,,7838,,7719,,,N,0,,0,,,N,,N,"SOUTH CAROLINA
(34.009286, -81.037094)",
NORTH CAROLINA,2017,13,4,,1084,,1237,,6316,,14506,,,N,0,,0,,,N,,N,"NORTH CAROLINA
(35.47995, -79.180571)",
CONNECTICUT,2017,13,,-,252,,459,,1543,,3204,,,N,0,,0,,,N,,N,"CONNECTICUT
(41.544654, -72.651713)",
WASHINGTON,2017,13,433,,574,,818,,6364,,8021,,,N,0,,0,,,N,,N,"WASHINGTON
(47.517368, -120.467672)",
NEW YORK,2017,13,921,,822,,1972,,10292,,9710,,,N,0,,0,,,N,,N,"NEW YORK
(42.826892, -75.544286)",
DIST. OF COL.,2017,13,,-,143,,294,,673,,2069,,,-,0,,0,,,-,,-,"DISTRICT OF COLUMBIA
(38.892062, -77.019912)",
WEST VIRGINIA,2017,13,36,,90,,128,,962,,1247,,,N,0,,0,,,N,,N,"WEST VIRGINIA
(38.668501, -80.709421)",
DELAWARE,2017,13,127,,102,,197,,1416,,1290,,,-,0,,1,,,-,1,,"DELAWARE
(39.008676, -75.574561)",
MASSACHUSETTS,2017,13,320,,525,,611,,6661,,6828,,,N,0,,0,,,N,,N,"MASSACHUSETTS
(42.268546, -72.085064)",
LOUISIANA,2017,13,785,,659,,1983,,9536,,6481,,,-,0,,3,,,-,4,,"LOUISIANA
(31.2931, -92.463284)",
OKLAHOMA,2017,13,78,,279,,339,,2941,,4156,,,N,0,,0,,,N,,N,"OKLAHOMA
(35.468494, -97.521264)",
RHODE ISLAND,2017,13,86,,67,,493,,591,,,-,,-,0,,1,,,-,,-,"RHODE ISLAND
(41.707447, -71.522488)",
VIRGIN ISL.,2017,13,,-,8,,28,,46,,167,,,-,0,,0,,,-,,-,"VIRGIN ISLANDS
(18.060868, -64.840836)",
ALABAMA,2017,13,340,,518,,735,,6157,,6651,,,N,0,,0,,,N,,N,"ALABAMA
(32.839182, -86.631125)",
VERMONT,2017,13,2,,24,,97,,293,,496,,,N,0,,0,,,N,,N,"VERMONT
(43.622479, -72.51927)",
NEVADA,2017,13,6,,213,,332,,2672,,2556,,,-,1,,5,,27,,20,,"NEVADA
(39.491833, -117.070159)",
KENTUCKY,2017,13,,-,390,,714,,4204,,2631,,,-,0,,1,,1,,,-,"KENTUCKY
(37.64591, -84.774043)",
MAINE,2017,13,59,,81,,157,,1178,,966,,,N,0,,0,,,N,,N,"MAINE
(45.252223, -68.986647)",
OHIO,2017,13,51,,1156,,1275,,11243,,15717,,,-,0,,4,,5,,4,,"OHIO
(40.056807, -82.405897)",
MISSISSIPPI,2017,13,455,,338,,709,,2721,,4961,,,N,0,,0,,,N,,N,"MISSISSIPPI
(32.738663, -89.537312)",
FLORIDA,2017,13,1028,,1786,,2767,,21780,,22542,,,N,0,,0,,,N,,N,"FLORIDA
(28.915325, -81.922409)",
ALASKA,2017,13,,-,102,,142,,,-,1401,,,N,0,,0,,,N,,N,"ALASKA
(64.836661, -147.738891)",
COLORADO,2017,13,,-,488,,1192,,5557,,5843,,,N,0,,0,,,N,,N,"COLORADO
(38.841772, -106.132562)",
ARKANSAS,2017,13,101,,264,,508,,2331,,3639,,,-,0,,1,,1,,,-,"ARKANSAS
(34.748745, -92.275105)",
NORTH DAKOTA,2017,13,,-,57,,93,,476,,942,,,-,0,,1,,,-,1,,"NORTH DAKOTA
(47.475879, -100.121011)",
PENNSYLVANIA,2017,13,270,,1107,,2004,,19916,,14767,,,N,0,,0,,,N,,N,"PENNSYLVANIA
(40.789676, -77.858055)",
MISSOURI,2017,13,214,,588,,750,,6710,,7706,,,-,0,,2,,3,,4,,"MISSOURI
(38.636168, -92.566292)",
IDAHO,2017,13,,-,104,,164,,821,,1702,,,N,0,,0,,,N,,N,"IDAHO
(43.680635, -114.364237)",
WYOMING,2017,13,24,,34,,55,,381,,545,,,-,0,,1,,,-,,-,"WYOMING
(43.23558, -108.110518)",
NEW MEXICO,2017,13,60,,241,,400,,2843,,3354,,,-,0,,2,,,-,8,,"NEW MEXICO
(34.520396, -106.244402)",
HAWAII,2017,13,,-,132,,178,,1222,,1600,,,N,0,,0,,,N,,N,"HAWAII
(21.30992, -157.858158)",
MONTANA,2017,13,,-,82,,158,,1106,,1214,,,-,0,,2,,2,,3,,"MONTANA
(47.062617, -109.430168)",
OREGON,2017,13,346,,334,,440,,4546,,4074,,,-,0,,2,,3,,4,,"OREGON
(44.567912, -120.156945)",
C.N.M.I.,2017,13,,-,,-,,-,,-,,-,,-,,-,,-,,-,,-,"NORTHERN MARIANA ISLANDS
(15.1834, 145.725693)",
NEW HAMPSHIRE,2017,13,27,,98,,218,,1741,,1681,,,-,0,,1,,,-,1,,"NEW HAMPSHIRE
(43.657736, -71.500736)",
TENNESSEE,2017,13,130,,638,,843,,6202,,8101,,,N,0,,0,,,N,,N,"TENNESSEE
(35.681402, -85.774444)",
MARYLAND,2017,13,551,,589,,1336,,5217,,6217,,,-,0,,2,,1,,2,,"MARYLAND
(39.290443, -76.612333)",
VIRGINIA,2017,13,,-,266,,1319,,,-,8365,,,N,0,,0,,,N,,N,"VIRGINIA
(37.542699, -78.45822)",
UNITED STATES,2017,14,15810,,30019,,32552,,362539,,420661,,125,,206,,368,,2145,,2803,,,
NEW ENGLAND,2017,14,91,,1037,,1428,,12588,,14208,,,-,0,,1,,,-,1,,,
MID. ATLANTIC,2017,14,2814,,3894,,5086,,59870,,54084,,,-,0,,0,,,-,,-,,
NEW YORK CITY,2017,14,860,,1316,,1584,,19022,,18263,,,N,0,,0,,,N,,N,,
E.N. CENTRAL,2017,14,1400,,4458,,5177,,49209,,64978,,,-,1,,7,,10,,26,,,
W.N. CENTRAL,2017,14,437,,1817,,2068,,20539,,25826,,,-,2,,8,,7,,23,,,
S. ATLANTIC,2017,14,1978,,5682,,7237,,49891,,84368,,,-,0,,2,,1,,3,,,
E.S. CENTRAL,2017,14,1045,,1893,,2486,,22897,,24360,,,-,0,,1,,1,,,-,,
W.S. CENTRAL,2017,14,3918,,3975,,5433,,57438,,54509,,,-,0,,3,,1,,4,,,
MOUNTAIN,2017,14,1403,,2004,,2637,,25927,,27549,,112,,116,,159,,1551,,1796,,,
PACIFIC,2017,14,2724,,4992,,5724,,64180,,70779,,13,,81,,228,,574,,950,,,
AMER. SAMOA,2017,14,,-,0,,0,,,-,,-,,N,0,,0,,,N,,N,,
IDAHO,2017,14,,-,105,,164,,1053,,1793,,,N,0,,0,,,N,,N,"IDAHO
(43.680635, -114.364237)",
NORTH CAROLINA,2017,14,,-,1087,,1238,,7041,,15619,,,N,0,,0,,,N,,N,"NORTH CAROLINA
(35.47995, -79.180571)",
FLORIDA,2017,14,850,,1785,,2768,,23644,,24536,,,N,0,,0,,,N,,N,"FLORIDA
(28.915325, -81.922409)",
NEVADA,2017,14,159,,215,,335,,3297,,2744,,,-,2,,5,,34,,21,,"NEVADA
(39.491833, -117.070159)",
SOUTH DAKOTA,2017,14,,-,78,,104,,652,,1257,,,N,0,,0,,,N,,N,"SOUTH DAKOTA
(44.35371, -100.373709)",
CONNECTICUT,2017,14,6,,255,,459,,1934,,3418,,,N,0,,0,,,N,,N,"CONNECTICUT
(41.544654, -72.651713)",
CALIFORNIA,2017,14,1929,,3846,,4384,,50852,,54030,,13,,80,,228,,571,,946,,"CALIFORNIA
(37.640735, -121.002435)",
ALASKA,2017,14,,-,101,,142,,53,,1518,,,N,0,,0,,,N,,N,"ALASKA
(64.836661, -147.738891)",
C.N.M.I.,2017,14,,-,,-,,-,,-,,-,,-,,-,,-,,-,,-,"NORTHERN MARIANA ISLANDS
(15.1834, 145.725693)",
WISCONSIN,2017,14,243,,496,,627,,6405,,7257,,,-,0,,2,,,-,6,,"WISCONSIN
(44.395526, -89.834513)",
MICHIGAN,2017,14,223,,867,,1123,,8952,,12369,,,-,0,,3,,5,,12,,"MICHIGAN
(44.66399, -84.711206)",
NORTH DAKOTA,2017,14,2,,61,,93,,536,,1036,,,-,0,,1,,1,,1,,"NORTH DAKOTA
(47.475879, -100.121011)",
VIRGINIA,2017,14,,-,47,,1319,,,-,9187,,,N,0,,0,,,N,,N,"VIRGINIA
(37.542699, -78.45822)",
PUERTO RICO,2017,14,179,,131,,481,,2094,,1321,,,N,0,,0,,,N,,N,"PUERTO RICO
(18.215692, -66.414655)",
ARIZONA,2017,14,570,,653,,1087,,8265,,8640,,112,,114,,155,,1508,,1757,,"ARIZONA
(34.869712, -111.760902)",
SOUTH CAROLINA,2017,14,528,,583,,789,,8381,,8219,,,N,0,,0,,,N,,N,"SOUTH CAROLINA
(34.009286, -81.037094)",
NEBRASKA,2017,14,88,,155,,274,,2144,,2256,,,-,0,,1,,2,,3,,"NEBRASKA
(41.640503, -99.367122)",
OHIO,2017,14,544,,1168,,1275,,14826,,16957,,,-,0,,4,,5,,8,,"OHIO
(40.056807, -82.405897)",
COLORADO,2017,14,476,,484,,1192,,6025,,6268,,,N,0,,0,,,N,,N,"COLORADO
(38.841772, -106.132562)",
MASSACHUSETTS,2017,14,,-,525,,611,,6661,,7313,,,N,0,,0,,,N,,N,"MASSACHUSETTS
(42.268546, -72.085064)",
UTAH,2017,14,113,,183,,232,,2731,,2666,,,-,1,,3,,7,,7,,"UTAH
(39.359772, -111.584173)",
MISSOURI,2017,14,230,,589,,750,,7294,,8343,,,-,0,,2,,4,,4,,"MISSOURI
(38.636168, -92.566292)",
MARYLAND,2017,14,,-,568,,1336,,5217,,6838,,,-,0,,2,,1,,2,,"MARYLAND
(39.290443, -76.612333)",
GEORGIA,2017,14,451,,1030,,1228,,2408,,14986,,,N,0,,0,,,N,,N,"GEORGIA
(32.836038, -83.631709)",
IOWA,2017,14,62,,248,,302,,3327,,3474,,,N,0,,0,,,N,,N,"IOWA
(42.46942, -93.815856)",
KENTUCKY,2017,14,451,,390,,714,,5197,,3128,,,-,0,,1,,1,,,-,"KENTUCKY
(37.64591, -84.774043)",
NEW YORK,2017,14,844,,823,,1972,,11134,,10457,,,N,0,,0,,,N,,N,"NEW YORK
(42.826892, -75.544286)",
TENNESSEE,2017,14,227,,647,,894,,8416,,8754,,,N,0,,0,,,N,,N,"TENNESSEE
(35.681402, -85.774444)",
VERMONT,2017,14,8,,24,,98,,358,,527,,,N,0,,0,,,N,,N,"VERMONT
(43.622479, -72.51927)",
ALABAMA,2017,14,,-,501,,735,,6157,,7138,,,N,0,,0,,,N,,N,"ALABAMA
(32.839182, -86.631125)",
MISSISSIPPI,2017,14,367,,338,,709,,3127,,5340,,,N,0,,0,,,N,,N,"MISSISSIPPI
(32.738663, -89.537312)",
INDIANA,2017,14,339,,597,,763,,8552,,8629,,,N,0,,0,,,N,,N,"INDIANA
(39.76845, -86.156212)",
DIST. OF COL.,2017,14,,-,142,,294,,673,,2262,,,-,0,,0,,,-,,-,"DISTRICT OF COLUMBIA
(38.892062, -77.019912)",
TEXAS,2017,14,2789,,2847,,4058,,41093,,39319,,,N,0,,0,,,N,,N,"TEXAS
(31.827233, -99.423022)",
ILLINOIS,2017,14,51,,1323,,1458,,10474,,19766,,,N,0,,0,,,N,,N,"ILLINOIS
(40.477092, -88.993221)",
OKLAHOMA,2017,14,50,,278,,339,,3171,,4472,,,N,0,,0,,,N,,N,"OKLAHOMA
(35.468494, -97.521264)",
MONTANA,2017,14,,-,82,,158,,1106,,1300,,,-,0,,2,,2,,4,,"MONTANA
(47.062617, -109.430168)",
VIRGIN ISL.,2017,14,,-,8,,28,,46,,195,,,-,0,,0,,,-,,-,"VIRGIN ISLANDS
(18.060868, -64.840836)",
WASHINGTON,2017,14,456,,573,,818,,6820,,8582,,,N,0,,0,,,N,,N,"WASHINGTON
(47.517368, -120.467672)",
PENNSYLVANIA,2017,14,848,,1107,,2005,,21173,,15866,,,N,0,,0,,,N,,N,"PENNSYLVANIA
(40.789676, -77.858055)",
RHODE ISLAND,2017,14,,-,68,,496,,591,,,-,,-,0,,1,,,-,,-,"RHODE ISLAND
(41.707447, -71.522488)",
OREGON,2017,14,332,,336,,440,,4880,,4907,,,-,0,,2,,3,,4,,"OREGON
(44.567912, -120.156945)",
GUAM,2017,14,,-,0,,0,,,-,,-,,-,0,,0,,,-,,-,"GUAM
(13.3532, 144.653198)",
KANSAS,2017,14,53,,240,,298,,3196,,3356,,,N,0,,0,,,N,,N,"KANSAS
(38.345528, -98.201847)",
NEW JERSEY,2017,14,262,,603,,722,,8541,,9498,,,N,0,,0,,,N,,N,"NEW JERSEY
(40.104655, -74.386686)",
LOUISIANA,2017,14,860,,673,,1983,,10390,,6763,,,-,0,,3,,,-,4,,"LOUISIANA
(31.2931, -92.463284)",
WEST VIRGINIA,2017,14,,-,90,,128,,962,,1335,,,N,0,,0,,,N,,N,"WEST VIRGINIA
(38.668501, -80.709421)",
MAINE,2017,14,77,,84,,157,,1303,,1051,,,N,0,,0,,,N,,N,"MAINE
(45.252223, -68.986647)",
ARKANSAS,2017,14,219,,272,,508,,2784,,3955,,,-,0,,1,,1,,,-,"ARKANSAS
(34.748745, -92.275105)",
WYOMING,2017,14,24,,34,,55,,417,,586,,,-,0,,1,,,-,,-,"WYOMING
(43.23558, -108.110518)",
HAWAII,2017,14,7,,133,,179,,1575,,1742,,,N,0,,0,,,N,,N,"HAWAII
(21.30992, -157.858158)",
NEW MEXICO,2017,14,61,,240,,396,,3033,,3552,,,-,0,,2,,,-,7,,"NEW MEXICO
(34.520396, -106.244402)",
DELAWARE,2017,14,149,,102,,197,,1565,,1386,,,-,0,,1,,,-,1,,"DELAWARE
(39.008676, -75.574561)",
MINNESOTA,2017,14,2,,431,,524,,3390,,6104,,,-,1,,4,,,-,15,,"MINNESOTA
(46.357661, -94.793397)",
NEW HAMPSHIRE,2017,14,,-,88,,218,,1741,,1899,,,-,0,,1,,,-,1,,"NEW HAMPSHIRE
(43.657736, -71.500736)",
UNITED STATES,2017,15,12684,,30036,,32700,,386835,,453793,,103,,206,,368,,2313,,3000,,,
NEW ENGLAND,2017,15,74,,1043,,1428,,13521,,15193,,,-,0,,1,,,-,1,,,
MID. ATLANTIC,2017,15,1969,,3877,,5089,,62869,,58001,,,-,0,,0,,,-,,-,,
NEW YORK CITY,2017,15,16,,1317,,1585,,19353,,19445,,,N,0,,0,,,N,,N,,
E.N. CENTRAL,2017,15,544,,4445,,5177,,51664,,69712,,,-,1,,3,,10,,29,,,
W.N. CENTRAL,2017,15,262,,1828,,2068,,22645,,27663,,,-,1,,8,,8,,29,,,
S. ATLANTIC,2017,15,2210,,5636,,7240,,55079,,91261,,2,,0,,2,,3,,5,,,
E.S. CENTRAL,2017,15,454,,1850,,2486,,23335,,26636,,,-,0,,1,,1,,,-,,
W.S. CENTRAL,2017,15,2921,,3983,,5432,,60735,,58913,,,-,0,,3,,2,,4,,,
MOUNTAIN,2017,15,1563,,2080,,2698,,28059,,30661,,95,,115,,159,,1646,,1903,,,
PACIFIC,2017,15,2687,,4998,,5727,,68928,,75753,,6,,81,,228,,643,,1029,,,
AMER. SAMOA,2017,15,,-,0,,0,,,-,,-,,N,0,,0,,,N,,N,,
SOUTH CAROLINA,2017,15,481,,583,,789,,8862,,8850,,,N,0,,0,,,N,,N,"SOUTH CAROLINA
(34.009286, -81.037094)",
OREGON,2017,15,376,,336,,440,,5255,,5234,,,-,0,,2,,3,,6,,"OREGON
(44.567912, -120.156945)",
MINNESOTA,2017,15,26,,436,,524,,4511,,6585,,,-,1,,4,,,-,18,,"MINNESOTA
(46.357661, -94.793397)",
INDIANA,2017,15,280,,598,,763,,9097,,9290,,,N,0,,0,,,N,,N,"INDIANA
(39.76845, -86.156212)",
TEXAS,2017,15,2029,,2844,,4058,,43215,,42436,,,N,0,,0,,,N,,N,"TEXAS
(31.827233, -99.423022)",
NORTH CAROLINA,2017,15,,-,1083,,1239,,7867,,16772,,,N,0,,0,,,N,,N,"NORTH CAROLINA
(35.47995, -79.180571)",
OHIO,2017,15,11,,1162,,1275,,14866,,18181,,,-,0,,2,,5,,9,,"OHIO
(40.056807, -82.405897)",
PUERTO RICO,2017,15,81,,131,,481,,2184,,1439,,,N,0,,0,,,N,,N,"PUERTO RICO
(18.215692, -66.414655)",
GEORGIA,2017,15,411,,1030,,1228,,3351,,16078,,,N,0,,0,,,N,,N,"GEORGIA
(32.836038, -83.631709)",
NEW JERSEY,2017,15,239,,598,,722,,9145,,10138,,,N,0,,0,,,N,,N,"NEW JERSEY
(40.104655, -74.386686)",
VIRGIN ISL.,2017,15,,-,8,,20,,46,,212,,,-,0,,0,,,-,,-,"VIRGIN ISLANDS
(18.060868, -64.840836)",
IDAHO,2017,15,,-,106,,164,,1053,,1903,,,N,0,,0,,,N,,N,"IDAHO
(43.680635, -114.364237)",
SOUTH DAKOTA,2017,15,,-,77,,104,,652,,1342,,,N,0,,1,,,N,,N,"SOUTH DAKOTA
(44.35371, -100.373709)",
DIST. OF COL.,2017,15,,-,138,,294,,673,,2439,,,-,0,,0,,,-,,-,"DISTRICT OF COLUMBIA
(38.892062, -77.019912)",
MASSACHUSETTS,2017,15,,-,525,,611,,7209,,7776,,,N,0,,0,,,N,,N,"MASSACHUSETTS
(42.268546, -72.085064)",
MISSISSIPPI,2017,15,,-,338,,709,,3127,,5704,,,N,0,,0,,,N,,N,"MISSISSIPPI
(32.738663, -89.537312)",
OKLAHOMA,2017,15,52,,275,,339,,3428,,4772,,,N,0,,0,,,N,,N,"OKLAHOMA
(35.468494, -97.521264)",
NEVADA,2017,15,85,,272,,433,,3461,,4037,,3,,2,,5,,38,,22,,"NEVADA
(39.491833, -117.070159)",
ILLINOIS,2017,15,33,,1310,,1458,,11498,,21152,,,N,0,,0,,,N,,N,"ILLINOIS
(40.477092, -88.993221)",
NORTH DAKOTA,2017,15,9,,61,,78,,626,,1110,,,-,0,,1,,1,,3,,"NORTH DAKOTA
(47.475879, -100.121011)",
KENTUCKY,2017,15,257,,390,,714,,5438,,3737,,,-,0,,1,,1,,,-,"KENTUCKY
(37.64591, -84.774043)",
PENNSYLVANIA,2017,15,796,,1115,,2005,,22324,,17123,,,N,0,,0,,,N,,N,"PENNSYLVANIA
(40.789676, -77.858055)",
C.N.M.I.,2017,15,,-,,-,,-,,-,,-,,-,,-,,-,,-,,-,"NORTHERN MARIANA ISLANDS
(15.1834, 145.725693)",
MAINE,2017,15,,-,83,,157,,1303,,1151,,,N,0,,0,,,N,,N,"MAINE
(45.252223, -68.986647)",
ALASKA,2017,15,,-,98,,142,,53,,1645,,,N,0,,0,,,N,,N,"ALASKA
(64.836661, -147.738891)",
MARYLAND,2017,15,319,,559,,1340,,6162,,7446,,2,,0,,2,,3,,4,,"MARYLAND
(39.290443, -76.612333)",
ARKANSAS,2017,15,168,,273,,507,,3195,,4209,,,-,0,,1,,1,,,-,"ARKANSAS
(34.748745, -92.275105)",
RHODE ISLAND,2017,15,,-,68,,496,,591,,2,,,-,0,,1,,,-,,-,"RHODE ISLAND
(41.707447, -71.522488)",
WEST VIRGINIA,2017,15,38,,91,,130,,1220,,1480,,,N,0,,0,,,N,,N,"WEST VIRGINIA
(38.668501, -80.709421)",
WYOMING,2017,15,22,,33,,55,,453,,628,,,-,0,,1,,,-,,-,"WYOMING
(43.23558, -108.110518)",
KANSAS,2017,15,18,,243,,298,,3432,,3564,,,N,0,,0,,,N,,N,"KANSAS
(38.345528, -98.201847)",
VERMONT,2017,15,,-,24,,98,,358,,551,,,N,0,,0,,,N,,N,"VERMONT
(43.622479, -72.51927)",
TENNESSEE,2017,15,197,,639,,894,,8613,,9402,,,N,0,,0,,,N,,N,"TENNESSEE
(35.681402, -85.774444)",
MONTANA,2017,15,,-,82,,158,,1106,,1390,,,-,0,,2,,2,,5,,"MONTANA
(47.062617, -109.430168)",
HAWAII,2017,15,1,,132,,179,,1655,,1876,,,N,0,,0,,,N,,N,"HAWAII
(21.30992, -157.858158)",
ALABAMA,2017,15,,-,501,,735,,6157,,7793,,,N,0,,0,,,N,,N,"ALABAMA
(32.839182, -86.631125)",
MICHIGAN,2017,15,220,,864,,1116,,9798,,13228,,,-,0,,3,,5,,13,,"MICHIGAN
(44.66399, -84.711206)",
DELAWARE,2017,15,102,,102,,197,,1667,,1477,,,-,0,,1,,,-,1,,"DELAWARE
(39.008676, -75.574561)",
VIRGINIA,2017,15,,-,0,,1319,,,-,10075,,,N,0,,0,,,N,,N,"VIRGINIA
(37.542699, -78.45822)",
CONNECTICUT,2017,15,2,,256,,459,,2178,,3662,,,N,0,,0,,,N,,N,"CONNECTICUT
(41.544654, -72.651713)",
NEW MEXICO,2017,15,38,,240,,394,,3215,,3750,,,-,0,,2,,,-,7,,"NEW MEXICO
(34.520396, -106.244402)",
UTAH,2017,15,138,,183,,231,,2946,,2833,,,-,1,,3,,7,,7,,"UTAH
(39.359772, -111.584173)",
LOUISIANA,2017,15,672,,686,,1983,,10897,,7496,,,-,0,,3,,1,,4,,"LOUISIANA
(31.2931, -92.463284)",
NEW YORK,2017,15,918,,823,,1972,,12047,,11295,,,N,0,,0,,,N,,N,"NEW YORK
(42.826892, -75.544286)",
CALIFORNIA,2017,15,1819,,3854,,4384,,54654,,57843,,6,,80,,228,,640,,1023,,"CALIFORNIA
(37.640735, -121.002435)",
MISSOURI,2017,15,209,,593,,750,,7953,,8915,,,-,0,,2,,5,,5,,"MISSOURI
(38.636168, -92.566292)",
NEBRASKA,2017,15,,-,152,,274,,2144,,2424,,,-,0,,1,,2,,3,,"NEBRASKA
(41.640503, -99.367122)",
IOWA,2017,15,,-,245,,302,,3327,,3723,,,N,0,,0,,,N,,N,"IOWA
(42.46942, -93.815856)",
ARIZONA,2017,15,757,,655,,1091,,9150,,9322,,92,,113,,155,,1599,,1862,,"ARIZONA
(34.869712, -111.760902)",
FLORIDA,2017,15,859,,1785,,2767,,25277,,26644,,,N,0,,0,,,N,,N,"FLORIDA
(28.915325, -81.922409)",
GUAM,2017,15,,-,0,,0,,,-,,-,,-,0,,0,,,-,,-,"GUAM
(13.3532, 144.653198)",
WASHINGTON,2017,15,491,,573,,818,,7311,,9155,,,N,0,,0,,,N,,N,"WASHINGTON
(47.517368, -120.467672)",
WISCONSIN,2017,15,,-,495,,627,,6405,,7861,,,-,0,,2,,,-,7,,"WISCONSIN
(44.395526, -89.834513)",
COLORADO,2017,15,523,,488,,1192,,6675,,6798,,,N,0,,0,,,N,,N,"COLORADO
(38.841772, -106.132562)",
NEW HAMPSHIRE,2017,15,72,,80,,201,,1882,,2051,,,-,0,,1,,,-,1,,"NEW HAMPSHIRE
(43.657736, -71.500736)",
