Reporting Area,MMWRYear,MMWRWeek,"Cryptosporidiosis, Current week","Cryptosporidiosis, Current week, flag","Cryptosporidiosis, Previous 52 weeks Med","Cryptosporidiosis, Previous 52 weeks Med, flag","Cryptosporidiosis, Previous 52 weeks Max","Cryptosporidiosis, Previous 52 weeks Max, flag","Cryptosporidiosis, Cum 2017","Cryptosporidiosis, Cum 2017, flag","Cryptosporidiosis, Cum 2016","Cryptosporidiosis, Cum 2016, flag","Dengue Virus Infection, Dengue§, Current week","Dengue Virus Infection, Dengue§, Current week, flag","Dengue Virus Infection, Dengue§, Previous 52 weeks Med","Dengue Virus Infection, Dengue§, Previous 52 weeks Med, flag","Dengue Virus Infection, Dengue§, Previous 52 weeks Max","Dengue Virus Infection, Dengue§, Previous 52 weeks Max, flag","Dengue Virus Infection, Dengue§, Cum 2017","Dengue Virus Infection, Dengue§, Cum 2017, flag","Dengue Virus Infection, Dengue§, Cum 2016","Dengue Virus Infection, Dengue§, Cum 2016, flag","Dengue Virus Infection, Severe Dengue, Current week","Dengue Virus Infection, Severe Dengue, Current week, flag","Dengue Virus Infection, Severe Dengue, Previous 52 weeks Med","Dengue Virus Infection, Severe Dengue, Previous 52 weeks Med, flag","Dengue Virus Infection, Severe Dengue, Previous 52 weeks Max","Dengue Virus Infection, Severe Dengue, Previous 52 weeks Max, flag","Dengue Virus Infection, Severe Dengue, Cum 2017","Dengue Virus Infection, Severe Dengue, Cum 2017, flag","Dengue Virus Infection, Severe Dengue, Cum 2016","Dengue Virus Infection, Severe Dengue, Cum 2016, flag",Location 1,Location 2
UNITED STATES,2017,1,31,,152,,715,,31,,108,,1,,13,,49,,1,,49,,,-,0,,1,,,-,,-,,
NEW ENGLAND,2017,1,,-,7,,23,,,-,2,,,-,0,,2,,,-,2,,,-,0,,0,,,-,,-,,
MID. ATLANTIC,2017,1,11,,14,,60,,11,,13,,,-,3,,9,,,-,9,,,-,0,,0,,,-,,-,,
NEW YORK CITY,2017,1,5,,3,,12,,5,,4,,,-,0,,4,,,-,3,,,-,0,,0,,,-,,-,,
E.N. CENTRAL,2017,1,11,,34,,298,,11,,30,,,-,1,,7,,,-,2,,,-,0,,1,,,-,,-,,
W.N. CENTRAL,2017,1,1,,26,,107,,1,,14,,,-,0,,3,,,-,,-,,-,0,,0,,,-,,-,,
S. ATLANTIC,2017,1,1,,25,,78,,1,,22,,,-,2,,7,,,-,7,,,-,0,,1,,,-,,-,,
E.S. CENTRAL,2017,1,3,,10,,43,,3,,6,,1,,0,,3,,1,,,-,,-,0,,0,,,-,,-,,
W.S. CENTRAL,2017,1,,-,17,,39,,,-,3,,,-,1,,4,,,-,1,,,-,0,,1,,,-,,-,,
MOUNTAIN,2017,1,3,,11,,109,,3,,10,,,-,1,,4,,,-,1,,,-,0,,1,,,-,,-,,
PACIFIC,2017,1,1,,13,,47,,1,,8,,,-,3,,27,,,-,27,,,-,0,,1,,,-,,-,,
AMER. SAMOA,2017,1,,N,0,,0,,,N,,N,,-,0,,0,,,-,,-,,-,0,,0,,,-,,-,,
VERMONT,2017,1,,-,1,,10,,,-,,-,,-,0,,1,,,-,,-,,-,0,,0,,,-,,-,"VERMONT
(43.622479, -72.51927)",
PUERTO RICO,2017,1,,-,0,,1,,,-,,-,,-,2,,27,,,-,2,,,-,0,,0,,,-,,-,"PUERTO RICO
(18.215692, -66.414655)",
NORTH DAKOTA,2017,1,,-,0,,5,,,-,1,,,-,0,,0,,,-,,-,,-,0,,0,,,-,,-,"NORTH DAKOTA
(47.475879, -100.121011)",
VIRGINIA,2017,1,,-,4,,12,,,-,,-,,-,0,,3,,,-,,-,,-,0,,0,,,-,,-,"VIRGINIA
(37.542699, -78.45822)",
C.N.M.I.,2017,1,,-,,-,,-,,-,,-,,-,,-,,-,,-,,-,,-,,-,,-,,-,,-,"NORTHERN MARIANA ISLANDS
(15.1834, 145.725693)",
NEW JERSEY,2017,1,,-,2,,18,,,-,2,,,-,1,,5,,,-,2,,,-,0,,0,,,-,,-,"NEW JERSEY
(40.104655, -74.386686)",
OREGON,2017,1,1,,6,,26,,1,,3,,,-,0,,2,,,-,,-,,-,0,,0,,,-,,-,"OREGON
(44.567912, -120.156945)",
PENNSYLVANIA,2017,1,,-,7,,22,,,-,6,,,-,0,,2,,,-,1,,,-,0,,0,,,-,,-,"PENNSYLVANIA
(40.789676, -77.858055)",
MISSOURI,2017,1,,-,6,,22,,,-,2,,,-,0,,2,,,-,,-,,-,0,,0,,,-,,-,"MISSOURI
(38.636168, -92.566292)",
MINNESOTA,2017,1,,-,0,,0,,,-,,-,,-,0,,1,,,-,,-,,-,0,,0,,,-,,-,"MINNESOTA
(46.357661, -94.793397)",
ALABAMA,2017,1,3,,5,,27,,3,,2,,,-,0,,1,,,-,,-,,-,0,,0,,,-,,-,"ALABAMA
(32.839182, -86.631125)",
HAWAII,2017,1,,-,0,,3,,,-,,-,,-,0,,11,,,-,11,,,-,0,,0,,,-,,-,"HAWAII
(21.30992, -157.858158)",
UTAH,2017,1,,-,3,,24,,,-,3,,,-,0,,1,,,-,,-,,-,0,,0,,,-,,-,"UTAH
(39.359772, -111.584173)",
COLORADO,2017,1,2,,0,,1,,2,,,-,,-,0,,2,,,-,,-,,-,0,,0,,,-,,-,"COLORADO
(38.841772, -106.132562)",
DELAWARE,2017,1,,-,0,,2,,,-,,-,,-,0,,1,,,-,,-,,-,0,,0,,,-,,-,"DELAWARE
(39.008676, -75.574561)",
WEST VIRGINIA,2017,1,,-,0,,5,,,-,,-,,-,0,,0,,,-,,-,,-,0,,0,,,-,,-,"WEST VIRGINIA
(38.668501, -80.709421)",
MONTANA,2017,1,,-,1,,5,,,-,,-,,-,0,,1,,,-,,-,,-,0,,0,,,-,,-,"MONTANA
(47.062617, -109.430168)",
NORTH CAROLINA,2017,1,,-,3,,17,,,-,3,,,-,0,,3,,,-,1,,,-,0,,0,,,-,,-,"NORTH CAROLINA
(35.47995, -79.180571)",
OHIO,2017,1,8,,12,,206,,8,,9,,,-,0,,1,,,-,,-,,-,0,,0,,,-,,-,"OHIO
(40.056807, -82.405897)",
GEORGIA,2017,1,,-,6,,25,,,-,7,,,-,0,,2,,,-,2,,,-,0,,0,,,-,,-,"GEORGIA
(32.836038, -83.631709)",
MARYLAND,2017,1,,-,2,,10,,,-,3,,,-,0,,2,,,-,,-,,-,0,,0,,,-,,-,"MARYLAND
(39.290443, -76.612333)",
NEVADA,2017,1,,-,0,,3,,,-,,-,,-,0,,2,,,-,,-,,-,0,,1,,,-,,-,"NEVADA
(39.491833, -117.070159)",
KENTUCKY,2017,1,,-,2,,7,,,-,1,,,-,0,,1,,,-,,-,,-,0,,0,,,-,,-,"KENTUCKY
(37.64591, -84.774043)",
WYOMING,2017,1,,-,0,,2,,,-,1,,,-,0,,0,,,-,,-,,-,0,,0,,,-,,-,"WYOMING
(43.23558, -108.110518)",
IDAHO,2017,1,,-,2,,10,,,-,3,,,-,0,,1,,,-,,-,,-,0,,0,,,-,,-,"IDAHO
(43.680635, -114.364237)",
ILLINOIS,2017,1,,-,4,,50,,,-,4,,,-,0,,3,,,-,2,,,-,0,,0,,,-,,-,"ILLINOIS
(40.477092, -88.993221)",
TEXAS,2017,1,,-,11,,33,,,-,3,,,-,1,,4,,,-,,-,,-,0,,1,,,-,,-,"TEXAS
(31.827233, -99.423022)",
NEW HAMPSHIRE,2017,1,,-,1,,7,,,-,,-,,-,0,,0,,,-,,-,,-,0,,0,,,-,,-,"NEW HAMPSHIRE
(43.657736, -71.500736)",
KANSAS,2017,1,,-,2,,7,,,-,2,,,-,0,,1,,,-,,-,,-,0,,0,,,-,,-,"KANSAS
(38.345528, -98.201847)",
CONNECTICUT,2017,1,,-,1,,5,,,-,,-,,-,0,,1,,,-,,-,,-,0,,0,,,-,,-,"CONNECTICUT
(41.544654, -72.651713)",
LOUISIANA,2017,1,,-,1,,5,,,-,,-,,-,0,,1,,,-,,-,,-,0,,0,,,-,,-,"LOUISIANA
(31.2931, -92.463284)",
NEW YORK,2017,1,6,,5,,25,,6,,1,,,-,1,,5,,,-,3,,,-,0,,0,,,-,,-,"NEW YORK
(42.826892, -75.544286)",
ALASKA,2017,1,,-,0,,2,,,-,,-,,-,0,,1,,,-,,-,,-,0,,0,,,-,,-,"ALASKA
(64.836661, -147.738891)",
MAINE,2017,1,,-,1,,4,,,-,,-,,-,0,,1,,,-,,-,,-,0,,0,,,-,,-,"MAINE
(45.252223, -68.986647)",
OKLAHOMA,2017,1,,-,3,,9,,,-,,-,,-,0,,1,,,-,1,,,-,0,,0,,,-,,-,"OKLAHOMA
(35.468494, -97.521264)",
GUAM,2017,1,,-,0,,0,,,-,,-,,-,1,,1,,,-,,-,,-,0,,0,,,-,,-,"GUAM
(13.3532, 144.653198)",
ARIZONA,2017,1,1,,3,,83,,1,,3,,,-,0,,2,,,-,1,,,-,0,,0,,,-,,-,"ARIZONA
(34.869712, -111.760902)",
ARKANSAS,2017,1,,-,1,,4,,,-,,-,,-,0,,1,,,-,,-,,-,0,,0,,,-,,-,"ARKANSAS
(34.748745, -92.275105)",
DIST. OF COL.,2017,1,,-,0,,0,,,-,,-,,-,0,,1,,,-,,-,,-,0,,0,,,-,,-,"DISTRICT OF COLUMBIA
(38.892062, -77.019912)",
WISCONSIN,2017,1,3,,12,,52,,3,,9,,,-,0,,2,,,-,,-,,-,0,,0,,,-,,-,"WISCONSIN
(44.395526, -89.834513)",
NEW MEXICO,2017,1,,-,1,,7,,,-,,-,,-,0,,1,,,-,,-,,-,0,,0,,,-,,-,"NEW MEXICO
(34.520396, -106.244402)",
MICHIGAN,2017,1,,-,6,,23,,,-,6,,,-,0,,2,,,-,,-,,-,0,,0,,,-,,-,"MICHIGAN
(44.66399, -84.711206)",
FLORIDA,2017,1,1,,12,,31,,1,,4,,,-,1,,4,,,-,4,,,-,0,,0,,,-,,-,"FLORIDA
(28.915325, -81.922409)",
WASHINGTON,2017,1,,-,0,,34,,,-,,-,,-,0,,2,,,-,1,,,-,0,,1,,,-,,-,"WASHINGTON
(47.517368, -120.467672)",
VIRGIN ISL.,2017,1,,-,0,,0,,,-,,-,,-,1,,5,,,-,,-,,-,0,,0,,,-,,-,"VIRGIN ISLANDS
(18.060868, -64.840836)",
CALIFORNIA,2017,1,,-,7,,15,,,-,5,,,-,2,,15,,,-,15,,,-,0,,0,,,-,,-,"CALIFORNIA
(37.640735, -121.002435)",
MASSACHUSETTS,2017,1,,-,3,,14,,,-,2,,,-,0,,2,,,-,2,,,-,0,,0,,,-,,-,"MASSACHUSETTS
(42.268546, -72.085064)",
SOUTH CAROLINA,2017,1,,-,1,,8,,,-,5,,,-,0,,2,,,-,,-,,-,0,,1,,,-,,-,"SOUTH CAROLINA
(34.009286, -81.037094)",
SOUTH DAKOTA,2017,1,,-,3,,7,,,-,2,,,-,0,,1,,,-,,-,,-,0,,0,,,-,,-,"SOUTH DAKOTA
(44.35371, -100.373709)",
IOWA,2017,1,,-,9,,65,,,-,3,,,-,0,,1,,,-,,-,,-,0,,0,,,-,,-,"IOWA
(42.46942, -93.815856)",
TENNESSEE,2017,1,,-,3,,9,,,-,2,,1,,0,,1,,1,,,-,,-,0,,0,,,-,,-,"TENNESSEE
(35.681402, -85.774444)",
MISSISSIPPI,2017,1,,-,1,,3,,,-,1,,,-,0,,0,,,-,,-,,-,0,,0,,,-,,-,"MISSISSIPPI
(32.738663, -89.537312)",
INDIANA,2017,1,,-,3,,8,,,-,2,,,-,0,,2,,,-,,-,,-,0,,1,,,-,,-,"INDIANA
(39.76845, -86.156212)",
RHODE ISLAND,2017,1,,-,0,,2,,,-,,-,,-,0,,1,,,-,,-,,-,0,,0,,,-,,-,"RHODE ISLAND
(41.707447, -71.522488)",
NEBRASKA,2017,1,1,,4,,16,,1,,4,,,-,0,,1,,,-,,-,,-,0,,0,,,-,,-,"NEBRASKA
(41.640503, -99.367122)",
UNITED STATES,2017,2,51,,155,,732,,96,,217,,,-,13,,40,,1,,86,,,-,0,,1,,,-,,-,,
NEW ENGLAND,2017,2,,-,7,,23,,,-,5,,,-,0,,1,,,-,4,,,-,0,,0,,,-,,-,,
MID. ATLANTIC,2017,2,9,,14,,60,,22,,26,,,-,3,,10,,,-,14,,,-,0,,0,,,-,,-,,
NEW YORK CITY,2017,2,7,,3,,12,,12,,7,,,-,0,,4,,,-,7,,,-,0,,0,,,-,,-,,
E.N. CENTRAL,2017,2,5,,34,,303,,20,,50,,,-,1,,7,,,-,7,,,-,0,,1,,,-,,-,,
W.N. CENTRAL,2017,2,2,,26,,107,,3,,23,,,-,0,,3,,,-,3,,,-,0,,0,,,-,,-,,
S. ATLANTIC,2017,2,12,,25,,79,,18,,58,,,-,2,,7,,,-,14,,,-,0,,1,,,-,,-,,
E.S. CENTRAL,2017,2,6,,10,,43,,9,,11,,,-,0,,2,,1,,,-,,-,0,,0,,,-,,-,,
W.S. CENTRAL,2017,2,6,,17,,39,,6,,7,,,-,1,,4,,,-,1,,,-,0,,1,,,-,,-,,
MOUNTAIN,2017,2,8,,15,,123,,11,,20,,,-,1,,4,,,-,3,,,-,0,,1,,,-,,-,,
PACIFIC,2017,2,3,,13,,47,,7,,17,,,-,3,,19,,,-,40,,,-,0,,1,,,-,,-,,
AMER. SAMOA,2017,2,,N,0,,0,,,N,,N,,-,0,,0,,,-,,-,,-,0,,0,,,-,,-,,
MINNESOTA,2017,2,,-,0,,0,,,-,,-,,-,0,,1,,,-,1,,,-,0,,0,,,-,,-,"MINNESOTA
(46.357661, -94.793397)",
CONNECTICUT,2017,2,,-,1,,5,,,-,,-,,-,0,,1,,,-,2,,,-,0,,0,,,-,,-,"CONNECTICUT
(41.544654, -72.651713)",
WEST VIRGINIA,2017,2,,-,0,,5,,,-,1,,,-,0,,0,,,-,,-,,-,0,,0,,,-,,-,"WEST VIRGINIA
(38.668501, -80.709421)",
WASHINGTON,2017,2,,-,0,,34,,,-,,-,,-,0,,2,,,-,3,,,-,0,,1,,,-,,-,"WASHINGTON
(47.517368, -120.467672)",
ILLINOIS,2017,2,,-,5,,50,,3,,7,,,-,0,,3,,,-,3,,,-,0,,0,,,-,,-,"ILLINOIS
(40.477092, -88.993221)",
SOUTH DAKOTA,2017,2,,-,3,,7,,,-,3,,,-,0,,1,,,-,,-,,-,0,,0,,,-,,-,"SOUTH DAKOTA
(44.35371, -100.373709)",
VERMONT,2017,2,,-,1,,10,,,-,1,,,-,0,,1,,,-,,-,,-,0,,0,,,-,,-,"VERMONT
(43.622479, -72.51927)",
LOUISIANA,2017,2,,-,1,,5,,,-,,-,,-,0,,1,,,-,,-,,-,0,,0,,,-,,-,"LOUISIANA
(31.2931, -92.463284)",
CALIFORNIA,2017,2,2,,7,,15,,5,,11,,,-,2,,13,,,-,18,,,-,0,,0,,,-,,-,"CALIFORNIA
(37.640735, -121.002435)",
MISSOURI,2017,2,,-,6,,22,,,-,5,,,-,0,,2,,,-,2,,,-,0,,0,,,-,,-,"MISSOURI
(38.636168, -92.566292)",
MISSISSIPPI,2017,2,,-,1,,3,,,-,1,,,-,0,,0,,,-,,-,,-,0,,0,,,-,,-,"MISSISSIPPI
(32.738663, -89.537312)",
MAINE,2017,2,,-,1,,4,,,-,,-,,-,0,,1,,,-,,-,,-,0,,0,,,-,,-,"MAINE
(45.252223, -68.986647)",
GUAM,2017,2,,-,0,,0,,,-,,-,,-,1,,1,,,-,,-,,-,0,,0,,,-,,-,"GUAM
(13.3532, 144.653198)",
NEBRASKA,2017,2,2,,3,,16,,3,,8,,,-,0,,1,,,-,,-,,-,0,,0,,,-,,-,"NEBRASKA
(41.640503, -99.367122)",
GEORGIA,2017,2,4,,6,,25,,8,,17,,,-,0,,2,,,-,2,,,-,0,,0,,,-,,-,"GEORGIA
(32.836038, -83.631709)",
NEW YORK,2017,2,,-,5,,25,,6,,6,,,-,1,,3,,,-,,-,,-,0,,0,,,-,,-,"NEW YORK
(42.826892, -75.544286)",
KANSAS,2017,2,,-,2,,7,,,-,2,,,-,0,,1,,,-,,-,,-,0,,0,,,-,,-,"KANSAS
(38.345528, -98.201847)",
OREGON,2017,2,1,,6,,26,,2,,6,,,-,0,,2,,,-,,-,,-,0,,0,,,-,,-,"OREGON
(44.567912, -120.156945)",
ALABAMA,2017,2,2,,5,,27,,5,,4,,,-,0,,1,,,-,,-,,-,0,,0,,,-,,-,"ALABAMA
(32.839182, -86.631125)",
WISCONSIN,2017,2,,-,12,,57,,4,,13,,,-,0,,2,,,-,,-,,-,0,,0,,,-,,-,"WISCONSIN
(44.395526, -89.834513)",
DIST. OF COL.,2017,2,,-,0,,0,,,-,,-,,-,0,,1,,,-,,-,,-,0,,0,,,-,,-,"DISTRICT OF COLUMBIA
(38.892062, -77.019912)",
SOUTH CAROLINA,2017,2,1,,1,,8,,1,,9,,,-,0,,2,,,-,,-,,-,0,,1,,,-,,-,"SOUTH CAROLINA
(34.009286, -81.037094)",
NEW MEXICO,2017,2,,-,1,,7,,,-,,-,,-,0,,1,,,-,,-,,-,0,,0,,,-,,-,"NEW MEXICO
(34.520396, -106.244402)",
HAWAII,2017,2,,-,0,,3,,,-,,-,,-,0,,11,,,-,19,,,-,0,,0,,,-,,-,"HAWAII
(21.30992, -157.858158)",
VIRGINIA,2017,2,,-,4,,12,,1,,4,,,-,0,,3,,,-,2,,,-,0,,0,,,-,,-,"VIRGINIA
(37.542699, -78.45822)",
TEXAS,2017,2,4,,12,,33,,4,,6,,,-,1,,4,,,-,,-,,-,0,,1,,,-,,-,"TEXAS
(31.827233, -99.423022)",
NEVADA,2017,2,,-,0,,3,,,-,3,,,-,0,,2,,,-,,-,,-,0,,1,,,-,,-,"NEVADA
(39.491833, -117.070159)",
TENNESSEE,2017,2,2,,3,,9,,2,,2,,,-,0,,1,,1,,,-,,-,0,,0,,,-,,-,"TENNESSEE
(35.681402, -85.774444)",
WYOMING,2017,2,,-,0,,2,,,-,1,,,-,0,,0,,,-,,-,,-,0,,0,,,-,,-,"WYOMING
(43.23558, -108.110518)",
UTAH,2017,2,,-,3,,24,,,-,6,,,-,0,,1,,,-,,-,,-,0,,0,,,-,,-,"UTAH
(39.359772, -111.584173)",
MONTANA,2017,2,,-,1,,5,,,-,1,,,-,0,,1,,,-,,-,,-,0,,0,,,-,,-,"MONTANA
(47.062617, -109.430168)",
IDAHO,2017,2,,-,2,,10,,,-,5,,,-,0,,1,,,-,1,,,-,0,,0,,,-,,-,"IDAHO
(43.680635, -114.364237)",
VIRGIN ISL.,2017,2,,-,0,,0,,,-,,-,,-,1,,5,,,-,1,,,-,0,,0,,,-,,-,"VIRGIN ISLANDS
(18.060868, -64.840836)",
COLORADO,2017,2,6,,3,,14,,8,,1,,,-,0,,2,,,-,,-,,-,0,,0,,,-,,-,"COLORADO
(38.841772, -106.132562)",
KENTUCKY,2017,2,2,,2,,7,,2,,4,,,-,0,,1,,,-,,-,,-,0,,0,,,-,,-,"KENTUCKY
(37.64591, -84.774043)",
MICHIGAN,2017,2,,-,6,,23,,,-,9,,,-,0,,2,,,-,2,,,-,0,,0,,,-,,-,"MICHIGAN
(44.66399, -84.711206)",
DELAWARE,2017,2,,-,0,,2,,,-,1,,,-,0,,1,,,-,,-,,-,0,,0,,,-,,-,"DELAWARE
(39.008676, -75.574561)",
OKLAHOMA,2017,2,1,,3,,9,,1,,,-,,-,0,,1,,,-,1,,,-,0,,0,,,-,,-,"OKLAHOMA
(35.468494, -97.521264)",
PENNSYLVANIA,2017,2,2,,7,,22,,4,,11,,,-,0,,2,,,-,2,,,-,0,,0,,,-,,-,"PENNSYLVANIA
(40.789676, -77.858055)",
NORTH DAKOTA,2017,2,,-,0,,5,,,-,1,,,-,0,,0,,,-,,-,,-,0,,0,,,-,,-,"NORTH DAKOTA
(47.475879, -100.121011)",
MASSACHUSETTS,2017,2,,-,3,,14,,,-,4,,,-,0,,1,,,-,2,,,-,0,,0,,,-,,-,"MASSACHUSETTS
(42.268546, -72.085064)",
INDIANA,2017,2,,-,3,,8,,,-,8,,,-,0,,2,,,-,1,,,-,0,,1,,,-,,-,"INDIANA
(39.76845, -86.156212)",
NEW HAMPSHIRE,2017,2,,-,1,,7,,,-,,-,,-,0,,0,,,-,,-,,-,0,,0,,,-,,-,"NEW HAMPSHIRE
(43.657736, -71.500736)",
OHIO,2017,2,5,,12,,206,,13,,13,,,-,0,,1,,,-,1,,,-,0,,0,,,-,,-,"OHIO
(40.056807, -82.405897)",
ARKANSAS,2017,2,1,,1,,4,,1,,1,,,-,0,,1,,,-,,-,,-,0,,0,,,-,,-,"ARKANSAS
(34.748745, -92.275105)",
IOWA,2017,2,,-,9,,65,,,-,4,,,-,0,,1,,,-,,-,,-,0,,0,,,-,,-,"IOWA
(42.46942, -93.815856)",
C.N.M.I.,2017,2,,-,,-,,-,,-,,-,,-,,-,,-,,-,,-,,-,,-,,-,,-,,-,"NORTHERN MARIANA ISLANDS
(15.1834, 145.725693)",
PUERTO RICO,2017,2,,-,0,,1,,,-,,-,,-,2,,27,,,-,4,,,-,0,,0,,,-,,-,"PUERTO RICO
(18.215692, -66.414655)",
NEW JERSEY,2017,2,,-,2,,18,,,-,2,,,-,1,,5,,,-,5,,,-,0,,0,,,-,,-,"NEW JERSEY
(40.104655, -74.386686)",
NORTH CAROLINA,2017,2,,-,4,,17,,,-,5,,,-,0,,3,,,-,1,,,-,0,,0,,,-,,-,"NORTH CAROLINA
(35.47995, -79.180571)",
MARYLAND,2017,2,,-,2,,10,,,-,5,,,-,0,,2,,,-,2,,,-,0,,0,,,-,,-,"MARYLAND
(39.290443, -76.612333)",
ALASKA,2017,2,,-,0,,2,,,-,,-,,-,0,,1,,,-,,-,,-,0,,0,,,-,,-,"ALASKA
(64.836661, -147.738891)",
ARIZONA,2017,2,2,,2,,83,,3,,3,,,-,0,,2,,,-,2,,,-,0,,0,,,-,,-,"ARIZONA
(34.869712, -111.760902)",
RHODE ISLAND,2017,2,,-,0,,2,,,-,,-,,-,0,,1,,,-,,-,,-,0,,0,,,-,,-,"RHODE ISLAND
(41.707447, -71.522488)",
FLORIDA,2017,2,7,,12,,31,,8,,16,,,-,1,,3,,,-,7,,,-,0,,0,,,-,,-,"FLORIDA
(28.915325, -81.922409)",
UNITED STATES,2017,3,49,,156,,728,,170,,344,,,-,13,,36,,2,,122,,,-,0,,1,,,-,,-,,
NEW ENGLAND,2017,3,2,,8,,23,,8,,13,,,-,0,,1,,,-,5,,,-,0,,0,,,-,,-,,
MID. ATLANTIC,2017,3,3,,15,,61,,28,,39,,,-,3,,10,,,-,20,,,-,0,,0,,,-,,-,,
NEW YORK CITY,2017,3,1,,4,,12,,13,,9,,,-,1,,5,,,-,9,,,-,0,,0,,,-,,-,,
E.N. CENTRAL,2017,3,8,,35,,299,,31,,79,,,-,1,,7,,1,,9,,,-,0,,1,,,-,,-,,
W.N. CENTRAL,2017,3,3,,26,,107,,6,,39,,,-,0,,3,,,-,4,,,-,0,,0,,,-,,-,,
S. ATLANTIC,2017,3,12,,25,,79,,31,,92,,,-,2,,7,,,-,20,,,-,0,,1,,,-,,-,,
E.S. CENTRAL,2017,3,5,,10,,43,,15,,15,,,-,0,,2,,1,,,-,,-,0,,0,,,-,,-,,
W.S. CENTRAL,2017,3,5,,17,,39,,15,,12,,,-,1,,4,,,-,2,,,-,0,,1,,,-,,-,,
MOUNTAIN,2017,3,7,,15,,123,,19,,28,,,-,0,,4,,,-,3,,,-,0,,1,,,-,,-,,
PACIFIC,2017,3,4,,13,,47,,17,,27,,,-,3,,19,,,-,59,,,-,0,,1,,,-,,-,,
AMER. SAMOA,2017,3,,N,0,,0,,,N,,N,,-,0,,0,,,-,,-,,-,0,,0,,,-,,-,,
MISSOURI,2017,3,,-,6,,22,,,-,8,,,-,0,,2,,,-,2,,,-,0,,0,,,-,,-,"MISSOURI
(38.636168, -92.566292)",
VIRGIN ISL.,2017,3,,-,0,,0,,,-,,-,,-,1,,6,,,-,3,,,-,0,,0,,,-,,-,"VIRGIN ISLANDS
(18.060868, -64.840836)",
VERMONT,2017,3,1,,1,,10,,1,,1,,,-,0,,1,,,-,,-,,-,0,,0,,,-,,-,"VERMONT
(43.622479, -72.51927)",
MISSISSIPPI,2017,3,,-,1,,3,,,-,2,,,-,0,,0,,,-,,-,,-,0,,0,,,-,,-,"MISSISSIPPI
(32.738663, -89.537312)",
LOUISIANA,2017,3,,-,1,,5,,,-,1,,,-,0,,1,,,-,,-,,-,0,,0,,,-,,-,"LOUISIANA
(31.2931, -92.463284)",
NEW HAMPSHIRE,2017,3,,-,1,,7,,,-,1,,,-,0,,0,,,-,,-,,-,0,,0,,,-,,-,"NEW HAMPSHIRE
(43.657736, -71.500736)",
MONTANA,2017,3,,-,0,,5,,,-,1,,,-,0,,1,,,-,,-,,-,0,,0,,,-,,-,"MONTANA
(47.062617, -109.430168)",
ALASKA,2017,3,,-,0,,2,,1,,,-,,-,0,,1,,,-,,-,,-,0,,0,,,-,,-,"ALASKA
(64.836661, -147.738891)",
MICHIGAN,2017,3,,-,6,,19,,,-,11,,,-,0,,2,,,-,2,,,-,0,,0,,,-,,-,"MICHIGAN
(44.66399, -84.711206)",
UTAH,2017,3,2,,3,,24,,3,,8,,,-,0,,1,,,-,,-,,-,0,,0,,,-,,-,"UTAH
(39.359772, -111.584173)",
INDIANA,2017,3,,-,3,,8,,1,,12,,,-,0,,2,,,-,1,,,-,0,,1,,,-,,-,"INDIANA
(39.76845, -86.156212)",
WASHINGTON,2017,3,,-,0,,34,,,-,,-,,-,0,,2,,,-,4,,,-,0,,1,,,-,,-,"WASHINGTON
(47.517368, -120.467672)",
KANSAS,2017,3,,-,2,,7,,,-,4,,,-,0,,1,,,-,,-,,-,0,,0,,,-,,-,"KANSAS
(38.345528, -98.201847)",
ALABAMA,2017,3,2,,5,,27,,8,,5,,,-,0,,1,,,-,,-,,-,0,,0,,,-,,-,"ALABAMA
(32.839182, -86.631125)",
IOWA,2017,3,1,,9,,65,,1,,9,,,-,0,,1,,,-,,-,,-,0,,0,,,-,,-,"IOWA
(42.46942, -93.815856)",
WYOMING,2017,3,,-,0,,2,,,-,1,,,-,0,,0,,,-,,-,,-,0,,0,,,-,,-,"WYOMING
(43.23558, -108.110518)",
IDAHO,2017,3,1,,2,,10,,1,,7,,,-,0,,1,,,-,1,,,-,0,,0,,,-,,-,"IDAHO
(43.680635, -114.364237)",
WEST VIRGINIA,2017,3,,-,0,,5,,,-,2,,,-,0,,0,,,-,,-,,-,0,,0,,,-,,-,"WEST VIRGINIA
(38.668501, -80.709421)",
GEORGIA,2017,3,,-,6,,25,,8,,24,,,-,0,,2,,,-,2,,,-,0,,0,,,-,,-,"GEORGIA
(32.836038, -83.631709)",
C.N.M.I.,2017,3,,-,,-,,-,,-,,-,,-,,-,,-,,-,,-,,-,,-,,-,,-,,-,"NORTHERN MARIANA ISLANDS
(15.1834, 145.725693)",
MAINE,2017,3,1,,1,,4,,2,,,-,,-,0,,1,,,-,,-,,-,0,,0,,,-,,-,"MAINE
(45.252223, -68.986647)",
VIRGINIA,2017,3,1,,4,,12,,2,,5,,,-,0,,3,,,-,4,,,-,0,,0,,,-,,-,"VIRGINIA
(37.542699, -78.45822)",
CONNECTICUT,2017,3,,-,1,,5,,1,,2,,,-,0,,1,,,-,2,,,-,0,,0,,,-,,-,"CONNECTICUT
(41.544654, -72.651713)",
GUAM,2017,3,,-,0,,0,,,-,,-,,-,1,,1,,,-,,-,,-,0,,0,,,-,,-,"GUAM
(13.3532, 144.653198)",
NORTH CAROLINA,2017,3,,-,4,,17,,,-,9,,,-,0,,3,,,-,1,,,-,0,,0,,,-,,-,"NORTH CAROLINA
(35.47995, -79.180571)",
OREGON,2017,3,1,,5,,26,,5,,9,,,-,0,,2,,,-,,-,,-,0,,0,,,-,,-,"OREGON
(44.567912, -120.156945)",
RHODE ISLAND,2017,3,,-,0,,2,,,-,,-,,-,0,,1,,,-,1,,,-,0,,0,,,-,,-,"RHODE ISLAND
(41.707447, -71.522488)",
FLORIDA,2017,3,11,,11,,31,,19,,34,,,-,0,,3,,,-,9,,,-,0,,0,,,-,,-,"FLORIDA
(28.915325, -81.922409)",
SOUTH CAROLINA,2017,3,,-,1,,8,,2,,10,,,-,0,,2,,,-,,-,,-,0,,1,,,-,,-,"SOUTH CAROLINA
(34.009286, -81.037094)",
ARIZONA,2017,3,2,,2,,81,,5,,4,,,-,0,,2,,,-,2,,,-,0,,0,,,-,,-,"ARIZONA
(34.869712, -111.760902)",
KENTUCKY,2017,3,,-,2,,7,,3,,5,,,-,0,,1,,,-,,-,,-,0,,0,,,-,,-,"KENTUCKY
(37.64591, -84.774043)",
NEW YORK,2017,3,,-,5,,25,,6,,10,,,-,1,,3,,,-,1,,,-,0,,0,,,-,,-,"NEW YORK
(42.826892, -75.544286)",
NORTH DAKOTA,2017,3,,-,0,,5,,,-,1,,,-,0,,0,,,-,,-,,-,0,,0,,,-,,-,"NORTH DAKOTA
(47.475879, -100.121011)",
HAWAII,2017,3,,-,0,,3,,,-,,-,,-,0,,11,,,-,29,,,-,0,,0,,,-,,-,"HAWAII
(21.30992, -157.858158)",
WISCONSIN,2017,3,3,,12,,58,,10,,20,,,-,0,,2,,,-,1,,,-,0,,0,,,-,,-,"WISCONSIN
(44.395526, -89.834513)",
ARKANSAS,2017,3,,-,1,,4,,2,,1,,,-,0,,1,,,-,,-,,-,0,,0,,,-,,-,"ARKANSAS
(34.748745, -92.275105)",
DIST. OF COL.,2017,3,,-,0,,0,,,-,,-,,-,0,,1,,,-,,-,,-,0,,0,,,-,,-,"DISTRICT OF COLUMBIA
(38.892062, -77.019912)",
OKLAHOMA,2017,3,2,,3,,9,,3,,1,,,-,0,,1,,,-,2,,,-,0,,0,,,-,,-,"OKLAHOMA
(35.468494, -97.521264)",
NEBRASKA,2017,3,2,,3,,16,,5,,10,,,-,0,,1,,,-,,-,,-,0,,0,,,-,,-,"NEBRASKA
(41.640503, -99.367122)",
MASSACHUSETTS,2017,3,,-,3,,14,,4,,9,,,-,0,,1,,,-,2,,,-,0,,0,,,-,,-,"MASSACHUSETTS
(42.268546, -72.085064)",
NEW JERSEY,2017,3,,-,2,,18,,,-,4,,,-,1,,5,,,-,6,,,-,0,,0,,,-,,-,"NEW JERSEY
(40.104655, -74.386686)",
NEVADA,2017,3,1,,0,,2,,1,,3,,,-,0,,2,,,-,,-,,-,0,,1,,,-,,-,"NEVADA
(39.491833, -117.070159)",
COLORADO,2017,3,1,,3,,14,,9,,4,,,-,0,,2,,,-,,-,,-,0,,0,,,-,,-,"COLORADO
(38.841772, -106.132562)",
CALIFORNIA,2017,3,3,,7,,15,,11,,18,,,-,2,,14,,,-,26,,,-,0,,0,,,-,,-,"CALIFORNIA
(37.640735, -121.002435)",
MINNESOTA,2017,3,,-,0,,0,,,-,,-,,-,0,,1,,,-,2,,,-,0,,0,,,-,,-,"MINNESOTA
(46.357661, -94.793397)",
OHIO,2017,3,5,,12,,206,,17,,25,,,-,0,,1,,1,,1,,,-,0,,0,,,-,,-,"OHIO
(40.056807, -82.405897)",
TEXAS,2017,3,3,,12,,33,,10,,9,,,-,1,,4,,,-,,-,,-,0,,1,,,-,,-,"TEXAS
(31.827233, -99.423022)",
SOUTH DAKOTA,2017,3,,-,3,,7,,,-,7,,,-,0,,1,,,-,,-,,-,0,,0,,,-,,-,"SOUTH DAKOTA
(44.35371, -100.373709)",
MARYLAND,2017,3,,-,2,,10,,,-,7,,,-,0,,2,,,-,4,,,-,0,,0,,,-,,-,"MARYLAND
(39.290443, -76.612333)",
DELAWARE,2017,3,,-,0,,2,,,-,1,,,-,0,,1,,,-,,-,,-,0,,0,,,-,,-,"DELAWARE
(39.008676, -75.574561)",
PENNSYLVANIA,2017,3,2,,7,,24,,9,,16,,,-,0,,2,,,-,4,,,-,0,,0,,,-,,-,"PENNSYLVANIA
(40.789676, -77.858055)",
NEW MEXICO,2017,3,,-,1,,7,,,-,,-,,-,0,,1,,,-,,-,,-,0,,0,,,-,,-,"NEW MEXICO
(34.520396, -106.244402)",
PUERTO RICO,2017,3,,-,0,,1,,,-,,-,,-,2,,27,,,-,7,,,-,0,,0,,,-,,-,"PUERTO RICO
(18.215692, -66.414655)",
TENNESSEE,2017,3,3,,3,,9,,4,,3,,,-,0,,1,,1,,,-,,-,0,,0,,,-,,-,"TENNESSEE
(35.681402, -85.774444)",
ILLINOIS,2017,3,,-,5,,50,,3,,11,,,-,0,,3,,,-,4,,,-,0,,0,,,-,,-,"ILLINOIS
(40.477092, -88.993221)",
UNITED STATES,2017,4,48,,156,,728,,252,,460,,1,,12,,32,,3,,148,,,-,0,,1,,,-,,-,,
NEW ENGLAND,2017,4,5,,7,,23,,15,,15,,,-,0,,1,,,-,6,,,-,0,,0,,,-,,-,,
MID. ATLANTIC,2017,4,8,,15,,61,,39,,49,,,-,3,,10,,,-,28,,,-,0,,0,,,-,,-,,
NEW YORK CITY,2017,4,6,,4,,12,,19,,9,,,-,0,,5,,,-,11,,,-,0,,0,,,-,,-,,
E.N. CENTRAL,2017,4,4,,36,,299,,46,,106,,,-,1,,7,,1,,9,,,-,0,,1,,,-,,-,,
W.N. CENTRAL,2017,4,3,,26,,107,,16,,49,,,-,0,,3,,,-,4,,,-,0,,0,,,-,,-,,
S. ATLANTIC,2017,4,8,,25,,79,,41,,111,,,-,2,,7,,,-,25,,,-,0,,1,,,-,,-,,
E.S. CENTRAL,2017,4,4,,10,,43,,20,,25,,1,,0,,2,,2,,,-,,-,0,,0,,,-,,-,,
W.S. CENTRAL,2017,4,5,,17,,39,,21,,27,,,-,1,,4,,,-,2,,,-,0,,1,,,-,,-,,
MOUNTAIN,2017,4,11,,15,,122,,32,,39,,,-,0,,4,,,-,3,,,-,0,,1,,,-,,-,,
PACIFIC,2017,4,,-,13,,47,,22,,39,,,-,3,,14,,,-,71,,,-,0,,1,,,-,,-,,
AMER. SAMOA,2017,4,,N,0,,0,,,N,,N,,-,0,,0,,,-,,-,,-,0,,0,,,-,,-,,
NEBRASKA,2017,4,1,,3,,16,,7,,12,,,-,0,,1,,,-,,-,,-,0,,0,,,-,,-,"NEBRASKA
(41.640503, -99.367122)",
IDAHO,2017,4,1,,2,,10,,2,,8,,,-,0,,1,,,-,1,,,-,0,,0,,,-,,-,"IDAHO
(43.680635, -114.364237)",
KENTUCKY,2017,4,,-,2,,7,,3,,6,,,-,0,,1,,,-,,-,,-,0,,0,,,-,,-,"KENTUCKY
(37.64591, -84.774043)",
CONNECTICUT,2017,4,,-,1,,5,,2,,3,,,-,0,,1,,,-,2,,,-,0,,0,,,-,,-,"CONNECTICUT
(41.544654, -72.651713)",
VIRGINIA,2017,4,3,,4,,12,,6,,6,,,-,0,,3,,,-,5,,,-,0,,0,,,-,,-,"VIRGINIA
(37.542699, -78.45822)",
UTAH,2017,4,1,,3,,24,,4,,10,,,-,0,,1,,,-,,-,,-,0,,0,,,-,,-,"UTAH
(39.359772, -111.584173)",
NORTH CAROLINA,2017,4,,-,3,,17,,,-,14,,,-,0,,3,,,-,1,,,-,0,,0,,,-,,-,"NORTH CAROLINA
(35.47995, -79.180571)",
LOUISIANA,2017,4,,-,1,,5,,,-,3,,,-,0,,1,,,-,,-,,-,0,,0,,,-,,-,"LOUISIANA
(31.2931, -92.463284)",
NEW JERSEY,2017,4,,-,2,,18,,,-,8,,,-,0,,5,,,-,8,,,-,0,,0,,,-,,-,"NEW JERSEY
(40.104655, -74.386686)",
SOUTH CAROLINA,2017,4,,-,1,,8,,2,,10,,,-,0,,2,,,-,,-,,-,0,,1,,,-,,-,"SOUTH CAROLINA
(34.009286, -81.037094)",
FLORIDA,2017,4,4,,11,,31,,23,,43,,,-,0,,3,,,-,11,,,-,0,,0,,,-,,-,"FLORIDA
(28.915325, -81.922409)",
OKLAHOMA,2017,4,1,,3,,9,,4,,4,,,-,0,,1,,,-,2,,,-,0,,0,,,-,,-,"OKLAHOMA
(35.468494, -97.521264)",
MISSISSIPPI,2017,4,1,,1,,3,,1,,2,,,-,0,,0,,,-,,-,,-,0,,0,,,-,,-,"MISSISSIPPI
(32.738663, -89.537312)",
C.N.M.I.,2017,4,,-,,-,,-,,-,,-,,-,,-,,-,,-,,-,,-,,-,,-,,-,,-,"NORTHERN MARIANA ISLANDS
(15.1834, 145.725693)",
PENNSYLVANIA,2017,4,2,,7,,24,,14,,21,,,-,0,,2,,,-,6,,,-,0,,0,,,-,,-,"PENNSYLVANIA
(40.789676, -77.858055)",
DELAWARE,2017,4,,-,0,,2,,,-,2,,,-,0,,1,,,-,,-,,-,0,,0,,,-,,-,"DELAWARE
(39.008676, -75.574561)",
VIRGIN ISL.,2017,4,,-,0,,0,,,-,,-,,-,1,,6,,1,,8,,,-,0,,0,,,-,,-,"VIRGIN ISLANDS
(18.060868, -64.840836)",
ILLINOIS,2017,4,,-,5,,50,,3,,14,,,-,0,,3,,,-,4,,,-,0,,0,,,-,,-,"ILLINOIS
(40.477092, -88.993221)",
MARYLAND,2017,4,,-,1,,10,,,-,7,,,-,0,,1,,,-,5,,,-,0,,0,,,-,,-,"MARYLAND
(39.290443, -76.612333)",
OHIO,2017,4,2,,11,,207,,19,,37,,,-,0,,1,,1,,1,,,-,0,,0,,,-,,-,"OHIO
(40.056807, -82.405897)",
RHODE ISLAND,2017,4,,-,0,,2,,,-,,-,,-,0,,1,,,-,1,,,-,0,,0,,,-,,-,"RHODE ISLAND
(41.707447, -71.522488)",
KANSAS,2017,4,,-,2,,7,,2,,5,,,-,0,,1,,,-,,-,,-,0,,0,,,-,,-,"KANSAS
(38.345528, -98.201847)",
GEORGIA,2017,4,1,,5,,25,,10,,27,,,-,0,,2,,,-,3,,,-,0,,0,,,-,,-,"GEORGIA
(32.836038, -83.631709)",
NEW MEXICO,2017,4,,-,1,,7,,1,,3,,,-,0,,1,,,-,,-,,-,0,,0,,,-,,-,"NEW MEXICO
(34.520396, -106.244402)",
MONTANA,2017,4,,-,0,,5,,,-,1,,,-,0,,1,,,-,,-,,-,0,,0,,,-,,-,"MONTANA
(47.062617, -109.430168)",
HAWAII,2017,4,,-,0,,3,,,-,,-,,-,0,,11,,,-,40,,,-,0,,0,,,-,,-,"HAWAII
(21.30992, -157.858158)",
TENNESSEE,2017,4,3,,3,,9,,8,,10,,1,,0,,1,,2,,,-,,-,0,,0,,,-,,-,"TENNESSEE
(35.681402, -85.774444)",
COLORADO,2017,4,7,,3,,14,,16,,7,,,-,0,,2,,,-,,-,,-,0,,0,,,-,,-,"COLORADO
(38.841772, -106.132562)",
PUERTO RICO,2017,4,,-,0,,1,,,-,,-,,-,2,,27,,,-,16,,,-,0,,0,,,-,,-,"PUERTO RICO
(18.215692, -66.414655)",
ARIZONA,2017,4,2,,3,,82,,8,,6,,,-,0,,2,,,-,2,,,-,0,,0,,,-,,-,"ARIZONA
(34.869712, -111.760902)",
WISCONSIN,2017,4,2,,12,,58,,14,,24,,,-,0,,2,,,-,1,,,-,0,,0,,,-,,-,"WISCONSIN
(44.395526, -89.834513)",
GUAM,2017,4,,-,0,,0,,,-,,-,,-,1,,1,,,-,,-,,-,0,,0,,,-,,-,"GUAM
(13.3532, 144.653198)",
INDIANA,2017,4,,-,3,,8,,4,,18,,,-,0,,2,,,-,1,,,-,0,,1,,,-,,-,"INDIANA
(39.76845, -86.156212)",
MAINE,2017,4,1,,1,,4,,3,,,-,,-,0,,1,,,-,,-,,-,0,,0,,,-,,-,"MAINE
(45.252223, -68.986647)",
ARKANSAS,2017,4,,-,1,,4,,2,,5,,,-,0,,1,,,-,,-,,-,0,,0,,,-,,-,"ARKANSAS
(34.748745, -92.275105)",
ALABAMA,2017,4,,-,5,,27,,8,,7,,,-,0,,1,,,-,,-,,-,0,,0,,,-,,-,"ALABAMA
(32.839182, -86.631125)",
SOUTH DAKOTA,2017,4,,-,3,,7,,,-,9,,,-,0,,1,,,-,,-,,-,0,,0,,,-,,-,"SOUTH DAKOTA
(44.35371, -100.373709)",
NORTH DAKOTA,2017,4,,-,0,,5,,,-,2,,,-,0,,0,,,-,,-,,-,0,,0,,,-,,-,"NORTH DAKOTA
(47.475879, -100.121011)",
NEW YORK,2017,4,,-,5,,25,,6,,11,,,-,1,,3,,,-,3,,,-,0,,0,,,-,,-,"NEW YORK
(42.826892, -75.544286)",
NEW HAMPSHIRE,2017,4,,-,1,,7,,,-,1,,,-,0,,0,,,-,,-,,-,0,,0,,,-,,-,"NEW HAMPSHIRE
(43.657736, -71.500736)",
MASSACHUSETTS,2017,4,2,,3,,14,,7,,10,,,-,0,,1,,,-,3,,,-,0,,0,,,-,,-,"MASSACHUSETTS
(42.268546, -72.085064)",
WEST VIRGINIA,2017,4,,-,0,,5,,,-,2,,,-,0,,0,,,-,,-,,-,0,,0,,,-,,-,"WEST VIRGINIA
(38.668501, -80.709421)",
MICHIGAN,2017,4,,-,6,,19,,6,,13,,,-,0,,2,,,-,2,,,-,0,,0,,,-,,-,"MICHIGAN
(44.66399, -84.711206)",
NEVADA,2017,4,,-,0,,2,,1,,3,,,-,0,,2,,,-,,-,,-,0,,1,,,-,,-,"NEVADA
(39.491833, -117.070159)",
MISSOURI,2017,4,2,,6,,22,,6,,10,,,-,0,,2,,,-,2,,,-,0,,0,,,-,,-,"MISSOURI
(38.636168, -92.566292)",
CALIFORNIA,2017,4,,-,6,,15,,16,,24,,,-,2,,14,,,-,27,,,-,0,,0,,,-,,-,"CALIFORNIA
(37.640735, -121.002435)",
ALASKA,2017,4,,-,0,,2,,1,,,-,,-,0,,1,,,-,,-,,-,0,,0,,,-,,-,"ALASKA
(64.836661, -147.738891)",
WASHINGTON,2017,4,,-,0,,34,,,-,,-,,-,0,,2,,,-,4,,,-,0,,1,,,-,,-,"WASHINGTON
(47.517368, -120.467672)",
MINNESOTA,2017,4,,-,0,,0,,,-,,-,,-,0,,1,,,-,2,,,-,0,,0,,,-,,-,"MINNESOTA
(46.357661, -94.793397)",
IOWA,2017,4,,-,9,,65,,1,,11,,,-,0,,1,,,-,,-,,-,0,,0,,,-,,-,"IOWA
(42.46942, -93.815856)",
OREGON,2017,4,,-,5,,26,,5,,15,,,-,0,,2,,,-,,-,,-,0,,0,,,-,,-,"OREGON
(44.567912, -120.156945)",
WYOMING,2017,4,,-,0,,2,,,-,1,,,-,0,,0,,,-,,-,,-,0,,0,,,-,,-,"WYOMING
(43.23558, -108.110518)",
DIST. OF COL.,2017,4,,-,0,,0,,,-,,-,,-,0,,1,,,-,,-,,-,0,,0,,,-,,-,"DISTRICT OF COLUMBIA
(38.892062, -77.019912)",
TEXAS,2017,4,4,,12,,33,,15,,15,,,-,1,,4,,,-,,-,,-,0,,1,,,-,,-,"TEXAS
(31.827233, -99.423022)",
VERMONT,2017,4,2,,1,,10,,3,,1,,,-,0,,1,,,-,,-,,-,0,,0,,,-,,-,"VERMONT
(43.622479, -72.51927)",
UNITED STATES,2017,5,45,,157,,728,,360,,592,,,-,12,,32,,6,,169,,,-,0,,1,,,-,,-,,
NEW ENGLAND,2017,5,,-,7,,23,,15,,18,,,-,0,,1,,,-,6,,,-,0,,0,,,-,,-,,
MID. ATLANTIC,2017,5,4,,15,,61,,47,,60,,,-,3,,10,,,-,35,,,-,0,,0,,,-,,-,,
NEW YORK CITY,2017,5,1,,4,,12,,20,,13,,,-,0,,5,,,-,15,,,-,0,,0,,,-,,-,,
E.N. CENTRAL,2017,5,9,,36,,294,,65,,132,,,-,1,,7,,1,,11,,,-,0,,1,,,-,,-,,
W.N. CENTRAL,2017,5,1,,26,,107,,24,,69,,,-,0,,3,,,-,5,,,-,0,,0,,,-,,-,,
S. ATLANTIC,2017,5,8,,25,,79,,67,,137,,,-,2,,7,,,-,30,,,-,0,,1,,,-,,-,,
E.S. CENTRAL,2017,5,3,,10,,43,,26,,34,,,-,0,,2,,4,,,-,,-,0,,0,,,-,,-,,
W.S. CENTRAL,2017,5,10,,17,,39,,38,,40,,,-,1,,4,,,-,2,,,-,0,,1,,,-,,-,,
MOUNTAIN,2017,5,7,,15,,122,,47,,50,,,-,0,,4,,,-,3,,,-,0,,1,,,-,,-,,
PACIFIC,2017,5,3,,13,,47,,31,,52,,,-,3,,14,,1,,77,,,-,0,,1,,,-,,-,,
AMER. SAMOA,2017,5,,N,0,,0,,,N,,N,,-,0,,0,,,-,,-,,-,0,,0,,,-,,-,,
WASHINGTON,2017,5,,-,0,,34,,,-,,-,,-,0,,2,,,-,5,,,-,0,,1,,,-,,-,"WASHINGTON
(47.517368, -120.467672)",
DIST. OF COL.,2017,5,,-,0,,0,,,-,,-,,-,0,,1,,,-,,-,,-,0,,0,,,-,,-,"DISTRICT OF COLUMBIA
(38.892062, -77.019912)",
VIRGIN ISL.,2017,5,,-,0,,0,,,-,,-,,-,1,,6,,1,,9,,,-,0,,0,,,-,,-,"VIRGIN ISLANDS
(18.060868, -64.840836)",
TENNESSEE,2017,5,2,,3,,9,,10,,11,,,-,0,,1,,2,,,-,,-,0,,0,,,-,,-,"TENNESSEE
(35.681402, -85.774444)",
CONNECTICUT,2017,5,,-,1,,5,,2,,3,,,-,0,,1,,,-,2,,,-,0,,0,,,-,,-,"CONNECTICUT
(41.544654, -72.651713)",
SOUTH DAKOTA,2017,5,,-,3,,7,,,-,12,,,-,0,,1,,,-,,-,,-,0,,0,,,-,,-,"SOUTH DAKOTA
(44.35371, -100.373709)",
MISSOURI,2017,5,,-,6,,22,,6,,16,,,-,0,,2,,,-,2,,,-,0,,0,,,-,,-,"MISSOURI
(38.636168, -92.566292)",
DELAWARE,2017,5,,-,0,,2,,,-,3,,,-,0,,1,,,-,1,,,-,0,,0,,,-,,-,"DELAWARE
(39.008676, -75.574561)",
VIRGINIA,2017,5,1,,4,,12,,8,,8,,,-,0,,3,,,-,6,,,-,0,,0,,,-,,-,"VIRGINIA
(37.542699, -78.45822)",
NEW HAMPSHIRE,2017,5,,-,1,,7,,,-,1,,,-,0,,0,,,-,,-,,-,0,,0,,,-,,-,"NEW HAMPSHIRE
(43.657736, -71.500736)",
GEORGIA,2017,5,,-,6,,26,,18,,32,,,-,0,,2,,,-,3,,,-,0,,0,,,-,,-,"GEORGIA
(32.836038, -83.631709)",
ARKANSAS,2017,5,2,,1,,4,,4,,6,,,-,0,,1,,,-,,-,,-,0,,0,,,-,,-,"ARKANSAS
(34.748745, -92.275105)",
FLORIDA,2017,5,6,,11,,31,,29,,55,,,-,0,,3,,,-,14,,,-,0,,0,,,-,,-,"FLORIDA
(28.915325, -81.922409)",
CALIFORNIA,2017,5,2,,7,,15,,22,,30,,,-,3,,14,,1,,29,,,-,0,,0,,,-,,-,"CALIFORNIA
(37.640735, -121.002435)",
MASSACHUSETTS,2017,5,,-,3,,14,,7,,11,,,-,0,,1,,,-,3,,,-,0,,0,,,-,,-,"MASSACHUSETTS
(42.268546, -72.085064)",
NEW YORK,2017,5,,-,5,,25,,6,,13,,,-,1,,3,,,-,3,,,-,0,,0,,,-,,-,"NEW YORK
(42.826892, -75.544286)",
WISCONSIN,2017,5,2,,12,,62,,22,,34,,,-,0,,2,,,-,1,,,-,0,,0,,,-,,-,"WISCONSIN
(44.395526, -89.834513)",
C.N.M.I.,2017,5,,-,,-,,-,,-,,-,,-,,-,,-,,-,,-,,-,,-,,-,,-,,-,"NORTHERN MARIANA ISLANDS
(15.1834, 145.725693)",
ARIZONA,2017,5,1,,3,,82,,12,,7,,,-,0,,2,,,-,2,,,-,0,,0,,,-,,-,"ARIZONA
(34.869712, -111.760902)",
MONTANA,2017,5,,-,1,,5,,1,,2,,,-,0,,1,,,-,,-,,-,0,,0,,,-,,-,"MONTANA
(47.062617, -109.430168)",
IOWA,2017,5,,-,9,,65,,6,,21,,,-,0,,1,,,-,,-,,-,0,,0,,,-,,-,"IOWA
(42.46942, -93.815856)",
NEBRASKA,2017,5,1,,3,,16,,9,,13,,,-,0,,1,,,-,,-,,-,0,,0,,,-,,-,"NEBRASKA
(41.640503, -99.367122)",
WYOMING,2017,5,,-,0,,2,,,-,1,,,-,0,,0,,,-,,-,,-,0,,0,,,-,,-,"WYOMING
(43.23558, -108.110518)",
MAINE,2017,5,,-,1,,4,,3,,2,,,-,0,,1,,,-,,-,,-,0,,0,,,-,,-,"MAINE
(45.252223, -68.986647)",
NEVADA,2017,5,,-,0,,2,,1,,3,,,-,0,,2,,,-,,-,,-,0,,1,,,-,,-,"NEVADA
(39.491833, -117.070159)",
OHIO,2017,5,7,,9,,207,,26,,42,,,-,0,,1,,1,,1,,,-,0,,0,,,-,,-,"OHIO
(40.056807, -82.405897)",
NEW JERSEY,2017,5,,-,1,,18,,,-,8,,,-,0,,6,,,-,11,,,-,0,,0,,,-,,-,"NEW JERSEY
(40.104655, -74.386686)",
NORTH DAKOTA,2017,5,,-,0,,5,,,-,2,,,-,0,,0,,,-,,-,,-,0,,0,,,-,,-,"NORTH DAKOTA
(47.475879, -100.121011)",
MICHIGAN,2017,5,,-,6,,19,,6,,17,,,-,0,,2,,,-,2,,,-,0,,0,,,-,,-,"MICHIGAN
(44.66399, -84.711206)",
ILLINOIS,2017,5,,-,5,,50,,4,,18,,,-,0,,3,,,-,6,,,-,0,,0,,,-,,-,"ILLINOIS
(40.477092, -88.993221)",
OKLAHOMA,2017,5,1,,3,,9,,5,,5,,,-,0,,1,,,-,2,,,-,0,,0,,,-,,-,"OKLAHOMA
(35.468494, -97.521264)",
COLORADO,2017,5,4,,4,,14,,20,,11,,,-,0,,2,,,-,,-,,-,0,,0,,,-,,-,"COLORADO
(38.841772, -106.132562)",
INDIANA,2017,5,,-,3,,9,,7,,21,,,-,0,,2,,,-,1,,,-,0,,1,,,-,,-,"INDIANA
(39.76845, -86.156212)",
TEXAS,2017,5,3,,12,,33,,20,,22,,,-,1,,4,,,-,,-,,-,0,,1,,,-,,-,"TEXAS
(31.827233, -99.423022)",
NEW MEXICO,2017,5,1,,1,,7,,4,,4,,,-,0,,1,,,-,,-,,-,0,,0,,,-,,-,"NEW MEXICO
(34.520396, -106.244402)",
IDAHO,2017,5,1,,2,,10,,4,,10,,,-,0,,1,,,-,1,,,-,0,,0,,,-,,-,"IDAHO
(43.680635, -114.364237)",
MINNESOTA,2017,5,,-,0,,0,,,-,,-,,-,0,,1,,,-,3,,,-,0,,0,,,-,,-,"MINNESOTA
(46.357661, -94.793397)",
SOUTH CAROLINA,2017,5,,-,1,,8,,4,,13,,,-,0,,2,,,-,,-,,-,0,,1,,,-,,-,"SOUTH CAROLINA
(34.009286, -81.037094)",
NORTH CAROLINA,2017,5,,-,3,,17,,6,,16,,,-,0,,3,,,-,1,,,-,0,,0,,,-,,-,"NORTH CAROLINA
(35.47995, -79.180571)",
KENTUCKY,2017,5,1,,2,,7,,4,,8,,,-,0,,1,,,-,,-,,-,0,,0,,,-,,-,"KENTUCKY
(37.64591, -84.774043)",
VERMONT,2017,5,,-,1,,10,,3,,1,,,-,0,,1,,,-,,-,,-,0,,0,,,-,,-,"VERMONT
(43.622479, -72.51927)",
HAWAII,2017,5,,-,0,,3,,,-,,-,,-,0,,4,,,-,43,,,-,0,,0,,,-,,-,"HAWAII
(21.30992, -157.858158)",
GUAM,2017,5,,-,0,,0,,,-,,-,,-,1,,1,,,-,,-,,-,0,,0,,,-,,-,"GUAM
(13.3532, 144.653198)",
MARYLAND,2017,5,1,,1,,10,,2,,8,,,-,0,,1,,,-,5,,,-,0,,0,,,-,,-,"MARYLAND
(39.290443, -76.612333)",
KANSAS,2017,5,,-,2,,7,,3,,5,,,-,0,,1,,,-,,-,,-,0,,0,,,-,,-,"KANSAS
(38.345528, -98.201847)",
LOUISIANA,2017,5,4,,1,,5,,9,,7,,,-,0,,1,,,-,,-,,-,0,,0,,,-,,-,"LOUISIANA
(31.2931, -92.463284)",
RHODE ISLAND,2017,5,,-,0,,2,,,-,,-,,-,0,,1,,,-,1,,,-,0,,0,,,-,,-,"RHODE ISLAND
(41.707447, -71.522488)",
ALASKA,2017,5,,-,0,,2,,1,,2,,,-,0,,1,,,-,,-,,-,0,,0,,,-,,-,"ALASKA
(64.836661, -147.738891)",
OREGON,2017,5,1,,5,,26,,8,,20,,,-,0,,2,,,-,,-,,-,0,,0,,,-,,-,"OREGON
(44.567912, -120.156945)",
PUERTO RICO,2017,5,,-,0,,1,,,-,,-,,-,2,,27,,,-,24,,,-,0,,0,,,-,,-,"PUERTO RICO
(18.215692, -66.414655)",
PENNSYLVANIA,2017,5,3,,7,,24,,21,,26,,,-,0,,2,,,-,6,,,-,0,,0,,,-,,-,"PENNSYLVANIA
(40.789676, -77.858055)",
ALABAMA,2017,5,,-,5,,27,,11,,12,,,-,0,,1,,,-,,-,,-,0,,0,,,-,,-,"ALABAMA
(32.839182, -86.631125)",
WEST VIRGINIA,2017,5,,-,0,,5,,,-,2,,,-,0,,0,,,-,,-,,-,0,,0,,,-,,-,"WEST VIRGINIA
(38.668501, -80.709421)",
MISSISSIPPI,2017,5,,-,1,,3,,1,,3,,,-,0,,2,,2,,,-,,-,0,,0,,,-,,-,"MISSISSIPPI
(32.738663, -89.537312)",
UTAH,2017,5,,-,3,,24,,5,,12,,,-,0,,1,,,-,,-,,-,0,,0,,,-,,-,"UTAH
(39.359772, -111.584173)",
UNITED STATES,2017,6,44,,157,,733,,457,,727,,,-,11,,32,,7,,185,,,-,0,,1,,,-,,-,,
NEW ENGLAND,2017,6,,-,7,,23,,19,,23,,,-,0,,1,,,-,7,,,-,0,,0,,,-,,-,,
MID. ATLANTIC,2017,6,3,,14,,62,,53,,72,,,-,3,,10,,,-,36,,,-,0,,0,,,-,,-,,
NEW YORK CITY,2017,6,,-,4,,12,,20,,14,,,-,0,,5,,,-,16,,,-,0,,0,,,-,,-,,
E.N. CENTRAL,2017,6,2,,36,,293,,84,,163,,,-,1,,7,,2,,13,,,-,0,,1,,,-,,-,,
W.N. CENTRAL,2017,6,6,,26,,107,,43,,85,,,-,0,,3,,,-,5,,,-,0,,0,,,-,,-,,
S. ATLANTIC,2017,6,10,,25,,79,,83,,159,,,-,2,,7,,,-,30,,,-,0,,1,,,-,,-,,
E.S. CENTRAL,2017,6,2,,10,,43,,31,,37,,,-,0,,2,,4,,,-,,-,0,,0,,,-,,-,,
W.S. CENTRAL,2017,6,11,,17,,39,,49,,59,,,-,1,,4,,,-,3,,,-,0,,1,,,-,,-,,
MOUNTAIN,2017,6,5,,15,,122,,56,,61,,,-,0,,4,,,-,3,,,-,0,,1,,,-,,-,,
PACIFIC,2017,6,5,,14,,47,,39,,68,,,-,3,,14,,1,,88,,,-,0,,1,,,-,,-,,
AMER. SAMOA,2017,6,,N,0,,0,,,N,,N,,-,0,,0,,,-,,-,,-,0,,0,,,-,,-,,
UTAH,2017,6,,-,3,,24,,5,,16,,,-,0,,1,,,-,,-,,-,0,,0,,,-,,-,"UTAH
(39.359772, -111.584173)",
NEW JERSEY,2017,6,,-,1,,18,,,-,12,,,-,0,,6,,,-,11,,,-,0,,0,,,-,,-,"NEW JERSEY
(40.104655, -74.386686)",
OREGON,2017,6,,-,5,,26,,10,,24,,,-,0,,2,,,-,2,,,-,0,,0,,,-,,-,"OREGON
(44.567912, -120.156945)",
MISSOURI,2017,6,1,,6,,22,,8,,20,,,-,0,,2,,,-,2,,,-,0,,0,,,-,,-,"MISSOURI
(38.636168, -92.566292)",
GEORGIA,2017,6,3,,6,,26,,22,,38,,,-,0,,2,,,-,3,,,-,0,,0,,,-,,-,"GEORGIA
(32.836038, -83.631709)",
WASHINGTON,2017,6,4,,0,,34,,4,,,-,,-,0,,2,,,-,6,,,-,0,,1,,,-,,-,"WASHINGTON
(47.517368, -120.467672)",
MICHIGAN,2017,6,,-,6,,19,,6,,26,,,-,0,,2,,1,,2,,,-,0,,0,,,-,,-,"MICHIGAN
(44.66399, -84.711206)",
NEW MEXICO,2017,6,1,,1,,7,,6,,6,,,-,0,,1,,,-,,-,,-,0,,0,,,-,,-,"NEW MEXICO
(34.520396, -106.244402)",
WISCONSIN,2017,6,2,,12,,59,,34,,44,,,-,0,,2,,,-,1,,,-,0,,0,,,-,,-,"WISCONSIN
(44.395526, -89.834513)",
NEBRASKA,2017,6,4,,3,,16,,13,,16,,,-,0,,1,,,-,,-,,-,0,,0,,,-,,-,"NEBRASKA
(41.640503, -99.367122)",
KANSAS,2017,6,,-,2,,7,,3,,5,,,-,0,,1,,,-,,-,,-,0,,0,,,-,,-,"KANSAS
(38.345528, -98.201847)",
MINNESOTA,2017,6,,-,0,,0,,,-,,-,,-,0,,1,,,-,3,,,-,0,,0,,,-,,-,"MINNESOTA
(46.357661, -94.793397)",
ALABAMA,2017,6,1,,5,,27,,14,,13,,,-,0,,1,,,-,,-,,-,0,,0,,,-,,-,"ALABAMA
(32.839182, -86.631125)",
NEVADA,2017,6,,-,0,,2,,1,,3,,,-,0,,2,,,-,,-,,-,0,,1,,,-,,-,"NEVADA
(39.491833, -117.070159)",
PUERTO RICO,2017,6,,-,0,,1,,,-,,-,,-,2,,27,,1,,43,,,-,0,,0,,,-,,-,"PUERTO RICO
(18.215692, -66.414655)",
ILLINOIS,2017,6,,-,5,,50,,11,,23,,,-,0,,3,,,-,7,,,-,0,,0,,,-,,-,"ILLINOIS
(40.477092, -88.993221)",
CONNECTICUT,2017,6,,-,1,,5,,3,,4,,,-,0,,1,,,-,2,,,-,0,,0,,,-,,-,"CONNECTICUT
(41.544654, -72.651713)",
NORTH DAKOTA,2017,6,,-,0,,5,,,-,2,,,-,0,,0,,,-,,-,,-,0,,0,,,-,,-,"NORTH DAKOTA
(47.475879, -100.121011)",
ALASKA,2017,6,,-,0,,1,,1,,3,,,-,0,,1,,,-,,-,,-,0,,0,,,-,,-,"ALASKA
(64.836661, -147.738891)",
FLORIDA,2017,6,6,,11,,31,,35,,62,,,-,0,,2,,,-,14,,,-,0,,0,,,-,,-,"FLORIDA
(28.915325, -81.922409)",
MASSACHUSETTS,2017,6,,-,3,,14,,7,,13,,,-,0,,1,,,-,3,,,-,0,,0,,,-,,-,"MASSACHUSETTS
(42.268546, -72.085064)",
IDAHO,2017,6,,-,2,,10,,5,,11,,,-,0,,1,,,-,1,,,-,0,,0,,,-,,-,"IDAHO
(43.680635, -114.364237)",
GUAM,2017,6,,-,0,,0,,,-,,-,,-,1,,1,,,-,,-,,-,0,,0,,,-,,-,"GUAM
(13.3532, 144.653198)",
COLORADO,2017,6,2,,4,,14,,22,,13,,,-,0,,2,,,-,,-,,-,0,,0,,,-,,-,"COLORADO
(38.841772, -106.132562)",
NEW HAMPSHIRE,2017,6,,-,1,,7,,,-,2,,,-,0,,0,,,-,,-,,-,0,,0,,,-,,-,"NEW HAMPSHIRE
(43.657736, -71.500736)",
IOWA,2017,6,1,,9,,65,,13,,25,,,-,0,,1,,,-,,-,,-,0,,0,,,-,,-,"IOWA
(42.46942, -93.815856)",
ARIZONA,2017,6,2,,3,,82,,15,,8,,,-,0,,2,,,-,2,,,-,0,,0,,,-,,-,"ARIZONA
(34.869712, -111.760902)",
ARKANSAS,2017,6,,-,1,,4,,4,,7,,,-,0,,1,,,-,,-,,-,0,,0,,,-,,-,"ARKANSAS
(34.748745, -92.275105)",
VERMONT,2017,6,,-,1,,10,,3,,1,,,-,0,,1,,,-,,-,,-,0,,0,,,-,,-,"VERMONT
(43.622479, -72.51927)",
CALIFORNIA,2017,6,1,,7,,15,,24,,41,,,-,3,,14,,1,,33,,,-,0,,0,,,-,,-,"CALIFORNIA
(37.640735, -121.002435)",
MONTANA,2017,6,,-,1,,5,,2,,2,,,-,0,,1,,,-,,-,,-,0,,0,,,-,,-,"MONTANA
(47.062617, -109.430168)",
SOUTH CAROLINA,2017,6,,-,1,,8,,5,,13,,,-,0,,2,,,-,,-,,-,0,,1,,,-,,-,"SOUTH CAROLINA
(34.009286, -81.037094)",
C.N.M.I.,2017,6,,-,,-,,-,,-,,-,,-,,-,,-,,-,,-,,-,,-,,-,,-,,-,"NORTHERN MARIANA ISLANDS
(15.1834, 145.725693)",
MARYLAND,2017,6,1,,2,,10,,4,,11,,,-,0,,1,,,-,5,,,-,0,,0,,,-,,-,"MARYLAND
(39.290443, -76.612333)",
RHODE ISLAND,2017,6,,-,0,,2,,2,,1,,,-,0,,1,,,-,2,,,-,0,,0,,,-,,-,"RHODE ISLAND
(41.707447, -71.522488)",
WYOMING,2017,6,,-,0,,3,,,-,2,,,-,0,,0,,,-,,-,,-,0,,0,,,-,,-,"WYOMING
(43.23558, -108.110518)",
SOUTH DAKOTA,2017,6,,-,3,,7,,6,,17,,,-,0,,1,,,-,,-,,-,0,,0,,,-,,-,"SOUTH DAKOTA
(44.35371, -100.373709)",
KENTUCKY,2017,6,,-,2,,7,,4,,8,,,-,0,,1,,,-,,-,,-,0,,0,,,-,,-,"KENTUCKY
(37.64591, -84.774043)",
PENNSYLVANIA,2017,6,2,,7,,25,,23,,28,,,-,0,,2,,,-,6,,,-,0,,0,,,-,,-,"PENNSYLVANIA
(40.789676, -77.858055)",
LOUISIANA,2017,6,,-,1,,5,,9,,7,,,-,0,,1,,,-,,-,,-,0,,0,,,-,,-,"LOUISIANA
(31.2931, -92.463284)",
HAWAII,2017,6,,-,0,,3,,,-,,-,,-,0,,4,,,-,47,,,-,0,,0,,,-,,-,"HAWAII
(21.30992, -157.858158)",
INDIANA,2017,6,,-,3,,9,,7,,24,,,-,0,,2,,,-,1,,,-,0,,1,,,-,,-,"INDIANA
(39.76845, -86.156212)",
NORTH CAROLINA,2017,6,,-,3,,17,,9,,17,,,-,0,,3,,,-,1,,,-,0,,0,,,-,,-,"NORTH CAROLINA
(35.47995, -79.180571)",
TEXAS,2017,6,11,,12,,33,,31,,36,,,-,1,,4,,,-,1,,,-,0,,1,,,-,,-,"TEXAS
(31.827233, -99.423022)",
NEW YORK,2017,6,1,,5,,25,,10,,18,,,-,1,,3,,,-,3,,,-,0,,0,,,-,,-,"NEW YORK
(42.826892, -75.544286)",
DIST. OF COL.,2017,6,,-,0,,0,,,-,,-,,-,0,,1,,,-,,-,,-,0,,0,,,-,,-,"DISTRICT OF COLUMBIA
(38.892062, -77.019912)",
VIRGINIA,2017,6,,-,4,,12,,8,,13,,,-,0,,3,,,-,6,,,-,0,,0,,,-,,-,"VIRGINIA
(37.542699, -78.45822)",
OHIO,2017,6,,-,9,,207,,26,,46,,,-,0,,1,,1,,2,,,-,0,,0,,,-,,-,"OHIO
(40.056807, -82.405897)",
VIRGIN ISL.,2017,6,,-,0,,0,,,-,,-,,-,1,,6,,1,,12,,,-,0,,0,,,-,,-,"VIRGIN ISLANDS
(18.060868, -64.840836)",
OKLAHOMA,2017,6,,-,3,,9,,5,,9,,,-,0,,1,,,-,2,,,-,0,,0,,,-,,-,"OKLAHOMA
(35.468494, -97.521264)",
MAINE,2017,6,,-,1,,4,,4,,2,,,-,0,,1,,,-,,-,,-,0,,0,,,-,,-,"MAINE
(45.252223, -68.986647)",
TENNESSEE,2017,6,,-,3,,9,,10,,13,,,-,0,,1,,2,,,-,,-,0,,0,,,-,,-,"TENNESSEE
(35.681402, -85.774444)",
MISSISSIPPI,2017,6,1,,1,,3,,3,,3,,,-,0,,2,,2,,,-,,-,0,,0,,,-,,-,"MISSISSIPPI
(32.738663, -89.537312)",
WEST VIRGINIA,2017,6,,-,0,,5,,,-,2,,,-,0,,0,,,-,,-,,-,0,,0,,,-,,-,"WEST VIRGINIA
(38.668501, -80.709421)",
DELAWARE,2017,6,,-,0,,2,,,-,3,,,-,0,,1,,,-,1,,,-,0,,0,,,-,,-,"DELAWARE
(39.008676, -75.574561)",
UNITED STATES,2017,7,41,,158,,736,,543,,850,,,-,11,,32,,9,,205,,,-,0,,1,,,-,,-,,
NEW ENGLAND,2017,7,,-,7,,23,,20,,26,,,-,0,,1,,,-,7,,,-,0,,0,,,-,,-,,
MID. ATLANTIC,2017,7,7,,14,,64,,62,,85,,,-,3,,10,,,-,39,,,-,0,,0,,,-,,-,,
NEW YORK CITY,2017,7,4,,4,,12,,24,,15,,,-,0,,5,,,-,18,,,-,0,,0,,,-,,-,,
E.N. CENTRAL,2017,7,5,,36,,294,,98,,193,,,-,1,,7,,3,,14,,,-,0,,1,,,-,,-,,
W.N. CENTRAL,2017,7,3,,26,,107,,51,,97,,,-,0,,3,,,-,5,,,-,0,,0,,,-,,-,,
S. ATLANTIC,2017,7,10,,25,,79,,98,,181,,,-,2,,7,,,-,33,,,-,0,,1,,,-,,-,,
E.S. CENTRAL,2017,7,1,,10,,43,,34,,46,,,-,0,,2,,4,,,-,,-,0,,0,,,-,,-,,
W.S. CENTRAL,2017,7,4,,17,,39,,60,,74,,,-,1,,4,,,-,4,,,-,0,,1,,,-,,-,,
MOUNTAIN,2017,7,5,,15,,122,,62,,68,,,-,1,,4,,,-,5,,,-,0,,1,,,-,,-,,
PACIFIC,2017,7,6,,14,,52,,58,,80,,,-,3,,14,,2,,96,,,-,0,,1,,,-,,-,,
AMER. SAMOA,2017,7,,N,0,,0,,,N,,N,,-,0,,0,,,-,,-,,-,0,,0,,,-,,-,,
KANSAS,2017,7,,-,2,,7,,3,,6,,,-,0,,1,,,-,,-,,-,0,,0,,,-,,-,"KANSAS
(38.345528, -98.201847)",
COLORADO,2017,7,,-,4,,14,,22,,13,,,-,0,,2,,,-,,-,,-,0,,0,,,-,,-,"COLORADO
(38.841772, -106.132562)",
C.N.M.I.,2017,7,,-,,-,,-,,-,,-,,-,,-,,-,,-,,-,,-,,-,,-,,-,,-,"NORTHERN MARIANA ISLANDS
(15.1834, 145.725693)",
MARYLAND,2017,7,1,,1,,10,,5,,12,,,-,0,,1,,,-,6,,,-,0,,0,,,-,,-,"MARYLAND
(39.290443, -76.612333)",
WISCONSIN,2017,7,2,,12,,61,,41,,56,,,-,0,,2,,,-,1,,,-,0,,0,,,-,,-,"WISCONSIN
(44.395526, -89.834513)",
NEW JERSEY,2017,7,,-,1,,18,,,-,12,,,-,0,,6,,,-,12,,,-,0,,0,,,-,,-,"NEW JERSEY
(40.104655, -74.386686)",
TEXAS,2017,7,1,,12,,33,,36,,44,,,-,1,,4,,,-,2,,,-,0,,1,,,-,,-,"TEXAS
(31.827233, -99.423022)",
VIRGINIA,2017,7,,-,4,,12,,8,,18,,,-,0,,3,,,-,7,,,-,0,,0,,,-,,-,"VIRGINIA
(37.542699, -78.45822)",
NEW YORK,2017,7,3,,5,,25,,13,,23,,,-,1,,3,,,-,3,,,-,0,,0,,,-,,-,"NEW YORK
(42.826892, -75.544286)",
PUERTO RICO,2017,7,,-,0,,1,,,-,,-,,-,2,,27,,2,,70,,,-,0,,0,,,-,,-,"PUERTO RICO
(18.215692, -66.414655)",
NEW HAMPSHIRE,2017,7,,-,1,,7,,,-,3,,,-,0,,0,,,-,,-,,-,0,,0,,,-,,-,"NEW HAMPSHIRE
(43.657736, -71.500736)",
MAINE,2017,7,,-,1,,4,,4,,2,,,-,0,,1,,,-,,-,,-,0,,0,,,-,,-,"MAINE
(45.252223, -68.986647)",
ALABAMA,2017,7,1,,5,,27,,15,,16,,,-,0,,1,,,-,,-,,-,0,,0,,,-,,-,"ALABAMA
(32.839182, -86.631125)",
NEW MEXICO,2017,7,,-,1,,7,,7,,7,,,-,0,,1,,,-,,-,,-,0,,0,,,-,,-,"NEW MEXICO
(34.520396, -106.244402)",
HAWAII,2017,7,,-,0,,3,,,-,,-,,-,0,,2,,,-,47,,,-,0,,0,,,-,,-,"HAWAII
(21.30992, -157.858158)",
VERMONT,2017,7,,-,1,,10,,3,,1,,,-,0,,1,,,-,,-,,-,0,,0,,,-,,-,"VERMONT
(43.622479, -72.51927)",
NORTH DAKOTA,2017,7,,-,0,,5,,,-,2,,,-,0,,1,,,-,,-,,-,0,,0,,,-,,-,"NORTH DAKOTA
(47.475879, -100.121011)",
DELAWARE,2017,7,,-,0,,2,,,-,4,,,-,0,,1,,,-,1,,,-,0,,0,,,-,,-,"DELAWARE
(39.008676, -75.574561)",
MASSACHUSETTS,2017,7,,-,3,,14,,7,,14,,,-,0,,1,,,-,3,,,-,0,,0,,,-,,-,"MASSACHUSETTS
(42.268546, -72.085064)",
SOUTH CAROLINA,2017,7,,-,1,,8,,6,,14,,,-,0,,2,,,-,,-,,-,0,,1,,,-,,-,"SOUTH CAROLINA
(34.009286, -81.037094)",
NEVADA,2017,7,,-,0,,2,,1,,4,,,-,0,,2,,,-,1,,,-,0,,1,,,-,,-,"NEVADA
(39.491833, -117.070159)",
ALASKA,2017,7,1,,0,,1,,3,,3,,,-,0,,1,,,-,,-,,-,0,,0,,,-,,-,"ALASKA
(64.836661, -147.738891)",
WYOMING,2017,7,,-,0,,3,,,-,2,,,-,0,,0,,,-,,-,,-,0,,0,,,-,,-,"WYOMING
(43.23558, -108.110518)",
NORTH CAROLINA,2017,7,,-,3,,17,,9,,20,,,-,0,,3,,,-,1,,,-,0,,0,,,-,,-,"NORTH CAROLINA
(35.47995, -79.180571)",
WEST VIRGINIA,2017,7,,-,0,,5,,1,,3,,,-,0,,0,,,-,,-,,-,0,,0,,,-,,-,"WEST VIRGINIA
(38.668501, -80.709421)",
OHIO,2017,7,3,,9,,207,,30,,52,,,-,0,,2,,2,,2,,,-,0,,0,,,-,,-,"OHIO
(40.056807, -82.405897)",
ARKANSAS,2017,7,1,,1,,4,,6,,7,,,-,0,,1,,,-,,-,,-,0,,0,,,-,,-,"ARKANSAS
(34.748745, -92.275105)",
MONTANA,2017,7,,-,1,,5,,2,,2,,,-,0,,1,,,-,,-,,-,0,,0,,,-,,-,"MONTANA
(47.062617, -109.430168)",
LOUISIANA,2017,7,1,,1,,5,,12,,12,,,-,0,,1,,,-,,-,,-,0,,0,,,-,,-,"LOUISIANA
(31.2931, -92.463284)",
CALIFORNIA,2017,7,2,,8,,17,,37,,49,,,-,2,,14,,2,,41,,,-,0,,0,,,-,,-,"CALIFORNIA
(37.640735, -121.002435)",
WASHINGTON,2017,7,,-,0,,34,,4,,,-,,-,0,,2,,,-,6,,,-,0,,1,,,-,,-,"WASHINGTON
(47.517368, -120.467672)",
GUAM,2017,7,,-,0,,0,,,-,,-,,-,1,,1,,,-,,-,,-,0,,0,,,-,,-,"GUAM
(13.3532, 144.653198)",
PENNSYLVANIA,2017,7,,-,7,,25,,25,,35,,,-,0,,2,,,-,6,,,-,0,,0,,,-,,-,"PENNSYLVANIA
(40.789676, -77.858055)",
TENNESSEE,2017,7,,-,3,,9,,11,,15,,,-,0,,1,,2,,,-,,-,0,,0,,,-,,-,"TENNESSEE
(35.681402, -85.774444)",
MISSISSIPPI,2017,7,,-,1,,3,,3,,4,,,-,0,,2,,2,,,-,,-,0,,0,,,-,,-,"MISSISSIPPI
(32.738663, -89.537312)",
NEBRASKA,2017,7,1,,4,,16,,15,,20,,,-,0,,1,,,-,,-,,-,0,,0,,,-,,-,"NEBRASKA
(41.640503, -99.367122)",
FLORIDA,2017,7,6,,11,,31,,41,,68,,,-,0,,2,,,-,15,,,-,0,,0,,,-,,-,"FLORIDA
(28.915325, -81.922409)",
DIST. OF COL.,2017,7,,-,0,,0,,,-,,-,,-,0,,1,,,-,,-,,-,0,,0,,,-,,-,"DISTRICT OF COLUMBIA
(38.892062, -77.019912)",
MICHIGAN,2017,7,,-,6,,19,,6,,30,,,-,0,,2,,1,,2,,,-,0,,0,,,-,,-,"MICHIGAN
(44.66399, -84.711206)",
RHODE ISLAND,2017,7,,-,0,,2,,2,,1,,,-,0,,1,,,-,2,,,-,0,,0,,,-,,-,"RHODE ISLAND
(41.707447, -71.522488)",
ILLINOIS,2017,7,,-,5,,50,,11,,28,,,-,0,,3,,,-,8,,,-,0,,0,,,-,,-,"ILLINOIS
(40.477092, -88.993221)",
MINNESOTA,2017,7,,-,0,,0,,,-,,-,,-,0,,1,,,-,3,,,-,0,,0,,,-,,-,"MINNESOTA
(46.357661, -94.793397)",
IDAHO,2017,7,4,,2,,10,,9,,13,,,-,0,,1,,,-,1,,,-,0,,0,,,-,,-,"IDAHO
(43.680635, -114.364237)",
MISSOURI,2017,7,2,,6,,22,,14,,21,,,-,0,,2,,,-,2,,,-,0,,0,,,-,,-,"MISSOURI
(38.636168, -92.566292)",
UTAH,2017,7,1,,2,,24,,6,,19,,,-,0,,1,,,-,1,,,-,0,,0,,,-,,-,"UTAH
(39.359772, -111.584173)",
INDIANA,2017,7,,-,3,,9,,10,,27,,,-,0,,2,,,-,1,,,-,0,,1,,,-,,-,"INDIANA
(39.76845, -86.156212)",
OREGON,2017,7,3,,5,,26,,14,,28,,,-,0,,2,,,-,2,,,-,0,,0,,,-,,-,"OREGON
(44.567912, -120.156945)",
CONNECTICUT,2017,7,,-,1,,5,,4,,5,,,-,0,,1,,,-,2,,,-,0,,0,,,-,,-,"CONNECTICUT
(41.544654, -72.651713)",
ARIZONA,2017,7,,-,3,,82,,15,,8,,,-,0,,2,,,-,2,,,-,0,,0,,,-,,-,"ARIZONA
(34.869712, -111.760902)",
VIRGIN ISL.,2017,7,,-,0,,0,,,-,,-,,-,1,,5,,1,,12,,,-,0,,0,,,-,,-,"VIRGIN ISLANDS
(18.060868, -64.840836)",
IOWA,2017,7,,-,9,,65,,13,,29,,,-,0,,1,,,-,,-,,-,0,,0,,,-,,-,"IOWA
(42.46942, -93.815856)",
KENTUCKY,2017,7,,-,2,,7,,5,,11,,,-,0,,1,,,-,,-,,-,0,,0,,,-,,-,"KENTUCKY
(37.64591, -84.774043)",
GEORGIA,2017,7,3,,5,,26,,28,,42,,,-,0,,2,,,-,3,,,-,0,,0,,,-,,-,"GEORGIA
(32.836038, -83.631709)",
OKLAHOMA,2017,7,1,,3,,9,,6,,11,,,-,0,,1,,,-,2,,,-,0,,0,,,-,,-,"OKLAHOMA
(35.468494, -97.521264)",
SOUTH DAKOTA,2017,7,,-,3,,7,,6,,19,,,-,0,,1,,,-,,-,,-,0,,0,,,-,,-,"SOUTH DAKOTA
(44.35371, -100.373709)",
UNITED STATES,2017,8,37,,158,,734,,635,,1006,,,-,11,,33,,11,,231,,,-,0,,1,,,-,,-,,
NEW ENGLAND,2017,8,,-,7,,23,,26,,31,,,-,0,,1,,,-,9,,,-,0,,0,,,-,,-,,
MID. ATLANTIC,2017,8,3,,14,,64,,65,,103,,,-,3,,10,,,-,51,,,-,0,,0,,,-,,-,,
NEW YORK CITY,2017,8,1,,4,,12,,25,,18,,,-,1,,7,,,-,28,,,-,0,,0,,,-,,-,,
E.N. CENTRAL,2017,8,6,,36,,294,,130,,226,,,-,1,,7,,3,,16,,,-,0,,1,,,-,,-,,
W.N. CENTRAL,2017,8,4,,26,,107,,66,,112,,,-,0,,4,,,-,6,,,-,0,,0,,,-,,-,,
S. ATLANTIC,2017,8,8,,25,,79,,112,,203,,,-,2,,7,,,-,36,,,-,0,,1,,,-,,-,,
E.S. CENTRAL,2017,8,5,,10,,43,,38,,57,,,-,0,,2,,4,,,-,,-,0,,0,,,-,,-,,
W.S. CENTRAL,2017,8,2,,17,,39,,63,,94,,,-,1,,4,,,-,4,,,-,0,,1,,,-,,-,,
MOUNTAIN,2017,8,7,,15,,122,,72,,80,,,-,0,,4,,,-,5,,,-,0,,1,,,-,,-,,
PACIFIC,2017,8,2,,15,,53,,63,,100,,,-,3,,14,,4,,102,,,-,0,,1,,,-,,-,,
AMER. SAMOA,2017,8,,N,0,,0,,,N,,N,,-,0,,0,,,-,,-,,-,0,,0,,,-,,-,,
INDIANA,2017,8,,-,2,,9,,11,,29,,,-,0,,2,,,-,1,,,-,0,,1,,,-,,-,"INDIANA
(39.76845, -86.156212)",
FLORIDA,2017,8,3,,11,,31,,44,,81,,,-,0,,2,,,-,16,,,-,0,,0,,,-,,-,"FLORIDA
(28.915325, -81.922409)",
VIRGIN ISL.,2017,8,,-,0,,0,,,-,,-,,-,1,,3,,1,,12,,,-,0,,0,,,-,,-,"VIRGIN ISLANDS
(18.060868, -64.840836)",
SOUTH DAKOTA,2017,8,,-,3,,7,,6,,23,,,-,0,,1,,,-,,-,,-,0,,0,,,-,,-,"SOUTH DAKOTA
(44.35371, -100.373709)",
COLORADO,2017,8,3,,4,,14,,25,,14,,,-,0,,2,,,-,,-,,-,0,,0,,,-,,-,"COLORADO
(38.841772, -106.132562)",
RHODE ISLAND,2017,8,,-,0,,2,,2,,2,,,-,0,,1,,,-,2,,,-,0,,0,,,-,,-,"RHODE ISLAND
(41.707447, -71.522488)",
CONNECTICUT,2017,8,,-,1,,5,,4,,6,,,-,0,,1,,,-,4,,,-,0,,0,,,-,,-,"CONNECTICUT
(41.544654, -72.651713)",
CALIFORNIA,2017,8,1,,8,,17,,40,,58,,,-,3,,14,,3,,46,,,-,0,,0,,,-,,-,"CALIFORNIA
(37.640735, -121.002435)",
DIST. OF COL.,2017,8,,-,0,,1,,,-,,-,,-,0,,1,,,-,1,,,-,0,,0,,,-,,-,"DISTRICT OF COLUMBIA
(38.892062, -77.019912)",
OHIO,2017,8,4,,9,,207,,34,,61,,,-,0,,2,,2,,2,,,-,0,,0,,,-,,-,"OHIO
(40.056807, -82.405897)",
GUAM,2017,8,,-,0,,0,,,-,,-,,-,1,,1,,,-,,-,,-,0,,0,,,-,,-,"GUAM
(13.3532, 144.653198)",
ALASKA,2017,8,,-,0,,1,,3,,4,,,-,0,,1,,,-,,-,,-,0,,0,,,-,,-,"ALASKA
(64.836661, -147.738891)",
ARIZONA,2017,8,3,,3,,82,,18,,8,,,-,0,,2,,,-,2,,,-,0,,0,,,-,,-,"ARIZONA
(34.869712, -111.760902)",
ILLINOIS,2017,8,,-,5,,50,,13,,30,,,-,0,,3,,,-,10,,,-,0,,0,,,-,,-,"ILLINOIS
(40.477092, -88.993221)",
NEW HAMPSHIRE,2017,8,,-,1,,7,,,-,3,,,-,0,,0,,,-,,-,,-,0,,0,,,-,,-,"NEW HAMPSHIRE
(43.657736, -71.500736)",
SOUTH CAROLINA,2017,8,,-,1,,8,,8,,14,,,-,0,,2,,,-,,-,,-,0,,1,,,-,,-,"SOUTH CAROLINA
(34.009286, -81.037094)",
TEXAS,2017,8,1,,12,,33,,38,,54,,,-,1,,4,,,-,2,,,-,0,,1,,,-,,-,"TEXAS
(31.827233, -99.423022)",
MISSISSIPPI,2017,8,1,,1,,3,,4,,4,,,-,0,,2,,2,,,-,,-,0,,0,,,-,,-,"MISSISSIPPI
(32.738663, -89.537312)",
MINNESOTA,2017,8,,-,0,,0,,,-,,-,,-,0,,1,,,-,3,,,-,0,,0,,,-,,-,"MINNESOTA
(46.357661, -94.793397)",
MASSACHUSETTS,2017,8,,-,3,,14,,13,,17,,,-,0,,1,,,-,3,,,-,0,,0,,,-,,-,"MASSACHUSETTS
(42.268546, -72.085064)",
KENTUCKY,2017,8,1,,2,,7,,6,,16,,,-,0,,1,,,-,,-,,-,0,,0,,,-,,-,"KENTUCKY
(37.64591, -84.774043)",
KANSAS,2017,8,,-,2,,7,,4,,6,,,-,0,,1,,,-,,-,,-,0,,0,,,-,,-,"KANSAS
(38.345528, -98.201847)",
WEST VIRGINIA,2017,8,,-,0,,5,,2,,3,,,-,0,,0,,,-,,-,,-,0,,0,,,-,,-,"WEST VIRGINIA
(38.668501, -80.709421)",
WYOMING,2017,8,,-,0,,3,,,-,2,,,-,0,,0,,,-,,-,,-,0,,0,,,-,,-,"WYOMING
(43.23558, -108.110518)",
NEVADA,2017,8,,-,0,,2,,1,,4,,,-,0,,2,,,-,1,,,-,0,,1,,,-,,-,"NEVADA
(39.491833, -117.070159)",
MAINE,2017,8,,-,1,,4,,4,,2,,,-,0,,1,,,-,,-,,-,0,,0,,,-,,-,"MAINE
(45.252223, -68.986647)",
DELAWARE,2017,8,,-,0,,2,,,-,4,,,-,0,,1,,,-,1,,,-,0,,0,,,-,,-,"DELAWARE
(39.008676, -75.574561)",
MISSOURI,2017,8,2,,6,,22,,19,,27,,,-,0,,2,,,-,3,,,-,0,,0,,,-,,-,"MISSOURI
(38.636168, -92.566292)",
PENNSYLVANIA,2017,8,2,,7,,27,,27,,45,,,-,0,,2,,,-,7,,,-,0,,0,,,-,,-,"PENNSYLVANIA
(40.789676, -77.858055)",
PUERTO RICO,2017,8,,-,0,,1,,,-,,-,,-,2,,13,,2,,77,,,-,0,,0,,,-,,-,"PUERTO RICO
(18.215692, -66.414655)",
OKLAHOMA,2017,8,1,,3,,9,,7,,15,,,-,0,,1,,,-,2,,,-,0,,0,,,-,,-,"OKLAHOMA
(35.468494, -97.521264)",
WASHINGTON,2017,8,,-,0,,34,,4,,,-,,-,0,,2,,,-,6,,,-,0,,1,,,-,,-,"WASHINGTON
(47.517368, -120.467672)",
IDAHO,2017,8,,-,2,,10,,9,,17,,,-,0,,1,,,-,1,,,-,0,,0,,,-,,-,"IDAHO
(43.680635, -114.364237)",
NEW MEXICO,2017,8,,-,1,,7,,7,,7,,,-,0,,1,,,-,,-,,-,0,,0,,,-,,-,"NEW MEXICO
(34.520396, -106.244402)",
MARYLAND,2017,8,1,,2,,10,,7,,12,,,-,0,,1,,,-,6,,,-,0,,0,,,-,,-,"MARYLAND
(39.290443, -76.612333)",
NEW JERSEY,2017,8,,-,1,,18,,,-,13,,,-,0,,6,,,-,13,,,-,0,,0,,,-,,-,"NEW JERSEY
(40.104655, -74.386686)",
OREGON,2017,8,1,,6,,26,,16,,38,,,-,0,,2,,,-,3,,,-,0,,0,,,-,,-,"OREGON
(44.567912, -120.156945)",
MONTANA,2017,8,,-,1,,5,,2,,5,,,-,0,,1,,,-,,-,,-,0,,0,,,-,,-,"MONTANA
(47.062617, -109.430168)",
GEORGIA,2017,8,4,,5,,26,,33,,48,,,-,0,,2,,,-,3,,,-,0,,0,,,-,,-,"GEORGIA
(32.836038, -83.631709)",
IOWA,2017,8,1,,9,,65,,21,,33,,,-,0,,1,,,-,,-,,-,0,,0,,,-,,-,"IOWA
(42.46942, -93.815856)",
C.N.M.I.,2017,8,,-,,-,,-,,-,,-,,-,,-,,-,,-,,-,,-,,-,,-,,-,,-,"NORTHERN MARIANA ISLANDS
(15.1834, 145.725693)",
NORTH CAROLINA,2017,8,,-,3,,17,,9,,21,,,-,0,,3,,,-,1,,,-,0,,0,,,-,,-,"NORTH CAROLINA
(35.47995, -79.180571)",
UTAH,2017,8,1,,2,,24,,10,,23,,,-,0,,1,,,-,1,,,-,0,,0,,,-,,-,"UTAH
(39.359772, -111.584173)",
LOUISIANA,2017,8,,-,1,,4,,12,,15,,,-,0,,1,,,-,,-,,-,0,,0,,,-,,-,"LOUISIANA
(31.2931, -92.463284)",
HAWAII,2017,8,,-,0,,3,,,-,,-,,-,0,,2,,1,,47,,,-,0,,0,,,-,,-,"HAWAII
(21.30992, -157.858158)",
ALABAMA,2017,8,1,,5,,27,,14,,18,,,-,0,,1,,,-,,-,,-,0,,0,,,-,,-,"ALABAMA
(32.839182, -86.631125)",
VIRGINIA,2017,8,,-,4,,12,,9,,20,,,-,0,,3,,,-,8,,,-,0,,0,,,-,,-,"VIRGINIA
(37.542699, -78.45822)",
NORTH DAKOTA,2017,8,,-,0,,5,,,-,2,,,-,0,,1,,,-,,-,,-,0,,0,,,-,,-,"NORTH DAKOTA
(47.475879, -100.121011)",
VERMONT,2017,8,,-,1,,10,,3,,1,,,-,0,,1,,,-,,-,,-,0,,0,,,-,,-,"VERMONT
(43.622479, -72.51927)",
NEBRASKA,2017,8,1,,3,,16,,16,,21,,,-,0,,1,,,-,,-,,-,0,,0,,,-,,-,"NEBRASKA
(41.640503, -99.367122)",
WISCONSIN,2017,8,2,,11,,62,,47,,67,,,-,0,,2,,,-,1,,,-,0,,0,,,-,,-,"WISCONSIN
(44.395526, -89.834513)",
ARKANSAS,2017,8,,-,1,,4,,6,,10,,,-,0,,1,,,-,,-,,-,0,,0,,,-,,-,"ARKANSAS
(34.748745, -92.275105)",
MICHIGAN,2017,8,,-,7,,19,,25,,39,,,-,0,,2,,1,,2,,,-,0,,0,,,-,,-,"MICHIGAN
(44.66399, -84.711206)",
TENNESSEE,2017,8,2,,3,,9,,14,,19,,,-,0,,1,,2,,,-,,-,0,,0,,,-,,-,"TENNESSEE
(35.681402, -85.774444)",
NEW YORK,2017,8,,-,5,,25,,13,,27,,,-,1,,3,,,-,3,,,-,0,,0,,,-,,-,"NEW YORK
(42.826892, -75.544286)",
UNITED STATES,2017,9,46,,158,,734,,731,,1137,,,-,11,,37,,14,,241,,,-,0,,1,,,-,,-,,
NEW ENGLAND,2017,9,2,,8,,23,,36,,35,,,-,0,,2,,,-,9,,,-,0,,0,,,-,,-,,
MID. ATLANTIC,2017,9,9,,14,,64,,76,,113,,,-,3,,10,,1,,52,,,-,0,,0,,,-,,-,,
NEW YORK CITY,2017,9,2,,4,,12,,27,,19,,,-,1,,7,,,-,28,,,-,0,,0,,,-,,-,,
E.N. CENTRAL,2017,9,12,,37,,294,,152,,253,,,-,1,,8,,5,,19,,,-,0,,1,,,-,,-,,
W.N. CENTRAL,2017,9,5,,26,,107,,76,,126,,,-,0,,8,,,-,6,,,-,0,,0,,,-,,-,,
S. ATLANTIC,2017,9,9,,25,,79,,126,,228,,,-,1,,7,,,-,37,,,-,0,,1,,,-,,-,,
E.S. CENTRAL,2017,9,2,,10,,43,,49,,66,,,-,0,,2,,4,,,-,,-,0,,0,,,-,,-,,
W.S. CENTRAL,2017,9,3,,17,,39,,72,,108,,,-,1,,4,,,-,4,,,-,0,,1,,,-,,-,,
MOUNTAIN,2017,9,3,,15,,122,,78,,85,,,-,1,,4,,,-,5,,,-,0,,1,,,-,,-,,
PACIFIC,2017,9,1,,14,,53,,66,,123,,,-,3,,14,,4,,107,,,-,0,,1,,,-,,-,,
AMER. SAMOA,2017,9,,N,0,,0,,,N,,N,,-,0,,2,,6,,,-,,-,0,,0,,,-,,-,,
NEW HAMPSHIRE,2017,9,,-,1,,7,,1,,3,,,-,0,,0,,,-,,-,,-,0,,0,,,-,,-,"NEW HAMPSHIRE
(43.657736, -71.500736)",
ILLINOIS,2017,9,,-,4,,50,,16,,32,,,-,0,,4,,1,,10,,,-,0,,0,,,-,,-,"ILLINOIS
(40.477092, -88.993221)",
FLORIDA,2017,9,4,,11,,31,,48,,92,,,-,0,,2,,,-,17,,,-,0,,0,,,-,,-,"FLORIDA
(28.915325, -81.922409)",
MARYLAND,2017,9,2,,2,,10,,9,,12,,,-,0,,1,,,-,6,,,-,0,,0,,,-,,-,"MARYLAND
(39.290443, -76.612333)",
DIST. OF COL.,2017,9,,-,0,,1,,,-,,-,,-,0,,1,,,-,1,,,-,0,,0,,,-,,-,"DISTRICT OF COLUMBIA
(38.892062, -77.019912)",
ARIZONA,2017,9,,-,3,,82,,18,,8,,,-,0,,2,,,-,2,,,-,0,,0,,,-,,-,"ARIZONA
(34.869712, -111.760902)",
DELAWARE,2017,9,,-,0,,2,,,-,4,,,-,0,,1,,,-,1,,,-,0,,0,,,-,,-,"DELAWARE
(39.008676, -75.574561)",
IOWA,2017,9,3,,9,,65,,24,,37,,,-,0,,5,,,-,,-,,-,0,,0,,,-,,-,"IOWA
(42.46942, -93.815856)",
VIRGIN ISL.,2017,9,,-,0,,0,,,-,,-,,-,0,,2,,1,,12,,,-,0,,0,,,-,,-,"VIRGIN ISLANDS
(18.060868, -64.840836)",
OHIO,2017,9,12,,8,,207,,46,,68,,,-,0,,2,,2,,2,,,-,0,,0,,,-,,-,"OHIO
(40.056807, -82.405897)",
RHODE ISLAND,2017,9,,-,0,,2,,2,,2,,,-,0,,1,,,-,2,,,-,0,,0,,,-,,-,"RHODE ISLAND
(41.707447, -71.522488)",
KANSAS,2017,9,,-,2,,7,,4,,7,,,-,0,,1,,,-,,-,,-,0,,0,,,-,,-,"KANSAS
(38.345528, -98.201847)",
CONNECTICUT,2017,9,,-,1,,5,,6,,6,,,-,0,,1,,,-,4,,,-,0,,0,,,-,,-,"CONNECTICUT
(41.544654, -72.651713)",
LOUISIANA,2017,9,,-,1,,4,,12,,17,,,-,0,,1,,,-,,-,,-,0,,0,,,-,,-,"LOUISIANA
(31.2931, -92.463284)",
UTAH,2017,9,1,,2,,24,,12,,25,,,-,0,,1,,,-,1,,,-,0,,0,,,-,,-,"UTAH
(39.359772, -111.584173)",
TENNESSEE,2017,9,,-,3,,9,,15,,23,,,-,0,,1,,2,,,-,,-,0,,0,,,-,,-,"TENNESSEE
(35.681402, -85.774444)",
NEW JERSEY,2017,9,,-,1,,18,,,-,14,,,-,0,,6,,,-,14,,,-,0,,0,,,-,,-,"NEW JERSEY
(40.104655, -74.386686)",
CALIFORNIA,2017,9,,-,8,,17,,43,,65,,,-,2,,14,,3,,49,,,-,0,,0,,,-,,-,"CALIFORNIA
(37.640735, -121.002435)",
MASSACHUSETTS,2017,9,2,,3,,14,,19,,20,,,-,0,,2,,,-,3,,,-,0,,0,,,-,,-,"MASSACHUSETTS
(42.268546, -72.085064)",
MINNESOTA,2017,9,,-,0,,0,,,-,,-,,-,0,,1,,,-,3,,,-,0,,0,,,-,,-,"MINNESOTA
(46.357661, -94.793397)",
VIRGINIA,2017,9,,-,4,,12,,12,,23,,,-,0,,3,,,-,8,,,-,0,,0,,,-,,-,"VIRGINIA
(37.542699, -78.45822)",
TEXAS,2017,9,2,,12,,33,,44,,63,,,-,1,,4,,,-,2,,,-,0,,1,,,-,,-,"TEXAS
(31.827233, -99.423022)",
ARKANSAS,2017,9,,-,1,,4,,8,,11,,,-,0,,1,,,-,,-,,-,0,,0,,,-,,-,"ARKANSAS
(34.748745, -92.275105)",
NEBRASKA,2017,9,2,,3,,16,,18,,24,,,-,0,,1,,,-,,-,,-,0,,0,,,-,,-,"NEBRASKA
(41.640503, -99.367122)",
NEW MEXICO,2017,9,,-,1,,7,,7,,7,,,-,0,,1,,,-,,-,,-,0,,0,,,-,,-,"NEW MEXICO
(34.520396, -106.244402)",
NEW YORK,2017,9,5,,5,,25,,18,,30,,,-,1,,3,,,-,3,,,-,0,,0,,,-,,-,"NEW YORK
(42.826892, -75.544286)",
IDAHO,2017,9,2,,2,,10,,12,,19,,,-,0,,1,,,-,1,,,-,0,,0,,,-,,-,"IDAHO
(43.680635, -114.364237)",
OKLAHOMA,2017,9,1,,3,,9,,8,,17,,,-,0,,1,,,-,2,,,-,0,,0,,,-,,-,"OKLAHOMA
(35.468494, -97.521264)",
C.N.M.I.,2017,9,,-,,-,,-,,-,,-,,-,,-,,-,,-,,-,,-,,-,,-,,-,,-,"NORTHERN MARIANA ISLANDS
(15.1834, 145.725693)",
GUAM,2017,9,,-,0,,0,,,-,,-,,-,1,,1,,,-,,-,,-,0,,0,,,-,,-,"GUAM
(13.3532, 144.653198)",
NORTH CAROLINA,2017,9,,-,3,,17,,9,,26,,,-,0,,3,,,-,1,,,-,0,,0,,,-,,-,"NORTH CAROLINA
(35.47995, -79.180571)",
WYOMING,2017,9,,-,0,,3,,,-,2,,,-,0,,0,,,-,,-,,-,0,,0,,,-,,-,"WYOMING
(43.23558, -108.110518)",
PUERTO RICO,2017,9,,-,0,,1,,,-,,-,,-,2,,12,,2,,84,,,-,0,,0,,,-,,-,"PUERTO RICO
(18.215692, -66.414655)",
VERMONT,2017,9,,-,1,,10,,4,,1,,,-,0,,1,,,-,,-,,-,0,,0,,,-,,-,"VERMONT
(43.622479, -72.51927)",
SOUTH DAKOTA,2017,9,,-,3,,7,,6,,25,,,-,0,,1,,,-,,-,,-,0,,0,,,-,,-,"SOUTH DAKOTA
(44.35371, -100.373709)",
COLORADO,2017,9,,-,4,,14,,25,,15,,,-,0,,2,,,-,,-,,-,0,,0,,,-,,-,"COLORADO
(38.841772, -106.132562)",
OREGON,2017,9,1,,5,,26,,16,,48,,,-,0,,2,,,-,3,,,-,0,,0,,,-,,-,"OREGON
(44.567912, -120.156945)",
ALASKA,2017,9,,-,0,,1,,3,,4,,,-,0,,1,,,-,,-,,-,0,,0,,,-,,-,"ALASKA
(64.836661, -147.738891)",
GEORGIA,2017,9,3,,5,,26,,36,,52,,,-,0,,2,,,-,3,,,-,0,,0,,,-,,-,"GEORGIA
(32.836038, -83.631709)",
WISCONSIN,2017,9,,-,11,,62,,47,,73,,,-,0,,2,,1,,3,,,-,0,,0,,,-,,-,"WISCONSIN
(44.395526, -89.834513)",
SOUTH CAROLINA,2017,9,,-,1,,8,,10,,15,,,-,0,,2,,,-,,-,,-,0,,1,,,-,,-,"SOUTH CAROLINA
(34.009286, -81.037094)",
PENNSYLVANIA,2017,9,2,,6,,27,,31,,50,,,-,0,,2,,1,,7,,,-,0,,0,,,-,,-,"PENNSYLVANIA
(40.789676, -77.858055)",
INDIANA,2017,9,,-,3,,9,,15,,35,,,-,0,,2,,,-,1,,,-,0,,1,,,-,,-,"INDIANA
(39.76845, -86.156212)",
MISSOURI,2017,9,,-,6,,22,,22,,31,,,-,0,,2,,,-,3,,,-,0,,0,,,-,,-,"MISSOURI
(38.636168, -92.566292)",
WEST VIRGINIA,2017,9,,-,0,,5,,2,,4,,,-,0,,0,,,-,,-,,-,0,,0,,,-,,-,"WEST VIRGINIA
(38.668501, -80.709421)",
WASHINGTON,2017,9,,-,0,,34,,4,,6,,,-,0,,2,,,-,6,,,-,0,,1,,,-,,-,"WASHINGTON
(47.517368, -120.467672)",
MICHIGAN,2017,9,,-,7,,19,,28,,45,,,-,0,,2,,1,,3,,,-,0,,0,,,-,,-,"MICHIGAN
(44.66399, -84.711206)",
NEVADA,2017,9,,-,0,,2,,2,,4,,,-,0,,2,,,-,1,,,-,0,,1,,,-,,-,"NEVADA
(39.491833, -117.070159)",
ALABAMA,2017,9,,-,5,,27,,20,,21,,,-,0,,1,,,-,,-,,-,0,,0,,,-,,-,"ALABAMA
(32.839182, -86.631125)",
NORTH DAKOTA,2017,9,,-,0,,5,,2,,2,,,-,0,,1,,,-,,-,,-,0,,0,,,-,,-,"NORTH DAKOTA
(47.475879, -100.121011)",
MISSISSIPPI,2017,9,1,,1,,3,,5,,5,,,-,0,,2,,2,,,-,,-,0,,0,,,-,,-,"MISSISSIPPI
(32.738663, -89.537312)",
MAINE,2017,9,,-,1,,4,,4,,3,,,-,0,,1,,,-,,-,,-,0,,0,,,-,,-,"MAINE
(45.252223, -68.986647)",
KENTUCKY,2017,9,1,,2,,7,,9,,17,,,-,0,,1,,,-,,-,,-,0,,0,,,-,,-,"KENTUCKY
(37.64591, -84.774043)",
HAWAII,2017,9,,-,0,,3,,,-,,-,,-,0,,2,,1,,49,,,-,0,,0,,,-,,-,"HAWAII
(21.30992, -157.858158)",
MONTANA,2017,9,,-,0,,5,,2,,5,,,-,0,,1,,,-,,-,,-,0,,0,,,-,,-,"MONTANA
(47.062617, -109.430168)",
UNITED STATES,2017,10,41,,158,,734,,810,,1249,,,-,11,,37,,17,,259,,,-,0,,1,,,-,,-,,
NEW ENGLAND,2017,10,1,,8,,23,,38,,44,,,-,0,,2,,,-,10,,,-,0,,0,,,-,,-,,
MID. ATLANTIC,2017,10,,-,14,,64,,76,,127,,,-,3,,10,,1,,56,,,-,0,,0,,,-,,-,,
NEW YORK CITY,2017,10,,-,4,,12,,27,,20,,,-,1,,7,,,-,29,,,-,0,,0,,,-,,-,,
E.N. CENTRAL,2017,10,6,,37,,294,,169,,270,,,-,1,,8,,6,,21,,,-,0,,1,,,-,,-,,
W.N. CENTRAL,2017,10,1,,26,,107,,81,,144,,,-,0,,8,,,-,7,,,-,0,,0,,,-,,-,,
S. ATLANTIC,2017,10,12,,24,,79,,148,,247,,,-,1,,7,,,-,41,,,-,0,,1,,,-,,-,,
CONNECTICUT,2017,10,,-,1,,6,,7,,6,,,-,0,,1,,,-,4,,,-,0,,0,,,-,,-,"CONNECTICUT
(41.544654, -72.651713)",
MISSOURI,2017,10,,-,6,,22,,22,,40,,,-,0,,2,,,-,3,,,-,0,,0,,,-,,-,"MISSOURI
(38.636168, -92.566292)",
E.S. CENTRAL,2017,10,1,,10,,43,,54,,77,,,-,0,,2,,4,,,-,,-,0,,0,,,-,,-,,
W.S. CENTRAL,2017,10,16,,17,,39,,91,,117,,,-,1,,4,,,-,5,,,-,0,,1,,,-,,-,,
MOUNTAIN,2017,10,4,,15,,122,,86,,91,,,-,1,,4,,,-,6,,,-,0,,1,,,-,,-,,
PACIFIC,2017,10,,-,13,,53,,67,,132,,,-,3,,14,,6,,111,,,-,0,,1,,,-,,-,,
IDAHO,2017,10,1,,2,,10,,14,,21,,,-,0,,1,,,-,1,,,-,0,,0,,,-,,-,"IDAHO
(43.680635, -114.364237)",
GEORGIA,2017,10,3,,5,,26,,40,,55,,,-,0,,2,,,-,5,,,-,0,,0,,,-,,-,"GEORGIA
(32.836038, -83.631709)",
KENTUCKY,2017,10,,-,2,,7,,11,,19,,,-,0,,1,,,-,,-,,-,0,,0,,,-,,-,"KENTUCKY
(37.64591, -84.774043)",
MONTANA,2017,10,,-,0,,5,,2,,5,,,-,0,,1,,,-,1,,,-,0,,0,,,-,,-,"MONTANA
(47.062617, -109.430168)",
NORTH CAROLINA,2017,10,,-,3,,17,,15,,28,,,-,0,,3,,,-,1,,,-,0,,0,,,-,,-,"NORTH CAROLINA
(35.47995, -79.180571)",
UTAH,2017,10,,-,2,,24,,13,,26,,,-,0,,1,,,-,1,,,-,0,,0,,,-,,-,"UTAH
(39.359772, -111.584173)",
AMER. SAMOA,2017,10,,N,0,,0,,,N,,N,,-,0,,2,,6,,,-,,-,0,,0,,,-,,-,,
PUERTO RICO,2017,10,,-,0,,1,,,-,,-,,-,2,,15,,3,,90,,,-,0,,0,,,-,,-,"PUERTO RICO
(18.215692, -66.414655)",
SOUTH CAROLINA,2017,10,,-,1,,8,,11,,17,,,-,0,,2,,,-,,-,,-,0,,1,,,-,,-,"SOUTH CAROLINA
(34.009286, -81.037094)",
FLORIDA,2017,10,6,,10,,31,,54,,100,,,-,0,,2,,,-,19,,,-,0,,0,,,-,,-,"FLORIDA
(28.915325, -81.922409)",
ALABAMA,2017,10,,-,5,,27,,20,,27,,,-,0,,1,,,-,,-,,-,0,,0,,,-,,-,"ALABAMA
(32.839182, -86.631125)",
VIRGIN ISL.,2017,10,,-,0,,0,,,-,,-,,-,0,,2,,1,,12,,,-,0,,0,,,-,,-,"VIRGIN ISLANDS
(18.060868, -64.840836)",
NORTH DAKOTA,2017,10,,-,0,,5,,2,,2,,,-,0,,1,,,-,,-,,-,0,,0,,,-,,-,"NORTH DAKOTA
(47.475879, -100.121011)",
MISSISSIPPI,2017,10,1,,1,,3,,7,,6,,,-,0,,2,,2,,,-,,-,0,,0,,,-,,-,"MISSISSIPPI
(32.738663, -89.537312)",
NEVADA,2017,10,,-,0,,2,,2,,4,,,-,0,,2,,,-,1,,,-,0,,1,,,-,,-,"NEVADA
(39.491833, -117.070159)",
WYOMING,2017,10,,-,0,,3,,,-,2,,,-,0,,0,,,-,,-,,-,0,,0,,,-,,-,"WYOMING
(43.23558, -108.110518)",
MAINE,2017,10,,-,1,,4,,4,,3,,,-,0,,1,,,-,,-,,-,0,,0,,,-,,-,"MAINE
(45.252223, -68.986647)",
WASHINGTON,2017,10,,-,0,,34,,4,,6,,,-,0,,2,,2,,6,,,-,0,,1,,,-,,-,"WASHINGTON
(47.517368, -120.467672)",
MASSACHUSETTS,2017,10,,-,3,,14,,19,,25,,,-,0,,2,,,-,3,,,-,0,,0,,,-,,-,"MASSACHUSETTS
(42.268546, -72.085064)",
MICHIGAN,2017,10,,-,7,,19,,28,,47,,,-,0,,2,,1,,4,,,-,0,,0,,,-,,-,"MICHIGAN
(44.66399, -84.711206)",
VERMONT,2017,10,1,,1,,10,,5,,2,,,-,0,,1,,,-,1,,,-,0,,0,,,-,,-,"VERMONT
(43.622479, -72.51927)",
C.N.M.I.,2017,10,,-,,-,,-,,-,,-,,-,,-,,-,,-,,-,,-,,-,,-,,-,,-,"NORTHERN MARIANA ISLANDS
(15.1834, 145.725693)",
MINNESOTA,2017,10,,-,0,,0,,,-,,-,,-,0,,1,,,-,3,,,-,0,,0,,,-,,-,"MINNESOTA
(46.357661, -94.793397)",
COLORADO,2017,10,,-,4,,14,,25,,18,,,-,0,,2,,,-,,-,,-,0,,0,,,-,,-,"COLORADO
(38.841772, -106.132562)",
CALIFORNIA,2017,10,,-,8,,17,,44,,68,,,-,2,,14,,3,,53,,,-,0,,0,,,-,,-,"CALIFORNIA
(37.640735, -121.002435)",
VIRGINIA,2017,10,,-,4,,12,,13,,26,,,-,0,,3,,,-,8,,,-,0,,0,,,-,,-,"VIRGINIA
(37.542699, -78.45822)",
TEXAS,2017,10,12,,12,,33,,57,,71,,,-,1,,4,,,-,3,,,-,0,,1,,,-,,-,"TEXAS
(31.827233, -99.423022)",
GUAM,2017,10,,-,0,,0,,,-,,-,,-,1,,1,,,-,,-,,-,0,,0,,,-,,-,"GUAM
(13.3532, 144.653198)",
LOUISIANA,2017,10,,-,1,,4,,12,,18,,,-,0,,1,,,-,,-,,-,0,,0,,,-,,-,"LOUISIANA
(31.2931, -92.463284)",
KANSAS,2017,10,,-,2,,7,,7,,7,,,-,0,,1,,,-,,-,,-,0,,0,,,-,,-,"KANSAS
(38.345528, -98.201847)",
ARKANSAS,2017,10,1,,1,,4,,11,,11,,,-,0,,1,,,-,,-,,-,0,,0,,,-,,-,"ARKANSAS
(34.748745, -92.275105)",
SOUTH DAKOTA,2017,10,,-,3,,7,,6,,29,,,-,0,,1,,,-,,-,,-,0,,0,,,-,,-,"SOUTH DAKOTA
(44.35371, -100.373709)",
OREGON,2017,10,,-,5,,26,,16,,54,,,-,0,,2,,,-,3,,,-,0,,0,,,-,,-,"OREGON
(44.567912, -120.156945)",
NEW YORK,2017,10,,-,5,,25,,18,,32,,,-,1,,3,,,-,4,,,-,0,,0,,,-,,-,"NEW YORK
(42.826892, -75.544286)",
IOWA,2017,10,,-,9,,65,,24,,39,,,-,0,,5,,,-,1,,,-,0,,0,,,-,,-,"IOWA
(42.46942, -93.815856)",
OKLAHOMA,2017,10,3,,3,,9,,11,,17,,,-,0,,1,,,-,2,,,-,0,,0,,,-,,-,"OKLAHOMA
(35.468494, -97.521264)",
WEST VIRGINIA,2017,10,,-,0,,5,,2,,4,,,-,0,,0,,,-,,-,,-,0,,0,,,-,,-,"WEST VIRGINIA
(38.668501, -80.709421)",
NEBRASKA,2017,10,1,,3,,16,,20,,27,,,-,0,,1,,,-,,-,,-,0,,0,,,-,,-,"NEBRASKA
(41.640503, -99.367122)",
NEW HAMPSHIRE,2017,10,,-,1,,7,,1,,6,,,-,0,,0,,,-,,-,,-,0,,0,,,-,,-,"NEW HAMPSHIRE
(43.657736, -71.500736)",
TENNESSEE,2017,10,,-,3,,9,,16,,25,,,-,0,,1,,2,,,-,,-,0,,0,,,-,,-,"TENNESSEE
(35.681402, -85.774444)",
OHIO,2017,10,5,,10,,207,,51,,73,,,-,0,,2,,3,,2,,,-,0,,0,,,-,,-,"OHIO
(40.056807, -82.405897)",
HAWAII,2017,10,,-,0,,3,,,-,,-,,-,0,,2,,1,,49,,,-,0,,0,,,-,,-,"HAWAII
(21.30992, -157.858158)",
ILLINOIS,2017,10,,-,4,,50,,21,,36,,,-,0,,4,,1,,11,,,-,0,,0,,,-,,-,"ILLINOIS
(40.477092, -88.993221)",
RHODE ISLAND,2017,10,,-,0,,2,,2,,2,,,-,0,,1,,,-,2,,,-,0,,0,,,-,,-,"RHODE ISLAND
(41.707447, -71.522488)",
DIST. OF COL.,2017,10,,-,0,,2,,,-,,-,,-,0,,1,,,-,1,,,-,0,,0,,,-,,-,"DISTRICT OF COLUMBIA
(38.892062, -77.019912)",
WISCONSIN,2017,10,1,,11,,62,,52,,78,,,-,0,,1,,1,,3,,,-,0,,0,,,-,,-,"WISCONSIN
(44.395526, -89.834513)",
NEW MEXICO,2017,10,,-,1,,7,,7,,7,,,-,0,,1,,,-,,-,,-,0,,0,,,-,,-,"NEW MEXICO
(34.520396, -106.244402)",
ARIZONA,2017,10,3,,3,,82,,23,,8,,,-,0,,2,,,-,2,,,-,0,,0,,,-,,-,"ARIZONA
(34.869712, -111.760902)",
NEW JERSEY,2017,10,,-,1,,18,,,-,18,,,-,0,,6,,,-,16,,,-,0,,0,,,-,,-,"NEW JERSEY
(40.104655, -74.386686)",
DELAWARE,2017,10,,-,0,,2,,,-,5,,,-,0,,1,,,-,1,,,-,0,,0,,,-,,-,"DELAWARE
(39.008676, -75.574561)",
ALASKA,2017,10,,-,0,,1,,3,,4,,,-,0,,1,,,-,,-,,-,0,,0,,,-,,-,"ALASKA
(64.836661, -147.738891)",
INDIANA,2017,10,,-,3,,9,,17,,36,,,-,0,,2,,,-,1,,,-,0,,1,,,-,,-,"INDIANA
(39.76845, -86.156212)",
PENNSYLVANIA,2017,10,,-,6,,27,,31,,57,,,-,0,,2,,1,,7,,,-,0,,0,,,-,,-,"PENNSYLVANIA
(40.789676, -77.858055)",
MARYLAND,2017,10,3,,2,,10,,13,,12,,,-,0,,1,,,-,6,,,-,0,,0,,,-,,-,"MARYLAND
(39.290443, -76.612333)",
UNITED STATES,2017,11,35,,164,,753,,936,,1416,,,-,10,,37,,17,,278,,,-,0,,1,,,-,,-,,
NEW ENGLAND,2017,11,1,,8,,23,,41,,49,,,-,0,,2,,,-,10,,,-,0,,0,,,-,,-,,
MID. ATLANTIC,2017,11,8,,20,,84,,128,,186,,,-,3,,10,,1,,63,,,-,0,,0,,,-,,-,,
NEW YORK CITY,2017,11,3,,4,,12,,33,,24,,,-,1,,7,,,-,33,,,-,0,,0,,,-,,-,,
E.N. CENTRAL,2017,11,,-,37,,294,,175,,294,,,-,1,,8,,6,,23,,,-,0,,1,,,-,,-,,
W.N. CENTRAL,2017,11,6,,26,,106,,114,,151,,,-,0,,8,,,-,7,,,-,0,,0,,,-,,-,,
MICHIGAN,2017,11,,-,7,,19,,28,,52,,,-,0,,2,,1,,4,,,-,0,,0,,,-,,-,"MICHIGAN
(44.66399, -84.711206)",
OHIO,2017,11,,-,10,,207,,55,,76,,,-,0,,2,,3,,2,,,-,0,,0,,,-,,-,"OHIO
(40.056807, -82.405897)",
INDIANA,2017,11,,-,3,,9,,17,,45,,,-,0,,2,,,-,2,,,-,0,,1,,,-,,-,"INDIANA
(39.76845, -86.156212)",
VERMONT,2017,11,,-,1,,10,,5,,3,,,-,0,,1,,,-,1,,,-,0,,0,,,-,,-,"VERMONT
(43.622479, -72.51927)",
NEW YORK,2017,11,,-,5,,25,,18,,35,,,-,1,,3,,,-,6,,,-,0,,0,,,-,,-,"NEW YORK
(42.826892, -75.544286)",
PENNSYLVANIA,2017,11,5,,12,,47,,77,,109,,,-,0,,2,,1,,8,,,-,0,,0,,,-,,-,"PENNSYLVANIA
(40.789676, -77.858055)",
NEW JERSEY,2017,11,,-,1,,18,,,-,18,,,-,0,,6,,,-,16,,,-,0,,0,,,-,,-,"NEW JERSEY
(40.104655, -74.386686)",
S. ATLANTIC,2017,11,7,,24,,79,,160,,271,,,-,1,,7,,,-,45,,,-,0,,1,,,-,,-,,
E.S. CENTRAL,2017,11,1,,9,,43,,55,,88,,,-,0,,2,,4,,,-,,-,0,,0,,,-,,-,,
W.S. CENTRAL,2017,11,10,,19,,44,,105,,138,,,-,1,,4,,,-,5,,,-,0,,1,,,-,,-,,
MOUNTAIN,2017,11,2,,15,,122,,91,,98,,,-,0,,4,,,-,6,,,-,0,,1,,,-,,-,,
ARKANSAS,2017,11,2,,1,,4,,13,,12,,,-,0,,1,,,-,,-,,-,0,,0,,,-,,-,"ARKANSAS
(34.748745, -92.275105)",
IDAHO,2017,11,2,,2,,10,,16,,21,,,-,0,,1,,,-,1,,,-,0,,0,,,-,,-,"IDAHO
(43.680635, -114.364237)",
MONTANA,2017,11,,-,0,,5,,2,,5,,,-,0,,1,,,-,1,,,-,0,,0,,,-,,-,"MONTANA
(47.062617, -109.430168)",
ALABAMA,2017,11,,-,5,,27,,20,,33,,,-,0,,1,,,-,,-,,-,0,,0,,,-,,-,"ALABAMA
(32.839182, -86.631125)",
DELAWARE,2017,11,,-,0,,2,,2,,5,,,-,0,,1,,,-,1,,,-,0,,0,,,-,,-,"DELAWARE
(39.008676, -75.574561)",
KENTUCKY,2017,11,,-,2,,7,,11,,20,,,-,0,,1,,,-,,-,,-,0,,0,,,-,,-,"KENTUCKY
(37.64591, -84.774043)",
DIST. OF COL.,2017,11,,-,0,,2,,,-,,-,,-,0,,1,,,-,4,,,-,0,,0,,,-,,-,"DISTRICT OF COLUMBIA
(38.892062, -77.019912)",
NORTH DAKOTA,2017,11,,-,0,,5,,2,,2,,,-,0,,1,,,-,,-,,-,0,,0,,,-,,-,"NORTH DAKOTA
(47.475879, -100.121011)",
SOUTH CAROLINA,2017,11,1,,2,,8,,12,,17,,,-,0,,2,,,-,,-,,-,0,,1,,,-,,-,"SOUTH CAROLINA
(34.009286, -81.037094)",
MINNESOTA,2017,11,,-,0,,0,,,-,,-,,-,0,,1,,,-,3,,,-,0,,0,,,-,,-,"MINNESOTA
(46.357661, -94.793397)",
NEVADA,2017,11,,-,0,,2,,2,,4,,,-,0,,2,,,-,1,,,-,0,,1,,,-,,-,"NEVADA
(39.491833, -117.070159)",
NORTH CAROLINA,2017,11,,-,3,,17,,15,,32,,,-,0,,3,,,-,1,,,-,0,,0,,,-,,-,"NORTH CAROLINA
(35.47995, -79.180571)",
PACIFIC,2017,11,,-,13,,53,,67,,141,,,-,3,,14,,6,,117,,,-,0,,1,,,-,,-,,
AMER. SAMOA,2017,11,,N,0,,0,,,N,,N,,-,0,,2,,6,,,-,,-,0,,0,,,-,,-,,
WEST VIRGINIA,2017,11,,-,0,,5,,2,,4,,,-,0,,0,,,-,,-,,-,0,,0,,,-,,-,"WEST VIRGINIA
(38.668501, -80.709421)",
ARIZONA,2017,11,,-,3,,82,,23,,9,,,-,0,,2,,,-,2,,,-,0,,0,,,-,,-,"ARIZONA
(34.869712, -111.760902)",
TENNESSEE,2017,11,,-,3,,10,,16,,29,,,-,0,,1,,2,,,-,,-,0,,0,,,-,,-,"TENNESSEE
(35.681402, -85.774444)",
VIRGINIA,2017,11,2,,4,,12,,18,,30,,,-,0,,3,,,-,8,,,-,0,,0,,,-,,-,"VIRGINIA
(37.542699, -78.45822)",
NEW HAMPSHIRE,2017,11,,-,1,,7,,1,,6,,,-,0,,0,,,-,,-,,-,0,,0,,,-,,-,"NEW HAMPSHIRE
(43.657736, -71.500736)",
MISSISSIPPI,2017,11,1,,1,,3,,8,,6,,,-,0,,2,,2,,,-,,-,0,,0,,,-,,-,"MISSISSIPPI
(32.738663, -89.537312)",
IOWA,2017,11,,-,9,,65,,34,,42,,,-,0,,5,,,-,1,,,-,0,,0,,,-,,-,"IOWA
(42.46942, -93.815856)",
MARYLAND,2017,11,,-,2,,10,,13,,12,,,-,0,,1,,,-,6,,,-,0,,0,,,-,,-,"MARYLAND
(39.290443, -76.612333)",
MISSOURI,2017,11,3,,6,,22,,35,,40,,,-,0,,2,,,-,3,,,-,0,,0,,,-,,-,"MISSOURI
(38.636168, -92.566292)",
NEBRASKA,2017,11,3,,3,,16,,24,,30,,,-,0,,1,,,-,,-,,-,0,,0,,,-,,-,"NEBRASKA
(41.640503, -99.367122)",
WISCONSIN,2017,11,,-,11,,62,,52,,82,,,-,0,,1,,1,,3,,,-,0,,0,,,-,,-,"WISCONSIN
(44.395526, -89.834513)",
OKLAHOMA,2017,11,3,,3,,9,,14,,17,,,-,0,,1,,,-,2,,,-,0,,0,,,-,,-,"OKLAHOMA
(35.468494, -97.521264)",
PUERTO RICO,2017,11,,-,0,,1,,,-,,-,,-,1,,8,,3,,94,,,-,0,,0,,,-,,-,"PUERTO RICO
(18.215692, -66.414655)",
CONNECTICUT,2017,11,,-,1,,6,,8,,8,,,-,0,,1,,,-,4,,,-,0,,0,,,-,,-,"CONNECTICUT
(41.544654, -72.651713)",
WASHINGTON,2017,11,,-,0,,34,,4,,6,,,-,0,,2,,2,,6,,,-,0,,1,,,-,,-,"WASHINGTON
(47.517368, -120.467672)",
KANSAS,2017,11,,-,2,,7,,7,,8,,,-,0,,1,,,-,,-,,-,0,,0,,,-,,-,"KANSAS
(38.345528, -98.201847)",
GEORGIA,2017,11,,-,5,,26,,40,,59,,,-,0,,2,,,-,5,,,-,0,,0,,,-,,-,"GEORGIA
(32.836038, -83.631709)",
SOUTH DAKOTA,2017,11,,-,3,,7,,12,,29,,,-,0,,1,,,-,,-,,-,0,,0,,,-,,-,"SOUTH DAKOTA
(44.35371, -100.373709)",
C.N.M.I.,2017,11,,-,,-,,-,,-,,-,,-,,-,,-,,-,,-,,-,,-,,-,,-,,-,"NORTHERN MARIANA ISLANDS
(15.1834, 145.725693)",
WYOMING,2017,11,,-,0,,3,,,-,3,,,-,0,,0,,,-,,-,,-,0,,0,,,-,,-,"WYOMING
(43.23558, -108.110518)",
OREGON,2017,11,,-,5,,26,,16,,59,,,-,0,,2,,,-,3,,,-,0,,0,,,-,,-,"OREGON
(44.567912, -120.156945)",
HAWAII,2017,11,,-,0,,3,,,-,,-,,-,0,,2,,1,,51,,,-,0,,0,,,-,,-,"HAWAII
(21.30992, -157.858158)",
MASSACHUSETTS,2017,11,1,,3,,14,,21,,27,,,-,0,,2,,,-,3,,,-,0,,0,,,-,,-,"MASSACHUSETTS
(42.268546, -72.085064)",
ILLINOIS,2017,11,,-,4,,50,,23,,39,,,-,0,,4,,1,,12,,,-,0,,0,,,-,,-,"ILLINOIS
(40.477092, -88.993221)",
LOUISIANA,2017,11,,-,2,,7,,12,,29,,,-,0,,1,,,-,,-,,-,0,,0,,,-,,-,"LOUISIANA
(31.2931, -92.463284)",
VIRGIN ISL.,2017,11,,-,0,,0,,,-,,-,,-,0,,2,,1,,12,,,-,0,,0,,,-,,-,"VIRGIN ISLANDS
(18.060868, -64.840836)",
FLORIDA,2017,11,4,,10,,31,,58,,112,,,-,0,,2,,,-,20,,,-,0,,0,,,-,,-,"FLORIDA
(28.915325, -81.922409)",
RHODE ISLAND,2017,11,,-,0,,2,,2,,2,,,-,0,,1,,,-,2,,,-,0,,0,,,-,,-,"RHODE ISLAND
(41.707447, -71.522488)",
MAINE,2017,11,,-,1,,4,,4,,3,,,-,0,,1,,,-,,-,,-,0,,0,,,-,,-,"MAINE
(45.252223, -68.986647)",
ALASKA,2017,11,,-,0,,1,,3,,4,,,-,0,,2,,,-,,-,,-,0,,0,,,-,,-,"ALASKA
(64.836661, -147.738891)",
CALIFORNIA,2017,11,,-,8,,17,,44,,72,,,-,2,,14,,3,,57,,,-,0,,0,,,-,,-,"CALIFORNIA
(37.640735, -121.002435)",
COLORADO,2017,11,,-,4,,14,,28,,18,,,-,0,,2,,,-,,-,,-,0,,0,,,-,,-,"COLORADO
(38.841772, -106.132562)",
TEXAS,2017,11,5,,13,,33,,66,,80,,,-,0,,4,,,-,3,,,-,0,,1,,,-,,-,"TEXAS
(31.827233, -99.423022)",
UTAH,2017,11,,-,2,,24,,13,,28,,,-,0,,1,,,-,1,,,-,0,,0,,,-,,-,"UTAH
(39.359772, -111.584173)",
NEW MEXICO,2017,11,,-,1,,7,,7,,10,,,-,0,,1,,,-,,-,,-,0,,0,,,-,,-,"NEW MEXICO
(34.520396, -106.244402)",
GUAM,2017,11,,-,0,,0,,,-,,-,,-,1,,1,,,-,,-,,-,0,,0,,,-,,-,"GUAM
(13.3532, 144.653198)",
UNITED STATES,2017,12,47,,164,,753,,1088,,1530,,,-,10,,37,,18,,292,,,-,0,,1,,,-,,-,,
NEW ENGLAND,2017,12,4,,8,,24,,46,,52,,,-,0,,2,,,-,11,,,-,0,,0,,,-,,-,,
MID. ATLANTIC,2017,12,11,,20,,84,,144,,191,,,-,3,,10,,2,,70,,,-,0,,0,,,-,,-,,
NEW YORK CITY,2017,12,4,,4,,12,,37,,25,,,-,1,,7,,,-,36,,,-,0,,0,,,-,,-,,
E.N. CENTRAL,2017,12,8,,37,,294,,203,,324,,,-,1,,8,,6,,24,,,-,0,,1,,,-,,-,,
W.N. CENTRAL,2017,12,1,,26,,106,,132,,172,,,-,0,,8,,,-,9,,,-,0,,0,,,-,,-,,
S. ATLANTIC,2017,12,10,,24,,82,,180,,292,,,-,1,,7,,,-,46,,,-,0,,1,,,-,,-,,
E.S. CENTRAL,2017,12,3,,9,,43,,74,,90,,,-,0,,2,,4,,,-,,-,0,,0,,,-,,-,,
W.S. CENTRAL,2017,12,5,,19,,44,,110,,150,,,-,1,,4,,,-,5,,,-,0,,1,,,-,,-,,
MOUNTAIN,2017,12,4,,15,,122,,100,,112,,,-,0,,4,,,-,7,,,-,0,,1,,,-,,-,,
PACIFIC,2017,12,1,,14,,53,,99,,147,,,-,2,,14,,6,,118,,,-,0,,1,,,-,,-,,
AMER. SAMOA,2017,12,,N,0,,0,,,N,,N,,-,0,,2,,6,,,-,,-,0,,0,,,-,,-,,
NORTH CAROLINA,2017,12,,-,3,,17,,15,,34,,,-,0,,3,,,-,1,,,-,0,,0,,,-,,-,"NORTH CAROLINA
(35.47995, -79.180571)",
GEORGIA,2017,12,3,,5,,26,,49,,65,,,-,0,,2,,,-,5,,,-,0,,0,,,-,,-,"GEORGIA
(32.836038, -83.631709)",
IOWA,2017,12,,-,9,,65,,42,,51,,,-,0,,5,,,-,3,,,-,0,,0,,,-,,-,"IOWA
(42.46942, -93.815856)",
UTAH,2017,12,,-,2,,24,,15,,31,,,-,0,,1,,,-,1,,,-,0,,0,,,-,,-,"UTAH
(39.359772, -111.584173)",
VIRGIN ISL.,2017,12,,-,0,,0,,,-,,-,,-,0,,3,,1,,12,,,-,0,,0,,,-,,-,"VIRGIN ISLANDS
(18.060868, -64.840836)",
NORTH DAKOTA,2017,12,,-,0,,5,,3,,2,,,-,0,,1,,,-,,-,,-,0,,0,,,-,,-,"NORTH DAKOTA
(47.475879, -100.121011)",
MINNESOTA,2017,12,,-,0,,0,,,-,,-,,-,0,,1,,,-,3,,,-,0,,0,,,-,,-,"MINNESOTA
(46.357661, -94.793397)",
IDAHO,2017,12,,-,2,,10,,16,,22,,,-,0,,1,,,-,1,,,-,0,,0,,,-,,-,"IDAHO
(43.680635, -114.364237)",
MISSOURI,2017,12,,-,6,,22,,36,,45,,,-,0,,2,,,-,3,,,-,0,,0,,,-,,-,"MISSOURI
(38.636168, -92.566292)",
SOUTH CAROLINA,2017,12,1,,2,,8,,15,,19,,,-,0,,2,,,-,,-,,-,0,,1,,,-,,-,"SOUTH CAROLINA
(34.009286, -81.037094)",
MAINE,2017,12,3,,1,,4,,8,,3,,,-,0,,1,,,-,,-,,-,0,,0,,,-,,-,"MAINE
(45.252223, -68.986647)",
WEST VIRGINIA,2017,12,,-,0,,5,,2,,6,,,-,0,,0,,,-,,-,,-,0,,0,,,-,,-,"WEST VIRGINIA
(38.668501, -80.709421)",
OREGON,2017,12,,-,5,,26,,33,,63,,,-,0,,2,,,-,3,,,-,0,,0,,,-,,-,"OREGON
(44.567912, -120.156945)",
OKLAHOMA,2017,12,3,,3,,9,,17,,20,,,-,0,,1,,,-,2,,,-,0,,0,,,-,,-,"OKLAHOMA
(35.468494, -97.521264)",
FLORIDA,2017,12,6,,9,,31,,64,,118,,,-,0,,2,,,-,21,,,-,0,,0,,,-,,-,"FLORIDA
(28.915325, -81.922409)",
C.N.M.I.,2017,12,,-,,-,,-,,-,,-,,-,,-,,-,,-,,-,,-,,-,,-,,-,,-,"NORTHERN MARIANA ISLANDS
(15.1834, 145.725693)",
TENNESSEE,2017,12,,-,2,,10,,18,,29,,,-,0,,1,,2,,,-,,-,0,,0,,,-,,-,"TENNESSEE
(35.681402, -85.774444)",
PENNSYLVANIA,2017,12,7,,12,,47,,84,,111,,,-,0,,2,,1,,8,,,-,0,,0,,,-,,-,"PENNSYLVANIA
(40.789676, -77.858055)",
ILLINOIS,2017,12,,-,4,,50,,25,,43,,,-,0,,4,,1,,12,,,-,0,,0,,,-,,-,"ILLINOIS
(40.477092, -88.993221)",
HAWAII,2017,12,,-,0,,3,,,-,,-,,-,0,,1,,1,,51,,,-,0,,0,,,-,,-,"HAWAII
(21.30992, -157.858158)",
ARKANSAS,2017,12,,-,1,,4,,13,,12,,,-,0,,1,,,-,,-,,-,0,,0,,,-,,-,"ARKANSAS
(34.748745, -92.275105)",
CALIFORNIA,2017,12,1,,8,,17,,59,,74,,,-,2,,14,,3,,58,,,-,0,,0,,,-,,-,"CALIFORNIA
(37.640735, -121.002435)",
INDIANA,2017,12,,-,2,,9,,19,,49,,,-,0,,2,,,-,2,,,-,0,,1,,,-,,-,"INDIANA
(39.76845, -86.156212)",
PUERTO RICO,2017,12,,-,0,,1,,,-,,-,,-,1,,8,,3,,97,,,-,0,,0,,,-,,-,"PUERTO RICO
(18.215692, -66.414655)",
VERMONT,2017,12,1,,1,,11,,6,,3,,,-,0,,1,,,-,1,,,-,0,,0,,,-,,-,"VERMONT
(43.622479, -72.51927)",
MICHIGAN,2017,12,,-,7,,19,,40,,57,,,-,0,,2,,1,,4,,,-,0,,0,,,-,,-,"MICHIGAN
(44.66399, -84.711206)",
DIST. OF COL.,2017,12,,-,0,,2,,,-,,-,,-,0,,1,,,-,4,,,-,0,,0,,,-,,-,"DISTRICT OF COLUMBIA
(38.892062, -77.019912)",
LOUISIANA,2017,12,,-,2,,7,,12,,30,,,-,0,,1,,,-,,-,,-,0,,0,,,-,,-,"LOUISIANA
(31.2931, -92.463284)",
WASHINGTON,2017,12,,-,0,,34,,4,,6,,,-,0,,2,,2,,6,,,-,0,,1,,,-,,-,"WASHINGTON
(47.517368, -120.467672)",
MONTANA,2017,12,,-,0,,5,,2,,7,,,-,0,,1,,,-,1,,,-,0,,0,,,-,,-,"MONTANA
(47.062617, -109.430168)",
CONNECTICUT,2017,12,,-,1,,6,,8,,9,,,-,0,,1,,,-,5,,,-,0,,0,,,-,,-,"CONNECTICUT
(41.544654, -72.651713)",
GUAM,2017,12,,-,0,,0,,,-,,-,,-,1,,1,,,-,,-,,-,0,,0,,,-,,-,"GUAM
(13.3532, 144.653198)",
NEW MEXICO,2017,12,,-,1,,7,,8,,10,,,-,0,,1,,,-,,-,,-,0,,0,,,-,,-,"NEW MEXICO
(34.520396, -106.244402)",
MISSISSIPPI,2017,12,2,,1,,3,,10,,6,,,-,0,,2,,2,,,-,,-,0,,0,,,-,,-,"MISSISSIPPI
(32.738663, -89.537312)",
ALABAMA,2017,12,,-,5,,27,,34,,34,,,-,0,,1,,,-,,-,,-,0,,0,,,-,,-,"ALABAMA
(32.839182, -86.631125)",
KENTUCKY,2017,12,1,,2,,7,,12,,21,,,-,0,,1,,,-,,-,,-,0,,0,,,-,,-,"KENTUCKY
(37.64591, -84.774043)",
NEW JERSEY,2017,12,,-,1,,18,,,-,18,,,-,0,,6,,1,,20,,,-,0,,0,,,-,,-,"NEW JERSEY
(40.104655, -74.386686)",
RHODE ISLAND,2017,12,,-,0,,2,,2,,2,,,-,0,,1,,,-,2,,,-,0,,0,,,-,,-,"RHODE ISLAND
(41.707447, -71.522488)",
NEW YORK,2017,12,,-,5,,25,,23,,37,,,-,0,,3,,,-,6,,,-,0,,0,,,-,,-,"NEW YORK
(42.826892, -75.544286)",
NEVADA,2017,12,,-,0,,2,,3,,4,,,-,0,,2,,,-,1,,,-,0,,1,,,-,,-,"NEVADA
(39.491833, -117.070159)",
NEBRASKA,2017,12,1,,3,,16,,25,,33,,,-,0,,1,,,-,,-,,-,0,,0,,,-,,-,"NEBRASKA
(41.640503, -99.367122)",
VIRGINIA,2017,12,,-,4,,13,,19,,32,,,-,0,,3,,,-,8,,,-,0,,0,,,-,,-,"VIRGINIA
(37.542699, -78.45822)",
WISCONSIN,2017,12,1,,11,,62,,56,,94,,,-,0,,1,,1,,3,,,-,0,,0,,,-,,-,"WISCONSIN
(44.395526, -89.834513)",
ALASKA,2017,12,,-,0,,1,,3,,4,,,-,0,,2,,,-,,-,,-,0,,0,,,-,,-,"ALASKA
(64.836661, -147.738891)",
KANSAS,2017,12,,-,2,,7,,7,,10,,,-,0,,1,,,-,,-,,-,0,,0,,,-,,-,"KANSAS
(38.345528, -98.201847)",
COLORADO,2017,12,3,,4,,14,,32,,22,,,-,0,,2,,,-,1,,,-,0,,0,,,-,,-,"COLORADO
(38.841772, -106.132562)",
MASSACHUSETTS,2017,12,,-,3,,14,,21,,29,,,-,0,,2,,,-,3,,,-,0,,0,,,-,,-,"MASSACHUSETTS
(42.268546, -72.085064)",
WYOMING,2017,12,,-,0,,3,,,-,4,,,-,0,,0,,,-,,-,,-,0,,0,,,-,,-,"WYOMING
(43.23558, -108.110518)",
OHIO,2017,12,7,,10,,207,,63,,81,,,-,0,,2,,3,,3,,,-,0,,0,,,-,,-,"OHIO
(40.056807, -82.405897)",
TEXAS,2017,12,2,,13,,33,,68,,88,,,-,0,,4,,,-,3,,,-,0,,1,,,-,,-,"TEXAS
(31.827233, -99.423022)",
NEW HAMPSHIRE,2017,12,,-,1,,7,,1,,6,,,-,0,,0,,,-,,-,,-,0,,0,,,-,,-,"NEW HAMPSHIRE
(43.657736, -71.500736)",
DELAWARE,2017,12,,-,0,,2,,2,,5,,,-,0,,1,,,-,1,,,-,0,,0,,,-,,-,"DELAWARE
(39.008676, -75.574561)",
SOUTH DAKOTA,2017,12,,-,3,,7,,19,,31,,,-,0,,1,,,-,,-,,-,0,,0,,,-,,-,"SOUTH DAKOTA
(44.35371, -100.373709)",
ARIZONA,2017,12,1,,3,,82,,24,,12,,,-,0,,2,,,-,2,,,-,0,,0,,,-,,-,"ARIZONA
(34.869712, -111.760902)",
MARYLAND,2017,12,,-,2,,10,,14,,13,,,-,0,,1,,,-,6,,,-,0,,0,,,-,,-,"MARYLAND
(39.290443, -76.612333)",
UNITED STATES,2017,13,78,,164,,753,,1212,,1676,,,-,10,,37,,20,,310,,,-,0,,1,,,-,,-,,
NEW ENGLAND,2017,13,3,,7,,24,,51,,56,,,-,0,,2,,,-,11,,,-,0,,0,,,-,,-,,
MID. ATLANTIC,2017,13,10,,20,,85,,149,,210,,,-,2,,10,,2,,74,,,-,0,,0,,,-,,-,,
NEW YORK CITY,2017,13,2,,4,,12,,39,,27,,,-,1,,7,,,-,37,,,-,0,,0,,,-,,-,,
E.N. CENTRAL,2017,13,16,,37,,294,,236,,356,,,-,1,,8,,6,,26,,,-,0,,1,,,-,,-,,
W.N. CENTRAL,2017,13,3,,26,,106,,148,,200,,,-,0,,8,,,-,9,,,-,0,,0,,,-,,-,,
S. ATLANTIC,2017,13,27,,24,,82,,215,,308,,,-,1,,7,,,-,48,,,-,0,,1,,,-,,-,,
E.S. CENTRAL,2017,13,3,,9,,43,,79,,99,,,-,0,,2,,4,,3,,,-,0,,0,,,-,,-,,
W.S. CENTRAL,2017,13,6,,19,,44,,123,,170,,,-,1,,4,,,-,5,,,-,0,,1,,,-,,-,,
MOUNTAIN,2017,13,6,,15,,122,,114,,122,,,-,0,,4,,,-,10,,,-,0,,1,,,-,,-,,
PACIFIC,2017,13,4,,14,,53,,97,,155,,,-,2,,14,,8,,122,,,-,0,,1,,,-,,-,,
AMER. SAMOA,2017,13,,N,0,,0,,,N,,N,,-,0,,2,,6,,,-,,-,0,,0,,,-,,-,,
NORTH CAROLINA,2017,13,,-,3,,17,,15,,37,,,-,0,,3,,,-,1,,,-,0,,0,,,-,,-,"NORTH CAROLINA
(35.47995, -79.180571)",
INDIANA,2017,13,,-,2,,9,,21,,54,,,-,0,,2,,,-,2,,,-,0,,1,,,-,,-,"INDIANA
(39.76845, -86.156212)",
WYOMING,2017,13,,-,0,,3,,,-,4,,,-,0,,0,,,-,,-,,-,0,,0,,,-,,-,"WYOMING
(43.23558, -108.110518)",
C.N.M.I.,2017,13,,-,,-,,-,,-,,-,,-,,-,,-,,-,,-,,-,,-,,-,,-,,-,"NORTHERN MARIANA ISLANDS
(15.1834, 145.725693)",
MICHIGAN,2017,13,1,,7,,19,,38,,61,,,-,0,,2,,1,,5,,,-,0,,0,,,-,,-,"MICHIGAN
(44.66399, -84.711206)",
OKLAHOMA,2017,13,2,,3,,9,,19,,26,,,-,0,,1,,,-,2,,,-,0,,0,,,-,,-,"OKLAHOMA
(35.468494, -97.521264)",
IOWA,2017,13,,-,9,,65,,51,,61,,,-,0,,5,,,-,3,,,-,0,,0,,,-,,-,"IOWA
(42.46942, -93.815856)",
ARIZONA,2017,13,2,,3,,82,,26,,14,,,-,0,,2,,,-,3,,,-,0,,0,,,-,,-,"ARIZONA
(34.869712, -111.760902)",
KENTUCKY,2017,13,2,,2,,7,,14,,24,,,-,0,,1,,,-,2,,,-,0,,0,,,-,,-,"KENTUCKY
(37.64591, -84.774043)",
DELAWARE,2017,13,,-,0,,2,,2,,5,,,-,0,,1,,,-,1,,,-,0,,0,,,-,,-,"DELAWARE
(39.008676, -75.574561)",
PUERTO RICO,2017,13,,-,0,,1,,,-,,-,,-,1,,8,,5,,99,,,-,0,,0,,,-,,-,"PUERTO RICO
(18.215692, -66.414655)",
TENNESSEE,2017,13,1,,3,,10,,20,,31,,,-,0,,1,,2,,,-,,-,0,,0,,,-,,-,"TENNESSEE
(35.681402, -85.774444)",
ILLINOIS,2017,13,,-,5,,50,,37,,45,,,-,0,,4,,1,,12,,,-,0,,0,,,-,,-,"ILLINOIS
(40.477092, -88.993221)",
MONTANA,2017,13,1,,0,,5,,3,,7,,,-,0,,1,,,-,1,,,-,0,,0,,,-,,-,"MONTANA
(47.062617, -109.430168)",
PENNSYLVANIA,2017,13,,-,12,,47,,84,,123,,,-,0,,2,,1,,7,,,-,0,,0,,,-,,-,"PENNSYLVANIA
(40.789676, -77.858055)",
NEW YORK,2017,13,8,,5,,25,,26,,39,,,-,0,,3,,,-,7,,,-,0,,0,,,-,,-,"NEW YORK
(42.826892, -75.544286)",
WISCONSIN,2017,13,4,,11,,62,,66,,111,,,-,0,,1,,1,,4,,,-,0,,0,,,-,,-,"WISCONSIN
(44.395526, -89.834513)",
WASHINGTON,2017,13,,-,0,,34,,4,,6,,,-,0,,2,,3,,7,,,-,0,,1,,,-,,-,"WASHINGTON
(47.517368, -120.467672)",
LOUISIANA,2017,13,,-,2,,7,,12,,32,,,-,0,,1,,,-,,-,,-,0,,0,,,-,,-,"LOUISIANA
(31.2931, -92.463284)",
GUAM,2017,13,,-,0,,0,,,-,,-,,-,1,,1,,,-,,-,,-,0,,0,,,-,,-,"GUAM
(13.3532, 144.653198)",
WEST VIRGINIA,2017,13,,-,0,,5,,2,,6,,,-,0,,0,,,-,,-,,-,0,,0,,,-,,-,"WEST VIRGINIA
(38.668501, -80.709421)",
NEVADA,2017,13,,-,0,,2,,3,,4,,,-,0,,2,,,-,1,,,-,0,,1,,,-,,-,"NEVADA
(39.491833, -117.070159)",
NEBRASKA,2017,13,,-,3,,16,,25,,36,,,-,0,,1,,,-,,-,,-,0,,0,,,-,,-,"NEBRASKA
(41.640503, -99.367122)",
GEORGIA,2017,13,14,,6,,26,,71,,69,,,-,0,,2,,,-,6,,,-,0,,0,,,-,,-,"GEORGIA
(32.836038, -83.631709)",
SOUTH CAROLINA,2017,13,,-,2,,8,,15,,22,,,-,0,,2,,,-,,-,,-,0,,1,,,-,,-,"SOUTH CAROLINA
(34.009286, -81.037094)",
VIRGINIA,2017,13,1,,4,,13,,21,,35,,,-,0,,3,,,-,8,,,-,0,,0,,,-,,-,"VIRGINIA
(37.542699, -78.45822)",
CALIFORNIA,2017,13,2,,8,,17,,65,,78,,,-,2,,14,,3,,60,,,-,0,,0,,,-,,-,"CALIFORNIA
(37.640735, -121.002435)",
KANSAS,2017,13,,-,2,,7,,9,,15,,,-,0,,1,,,-,,-,,-,0,,0,,,-,,-,"KANSAS
(38.345528, -98.201847)",
VIRGIN ISL.,2017,13,,-,0,,0,,,-,,-,,-,0,,3,,1,,12,,,-,0,,0,,,-,,-,"VIRGIN ISLANDS
(18.060868, -64.840836)",
SOUTH DAKOTA,2017,13,,-,3,,7,,19,,33,,,-,0,,1,,,-,,-,,-,0,,0,,,-,,-,"SOUTH DAKOTA
(44.35371, -100.373709)",
MINNESOTA,2017,13,,-,0,,0,,,-,,-,,-,0,,1,,,-,3,,,-,0,,0,,,-,,-,"MINNESOTA
(46.357661, -94.793397)",
ALASKA,2017,13,,-,0,,1,,3,,4,,,-,0,,2,,,-,,-,,-,0,,0,,,-,,-,"ALASKA
(64.836661, -147.738891)",
MISSISSIPPI,2017,13,,-,1,,3,,11,,7,,,-,0,,2,,2,,,-,,-,0,,0,,,-,,-,"MISSISSIPPI
(32.738663, -89.537312)",
NORTH DAKOTA,2017,13,,-,0,,5,,3,,2,,,-,0,,1,,,-,,-,,-,0,,0,,,-,,-,"NORTH DAKOTA
(47.475879, -100.121011)",
OREGON,2017,13,2,,5,,26,,25,,67,,,-,0,,2,,,-,4,,,-,0,,0,,,-,,-,"OREGON
(44.567912, -120.156945)",
TEXAS,2017,13,3,,13,,33,,78,,99,,,-,0,,4,,,-,3,,,-,0,,1,,,-,,-,"TEXAS
(31.827233, -99.423022)",
OHIO,2017,13,11,,10,,207,,74,,85,,,-,0,,2,,3,,3,,,-,0,,0,,,-,,-,"OHIO
(40.056807, -82.405897)",
RHODE ISLAND,2017,13,,-,0,,2,,2,,2,,,-,0,,1,,,-,2,,,-,0,,0,,,-,,-,"RHODE ISLAND
(41.707447, -71.522488)",
MASSACHUSETTS,2017,13,,-,3,,14,,21,,31,,,-,0,,2,,,-,3,,,-,0,,0,,,-,,-,"MASSACHUSETTS
(42.268546, -72.085064)",
MARYLAND,2017,13,,-,2,,10,,13,,15,,,-,0,,1,,,-,7,,,-,0,,0,,,-,,-,"MARYLAND
(39.290443, -76.612333)",
HAWAII,2017,13,,-,0,,3,,,-,,-,,-,0,,1,,2,,51,,,-,0,,0,,,-,,-,"HAWAII
(21.30992, -157.858158)",
CONNECTICUT,2017,13,,-,1,,6,,9,,10,,,-,0,,0,,,-,5,,,-,0,,0,,,-,,-,"CONNECTICUT
(41.544654, -72.651713)",
UTAH,2017,13,,-,2,,24,,17,,34,,,-,0,,1,,,-,2,,,-,0,,0,,,-,,-,"UTAH
(39.359772, -111.584173)",
NEW MEXICO,2017,13,1,,1,,7,,12,,11,,,-,0,,1,,,-,,-,,-,0,,0,,,-,,-,"NEW MEXICO
(34.520396, -106.244402)",
VERMONT,2017,13,1,,1,,11,,7,,4,,,-,0,,1,,,-,1,,,-,0,,0,,,-,,-,"VERMONT
(43.622479, -72.51927)",
FLORIDA,2017,13,12,,9,,31,,76,,119,,,-,0,,2,,,-,21,,,-,0,,0,,,-,,-,"FLORIDA
(28.915325, -81.922409)",
IDAHO,2017,13,,-,2,,10,,19,,26,,,-,0,,1,,,-,1,,,-,0,,0,,,-,,-,"IDAHO
(43.680635, -114.364237)",
NEW HAMPSHIRE,2017,13,,-,1,,7,,1,,6,,,-,0,,0,,,-,,-,,-,0,,0,,,-,,-,"NEW HAMPSHIRE
(43.657736, -71.500736)",
MAINE,2017,13,2,,1,,3,,11,,3,,,-,0,,1,,,-,,-,,-,0,,0,,,-,,-,"MAINE
(45.252223, -68.986647)",
ARKANSAS,2017,13,1,,1,,4,,14,,13,,,-,0,,1,,,-,,-,,-,0,,0,,,-,,-,"ARKANSAS
(34.748745, -92.275105)",
DIST. OF COL.,2017,13,,-,0,,2,,,-,,-,,-,0,,1,,,-,4,,,-,0,,0,,,-,,-,"DISTRICT OF COLUMBIA
(38.892062, -77.019912)",
COLORADO,2017,13,2,,3,,14,,34,,22,,,-,0,,2,,,-,2,,,-,0,,0,,,-,,-,"COLORADO
(38.841772, -106.132562)",
NEW JERSEY,2017,13,,-,1,,19,,,-,21,,,-,0,,6,,1,,23,,,-,0,,0,,,-,,-,"NEW JERSEY
(40.104655, -74.386686)",
MISSOURI,2017,13,3,,6,,22,,41,,53,,,-,0,,2,,,-,3,,,-,0,,0,,,-,,-,"MISSOURI
(38.636168, -92.566292)",
ALABAMA,2017,13,,-,5,,27,,34,,37,,,-,0,,1,,,-,1,,,-,0,,0,,,-,,-,"ALABAMA
(32.839182, -86.631125)",
UNITED STATES,2017,14,65,,165,,757,,1394,,1839,,,-,10,,37,,20,,324,,,-,0,,1,,,-,,-,,
NEW ENGLAND,2017,14,5,,8,,24,,65,,61,,,-,0,,2,,,-,11,,,-,0,,0,,,-,,-,,
MID. ATLANTIC,2017,14,10,,20,,85,,172,,236,,,-,2,,10,,2,,74,,,-,0,,0,,,-,,-,,
NEW YORK CITY,2017,14,3,,4,,12,,42,,28,,,-,0,,7,,,-,37,,,-,0,,0,,,-,,-,,
E.N. CENTRAL,2017,14,13,,37,,298,,292,,387,,,-,1,,8,,6,,28,,,-,0,,1,,,-,,-,,
W.N. CENTRAL,2017,14,3,,24,,106,,161,,230,,,-,0,,8,,,-,9,,,-,0,,0,,,-,,-,,
S. ATLANTIC,2017,14,15,,25,,82,,237,,335,,,-,1,,7,,,-,54,,,-,0,,1,,,-,,-,,
E.S. CENTRAL,2017,14,1,,9,,41,,83,,108,,,-,0,,2,,4,,3,,,-,0,,0,,,-,,-,,
W.S. CENTRAL,2017,14,5,,19,,44,,130,,188,,,-,1,,4,,,-,6,,,-,0,,1,,,-,,-,,
MOUNTAIN,2017,14,10,,15,,122,,130,,131,,,-,0,,4,,,-,11,,,-,0,,1,,,-,,-,,
PACIFIC,2017,14,3,,14,,53,,124,,163,,,-,2,,14,,8,,126,,,-,0,,1,,,-,,-,,
AMER. SAMOA,2017,14,,N,0,,0,,,N,,N,,-,0,,2,,6,,,-,,-,0,,0,,,-,,-,,
PUERTO RICO,2017,14,,-,0,,1,,,-,,-,,-,1,,8,,6,,101,,,-,0,,0,,,-,,-,"PUERTO RICO
(18.215692, -66.414655)",
ALASKA,2017,14,,-,0,,1,,3,,4,,,-,0,,2,,,-,,-,,-,0,,0,,,-,,-,"ALASKA
(64.836661, -147.738891)",
INDIANA,2017,14,1,,2,,9,,26,,57,,,-,0,,2,,,-,2,,,-,0,,1,,,-,,-,"INDIANA
(39.76845, -86.156212)",
DELAWARE,2017,14,,-,0,,2,,2,,5,,,-,0,,1,,,-,1,,,-,0,,0,,,-,,-,"DELAWARE
(39.008676, -75.574561)",
NORTH DAKOTA,2017,14,,-,0,,5,,4,,5,,,-,0,,1,,,-,,-,,-,0,,0,,,-,,-,"NORTH DAKOTA
(47.475879, -100.121011)",
C.N.M.I.,2017,14,,-,,-,,-,,-,,-,,-,,-,,-,,-,,-,,-,,-,,-,,-,,-,"NORTHERN MARIANA ISLANDS
(15.1834, 145.725693)",
GEORGIA,2017,14,,-,6,,26,,77,,75,,,-,0,,2,,,-,7,,,-,0,,0,,,-,,-,"GEORGIA
(32.836038, -83.631709)",
MASSACHUSETTS,2017,14,3,,3,,14,,31,,33,,,-,0,,2,,,-,3,,,-,0,,0,,,-,,-,"MASSACHUSETTS
(42.268546, -72.085064)",
MICHIGAN,2017,14,,-,8,,25,,67,,71,,,-,0,,2,,1,,5,,,-,0,,0,,,-,,-,"MICHIGAN
(44.66399, -84.711206)",
NEBRASKA,2017,14,1,,3,,16,,25,,38,,,-,0,,1,,,-,,-,,-,0,,0,,,-,,-,"NEBRASKA
(41.640503, -99.367122)",
KANSAS,2017,14,,-,2,,7,,10,,23,,,-,0,,1,,,-,,-,,-,0,,0,,,-,,-,"KANSAS
(38.345528, -98.201847)",
UTAH,2017,14,,-,2,,24,,17,,39,,,-,0,,1,,,-,2,,,-,0,,0,,,-,,-,"UTAH
(39.359772, -111.584173)",
NEW HAMPSHIRE,2017,14,,-,1,,7,,1,,7,,,-,0,,0,,,-,,-,,-,0,,0,,,-,,-,"NEW HAMPSHIRE
(43.657736, -71.500736)",
WASHINGTON,2017,14,,-,0,,34,,4,,6,,,-,0,,2,,3,,7,,,-,0,,1,,,-,,-,"WASHINGTON
(47.517368, -120.467672)",
ILLINOIS,2017,14,,-,5,,50,,39,,50,,,-,0,,4,,1,,12,,,-,0,,0,,,-,,-,"ILLINOIS
(40.477092, -88.993221)",
KENTUCKY,2017,14,,-,2,,7,,14,,27,,,-,0,,0,,,-,2,,,-,0,,0,,,-,,-,"KENTUCKY
(37.64591, -84.774043)",
FLORIDA,2017,14,10,,10,,31,,86,,123,,,-,0,,2,,,-,22,,,-,0,,0,,,-,,-,"FLORIDA
(28.915325, -81.922409)",
WYOMING,2017,14,,-,0,,3,,,-,4,,,-,0,,0,,,-,,-,,-,0,,0,,,-,,-,"WYOMING
(43.23558, -108.110518)",
ARKANSAS,2017,14,2,,1,,4,,16,,16,,,-,0,,1,,,-,,-,,-,0,,0,,,-,,-,"ARKANSAS
(34.748745, -92.275105)",
IDAHO,2017,14,2,,2,,10,,21,,28,,,-,0,,1,,,-,1,,,-,0,,0,,,-,,-,"IDAHO
(43.680635, -114.364237)",
VIRGIN ISL.,2017,14,,-,0,,0,,,-,,-,,-,0,,3,,1,,13,,,-,0,,0,,,-,,-,"VIRGIN ISLANDS
(18.060868, -64.840836)",
VERMONT,2017,14,1,,1,,11,,8,,4,,,-,0,,1,,,-,1,,,-,0,,0,,,-,,-,"VERMONT
(43.622479, -72.51927)",
COLORADO,2017,14,5,,3,,14,,39,,23,,,-,0,,2,,,-,3,,,-,0,,0,,,-,,-,"COLORADO
(38.841772, -106.132562)",
IOWA,2017,14,,-,9,,65,,57,,74,,,-,0,,5,,,-,3,,,-,0,,0,,,-,,-,"IOWA
(42.46942, -93.815856)",
ARIZONA,2017,14,1,,3,,82,,27,,14,,,-,0,,2,,,-,3,,,-,0,,0,,,-,,-,"ARIZONA
(34.869712, -111.760902)",
OKLAHOMA,2017,14,,-,3,,9,,19,,29,,,-,0,,1,,,-,2,,,-,0,,0,,,-,,-,"OKLAHOMA
(35.468494, -97.521264)",
SOUTH CAROLINA,2017,14,,-,2,,8,,15,,24,,,-,0,,2,,,-,2,,,-,0,,1,,,-,,-,"SOUTH CAROLINA
(34.009286, -81.037094)",
WEST VIRGINIA,2017,14,,-,0,,5,,2,,8,,,-,0,,0,,,-,,-,,-,0,,0,,,-,,-,"WEST VIRGINIA
(38.668501, -80.709421)",
PENNSYLVANIA,2017,14,3,,12,,47,,91,,141,,,-,0,,2,,1,,7,,,-,0,,0,,,-,,-,"PENNSYLVANIA
(40.789676, -77.858055)",
MAINE,2017,14,1,,1,,4,,14,,5,,,-,0,,1,,,-,,-,,-,0,,0,,,-,,-,"MAINE
(45.252223, -68.986647)",
OREGON,2017,14,2,,5,,26,,48,,70,,,-,0,,2,,,-,5,,,-,0,,0,,,-,,-,"OREGON
(44.567912, -120.156945)",
HAWAII,2017,14,,-,0,,3,,,-,,-,,-,0,,1,,2,,51,,,-,0,,0,,,-,,-,"HAWAII
(21.30992, -157.858158)",
VIRGINIA,2017,14,2,,4,,13,,24,,41,,,-,0,,3,,,-,9,,,-,0,,0,,,-,,-,"VIRGINIA
(37.542699, -78.45822)",
OHIO,2017,14,11,,12,,207,,88,,89,,,-,0,,2,,3,,5,,,-,0,,0,,,-,,-,"OHIO
(40.056807, -82.405897)",
TEXAS,2017,14,3,,13,,33,,83,,106,,,-,0,,4,,,-,4,,,-,0,,1,,,-,,-,"TEXAS
(31.827233, -99.423022)",
MISSOURI,2017,14,2,,6,,22,,46,,55,,,-,0,,2,,,-,3,,,-,0,,0,,,-,,-,"MISSOURI
(38.636168, -92.566292)",
MONTANA,2017,14,2,,1,,5,,11,,7,,,-,0,,1,,,-,1,,,-,0,,0,,,-,,-,"MONTANA
(47.062617, -109.430168)",
TENNESSEE,2017,14,,-,2,,10,,20,,32,,,-,0,,1,,2,,,-,,-,0,,0,,,-,,-,"TENNESSEE
(35.681402, -85.774444)",
MINNESOTA,2017,14,,-,0,,0,,,-,,-,,-,0,,1,,,-,3,,,-,0,,0,,,-,,-,"MINNESOTA
(46.357661, -94.793397)",
GUAM,2017,14,,-,0,,0,,,-,,-,,-,1,,1,,,-,,-,,-,0,,0,,,-,,-,"GUAM
(13.3532, 144.653198)",
NEW JERSEY,2017,14,,-,1,,19,,,-,25,,,-,0,,6,,1,,23,,,-,0,,0,,,-,,-,"NEW JERSEY
(40.104655, -74.386686)",
RHODE ISLAND,2017,14,,-,0,,2,,2,,2,,,-,0,,1,,,-,2,,,-,0,,0,,,-,,-,"RHODE ISLAND
(41.707447, -71.522488)",
CALIFORNIA,2017,14,1,,8,,17,,69,,83,,,-,2,,14,,3,,63,,,-,0,,0,,,-,,-,"CALIFORNIA
(37.640735, -121.002435)",
DIST. OF COL.,2017,14,,-,0,,2,,,-,,-,,-,0,,1,,,-,4,,,-,0,,0,,,-,,-,"DISTRICT OF COLUMBIA
(38.892062, -77.019912)",
NORTH CAROLINA,2017,14,,-,3,,17,,15,,41,,,-,0,,3,,,-,1,,,-,0,,0,,,-,,-,"NORTH CAROLINA
(35.47995, -79.180571)",
NEW MEXICO,2017,14,,-,1,,7,,12,,12,,,-,0,,1,,,-,,-,,-,0,,0,,,-,,-,"NEW MEXICO
(34.520396, -106.244402)",
CONNECTICUT,2017,14,,-,1,,6,,9,,10,,,-,0,,0,,,-,5,,,-,0,,0,,,-,,-,"CONNECTICUT
(41.544654, -72.651713)",
ALABAMA,2017,14,1,,5,,25,,38,,41,,,-,0,,1,,,-,1,,,-,0,,0,,,-,,-,"ALABAMA
(32.839182, -86.631125)",
NEW YORK,2017,14,4,,5,,25,,39,,42,,,-,0,,3,,,-,7,,,-,0,,0,,,-,,-,"NEW YORK
(42.826892, -75.544286)",
WISCONSIN,2017,14,1,,11,,62,,72,,120,,,-,0,,1,,1,,4,,,-,0,,0,,,-,,-,"WISCONSIN
(44.395526, -89.834513)",
NEVADA,2017,14,,-,0,,2,,3,,4,,,-,0,,2,,,-,1,,,-,0,,1,,,-,,-,"NEVADA
(39.491833, -117.070159)",
MARYLAND,2017,14,3,,2,,10,,16,,18,,,-,0,,1,,,-,8,,,-,0,,0,,,-,,-,"MARYLAND
(39.290443, -76.612333)",
SOUTH DAKOTA,2017,14,,-,3,,7,,19,,35,,,-,0,,1,,,-,,-,,-,0,,0,,,-,,-,"SOUTH DAKOTA
(44.35371, -100.373709)",
LOUISIANA,2017,14,,-,2,,7,,12,,37,,,-,0,,1,,,-,,-,,-,0,,0,,,-,,-,"LOUISIANA
(31.2931, -92.463284)",
MISSISSIPPI,2017,14,,-,1,,3,,11,,8,,,-,0,,2,,2,,,-,,-,0,,0,,,-,,-,"MISSISSIPPI
(32.738663, -89.537312)",
UNITED STATES,2017,15,39,,167,,758,,1481,,1975,,,-,8,,36,,23,,332,,,-,0,,1,,,-,,-,,
NEW ENGLAND,2017,15,1,,8,,24,,69,,69,,,-,0,,2,,,-,11,,,-,0,,0,,,-,,-,,
MID. ATLANTIC,2017,15,11,,20,,85,,206,,256,,,-,2,,10,,3,,74,,,-,0,,0,,,-,,-,,
NEW YORK CITY,2017,15,4,,4,,12,,46,,28,,,-,0,,7,,,-,37,,,-,0,,0,,,-,,-,,
E.N. CENTRAL,2017,15,3,,37,,299,,307,,425,,,-,1,,8,,6,,29,,,-,0,,1,,,-,,-,,
W.N. CENTRAL,2017,15,4,,23,,106,,178,,251,,,-,0,,8,,,-,9,,,-,0,,0,,,-,,-,,
S. ATLANTIC,2017,15,2,,24,,82,,209,,353,,,-,1,,7,,,-,53,,,-,0,,1,,,-,,-,,
E.S. CENTRAL,2017,15,4,,9,,41,,93,,115,,,-,0,,2,,4,,4,,,-,0,,0,,,-,,-,,
W.S. CENTRAL,2017,15,2,,19,,44,,135,,196,,,-,1,,4,,1,,8,,,-,0,,1,,,-,,-,,
MOUNTAIN,2017,15,8,,15,,121,,142,,134,,,-,0,,4,,,-,11,,,-,0,,1,,,-,,-,,
PACIFIC,2017,15,4,,14,,53,,142,,176,,,-,2,,13,,9,,131,,,-,0,,1,,,-,,-,,
AMER. SAMOA,2017,15,,N,0,,0,,,N,,N,,-,0,,2,,6,,,-,,-,0,,0,,,-,,-,,
GEORGIA,2017,15,,-,6,,26,,77,,82,,,-,0,,2,,,-,7,,,-,0,,0,,,-,,-,"GEORGIA
(32.836038, -83.631709)",
FLORIDA,2017,15,,-,9,,31,,53,,126,,,-,0,,2,,,-,22,,,-,0,,0,,,-,,-,"FLORIDA
(28.915325, -81.922409)",
DIST. OF COL.,2017,15,,-,0,,2,,,-,,-,,-,0,,1,,,-,4,,,-,0,,0,,,-,,-,"DISTRICT OF COLUMBIA
(38.892062, -77.019912)",
ARKANSAS,2017,15,,-,1,,4,,17,,17,,,-,0,,1,,,-,,-,,-,0,,0,,,-,,-,"ARKANSAS
(34.748745, -92.275105)",
KANSAS,2017,15,,-,2,,7,,16,,27,,,-,0,,1,,,-,,-,,-,0,,0,,,-,,-,"KANSAS
(38.345528, -98.201847)",
KENTUCKY,2017,15,1,,2,,7,,17,,31,,,-,0,,0,,,-,2,,,-,0,,0,,,-,,-,"KENTUCKY
(37.64591, -84.774043)",
RHODE ISLAND,2017,15,,-,0,,2,,2,,3,,,-,0,,1,,,-,2,,,-,0,,0,,,-,,-,"RHODE ISLAND
(41.707447, -71.522488)",
ARIZONA,2017,15,1,,3,,82,,28,,14,,,-,0,,2,,,-,3,,,-,0,,0,,,-,,-,"ARIZONA
(34.869712, -111.760902)",
LOUISIANA,2017,15,,-,2,,7,,12,,37,,,-,0,,1,,,-,,-,,-,0,,0,,,-,,-,"LOUISIANA
(31.2931, -92.463284)",
COLORADO,2017,15,1,,4,,14,,40,,25,,,-,0,,2,,,-,3,,,-,0,,0,,,-,,-,"COLORADO
(38.841772, -106.132562)",
DELAWARE,2017,15,,-,0,,2,,2,,5,,,-,0,,1,,,-,1,,,-,0,,0,,,-,,-,"DELAWARE
(39.008676, -75.574561)",
MAINE,2017,15,,-,1,,4,,14,,8,,,-,0,,1,,,-,,-,,-,0,,0,,,-,,-,"MAINE
(45.252223, -68.986647)",
NEBRASKA,2017,15,3,,3,,16,,28,,38,,,-,0,,1,,,-,,-,,-,0,,0,,,-,,-,"NEBRASKA
(41.640503, -99.367122)",
MISSOURI,2017,15,1,,7,,22,,53,,61,,,-,0,,2,,,-,3,,,-,0,,0,,,-,,-,"MISSOURI
(38.636168, -92.566292)",
GUAM,2017,15,,-,0,,0,,,-,,-,,-,1,,1,,,-,,-,,-,0,,0,,,-,,-,"GUAM
(13.3532, 144.653198)",
OREGON,2017,15,3,,5,,26,,57,,76,,,-,0,,2,,,-,8,,,-,0,,0,,,-,,-,"OREGON
(44.567912, -120.156945)",
VERMONT,2017,15,,-,1,,11,,8,,4,,,-,0,,1,,,-,1,,,-,0,,0,,,-,,-,"VERMONT
(43.622479, -72.51927)",
PUERTO RICO,2017,15,,-,0,,1,,,-,,-,,-,1,,8,,8,,107,,,-,0,,0,,,-,,-,"PUERTO RICO
(18.215692, -66.414655)",
PENNSYLVANIA,2017,15,4,,12,,47,,109,,155,,,-,0,,2,,1,,7,,,-,0,,0,,,-,,-,"PENNSYLVANIA
(40.789676, -77.858055)",
VIRGIN ISL.,2017,15,,-,0,,0,,,-,,-,,-,0,,3,,1,,13,,,-,0,,0,,,-,,-,"VIRGIN ISLANDS
(18.060868, -64.840836)",
TEXAS,2017,15,1,,13,,33,,86,,113,,,-,0,,4,,1,,6,,,-,0,,1,,,-,,-,"TEXAS
(31.827233, -99.423022)",
ALABAMA,2017,15,1,,4,,25,,42,,44,,,-,0,,1,,,-,1,,,-,0,,0,,,-,,-,"ALABAMA
(32.839182, -86.631125)",
NEVADA,2017,15,,-,0,,2,,3,,4,,,-,0,,2,,,-,1,,,-,0,,1,,,-,,-,"NEVADA
(39.491833, -117.070159)",
MISSISSIPPI,2017,15,1,,1,,3,,13,,8,,,-,0,,2,,2,,,-,,-,0,,0,,,-,,-,"MISSISSIPPI
(32.738663, -89.537312)",
OHIO,2017,15,3,,12,,207,,91,,97,,,-,0,,2,,3,,5,,,-,0,,0,,,-,,-,"OHIO
(40.056807, -82.405897)",
MONTANA,2017,15,2,,1,,5,,14,,9,,,-,0,,1,,,-,1,,,-,0,,0,,,-,,-,"MONTANA
(47.062617, -109.430168)",
MASSACHUSETTS,2017,15,,-,3,,14,,31,,35,,,-,0,,2,,,-,3,,,-,0,,0,,,-,,-,"MASSACHUSETTS
(42.268546, -72.085064)",
IOWA,2017,15,,-,9,,65,,57,,81,,,-,0,,5,,,-,3,,,-,0,,0,,,-,,-,"IOWA
(42.46942, -93.815856)",
NORTH CAROLINA,2017,15,,-,3,,17,,15,,43,,,-,0,,3,,,-,1,,,-,0,,0,,,-,,-,"NORTH CAROLINA
(35.47995, -79.180571)",
TENNESSEE,2017,15,1,,2,,10,,21,,32,,,-,0,,1,,2,,1,,,-,0,,0,,,-,,-,"TENNESSEE
(35.681402, -85.774444)",
SOUTH DAKOTA,2017,15,,-,3,,7,,20,,38,,,-,0,,1,,,-,,-,,-,0,,0,,,-,,-,"SOUTH DAKOTA
(44.35371, -100.373709)",
NORTH DAKOTA,2017,15,,-,0,,5,,4,,6,,,-,0,,1,,,-,,-,,-,0,,0,,,-,,-,"NORTH DAKOTA
(47.475879, -100.121011)",
NEW JERSEY,2017,15,,-,1,,19,,9,,26,,,-,0,,6,,1,,23,,,-,0,,0,,,-,,-,"NEW JERSEY
(40.104655, -74.386686)",
WASHINGTON,2017,15,,-,0,,34,,4,,6,,,-,0,,2,,3,,8,,,-,0,,1,,,-,,-,"WASHINGTON
(47.517368, -120.467672)",
CALIFORNIA,2017,15,1,,8,,17,,78,,90,,,-,2,,13,,4,,65,,,-,0,,0,,,-,,-,"CALIFORNIA
(37.640735, -121.002435)",
INDIANA,2017,15,,-,3,,10,,28,,64,,,-,0,,2,,,-,2,,,-,0,,1,,,-,,-,"INDIANA
(39.76845, -86.156212)",
MICHIGAN,2017,15,,-,7,,25,,68,,83,,,-,0,,2,,1,,6,,,-,0,,0,,,-,,-,"MICHIGAN
(44.66399, -84.711206)",
IDAHO,2017,15,2,,2,,10,,24,,28,,,-,0,,1,,,-,1,,,-,0,,0,,,-,,-,"IDAHO
(43.680635, -114.364237)",
MARYLAND,2017,15,1,,2,,10,,17,,18,,,-,0,,1,,,-,7,,,-,0,,0,,,-,,-,"MARYLAND
(39.290443, -76.612333)",
OKLAHOMA,2017,15,1,,3,,9,,20,,29,,,-,0,,1,,,-,2,,,-,0,,0,,,-,,-,"OKLAHOMA
(35.468494, -97.521264)",
WEST VIRGINIA,2017,15,,-,0,,5,,3,,8,,,-,0,,0,,,-,,-,,-,0,,0,,,-,,-,"WEST VIRGINIA
(38.668501, -80.709421)",
UTAH,2017,15,2,,2,,23,,20,,36,,,-,0,,1,,,-,2,,,-,0,,0,,,-,,-,"UTAH
(39.359772, -111.584173)",
WISCONSIN,2017,15,,-,11,,62,,72,,131,,,-,0,,1,,1,,4,,,-,0,,0,,,-,,-,"WISCONSIN
(44.395526, -89.834513)",
C.N.M.I.,2017,15,,-,,-,,-,,-,,-,,-,,-,,-,,-,,-,,-,,-,,-,,-,,-,"NORTHERN MARIANA ISLANDS
(15.1834, 145.725693)",
NEW MEXICO,2017,15,,-,1,,7,,13,,13,,,-,0,,1,,,-,,-,,-,0,,0,,,-,,-,"NEW MEXICO
(34.520396, -106.244402)",
ILLINOIS,2017,15,,-,5,,50,,48,,50,,,-,0,,4,,1,,12,,,-,0,,0,,,-,,-,"ILLINOIS
(40.477092, -88.993221)",
VIRGINIA,2017,15,1,,3,,14,,26,,45,,,-,0,,3,,,-,9,,,-,0,,0,,,-,,-,"VIRGINIA
(37.542699, -78.45822)",
NEW YORK,2017,15,3,,5,,25,,42,,47,,,-,0,,3,,1,,7,,,-,0,,0,,,-,,-,"NEW YORK
(42.826892, -75.544286)",
WYOMING,2017,15,,-,0,,3,,,-,5,,,-,0,,0,,,-,,-,,-,0,,0,,,-,,-,"WYOMING
(43.23558, -108.110518)",
CONNECTICUT,2017,15,1,,1,,6,,10,,12,,,-,0,,0,,,-,5,,,-,0,,0,,,-,,-,"CONNECTICUT
(41.544654, -72.651713)",
NEW HAMPSHIRE,2017,15,,-,1,,7,,4,,7,,,-,0,,0,,,-,,-,,-,0,,0,,,-,,-,"NEW HAMPSHIRE
(43.657736, -71.500736)",
MINNESOTA,2017,15,,-,0,,0,,,-,,-,,-,0,,1,,,-,3,,,-,0,,0,,,-,,-,"MINNESOTA
(46.357661, -94.793397)",
ALASKA,2017,15,,-,0,,1,,3,,4,,,-,0,,2,,,-,,-,,-,0,,0,,,-,,-,"ALASKA
(64.836661, -147.738891)",
HAWAII,2017,15,,-,0,,3,,,-,,-,,-,0,,1,,2,,50,,,-,0,,0,,,-,,-,"HAWAII
(21.30992, -157.858158)",
SOUTH CAROLINA,2017,15,,-,1,,8,,16,,26,,,-,0,,2,,,-,2,,,-,0,,1,,,-,,-,"SOUTH CAROLINA
(34.009286, -81.037094)",
