Reporting Area,MMWR Year,MMWR Week,"Vibriosis (Any species of the family Vibrionaceae, other than toxigenic Vibrio cholerae O1 or O139)§, Confirmed Current week","Vibriosis (Any species of the family Vibrionaceae, other than toxigenic Vibrio cholerae O1 or O139)§, Confirmed Current week, flag ","Vibriosis (Any species of the family Vibrionaceae, other than toxigenic Vibrio cholerae O1 or O139)§, Confirmed Previous 52 weeks Med","Vibriosis (Any species of the family Vibrionaceae, other than toxigenic Vibrio cholerae O1 or O139)§, Confirmed Previous 52 weeks Med, flag","Vibriosis (Any species of the family Vibrionaceae, other than toxigenic Vibrio cholerae O1 or O139)§, Confirmed Previous 52 weeks Max","Vibriosis (Any species of the family Vibrionaceae, other than toxigenic Vibrio cholerae O1 or O139)§, Confirmed Previous 52 weeks Max, flag","Vibriosis (Any species of the family Vibrionaceae, other than toxigenic Vibrio cholerae O1 or O139)§, Confirmed Cum 2017","Vibriosis (Any species of the family Vibrionaceae, other than toxigenic Vibrio cholerae O1 or O139)§, Confirmed Cum 2017, flag","Vibriosis (Any species of the family Vibrionaceae, other than toxigenic Vibrio cholerae O1 or O139)§, Confirmed Cum 2016","Vibriosis (Any species of the family Vibrionaceae, other than toxigenic Vibrio cholerae O1 or O139)§, Confirmed Cum 2016, flag","Vibriosis (Any species of the family Vibrionaceae, other than toxigenic Vibrio cholerae O1 or O139)§, Probable Current week","Vibriosis (Any species of the family Vibrionaceae, other than toxigenic Vibrio cholerae O1 or O139)§, Probable Current week, flag","Vibriosis (Any species of the family Vibrionaceae, other than toxigenic Vibrio cholerae O1 or O139)§, Probable Previous 52 weeks Med","Vibriosis (Any species of the family Vibrionaceae, other than toxigenic Vibrio cholerae O1 or O139)§, Probable Previous 52 weeks Med, flag","Vibriosis (Any species of the family Vibrionaceae, other than toxigenic Vibrio cholerae O1 or O139)§, Probable Previous 52 weeks Max","Vibriosis (Any species of the family Vibrionaceae, other than toxigenic Vibrio cholerae O1 or O139)§, Probable Previous 52 weeks Max, flag","Vibriosis (Any species of the family Vibrionaceae, other than toxigenic Vibrio cholerae O1 or O139)§, Probable Cum 2017","Vibriosis (Any species of the family Vibrionaceae, other than toxigenic Vibrio cholerae O1 or O139)§, Probable Cum 2017, flag","Vibriosis (Any species of the family Vibrionaceae, other than toxigenic Vibrio cholerae O1 or O139)§, Probable Cum 2016","Vibriosis (Any species of the family Vibrionaceae, other than toxigenic Vibrio cholerae O1 or O139)§, Probable Cum 2016, flag",Location 1,Location 2
UNITED STATES,2017,1,1,,15,,65,,1,,10,,1,,0,,4,,1,,,-,,
NEW ENGLAND,2017,1,,-,1,,12,,,-,1,,,-,0,,1,,,-,,-,,
MID. ATLANTIC,2017,1,1,,1,,10,,1,,,-,,-,0,,4,,,-,,-,,
NEW YORK CITY,2017,1,,-,0,,3,,,-,,-,,-,0,,1,,,-,,-,,
E.N. CENTRAL,2017,1,,-,1,,5,,,-,1,,,-,0,,1,,,-,,-,,
W.N. CENTRAL,2017,1,,-,0,,2,,,-,1,,,-,0,,1,,,-,,-,,
S. ATLANTIC,2017,1,,-,7,,21,,,-,1,,,-,0,,1,,,-,,-,,
E.S. CENTRAL,2017,1,,-,1,,5,,,-,2,,,-,0,,1,,,-,,-,,
W.S. CENTRAL,2017,1,,-,2,,11,,,-,1,,,-,0,,0,,,-,,-,,
MOUNTAIN,2017,1,,-,0,,3,,,-,,-,1,,0,,1,,1,,,-,,
PACIFIC,2017,1,,-,2,,22,,,-,3,,,-,0,,1,,,-,,-,,
AMER. SAMOA,2017,1,,-,0,,0,,,-,,-,,-,0,,0,,,-,,-,,
NEW JERSEY,2017,1,,-,0,,4,,,-,,-,,-,0,,1,,,-,,-,"NEW JERSEY
(40.104655, -74.386686)",
RHODE ISLAND,2017,1,,-,0,,3,,,-,,-,,-,0,,0,,,-,,-,"RHODE ISLAND
(41.707447, -71.522488)",
DIST. OF COL.,2017,1,,-,0,,0,,,-,,-,,-,0,,0,,,-,,-,"DISTRICT OF COLUMBIA
(38.892062, -77.019912)",
MARYLAND,2017,1,,-,1,,7,,,-,,-,,-,0,,1,,,-,,-,"MARYLAND
(39.290443, -76.612333)",
IDAHO,2017,1,,-,0,,0,,,-,,-,,-,0,,0,,,-,,-,"IDAHO
(43.680635, -114.364237)",
PUERTO RICO,2017,1,,-,0,,0,,,-,,-,,-,0,,0,,,-,,-,"PUERTO RICO
(18.215692, -66.414655)",
KANSAS,2017,1,,-,0,,2,,,-,,-,,-,0,,0,,,-,,-,"KANSAS
(38.345528, -98.201847)",
TEXAS,2017,1,,-,1,,9,,,-,,-,,-,0,,0,,,-,,-,"TEXAS
(31.827233, -99.423022)",
NORTH CAROLINA,2017,1,,-,0,,3,,,-,,-,,-,0,,0,,,-,,-,"NORTH CAROLINA
(35.47995, -79.180571)",
WASHINGTON,2017,1,,-,0,,16,,,-,,-,,-,0,,1,,,-,,-,"WASHINGTON
(47.517368, -120.467672)",
MAINE,2017,1,,-,0,,2,,,-,,-,,-,0,,0,,,-,,-,"MAINE
(45.252223, -68.986647)",
COLORADO,2017,1,,-,0,,0,,,-,,-,1,,0,,0,,1,,,-,"COLORADO
(38.841772, -106.132562)",
HAWAII,2017,1,,-,0,,3,,,-,1,,,-,0,,1,,,-,,-,"HAWAII
(21.30992, -157.858158)",
SOUTH DAKOTA,2017,1,,-,0,,1,,,-,,-,,-,0,,0,,,-,,-,"SOUTH DAKOTA
(44.35371, -100.373709)",
ARKANSAS,2017,1,,-,0,,1,,,-,,-,,-,0,,0,,,-,,-,"ARKANSAS
(34.748745, -92.275105)",
LOUISIANA,2017,1,,-,0,,2,,,-,1,,,-,0,,0,,,-,,-,"LOUISIANA
(31.2931, -92.463284)",
MISSISSIPPI,2017,1,,-,0,,1,,,-,,-,,-,0,,0,,,-,,-,"MISSISSIPPI
(32.738663, -89.537312)",
KENTUCKY,2017,1,,-,0,,1,,,-,,-,,-,0,,0,,,-,,-,"KENTUCKY
(37.64591, -84.774043)",
ARIZONA,2017,1,,-,0,,3,,,-,,-,,-,0,,0,,,-,,-,"ARIZONA
(34.869712, -111.760902)",
INDIANA,2017,1,,-,0,,2,,,-,,-,,-,0,,0,,,-,,-,"INDIANA
(39.76845, -86.156212)",
NORTH DAKOTA,2017,1,,-,0,,1,,,-,,-,,-,0,,0,,,-,,-,"NORTH DAKOTA
(47.475879, -100.121011)",
CONNECTICUT,2017,1,,-,0,,2,,,-,,-,,-,0,,0,,,-,,-,"CONNECTICUT
(41.544654, -72.651713)",
MICHIGAN,2017,1,,-,0,,1,,,-,1,,,-,0,,1,,,-,,-,"MICHIGAN
(44.66399, -84.711206)",
NEW YORK,2017,1,1,,0,,5,,1,,,-,,-,0,,4,,,-,,-,"NEW YORK
(42.826892, -75.544286)",
WEST VIRGINIA,2017,1,,-,0,,1,,,-,,-,,-,0,,0,,,-,,-,"WEST VIRGINIA
(38.668501, -80.709421)",
SOUTH CAROLINA,2017,1,,-,0,,3,,,-,,-,,-,0,,0,,,-,,-,"SOUTH CAROLINA
(34.009286, -81.037094)",
OHIO,2017,1,,-,0,,2,,,-,,-,,-,0,,0,,,-,,-,"OHIO
(40.056807, -82.405897)",
VERMONT,2017,1,,-,0,,0,,,-,,-,,-,0,,0,,,-,,-,"VERMONT
(43.622479, -72.51927)",
OKLAHOMA,2017,1,,-,0,,1,,,-,,-,,-,0,,0,,,-,,-,"OKLAHOMA
(35.468494, -97.521264)",
MASSACHUSETTS,2017,1,,-,1,,7,,,-,,-,,-,0,,0,,,-,,-,"MASSACHUSETTS
(42.268546, -72.085064)",
ALASKA,2017,1,,-,0,,2,,,-,,-,,-,0,,0,,,-,,-,"ALASKA
(64.836661, -147.738891)",
NEW HAMPSHIRE,2017,1,,-,0,,1,,,-,1,,,-,0,,1,,,-,,-,"NEW HAMPSHIRE
(43.657736, -71.500736)",
ILLINOIS,2017,1,,-,0,,3,,,-,,-,,-,0,,0,,,-,,-,"ILLINOIS
(40.477092, -88.993221)",
WISCONSIN,2017,1,,-,0,,1,,,-,,-,,-,0,,0,,,-,,-,"WISCONSIN
(44.395526, -89.834513)",
VIRGINIA,2017,1,,-,0,,6,,,-,,-,,-,0,,0,,,-,,-,"VIRGINIA
(37.542699, -78.45822)",
NEBRASKA,2017,1,,-,0,,0,,,-,,-,,-,0,,1,,,-,,-,"NEBRASKA
(41.640503, -99.367122)",
PENNSYLVANIA,2017,1,,-,0,,3,,,-,,-,,-,0,,0,,,-,,-,"PENNSYLVANIA
(40.789676, -77.858055)",
MISSOURI,2017,1,,-,0,,1,,,-,1,,,-,0,,0,,,-,,-,"MISSOURI
(38.636168, -92.566292)",
GEORGIA,2017,1,,-,0,,2,,,-,1,,,-,0,,0,,,-,,-,"GEORGIA
(32.836038, -83.631709)",
FLORIDA,2017,1,,-,3,,10,,,-,,-,,-,0,,1,,,-,,-,"FLORIDA
(28.915325, -81.922409)",
TENNESSEE,2017,1,,-,0,,2,,,-,1,,,-,0,,1,,,-,,-,"TENNESSEE
(35.681402, -85.774444)",
ALABAMA,2017,1,,-,0,,4,,,-,1,,,-,0,,0,,,-,,-,"ALABAMA
(32.839182, -86.631125)",
IOWA,2017,1,,-,0,,0,,,-,,-,,-,0,,0,,,-,,-,"IOWA
(42.46942, -93.815856)",
UTAH,2017,1,,-,0,,1,,,-,,-,,-,0,,0,,,-,,-,"UTAH
(39.359772, -111.584173)",
OREGON,2017,1,,-,0,,3,,,-,,-,,-,0,,1,,,-,,-,"OREGON
(44.567912, -120.156945)",
MINNESOTA,2017,1,,-,0,,0,,,-,,-,,-,0,,0,,,-,,-,"MINNESOTA
(46.357661, -94.793397)",
NEVADA,2017,1,,-,0,,1,,,-,,-,,-,0,,1,,,-,,-,"NEVADA
(39.491833, -117.070159)",
DELAWARE,2017,1,,-,0,,3,,,-,,-,,-,0,,0,,,-,,-,"DELAWARE
(39.008676, -75.574561)",
NEW MEXICO,2017,1,,-,0,,0,,,-,,-,,-,0,,0,,,-,,-,"NEW MEXICO
(34.520396, -106.244402)",
VIRGIN ISL.,2017,1,,-,0,,0,,,-,,-,,-,0,,0,,,-,,-,"VIRGIN ISLANDS
(18.060868, -64.840836)",
C.N.M.I.,2017,1,,-,,-,,-,,-,,-,,-,,-,,-,,-,,-,"NORTHERN MARIANA ISLANDS
(15.1834, 145.725693)",
MONTANA,2017,1,,-,0,,1,,,-,,-,,-,0,,0,,,-,,-,"MONTANA
(47.062617, -109.430168)",
WYOMING,2017,1,,-,0,,0,,,-,,-,,-,0,,0,,,-,,-,"WYOMING
(43.23558, -108.110518)",
CALIFORNIA,2017,1,,-,2,,10,,,-,2,,,-,0,,0,,,-,,-,"CALIFORNIA
(37.640735, -121.002435)",
GUAM,2017,1,,-,0,,0,,,-,,-,,-,0,,0,,,-,,-,"GUAM
(13.3532, 144.653198)",
UNITED STATES,2017,2,6,,16,,67,,9,,26,,,-,0,,4,,1,,,-,,
NEW ENGLAND,2017,2,,-,1,,12,,,-,2,,,-,0,,1,,,-,,-,,
MID. ATLANTIC,2017,2,,-,1,,10,,1,,,-,,-,0,,4,,,-,,-,,
NEW YORK CITY,2017,2,,-,0,,3,,,-,,-,,-,0,,1,,,-,,-,,
E.N. CENTRAL,2017,2,,-,1,,5,,,-,2,,,-,0,,1,,,-,,-,,
W.N. CENTRAL,2017,2,,-,0,,2,,,-,1,,,-,0,,1,,,-,,-,,
S. ATLANTIC,2017,2,4,,7,,21,,5,,8,,,-,0,,1,,,-,,-,,
E.S. CENTRAL,2017,2,,-,1,,5,,,-,4,,,-,0,,1,,,-,,-,,
W.S. CENTRAL,2017,2,,-,2,,11,,,-,4,,,-,0,,0,,,-,,-,,
MOUNTAIN,2017,2,1,,1,,4,,2,,1,,,-,0,,1,,1,,,-,,
PACIFIC,2017,2,1,,2,,22,,1,,4,,,-,0,,1,,,-,,-,,
AMER. SAMOA,2017,2,,-,0,,0,,,-,,-,,-,0,,0,,,-,,-,,
NEW YORK,2017,2,,-,0,,5,,1,,,-,,-,0,,4,,,-,,-,"NEW YORK
(42.826892, -75.544286)",
OHIO,2017,2,,-,0,,2,,,-,,-,,-,0,,0,,,-,,-,"OHIO
(40.056807, -82.405897)",
DIST. OF COL.,2017,2,,-,0,,0,,,-,,-,,-,0,,0,,,-,,-,"DISTRICT OF COLUMBIA
(38.892062, -77.019912)",
VIRGINIA,2017,2,,-,0,,6,,,-,,-,,-,0,,0,,,-,,-,"VIRGINIA
(37.542699, -78.45822)",
NEVADA,2017,2,,-,0,,1,,,-,,-,,-,0,,1,,,-,,-,"NEVADA
(39.491833, -117.070159)",
NORTH DAKOTA,2017,2,,-,0,,1,,,-,,-,,-,0,,0,,,-,,-,"NORTH DAKOTA
(47.475879, -100.121011)",
VERMONT,2017,2,,-,0,,0,,,-,,-,,-,0,,0,,,-,,-,"VERMONT
(43.622479, -72.51927)",
CALIFORNIA,2017,2,,-,1,,10,,,-,3,,,-,0,,0,,,-,,-,"CALIFORNIA
(37.640735, -121.002435)",
MARYLAND,2017,2,,-,1,,7,,1,,,-,,-,0,,1,,,-,,-,"MARYLAND
(39.290443, -76.612333)",
TENNESSEE,2017,2,,-,0,,2,,,-,1,,,-,0,,1,,,-,,-,"TENNESSEE
(35.681402, -85.774444)",
ALASKA,2017,2,,-,0,,2,,,-,,-,,-,0,,0,,,-,,-,"ALASKA
(64.836661, -147.738891)",
DELAWARE,2017,2,,-,0,,3,,,-,,-,,-,0,,0,,,-,,-,"DELAWARE
(39.008676, -75.574561)",
PUERTO RICO,2017,2,,-,0,,0,,,-,,-,,-,0,,0,,,-,,-,"PUERTO RICO
(18.215692, -66.414655)",
SOUTH CAROLINA,2017,2,,-,0,,3,,,-,,-,,-,0,,0,,,-,,-,"SOUTH CAROLINA
(34.009286, -81.037094)",
ARKANSAS,2017,2,,-,0,,1,,,-,,-,,-,0,,0,,,-,,-,"ARKANSAS
(34.748745, -92.275105)",
WEST VIRGINIA,2017,2,,-,0,,1,,,-,,-,,-,0,,0,,,-,,-,"WEST VIRGINIA
(38.668501, -80.709421)",
VIRGIN ISL.,2017,2,,-,0,,0,,,-,,-,,-,0,,0,,,-,,-,"VIRGIN ISLANDS
(18.060868, -64.840836)",
CONNECTICUT,2017,2,,-,0,,2,,,-,,-,,-,0,,0,,,-,,-,"CONNECTICUT
(41.544654, -72.651713)",
NEW MEXICO,2017,2,,-,0,,0,,,-,,-,,-,0,,0,,,-,,-,"NEW MEXICO
(34.520396, -106.244402)",
IOWA,2017,2,,-,0,,0,,,-,,-,,-,0,,0,,,-,,-,"IOWA
(42.46942, -93.815856)",
MASSACHUSETTS,2017,2,,-,1,,7,,,-,1,,,-,0,,0,,,-,,-,"MASSACHUSETTS
(42.268546, -72.085064)",
ARIZONA,2017,2,,-,0,,3,,,-,,-,,-,0,,0,,,-,,-,"ARIZONA
(34.869712, -111.760902)",
TEXAS,2017,2,,-,1,,9,,,-,1,,,-,0,,0,,,-,,-,"TEXAS
(31.827233, -99.423022)",
GEORGIA,2017,2,,-,0,,2,,,-,2,,,-,0,,0,,,-,,-,"GEORGIA
(32.836038, -83.631709)",
KANSAS,2017,2,,-,0,,2,,,-,,-,,-,0,,0,,,-,,-,"KANSAS
(38.345528, -98.201847)",
LOUISIANA,2017,2,,-,0,,2,,,-,3,,,-,0,,0,,,-,,-,"LOUISIANA
(31.2931, -92.463284)",
MISSOURI,2017,2,,-,0,,1,,,-,1,,,-,0,,0,,,-,,-,"MISSOURI
(38.636168, -92.566292)",
NEW JERSEY,2017,2,,-,0,,4,,,-,,-,,-,0,,1,,,-,,-,"NEW JERSEY
(40.104655, -74.386686)",
C.N.M.I.,2017,2,,-,,-,,-,,-,,-,,-,,-,,-,,-,,-,"NORTHERN MARIANA ISLANDS
(15.1834, 145.725693)",
MINNESOTA,2017,2,,-,0,,0,,,-,,-,,-,0,,0,,,-,,-,"MINNESOTA
(46.357661, -94.793397)",
NEW HAMPSHIRE,2017,2,,-,0,,1,,,-,1,,,-,0,,1,,,-,,-,"NEW HAMPSHIRE
(43.657736, -71.500736)",
WASHINGTON,2017,2,,-,0,,16,,,-,,-,,-,0,,1,,,-,,-,"WASHINGTON
(47.517368, -120.467672)",
WYOMING,2017,2,,-,0,,1,,,-,,-,,-,0,,0,,,-,,-,"WYOMING
(43.23558, -108.110518)",
ILLINOIS,2017,2,,-,0,,3,,,-,1,,,-,0,,0,,,-,,-,"ILLINOIS
(40.477092, -88.993221)",
WISCONSIN,2017,2,,-,0,,1,,,-,,-,,-,0,,0,,,-,,-,"WISCONSIN
(44.395526, -89.834513)",
MISSISSIPPI,2017,2,,-,0,,1,,,-,,-,,-,0,,0,,,-,,-,"MISSISSIPPI
(32.738663, -89.537312)",
NEBRASKA,2017,2,,-,0,,0,,,-,,-,,-,0,,1,,,-,,-,"NEBRASKA
(41.640503, -99.367122)",
HAWAII,2017,2,,-,0,,3,,,-,1,,,-,0,,1,,,-,,-,"HAWAII
(21.30992, -157.858158)",
UTAH,2017,2,,-,0,,1,,1,,1,,,-,0,,0,,,-,,-,"UTAH
(39.359772, -111.584173)",
COLORADO,2017,2,1,,0,,2,,1,,,-,,-,0,,1,,1,,,-,"COLORADO
(38.841772, -106.132562)",
ALABAMA,2017,2,,-,0,,4,,,-,2,,,-,0,,0,,,-,,-,"ALABAMA
(32.839182, -86.631125)",
FLORIDA,2017,2,4,,3,,10,,4,,6,,,-,0,,1,,,-,,-,"FLORIDA
(28.915325, -81.922409)",
MICHIGAN,2017,2,,-,0,,1,,,-,1,,,-,0,,1,,,-,,-,"MICHIGAN
(44.66399, -84.711206)",
INDIANA,2017,2,,-,0,,2,,,-,,-,,-,0,,0,,,-,,-,"INDIANA
(39.76845, -86.156212)",
MAINE,2017,2,,-,0,,2,,,-,,-,,-,0,,0,,,-,,-,"MAINE
(45.252223, -68.986647)",
KENTUCKY,2017,2,,-,0,,1,,,-,1,,,-,0,,0,,,-,,-,"KENTUCKY
(37.64591, -84.774043)",
MONTANA,2017,2,,-,0,,1,,,-,,-,,-,0,,0,,,-,,-,"MONTANA
(47.062617, -109.430168)",
IDAHO,2017,2,,-,0,,0,,,-,,-,,-,0,,0,,,-,,-,"IDAHO
(43.680635, -114.364237)",
RHODE ISLAND,2017,2,,-,0,,3,,,-,,-,,-,0,,0,,,-,,-,"RHODE ISLAND
(41.707447, -71.522488)",
SOUTH DAKOTA,2017,2,,-,0,,1,,,-,,-,,-,0,,0,,,-,,-,"SOUTH DAKOTA
(44.35371, -100.373709)",
NORTH CAROLINA,2017,2,,-,0,,3,,,-,,-,,-,0,,0,,,-,,-,"NORTH CAROLINA
(35.47995, -79.180571)",
PENNSYLVANIA,2017,2,,-,0,,3,,,-,,-,,-,0,,0,,,-,,-,"PENNSYLVANIA
(40.789676, -77.858055)",
OREGON,2017,2,1,,0,,3,,1,,,-,,-,0,,1,,,-,,-,"OREGON
(44.567912, -120.156945)",
GUAM,2017,2,,-,0,,0,,,-,,-,,-,0,,0,,,-,,-,"GUAM
(13.3532, 144.653198)",
OKLAHOMA,2017,2,,-,0,,1,,,-,,-,,-,0,,0,,,-,,-,"OKLAHOMA
(35.468494, -97.521264)",
UNITED STATES,2017,3,6,,15,,67,,15,,33,,1,,0,,4,,3,,1,,,
NEW ENGLAND,2017,3,,-,1,,12,,,-,3,,,-,0,,1,,,-,,-,,
MID. ATLANTIC,2017,3,,-,1,,10,,1,,,-,,-,0,,4,,,-,,-,,
NEW YORK CITY,2017,3,,-,0,,3,,,-,,-,,-,0,,1,,,-,,-,,
E.N. CENTRAL,2017,3,1,,1,,5,,1,,3,,,-,0,,1,,,-,,-,,
W.N. CENTRAL,2017,3,,-,0,,2,,,-,1,,,-,0,,1,,,-,,-,,
S. ATLANTIC,2017,3,5,,7,,21,,9,,13,,1,,0,,1,,1,,1,,,
E.S. CENTRAL,2017,3,,-,1,,5,,,-,4,,,-,0,,1,,,-,,-,,
W.S. CENTRAL,2017,3,,-,1,,11,,1,,4,,,-,0,,0,,,-,,-,,
MOUNTAIN,2017,3,,-,1,,4,,2,,1,,,-,0,,1,,1,,,-,,
PACIFIC,2017,3,,-,2,,22,,1,,4,,,-,0,,1,,1,,,-,,
AMER. SAMOA,2017,3,,-,0,,0,,,-,,-,,-,0,,0,,,-,,-,,
NORTH DAKOTA,2017,3,,-,0,,1,,,-,,-,,-,0,,0,,,-,,-,"NORTH DAKOTA
(47.475879, -100.121011)",
COLORADO,2017,3,,-,0,,2,,1,,,-,,-,0,,1,,1,,,-,"COLORADO
(38.841772, -106.132562)",
OHIO,2017,3,1,,0,,2,,1,,,-,,-,0,,0,,,-,,-,"OHIO
(40.056807, -82.405897)",
C.N.M.I.,2017,3,,-,,-,,-,,-,,-,,-,,-,,-,,-,,-,"NORTHERN MARIANA ISLANDS
(15.1834, 145.725693)",
MARYLAND,2017,3,,-,1,,7,,1,,,-,,-,0,,1,,,-,1,,"MARYLAND
(39.290443, -76.612333)",
NEBRASKA,2017,3,,-,0,,0,,,-,,-,,-,0,,1,,,-,,-,"NEBRASKA
(41.640503, -99.367122)",
MISSISSIPPI,2017,3,,-,0,,1,,,-,,-,,-,0,,0,,,-,,-,"MISSISSIPPI
(32.738663, -89.537312)",
ARKANSAS,2017,3,,-,0,,1,,,-,,-,,-,0,,0,,,-,,-,"ARKANSAS
(34.748745, -92.275105)",
NORTH CAROLINA,2017,3,,-,0,,3,,,-,1,,,-,0,,0,,,-,,-,"NORTH CAROLINA
(35.47995, -79.180571)",
GUAM,2017,3,,-,0,,0,,,-,,-,,-,0,,0,,,-,,-,"GUAM
(13.3532, 144.653198)",
TEXAS,2017,3,,-,1,,9,,1,,1,,,-,0,,0,,,-,,-,"TEXAS
(31.827233, -99.423022)",
NEW MEXICO,2017,3,,-,0,,0,,,-,,-,,-,0,,0,,,-,,-,"NEW MEXICO
(34.520396, -106.244402)",
NEW YORK,2017,3,,-,0,,5,,1,,,-,,-,0,,4,,,-,,-,"NEW YORK
(42.826892, -75.544286)",
ALASKA,2017,3,,-,0,,2,,,-,,-,,-,0,,0,,,-,,-,"ALASKA
(64.836661, -147.738891)",
ALABAMA,2017,3,,-,0,,4,,,-,2,,,-,0,,1,,,-,,-,"ALABAMA
(32.839182, -86.631125)",
TENNESSEE,2017,3,,-,0,,2,,,-,1,,,-,0,,1,,,-,,-,"TENNESSEE
(35.681402, -85.774444)",
MAINE,2017,3,,-,0,,2,,,-,,-,,-,0,,0,,,-,,-,"MAINE
(45.252223, -68.986647)",
MASSACHUSETTS,2017,3,,-,0,,7,,,-,2,,,-,0,,0,,,-,,-,"MASSACHUSETTS
(42.268546, -72.085064)",
VIRGINIA,2017,3,,-,0,,6,,,-,,-,,-,0,,0,,,-,,-,"VIRGINIA
(37.542699, -78.45822)",
SOUTH CAROLINA,2017,3,,-,0,,3,,,-,2,,,-,0,,0,,,-,,-,"SOUTH CAROLINA
(34.009286, -81.037094)",
DIST. OF COL.,2017,3,,-,0,,0,,,-,,-,,-,0,,0,,,-,,-,"DISTRICT OF COLUMBIA
(38.892062, -77.019912)",
MONTANA,2017,3,,-,0,,1,,,-,,-,,-,0,,0,,,-,,-,"MONTANA
(47.062617, -109.430168)",
CONNECTICUT,2017,3,,-,0,,2,,,-,,-,,-,0,,0,,,-,,-,"CONNECTICUT
(41.544654, -72.651713)",
RHODE ISLAND,2017,3,,-,0,,3,,,-,,-,,-,0,,0,,,-,,-,"RHODE ISLAND
(41.707447, -71.522488)",
WEST VIRGINIA,2017,3,,-,0,,1,,,-,,-,,-,0,,0,,,-,,-,"WEST VIRGINIA
(38.668501, -80.709421)",
OKLAHOMA,2017,3,,-,0,,1,,,-,,-,,-,0,,0,,,-,,-,"OKLAHOMA
(35.468494, -97.521264)",
VIRGIN ISL.,2017,3,,-,0,,0,,,-,,-,,-,0,,0,,,-,,-,"VIRGIN ISLANDS
(18.060868, -64.840836)",
FLORIDA,2017,3,5,,3,,10,,8,,8,,1,,0,,1,,1,,,-,"FLORIDA
(28.915325, -81.922409)",
MINNESOTA,2017,3,,-,0,,0,,,-,,-,,-,0,,0,,,-,,-,"MINNESOTA
(46.357661, -94.793397)",
MISSOURI,2017,3,,-,0,,1,,,-,1,,,-,0,,0,,,-,,-,"MISSOURI
(38.636168, -92.566292)",
WYOMING,2017,3,,-,0,,1,,,-,,-,,-,0,,0,,,-,,-,"WYOMING
(43.23558, -108.110518)",
GEORGIA,2017,3,,-,0,,2,,,-,2,,,-,0,,0,,,-,,-,"GEORGIA
(32.836038, -83.631709)",
HAWAII,2017,3,,-,0,,3,,,-,1,,,-,0,,1,,,-,,-,"HAWAII
(21.30992, -157.858158)",
LOUISIANA,2017,3,,-,0,,2,,,-,3,,,-,0,,0,,,-,,-,"LOUISIANA
(31.2931, -92.463284)",
IDAHO,2017,3,,-,0,,0,,,-,,-,,-,0,,0,,,-,,-,"IDAHO
(43.680635, -114.364237)",
KENTUCKY,2017,3,,-,0,,1,,,-,1,,,-,0,,0,,,-,,-,"KENTUCKY
(37.64591, -84.774043)",
OREGON,2017,3,,-,0,,3,,1,,,-,,-,0,,1,,1,,,-,"OREGON
(44.567912, -120.156945)",
KANSAS,2017,3,,-,0,,2,,,-,,-,,-,0,,0,,,-,,-,"KANSAS
(38.345528, -98.201847)",
WASHINGTON,2017,3,,-,0,,16,,,-,,-,,-,0,,1,,,-,,-,"WASHINGTON
(47.517368, -120.467672)",
PENNSYLVANIA,2017,3,,-,0,,3,,,-,,-,,-,0,,0,,,-,,-,"PENNSYLVANIA
(40.789676, -77.858055)",
NEW JERSEY,2017,3,,-,0,,4,,,-,,-,,-,0,,1,,,-,,-,"NEW JERSEY
(40.104655, -74.386686)",
DELAWARE,2017,3,,-,0,,3,,,-,,-,,-,0,,0,,,-,,-,"DELAWARE
(39.008676, -75.574561)",
SOUTH DAKOTA,2017,3,,-,0,,1,,,-,,-,,-,0,,0,,,-,,-,"SOUTH DAKOTA
(44.35371, -100.373709)",
CALIFORNIA,2017,3,,-,1,,10,,,-,3,,,-,0,,0,,,-,,-,"CALIFORNIA
(37.640735, -121.002435)",
INDIANA,2017,3,,-,0,,2,,,-,1,,,-,0,,0,,,-,,-,"INDIANA
(39.76845, -86.156212)",
VERMONT,2017,3,,-,0,,0,,,-,,-,,-,0,,0,,,-,,-,"VERMONT
(43.622479, -72.51927)",
WISCONSIN,2017,3,,-,0,,1,,,-,,-,,-,0,,0,,,-,,-,"WISCONSIN
(44.395526, -89.834513)",
ARIZONA,2017,3,,-,0,,3,,,-,,-,,-,0,,0,,,-,,-,"ARIZONA
(34.869712, -111.760902)",
IOWA,2017,3,,-,0,,0,,,-,,-,,-,0,,0,,,-,,-,"IOWA
(42.46942, -93.815856)",
UTAH,2017,3,,-,0,,1,,1,,1,,,-,0,,0,,,-,,-,"UTAH
(39.359772, -111.584173)",
ILLINOIS,2017,3,,-,0,,3,,,-,1,,,-,0,,0,,,-,,-,"ILLINOIS
(40.477092, -88.993221)",
NEW HAMPSHIRE,2017,3,,-,0,,1,,,-,1,,,-,0,,1,,,-,,-,"NEW HAMPSHIRE
(43.657736, -71.500736)",
MICHIGAN,2017,3,,-,0,,1,,,-,1,,,-,0,,1,,,-,,-,"MICHIGAN
(44.66399, -84.711206)",
NEVADA,2017,3,,-,0,,1,,,-,,-,,-,0,,1,,,-,,-,"NEVADA
(39.491833, -117.070159)",
PUERTO RICO,2017,3,,-,0,,0,,,-,,-,,-,0,,0,,,-,,-,"PUERTO RICO
(18.215692, -66.414655)",
UNITED STATES,2017,4,4,,15,,68,,22,,44,,2,,0,,4,,5,,1,,,
NEW ENGLAND,2017,4,1,,1,,13,,1,,3,,,-,0,,1,,,-,,-,,
MID. ATLANTIC,2017,4,,-,1,,10,,2,,1,,,-,0,,4,,,-,,-,,
NEW YORK CITY,2017,4,,-,0,,3,,,-,,-,,-,0,,1,,,-,,-,,
E.N. CENTRAL,2017,4,,-,1,,5,,1,,4,,,-,0,,1,,,-,,-,,
W.N. CENTRAL,2017,4,,-,0,,2,,,-,1,,,-,0,,1,,,-,,-,,
S. ATLANTIC,2017,4,3,,7,,21,,12,,15,,,-,0,,1,,1,,1,,,
E.S. CENTRAL,2017,4,,-,1,,5,,,-,6,,,-,0,,1,,,-,,-,,
W.S. CENTRAL,2017,4,,-,1,,11,,1,,4,,,-,0,,0,,,-,,-,,
MOUNTAIN,2017,4,,-,1,,4,,2,,1,,2,,0,,1,,4,,,-,,
PACIFIC,2017,4,,-,2,,22,,3,,9,,,-,0,,1,,,-,,-,,
AMER. SAMOA,2017,4,,-,0,,0,,,-,,-,,-,0,,0,,,-,,-,,
ALASKA,2017,4,,-,0,,2,,,-,,-,,-,0,,0,,,-,,-,"ALASKA
(64.836661, -147.738891)",
CONNECTICUT,2017,4,,-,0,,3,,,-,,-,,-,0,,0,,,-,,-,"CONNECTICUT
(41.544654, -72.651713)",
TENNESSEE,2017,4,,-,0,,2,,,-,3,,,-,0,,1,,,-,,-,"TENNESSEE
(35.681402, -85.774444)",
ILLINOIS,2017,4,,-,0,,3,,,-,2,,,-,0,,0,,,-,,-,"ILLINOIS
(40.477092, -88.993221)",
WYOMING,2017,4,,-,0,,1,,,-,,-,,-,0,,0,,,-,,-,"WYOMING
(43.23558, -108.110518)",
NEBRASKA,2017,4,,-,0,,0,,,-,,-,,-,0,,1,,,-,,-,"NEBRASKA
(41.640503, -99.367122)",
GUAM,2017,4,,-,0,,0,,,-,,-,,-,0,,0,,,-,,-,"GUAM
(13.3532, 144.653198)",
FLORIDA,2017,4,3,,3,,10,,11,,9,,,-,0,,1,,1,,,-,"FLORIDA
(28.915325, -81.922409)",
MISSOURI,2017,4,,-,0,,1,,,-,1,,,-,0,,0,,,-,,-,"MISSOURI
(38.636168, -92.566292)",
ARIZONA,2017,4,,-,0,,3,,,-,,-,1,,0,,0,,1,,,-,"ARIZONA
(34.869712, -111.760902)",
DIST. OF COL.,2017,4,,-,0,,0,,,-,,-,,-,0,,0,,,-,,-,"DISTRICT OF COLUMBIA
(38.892062, -77.019912)",
MARYLAND,2017,4,,-,1,,7,,1,,,-,,-,0,,1,,,-,1,,"MARYLAND
(39.290443, -76.612333)",
KENTUCKY,2017,4,,-,0,,1,,,-,1,,,-,0,,0,,,-,,-,"KENTUCKY
(37.64591, -84.774043)",
IOWA,2017,4,,-,0,,0,,,-,,-,,-,0,,0,,,-,,-,"IOWA
(42.46942, -93.815856)",
NEW JERSEY,2017,4,,-,0,,4,,,-,,-,,-,0,,1,,,-,,-,"NEW JERSEY
(40.104655, -74.386686)",
NEW YORK,2017,4,,-,0,,5,,1,,1,,,-,0,,4,,,-,,-,"NEW YORK
(42.826892, -75.544286)",
IDAHO,2017,4,,-,0,,0,,,-,,-,,-,0,,0,,,-,,-,"IDAHO
(43.680635, -114.364237)",
NEW HAMPSHIRE,2017,4,,-,0,,1,,,-,1,,,-,0,,1,,,-,,-,"NEW HAMPSHIRE
(43.657736, -71.500736)",
PUERTO RICO,2017,4,,-,0,,0,,,-,,-,,-,0,,0,,,-,,-,"PUERTO RICO
(18.215692, -66.414655)",
NORTH CAROLINA,2017,4,,-,0,,3,,,-,1,,,-,0,,0,,,-,,-,"NORTH CAROLINA
(35.47995, -79.180571)",
SOUTH CAROLINA,2017,4,,-,0,,3,,,-,2,,,-,0,,0,,,-,,-,"SOUTH CAROLINA
(34.009286, -81.037094)",
NEVADA,2017,4,,-,0,,1,,,-,,-,,-,0,,1,,,-,,-,"NEVADA
(39.491833, -117.070159)",
MINNESOTA,2017,4,,-,0,,0,,,-,,-,,-,0,,0,,,-,,-,"MINNESOTA
(46.357661, -94.793397)",
SOUTH DAKOTA,2017,4,,-,0,,1,,,-,,-,,-,0,,0,,,-,,-,"SOUTH DAKOTA
(44.35371, -100.373709)",
OHIO,2017,4,,-,0,,2,,1,,,-,,-,0,,0,,,-,,-,"OHIO
(40.056807, -82.405897)",
OKLAHOMA,2017,4,,-,0,,1,,,-,,-,,-,0,,0,,,-,,-,"OKLAHOMA
(35.468494, -97.521264)",
TEXAS,2017,4,,-,1,,9,,1,,1,,,-,0,,0,,,-,,-,"TEXAS
(31.827233, -99.423022)",
COLORADO,2017,4,,-,0,,2,,1,,,-,1,,0,,1,,2,,,-,"COLORADO
(38.841772, -106.132562)",
C.N.M.I.,2017,4,,-,,-,,-,,-,,-,,-,,-,,-,,-,,-,"NORTHERN MARIANA ISLANDS
(15.1834, 145.725693)",
VERMONT,2017,4,,-,0,,0,,,-,,-,,-,0,,0,,,-,,-,"VERMONT
(43.622479, -72.51927)",
MISSISSIPPI,2017,4,,-,0,,1,,,-,,-,,-,0,,0,,,-,,-,"MISSISSIPPI
(32.738663, -89.537312)",
INDIANA,2017,4,,-,0,,2,,,-,1,,,-,0,,0,,,-,,-,"INDIANA
(39.76845, -86.156212)",
NORTH DAKOTA,2017,4,,-,0,,1,,,-,,-,,-,0,,0,,,-,,-,"NORTH DAKOTA
(47.475879, -100.121011)",
ARKANSAS,2017,4,,-,0,,1,,,-,,-,,-,0,,0,,,-,,-,"ARKANSAS
(34.748745, -92.275105)",
MONTANA,2017,4,,-,0,,1,,,-,,-,,-,0,,0,,,-,,-,"MONTANA
(47.062617, -109.430168)",
KANSAS,2017,4,,-,0,,2,,,-,,-,,-,0,,0,,,-,,-,"KANSAS
(38.345528, -98.201847)",
VIRGIN ISL.,2017,4,,-,0,,0,,,-,,-,,-,0,,0,,,-,,-,"VIRGIN ISLANDS
(18.060868, -64.840836)",
WISCONSIN,2017,4,,-,0,,1,,,-,,-,,-,0,,0,,,-,,-,"WISCONSIN
(44.395526, -89.834513)",
MASSACHUSETTS,2017,4,1,,0,,7,,1,,2,,,-,0,,0,,,-,,-,"MASSACHUSETTS
(42.268546, -72.085064)",
WASHINGTON,2017,4,,-,0,,16,,,-,,-,,-,0,,1,,,-,,-,"WASHINGTON
(47.517368, -120.467672)",
MAINE,2017,4,,-,0,,2,,,-,,-,,-,0,,0,,,-,,-,"MAINE
(45.252223, -68.986647)",
RHODE ISLAND,2017,4,,-,0,,3,,,-,,-,,-,0,,0,,,-,,-,"RHODE ISLAND
(41.707447, -71.522488)",
LOUISIANA,2017,4,,-,0,,2,,,-,3,,,-,0,,0,,,-,,-,"LOUISIANA
(31.2931, -92.463284)",
PENNSYLVANIA,2017,4,,-,0,,3,,1,,,-,,-,0,,0,,,-,,-,"PENNSYLVANIA
(40.789676, -77.858055)",
ALABAMA,2017,4,,-,0,,4,,,-,2,,,-,0,,1,,,-,,-,"ALABAMA
(32.839182, -86.631125)",
VIRGINIA,2017,4,,-,0,,6,,,-,,-,,-,0,,0,,,-,,-,"VIRGINIA
(37.542699, -78.45822)",
HAWAII,2017,4,,-,0,,3,,,-,2,,,-,0,,1,,,-,,-,"HAWAII
(21.30992, -157.858158)",
WEST VIRGINIA,2017,4,,-,0,,1,,,-,,-,,-,0,,0,,,-,,-,"WEST VIRGINIA
(38.668501, -80.709421)",
GEORGIA,2017,4,,-,0,,3,,,-,3,,,-,0,,0,,,-,,-,"GEORGIA
(32.836038, -83.631709)",
MICHIGAN,2017,4,,-,0,,1,,,-,1,,,-,0,,1,,,-,,-,"MICHIGAN
(44.66399, -84.711206)",
UTAH,2017,4,,-,0,,1,,1,,1,,,-,0,,1,,1,,,-,"UTAH
(39.359772, -111.584173)",
CALIFORNIA,2017,4,,-,1,,10,,2,,5,,,-,0,,0,,,-,,-,"CALIFORNIA
(37.640735, -121.002435)",
NEW MEXICO,2017,4,,-,0,,0,,,-,,-,,-,0,,0,,,-,,-,"NEW MEXICO
(34.520396, -106.244402)",
DELAWARE,2017,4,,-,0,,3,,,-,,-,,-,0,,0,,,-,,-,"DELAWARE
(39.008676, -75.574561)",
OREGON,2017,4,,-,0,,3,,1,,2,,,-,0,,1,,,-,,-,"OREGON
(44.567912, -120.156945)",
UNITED STATES,2017,5,5,,16,,68,,32,,49,,,-,0,,4,,5,,5,,,
NEW ENGLAND,2017,5,,-,1,,13,,1,,3,,,-,0,,1,,,-,,-,,
MID. ATLANTIC,2017,5,,-,1,,10,,2,,1,,,-,0,,4,,,-,4,,,
NEW YORK CITY,2017,5,,-,0,,3,,,-,,-,,-,0,,1,,,-,,-,,
E.N. CENTRAL,2017,5,,-,1,,5,,1,,4,,,-,0,,1,,,-,,-,,
W.N. CENTRAL,2017,5,,-,0,,2,,,-,1,,,-,0,,1,,,-,,-,,
S. ATLANTIC,2017,5,4,,7,,21,,16,,17,,,-,0,,1,,1,,1,,,
E.S. CENTRAL,2017,5,1,,1,,5,,1,,7,,,-,0,,1,,,-,,-,,
W.S. CENTRAL,2017,5,,-,2,,11,,3,,4,,,-,0,,0,,,-,,-,,
MOUNTAIN,2017,5,,-,1,,4,,2,,1,,,-,0,,2,,4,,,-,,
PACIFIC,2017,5,,-,2,,22,,6,,11,,,-,0,,1,,,-,,-,,
AMER. SAMOA,2017,5,,-,0,,0,,,-,,-,,-,0,,0,,,-,,-,,
PENNSYLVANIA,2017,5,,-,0,,3,,1,,,-,,-,0,,0,,,-,,-,"PENNSYLVANIA
(40.789676, -77.858055)",
RHODE ISLAND,2017,5,,-,0,,3,,,-,,-,,-,0,,0,,,-,,-,"RHODE ISLAND
(41.707447, -71.522488)",
OREGON,2017,5,,-,0,,3,,2,,2,,,-,0,,1,,,-,,-,"OREGON
(44.567912, -120.156945)",
ILLINOIS,2017,5,,-,0,,3,,,-,2,,,-,0,,0,,,-,,-,"ILLINOIS
(40.477092, -88.993221)",
DIST. OF COL.,2017,5,,-,0,,0,,,-,,-,,-,0,,0,,,-,,-,"DISTRICT OF COLUMBIA
(38.892062, -77.019912)",
LOUISIANA,2017,5,,-,0,,2,,2,,3,,,-,0,,0,,,-,,-,"LOUISIANA
(31.2931, -92.463284)",
FLORIDA,2017,5,3,,3,,10,,14,,10,,,-,0,,1,,1,,,-,"FLORIDA
(28.915325, -81.922409)",
MISSOURI,2017,5,,-,0,,1,,,-,1,,,-,0,,0,,,-,,-,"MISSOURI
(38.636168, -92.566292)",
IOWA,2017,5,,-,0,,0,,,-,,-,,-,0,,0,,,-,,-,"IOWA
(42.46942, -93.815856)",
VIRGINIA,2017,5,,-,0,,6,,,-,,-,,-,0,,0,,,-,,-,"VIRGINIA
(37.542699, -78.45822)",
WEST VIRGINIA,2017,5,,-,0,,1,,,-,,-,,-,0,,0,,,-,,-,"WEST VIRGINIA
(38.668501, -80.709421)",
IDAHO,2017,5,,-,0,,0,,,-,,-,,-,0,,0,,,-,,-,"IDAHO
(43.680635, -114.364237)",
WASHINGTON,2017,5,,-,0,,16,,,-,,-,,-,0,,1,,,-,,-,"WASHINGTON
(47.517368, -120.467672)",
C.N.M.I.,2017,5,,-,,-,,-,,-,,-,,-,,-,,-,,-,,-,"NORTHERN MARIANA ISLANDS
(15.1834, 145.725693)",
OHIO,2017,5,,-,0,,2,,1,,,-,,-,0,,0,,,-,,-,"OHIO
(40.056807, -82.405897)",
IOWA,2017,12,,-,0,,0,,,-,,-,,-,0,,0,,,-,,-,"IOWA
(42.46942, -93.815856)",
ALABAMA,2017,5,1,,0,,4,,1,,2,,,-,0,,1,,,-,,-,"ALABAMA
(32.839182, -86.631125)",
GUAM,2017,5,,-,0,,0,,,-,,-,,-,0,,0,,,-,,-,"GUAM
(13.3532, 144.653198)",
MINNESOTA,2017,5,,-,0,,0,,,-,,-,,-,0,,0,,,-,,-,"MINNESOTA
(46.357661, -94.793397)",
MASSACHUSETTS,2017,5,,-,0,,7,,1,,2,,,-,0,,0,,,-,,-,"MASSACHUSETTS
(42.268546, -72.085064)",
COLORADO,2017,5,,-,0,,2,,1,,,-,,-,0,,1,,2,,,-,"COLORADO
(38.841772, -106.132562)",
GEORGIA,2017,5,,-,0,,3,,,-,4,,,-,0,,0,,,-,,-,"GEORGIA
(32.836038, -83.631709)",
NEBRASKA,2017,5,,-,0,,0,,,-,,-,,-,0,,1,,,-,,-,"NEBRASKA
(41.640503, -99.367122)",
VERMONT,2017,5,,-,0,,0,,,-,,-,,-,0,,0,,,-,,-,"VERMONT
(43.622479, -72.51927)",
KANSAS,2017,5,,-,0,,2,,,-,,-,,-,0,,0,,,-,,-,"KANSAS
(38.345528, -98.201847)",
MICHIGAN,2017,5,,-,0,,1,,,-,1,,,-,0,,1,,,-,,-,"MICHIGAN
(44.66399, -84.711206)",
ARIZONA,2017,5,,-,0,,3,,,-,,-,,-,0,,1,,1,,,-,"ARIZONA
(34.869712, -111.760902)",
TEXAS,2017,5,,-,1,,9,,1,,1,,,-,0,,0,,,-,,-,"TEXAS
(31.827233, -99.423022)",
INDIANA,2017,5,,-,0,,2,,,-,1,,,-,0,,0,,,-,,-,"INDIANA
(39.76845, -86.156212)",
NEW YORK,2017,5,,-,0,,5,,1,,1,,,-,0,,4,,,-,4,,"NEW YORK
(42.826892, -75.544286)",
CALIFORNIA,2017,5,,-,2,,10,,3,,5,,,-,0,,0,,,-,,-,"CALIFORNIA
(37.640735, -121.002435)",
TENNESSEE,2017,5,,-,0,,1,,,-,3,,,-,0,,1,,,-,,-,"TENNESSEE
(35.681402, -85.774444)",
NORTH CAROLINA,2017,5,,-,0,,3,,,-,1,,,-,0,,0,,,-,,-,"NORTH CAROLINA
(35.47995, -79.180571)",
VIRGIN ISL.,2017,5,,-,0,,0,,,-,,-,,-,0,,0,,,-,,-,"VIRGIN ISLANDS
(18.060868, -64.840836)",
OKLAHOMA,2017,5,,-,0,,1,,,-,,-,,-,0,,0,,,-,,-,"OKLAHOMA
(35.468494, -97.521264)",
ALASKA,2017,5,,-,0,,2,,,-,,-,,-,0,,0,,,-,,-,"ALASKA
(64.836661, -147.738891)",
SOUTH DAKOTA,2017,5,,-,0,,1,,,-,,-,,-,0,,0,,,-,,-,"SOUTH DAKOTA
(44.35371, -100.373709)",
MISSISSIPPI,2017,5,,-,0,,1,,,-,,-,,-,0,,0,,,-,,-,"MISSISSIPPI
(32.738663, -89.537312)",
NEW JERSEY,2017,5,,-,0,,4,,,-,,-,,-,0,,1,,,-,,-,"NEW JERSEY
(40.104655, -74.386686)",
SOUTH CAROLINA,2017,5,,-,0,,3,,,-,2,,,-,0,,0,,,-,,-,"SOUTH CAROLINA
(34.009286, -81.037094)",
PUERTO RICO,2017,5,,-,0,,0,,,-,,-,,-,0,,0,,,-,,-,"PUERTO RICO
(18.215692, -66.414655)",
CONNECTICUT,2017,5,,-,0,,3,,,-,,-,,-,0,,0,,,-,,-,"CONNECTICUT
(41.544654, -72.651713)",
ARKANSAS,2017,5,,-,0,,1,,,-,,-,,-,0,,0,,,-,,-,"ARKANSAS
(34.748745, -92.275105)",
MONTANA,2017,5,,-,0,,1,,,-,,-,,-,0,,0,,,-,,-,"MONTANA
(47.062617, -109.430168)",
UTAH,2017,5,,-,0,,1,,1,,1,,,-,0,,1,,1,,,-,"UTAH
(39.359772, -111.584173)",
NEVADA,2017,5,,-,0,,1,,,-,,-,,-,0,,1,,,-,,-,"NEVADA
(39.491833, -117.070159)",
WISCONSIN,2017,5,,-,0,,1,,,-,,-,,-,0,,0,,,-,,-,"WISCONSIN
(44.395526, -89.834513)",
MARYLAND,2017,5,1,,1,,7,,2,,,-,,-,0,,1,,,-,1,,"MARYLAND
(39.290443, -76.612333)",
KENTUCKY,2017,5,,-,0,,1,,,-,2,,,-,0,,0,,,-,,-,"KENTUCKY
(37.64591, -84.774043)",
MAINE,2017,5,,-,0,,2,,,-,,-,,-,0,,0,,,-,,-,"MAINE
(45.252223, -68.986647)",
NEW HAMPSHIRE,2017,5,,-,0,,1,,,-,1,,,-,0,,1,,,-,,-,"NEW HAMPSHIRE
(43.657736, -71.500736)",
WYOMING,2017,5,,-,0,,1,,,-,,-,,-,0,,0,,,-,,-,"WYOMING
(43.23558, -108.110518)",
NORTH DAKOTA,2017,5,,-,0,,1,,,-,,-,,-,0,,0,,,-,,-,"NORTH DAKOTA
(47.475879, -100.121011)",
HAWAII,2017,5,,-,0,,3,,1,,4,,,-,0,,1,,,-,,-,"HAWAII
(21.30992, -157.858158)",
DELAWARE,2017,5,,-,0,,3,,,-,,-,,-,0,,0,,,-,,-,"DELAWARE
(39.008676, -75.574561)",
NEW MEXICO,2017,5,,-,0,,0,,,-,,-,,-,0,,0,,,-,,-,"NEW MEXICO
(34.520396, -106.244402)",
UNITED STATES,2017,6,4,,16,,70,,41,,60,,,-,0,,2,,8,,5,,,
NEW ENGLAND,2017,6,,-,1,,14,,1,,3,,,-,0,,1,,,-,,-,,
MID. ATLANTIC,2017,6,1,,1,,10,,6,,1,,,-,0,,1,,,-,4,,,
NEW YORK CITY,2017,6,1,,0,,3,,1,,,-,,-,0,,1,,,-,,-,,
E.N. CENTRAL,2017,6,,-,1,,5,,1,,5,,,-,0,,1,,,-,,-,,
W.N. CENTRAL,2017,6,,-,0,,2,,,-,1,,,-,0,,1,,,-,,-,,
S. ATLANTIC,2017,6,3,,7,,21,,18,,20,,,-,0,,2,,4,,1,,,
E.S. CENTRAL,2017,6,,-,1,,5,,1,,7,,,-,0,,1,,,-,,-,,
W.S. CENTRAL,2017,6,,-,2,,11,,3,,7,,,-,0,,0,,,-,,-,,
MOUNTAIN,2017,6,,-,1,,4,,3,,1,,,-,0,,2,,4,,,-,,
PACIFIC,2017,6,,-,3,,22,,8,,15,,,-,0,,1,,,-,,-,,
AMER. SAMOA,2017,6,,-,0,,0,,,-,,-,,-,0,,0,,,-,,-,,
PENNSYLVANIA,2017,6,,-,0,,3,,1,,,-,,-,0,,0,,,-,,-,"PENNSYLVANIA
(40.789676, -77.858055)",
CALIFORNIA,2017,6,,-,2,,10,,5,,9,,,-,0,,0,,,-,,-,"CALIFORNIA
(37.640735, -121.002435)",
FLORIDA,2017,6,3,,3,,10,,17,,13,,,-,0,,1,,1,,,-,"FLORIDA
(28.915325, -81.922409)",
ALABAMA,2017,6,,-,0,,4,,1,,2,,,-,0,,1,,,-,,-,"ALABAMA
(32.839182, -86.631125)",
MISSISSIPPI,2017,6,,-,0,,1,,,-,,-,,-,0,,0,,,-,,-,"MISSISSIPPI
(32.738663, -89.537312)",
IOWA,2017,6,,-,0,,0,,,-,,-,,-,0,,0,,,-,,-,"IOWA
(42.46942, -93.815856)",
MARYLAND,2017,6,,-,1,,7,,1,,,-,,-,0,,1,,1,,1,,"MARYLAND
(39.290443, -76.612333)",
WASHINGTON,2017,6,,-,0,,16,,,-,,-,,-,0,,1,,,-,,-,"WASHINGTON
(47.517368, -120.467672)",
WEST VIRGINIA,2017,6,,-,0,,1,,,-,,-,,-,0,,0,,,-,,-,"WEST VIRGINIA
(38.668501, -80.709421)",
OREGON,2017,6,,-,0,,3,,2,,2,,,-,0,,1,,,-,,-,"OREGON
(44.567912, -120.156945)",
ILLINOIS,2017,6,,-,0,,3,,,-,2,,,-,0,,0,,,-,,-,"ILLINOIS
(40.477092, -88.993221)",
VERMONT,2017,6,,-,0,,0,,,-,,-,,-,0,,0,,,-,,-,"VERMONT
(43.622479, -72.51927)",
VIRGIN ISL.,2017,6,,-,0,,0,,,-,,-,,-,0,,0,,,-,,-,"VIRGIN ISLANDS
(18.060868, -64.840836)",
UTAH,2017,6,,-,0,,1,,1,,1,,,-,0,,1,,1,,,-,"UTAH
(39.359772, -111.584173)",
MAINE,2017,6,,-,0,,2,,,-,,-,,-,0,,0,,,-,,-,"MAINE
(45.252223, -68.986647)",
COLORADO,2017,6,,-,0,,2,,1,,,-,,-,0,,1,,2,,,-,"COLORADO
(38.841772, -106.132562)",
MISSOURI,2017,6,,-,0,,1,,,-,1,,,-,0,,0,,,-,,-,"MISSOURI
(38.636168, -92.566292)",
NEW MEXICO,2017,6,,-,0,,0,,,-,,-,,-,0,,0,,,-,,-,"NEW MEXICO
(34.520396, -106.244402)",
LOUISIANA,2017,6,,-,0,,2,,2,,4,,,-,0,,0,,,-,,-,"LOUISIANA
(31.2931, -92.463284)",
C.N.M.I.,2017,6,,-,,-,,-,,-,,-,,-,,-,,-,,-,,-,"NORTHERN MARIANA ISLANDS
(15.1834, 145.725693)",
OHIO,2017,6,,-,0,,2,,1,,,-,,-,0,,0,,,-,,-,"OHIO
(40.056807, -82.405897)",
NORTH CAROLINA,2017,6,,-,0,,3,,,-,1,,,-,0,,2,,2,,,-,"NORTH CAROLINA
(35.47995, -79.180571)",
RHODE ISLAND,2017,6,,-,0,,3,,,-,,-,,-,0,,0,,,-,,-,"RHODE ISLAND
(41.707447, -71.522488)",
DELAWARE,2017,6,,-,0,,3,,,-,,-,,-,0,,0,,,-,,-,"DELAWARE
(39.008676, -75.574561)",
MINNESOTA,2017,6,,-,0,,0,,,-,,-,,-,0,,0,,,-,,-,"MINNESOTA
(46.357661, -94.793397)",
GUAM,2017,6,,-,0,,0,,,-,,-,,-,0,,0,,,-,,-,"GUAM
(13.3532, 144.653198)",
KANSAS,2017,6,,-,0,,2,,,-,,-,,-,0,,0,,,-,,-,"KANSAS
(38.345528, -98.201847)",
CONNECTICUT,2017,6,,-,0,,3,,,-,,-,,-,0,,0,,,-,,-,"CONNECTICUT
(41.544654, -72.651713)",
WISCONSIN,2017,6,,-,0,,1,,,-,,-,,-,0,,0,,,-,,-,"WISCONSIN
(44.395526, -89.834513)",
TENNESSEE,2017,6,,-,0,,1,,,-,3,,,-,0,,1,,,-,,-,"TENNESSEE
(35.681402, -85.774444)",
VIRGINIA,2017,6,,-,0,,6,,,-,,-,,-,0,,0,,,-,,-,"VIRGINIA
(37.542699, -78.45822)",
NEW YORK,2017,6,,-,0,,5,,4,,1,,,-,0,,0,,,-,4,,"NEW YORK
(42.826892, -75.544286)",
SOUTH CAROLINA,2017,6,,-,0,,3,,,-,2,,,-,0,,0,,,-,,-,"SOUTH CAROLINA
(34.009286, -81.037094)",
DIST. OF COL.,2017,6,,-,0,,0,,,-,,-,,-,0,,0,,,-,,-,"DISTRICT OF COLUMBIA
(38.892062, -77.019912)",
KENTUCKY,2017,6,,-,0,,1,,,-,2,,,-,0,,0,,,-,,-,"KENTUCKY
(37.64591, -84.774043)",
IDAHO,2017,6,,-,0,,0,,,-,,-,,-,0,,0,,,-,,-,"IDAHO
(43.680635, -114.364237)",
MICHIGAN,2017,6,,-,0,,1,,,-,1,,,-,0,,1,,,-,,-,"MICHIGAN
(44.66399, -84.711206)",
GEORGIA,2017,6,,-,0,,3,,,-,4,,,-,0,,0,,,-,,-,"GEORGIA
(32.836038, -83.631709)",
NORTH DAKOTA,2017,6,,-,0,,1,,,-,,-,,-,0,,0,,,-,,-,"NORTH DAKOTA
(47.475879, -100.121011)",
NEW HAMPSHIRE,2017,6,,-,0,,1,,,-,1,,,-,0,,1,,,-,,-,"NEW HAMPSHIRE
(43.657736, -71.500736)",
WYOMING,2017,6,,-,0,,1,,,-,,-,,-,0,,0,,,-,,-,"WYOMING
(43.23558, -108.110518)",
HAWAII,2017,6,,-,0,,3,,1,,4,,,-,0,,1,,,-,,-,"HAWAII
(21.30992, -157.858158)",
INDIANA,2017,6,,-,0,,2,,,-,2,,,-,0,,0,,,-,,-,"INDIANA
(39.76845, -86.156212)",
ARKANSAS,2017,6,,-,0,,1,,,-,,-,,-,0,,0,,,-,,-,"ARKANSAS
(34.748745, -92.275105)",
NEVADA,2017,6,,-,0,,1,,,-,,-,,-,0,,1,,,-,,-,"NEVADA
(39.491833, -117.070159)",
MONTANA,2017,6,,-,0,,1,,1,,,-,,-,0,,0,,,-,,-,"MONTANA
(47.062617, -109.430168)",
MASSACHUSETTS,2017,6,,-,0,,7,,1,,2,,,-,0,,0,,,-,,-,"MASSACHUSETTS
(42.268546, -72.085064)",
PUERTO RICO,2017,6,,-,0,,0,,,-,,-,,-,0,,0,,,-,,-,"PUERTO RICO
(18.215692, -66.414655)",
NEBRASKA,2017,6,,-,0,,0,,,-,,-,,-,0,,1,,,-,,-,"NEBRASKA
(41.640503, -99.367122)",
OKLAHOMA,2017,6,,-,0,,1,,,-,,-,,-,0,,0,,,-,,-,"OKLAHOMA
(35.468494, -97.521264)",
ARIZONA,2017,6,,-,0,,3,,,-,,-,,-,0,,1,,1,,,-,"ARIZONA
(34.869712, -111.760902)",
ALASKA,2017,6,,-,0,,2,,,-,,-,,-,0,,0,,,-,,-,"ALASKA
(64.836661, -147.738891)",
NEW JERSEY,2017,6,,-,0,,4,,,-,,-,,-,0,,1,,,-,,-,"NEW JERSEY
(40.104655, -74.386686)",
TEXAS,2017,6,,-,1,,9,,1,,3,,,-,0,,0,,,-,,-,"TEXAS
(31.827233, -99.423022)",
SOUTH DAKOTA,2017,6,,-,0,,1,,,-,,-,,-,0,,0,,,-,,-,"SOUTH DAKOTA
(44.35371, -100.373709)",
UNITED STATES,2017,7,6,,16,,72,,49,,64,,1,,0,,3,,10,,5,,,
NEW ENGLAND,2017,7,,-,1,,14,,1,,4,,,-,0,,1,,,-,,-,,
MID. ATLANTIC,2017,7,,-,1,,10,,6,,2,,,-,0,,1,,,-,4,,,
NEW YORK CITY,2017,7,,-,0,,3,,1,,1,,,-,0,,1,,,-,,-,,
E.N. CENTRAL,2017,7,,-,1,,5,,1,,5,,,-,0,,1,,1,,,-,,
W.N. CENTRAL,2017,7,,-,0,,2,,,-,1,,,-,0,,1,,,-,,-,,
S. ATLANTIC,2017,7,4,,7,,21,,23,,20,,,-,0,,2,,4,,1,,,
E.S. CENTRAL,2017,7,,-,1,,5,,1,,8,,,-,0,,1,,,-,,-,,
W.S. CENTRAL,2017,7,,-,2,,11,,4,,7,,,-,0,,0,,,-,,-,,
MOUNTAIN,2017,7,,-,1,,4,,3,,2,,1,,0,,2,,5,,,-,,
PACIFIC,2017,7,2,,3,,22,,10,,15,,,-,0,,1,,,-,,-,,
AMER. SAMOA,2017,7,,-,0,,0,,,-,,-,,-,0,,0,,,-,,-,,
PUERTO RICO,2017,7,,-,0,,0,,,-,,-,,-,0,,0,,,-,,-,"PUERTO RICO
(18.215692, -66.414655)",
MARYLAND,2017,7,1,,1,,7,,2,,,-,,-,0,,1,,1,,1,,"MARYLAND
(39.290443, -76.612333)",
NORTH CAROLINA,2017,7,,-,0,,3,,,-,1,,,-,0,,2,,2,,,-,"NORTH CAROLINA
(35.47995, -79.180571)",
IDAHO,2017,7,,-,0,,0,,,-,,-,,-,0,,0,,,-,,-,"IDAHO
(43.680635, -114.364237)",
MASSACHUSETTS,2017,7,,-,0,,7,,1,,2,,,-,0,,0,,,-,,-,"MASSACHUSETTS
(42.268546, -72.085064)",
OREGON,2017,7,1,,0,,3,,3,,2,,,-,0,,1,,,-,,-,"OREGON
(44.567912, -120.156945)",
VIRGINIA,2017,7,,-,0,,6,,1,,,-,,-,0,,0,,,-,,-,"VIRGINIA
(37.542699, -78.45822)",
ALABAMA,2017,7,,-,0,,4,,1,,2,,,-,0,,1,,,-,,-,"ALABAMA
(32.839182, -86.631125)",
TEXAS,2017,7,,-,1,,9,,1,,3,,,-,0,,0,,,-,,-,"TEXAS
(31.827233, -99.423022)",
NEW YORK,2017,7,,-,0,,5,,4,,1,,,-,0,,0,,,-,4,,"NEW YORK
(42.826892, -75.544286)",
NEW MEXICO,2017,7,,-,0,,0,,,-,,-,,-,0,,0,,,-,,-,"NEW MEXICO
(34.520396, -106.244402)",
WISCONSIN,2017,7,,-,0,,1,,,-,,-,,-,0,,1,,1,,,-,"WISCONSIN
(44.395526, -89.834513)",
ARIZONA,2017,7,,-,0,,3,,,-,,-,,-,0,,1,,1,,,-,"ARIZONA
(34.869712, -111.760902)",
MINNESOTA,2017,7,,-,0,,0,,,-,,-,,-,0,,0,,,-,,-,"MINNESOTA
(46.357661, -94.793397)",
WASHINGTON,2017,7,,-,0,,16,,,-,,-,,-,0,,1,,,-,,-,"WASHINGTON
(47.517368, -120.467672)",
UTAH,2017,7,,-,0,,1,,1,,1,,,-,0,,1,,1,,,-,"UTAH
(39.359772, -111.584173)",
DELAWARE,2017,7,,-,0,,3,,,-,,-,,-,0,,0,,,-,,-,"DELAWARE
(39.008676, -75.574561)",
IOWA,2017,7,,-,0,,0,,,-,,-,,-,0,,0,,,-,,-,"IOWA
(42.46942, -93.815856)",
KENTUCKY,2017,7,,-,0,,1,,,-,3,,,-,0,,0,,,-,,-,"KENTUCKY
(37.64591, -84.774043)",
MISSOURI,2017,7,,-,0,,1,,,-,1,,,-,0,,0,,,-,,-,"MISSOURI
(38.636168, -92.566292)",
NORTH DAKOTA,2017,7,,-,0,,1,,,-,,-,,-,0,,0,,,-,,-,"NORTH DAKOTA
(47.475879, -100.121011)",
SOUTH CAROLINA,2017,7,,-,0,,3,,,-,2,,,-,0,,0,,,-,,-,"SOUTH CAROLINA
(34.009286, -81.037094)",
GEORGIA,2017,7,,-,0,,3,,,-,4,,,-,0,,0,,,-,,-,"GEORGIA
(32.836038, -83.631709)",
C.N.M.I.,2017,7,,-,,-,,-,,-,,-,,-,,-,,-,,-,,-,"NORTHERN MARIANA ISLANDS
(15.1834, 145.725693)",
RHODE ISLAND,2017,7,,-,0,,3,,,-,1,,,-,0,,0,,,-,,-,"RHODE ISLAND
(41.707447, -71.522488)",
WYOMING,2017,7,,-,0,,1,,,-,,-,,-,0,,0,,,-,,-,"WYOMING
(43.23558, -108.110518)",
VERMONT,2017,7,,-,0,,0,,,-,,-,,-,0,,0,,,-,,-,"VERMONT
(43.622479, -72.51927)",
ALASKA,2017,7,,-,0,,2,,,-,,-,,-,0,,0,,,-,,-,"ALASKA
(64.836661, -147.738891)",
NEW HAMPSHIRE,2017,7,,-,0,,1,,,-,1,,,-,0,,1,,,-,,-,"NEW HAMPSHIRE
(43.657736, -71.500736)",
ARKANSAS,2017,7,,-,0,,1,,,-,,-,,-,0,,0,,,-,,-,"ARKANSAS
(34.748745, -92.275105)",
COLORADO,2017,7,,-,0,,2,,1,,1,,1,,0,,1,,3,,,-,"COLORADO
(38.841772, -106.132562)",
MISSISSIPPI,2017,7,,-,0,,1,,,-,,-,,-,0,,0,,,-,,-,"MISSISSIPPI
(32.738663, -89.537312)",
SOUTH DAKOTA,2017,7,,-,0,,1,,,-,,-,,-,0,,0,,,-,,-,"SOUTH DAKOTA
(44.35371, -100.373709)",
NEW JERSEY,2017,7,,-,0,,4,,,-,,-,,-,0,,1,,,-,,-,"NEW JERSEY
(40.104655, -74.386686)",
CONNECTICUT,2017,7,,-,0,,3,,,-,,-,,-,0,,0,,,-,,-,"CONNECTICUT
(41.544654, -72.651713)",
GUAM,2017,7,,-,0,,0,,,-,,-,,-,0,,0,,,-,,-,"GUAM
(13.3532, 144.653198)",
MAINE,2017,7,,-,0,,2,,,-,,-,,-,0,,0,,,-,,-,"MAINE
(45.252223, -68.986647)",
NEVADA,2017,7,,-,0,,1,,,-,,-,,-,0,,1,,,-,,-,"NEVADA
(39.491833, -117.070159)",
ILLINOIS,2017,7,,-,0,,3,,,-,2,,,-,0,,0,,,-,,-,"ILLINOIS
(40.477092, -88.993221)",
NEBRASKA,2017,7,,-,0,,0,,,-,,-,,-,0,,1,,,-,,-,"NEBRASKA
(41.640503, -99.367122)",
LOUISIANA,2017,7,,-,0,,3,,3,,4,,,-,0,,0,,,-,,-,"LOUISIANA
(31.2931, -92.463284)",
FLORIDA,2017,7,3,,3,,10,,20,,13,,,-,0,,1,,1,,,-,"FLORIDA
(28.915325, -81.922409)",
CALIFORNIA,2017,7,1,,2,,10,,6,,9,,,-,0,,0,,,-,,-,"CALIFORNIA
(37.640735, -121.002435)",
OHIO,2017,7,,-,0,,2,,1,,,-,,-,0,,0,,,-,,-,"OHIO
(40.056807, -82.405897)",
MICHIGAN,2017,7,,-,0,,1,,,-,1,,,-,0,,1,,,-,,-,"MICHIGAN
(44.66399, -84.711206)",
TENNESSEE,2017,7,,-,0,,1,,,-,3,,,-,0,,1,,,-,,-,"TENNESSEE
(35.681402, -85.774444)",
DIST. OF COL.,2017,7,,-,0,,0,,,-,,-,,-,0,,0,,,-,,-,"DISTRICT OF COLUMBIA
(38.892062, -77.019912)",
KANSAS,2017,7,,-,0,,2,,,-,,-,,-,0,,0,,,-,,-,"KANSAS
(38.345528, -98.201847)",
OKLAHOMA,2017,7,,-,0,,1,,,-,,-,,-,0,,0,,,-,,-,"OKLAHOMA
(35.468494, -97.521264)",
HAWAII,2017,7,,-,0,,3,,1,,4,,,-,0,,1,,,-,,-,"HAWAII
(21.30992, -157.858158)",
PENNSYLVANIA,2017,7,,-,0,,3,,1,,,-,,-,0,,0,,,-,,-,"PENNSYLVANIA
(40.789676, -77.858055)",
MONTANA,2017,7,,-,0,,1,,1,,,-,,-,0,,0,,,-,,-,"MONTANA
(47.062617, -109.430168)",
VIRGIN ISL.,2017,7,,-,0,,0,,,-,,-,,-,0,,0,,,-,,-,"VIRGIN ISLANDS
(18.060868, -64.840836)",
INDIANA,2017,7,,-,0,,2,,,-,2,,,-,0,,0,,,-,,-,"INDIANA
(39.76845, -86.156212)",
WEST VIRGINIA,2017,7,,-,0,,1,,,-,,-,,-,0,,0,,,-,,-,"WEST VIRGINIA
(38.668501, -80.709421)",
UNITED STATES,2017,8,7,,16,,72,,56,,69,,3,,0,,3,,15,,5,,,
NEW ENGLAND,2017,8,2,,1,,14,,3,,4,,,-,0,,1,,,-,,-,,
MID. ATLANTIC,2017,8,1,,1,,10,,7,,2,,1,,0,,1,,1,,4,,,
NEW YORK CITY,2017,8,1,,0,,3,,2,,1,,,-,0,,1,,,-,,-,,
E.N. CENTRAL,2017,8,1,,1,,5,,2,,5,,1,,0,,1,,3,,,-,,
W.N. CENTRAL,2017,8,,-,0,,2,,,-,2,,1,,0,,1,,1,,,-,,
S. ATLANTIC,2017,8,2,,7,,21,,25,,20,,,-,0,,2,,4,,1,,,
E.S. CENTRAL,2017,8,,-,1,,5,,1,,9,,,-,0,,1,,,-,,-,,
W.S. CENTRAL,2017,8,,-,2,,11,,4,,7,,,-,0,,1,,1,,,-,,
MOUNTAIN,2017,8,,-,1,,4,,3,,2,,,-,0,,2,,5,,,-,,
PACIFIC,2017,8,1,,3,,22,,11,,18,,,-,0,,1,,,-,,-,,
AMER. SAMOA,2017,8,,-,0,,0,,,-,,-,,-,0,,0,,,-,,-,,
COLORADO,2017,8,,-,0,,2,,1,,1,,,-,0,,1,,3,,,-,"COLORADO
(38.841772, -106.132562)",
NEW JERSEY,2017,8,,-,0,,4,,,-,,-,,-,0,,1,,,-,,-,"NEW JERSEY
(40.104655, -74.386686)",
SOUTH CAROLINA,2017,8,,-,0,,3,,,-,2,,,-,0,,0,,,-,,-,"SOUTH CAROLINA
(34.009286, -81.037094)",
SOUTH DAKOTA,2017,8,,-,0,,1,,,-,,-,,-,0,,0,,,-,,-,"SOUTH DAKOTA
(44.35371, -100.373709)",
INDIANA,2017,8,,-,0,,2,,,-,2,,,-,0,,0,,,-,,-,"INDIANA
(39.76845, -86.156212)",
MAINE,2017,8,2,,0,,2,,2,,,-,,-,0,,0,,,-,,-,"MAINE
(45.252223, -68.986647)",
MICHIGAN,2017,8,,-,0,,1,,,-,1,,,-,0,,1,,1,,,-,"MICHIGAN
(44.66399, -84.711206)",
NEW YORK,2017,8,,-,0,,5,,4,,1,,,-,0,,0,,,-,4,,"NEW YORK
(42.826892, -75.544286)",
OHIO,2017,8,1,,0,,2,,2,,,-,1,,0,,0,,1,,,-,"OHIO
(40.056807, -82.405897)",
LOUISIANA,2017,8,,-,0,,3,,3,,4,,,-,0,,1,,1,,,-,"LOUISIANA
(31.2931, -92.463284)",
HAWAII,2017,8,1,,0,,3,,2,,4,,,-,0,,1,,,-,,-,"HAWAII
(21.30992, -157.858158)",
NORTH CAROLINA,2017,8,,-,0,,3,,,-,1,,,-,0,,2,,2,,,-,"NORTH CAROLINA
(35.47995, -79.180571)",
C.N.M.I.,2017,8,,-,,-,,-,,-,,-,,-,,-,,-,,-,,-,"NORTHERN MARIANA ISLANDS
(15.1834, 145.725693)",
DELAWARE,2017,8,,-,0,,3,,,-,,-,,-,0,,0,,,-,,-,"DELAWARE
(39.008676, -75.574561)",
FLORIDA,2017,8,1,,3,,10,,21,,13,,,-,0,,1,,1,,,-,"FLORIDA
(28.915325, -81.922409)",
WASHINGTON,2017,8,,-,0,,16,,,-,,-,,-,0,,1,,,-,,-,"WASHINGTON
(47.517368, -120.467672)",
GEORGIA,2017,8,,-,0,,3,,,-,4,,,-,0,,0,,,-,,-,"GEORGIA
(32.836038, -83.631709)",
VIRGIN ISL.,2017,8,,-,0,,0,,,-,,-,,-,0,,0,,,-,,-,"VIRGIN ISLANDS
(18.060868, -64.840836)",
CONNECTICUT,2017,8,,-,0,,3,,,-,,-,,-,0,,0,,,-,,-,"CONNECTICUT
(41.544654, -72.651713)",
MISSOURI,2017,8,,-,0,,1,,,-,1,,1,,0,,0,,1,,,-,"MISSOURI
(38.636168, -92.566292)",
ARKANSAS,2017,8,,-,0,,1,,,-,,-,,-,0,,0,,,-,,-,"ARKANSAS
(34.748745, -92.275105)",
VERMONT,2017,8,,-,0,,0,,,-,,-,,-,0,,0,,,-,,-,"VERMONT
(43.622479, -72.51927)",
MONTANA,2017,8,,-,0,,1,,1,,,-,,-,0,,0,,,-,,-,"MONTANA
(47.062617, -109.430168)",
MARYLAND,2017,8,1,,1,,7,,3,,,-,,-,0,,1,,1,,1,,"MARYLAND
(39.290443, -76.612333)",
DIST. OF COL.,2017,8,,-,0,,0,,,-,,-,,-,0,,0,,,-,,-,"DISTRICT OF COLUMBIA
(38.892062, -77.019912)",
IDAHO,2017,8,,-,0,,0,,,-,,-,,-,0,,0,,,-,,-,"IDAHO
(43.680635, -114.364237)",
WYOMING,2017,8,,-,0,,1,,,-,,-,,-,0,,0,,,-,,-,"WYOMING
(43.23558, -108.110518)",
MINNESOTA,2017,8,,-,0,,0,,,-,,-,,-,0,,0,,,-,,-,"MINNESOTA
(46.357661, -94.793397)",
GUAM,2017,8,,-,0,,0,,,-,,-,,-,0,,0,,,-,,-,"GUAM
(13.3532, 144.653198)",
MISSISSIPPI,2017,8,,-,0,,1,,,-,,-,,-,0,,0,,,-,,-,"MISSISSIPPI
(32.738663, -89.537312)",
OKLAHOMA,2017,8,,-,0,,1,,,-,,-,,-,0,,0,,,-,,-,"OKLAHOMA
(35.468494, -97.521264)",
UTAH,2017,8,,-,0,,1,,1,,1,,,-,0,,1,,1,,,-,"UTAH
(39.359772, -111.584173)",
NEVADA,2017,8,,-,0,,1,,,-,,-,,-,0,,1,,,-,,-,"NEVADA
(39.491833, -117.070159)",
NEW MEXICO,2017,8,,-,0,,0,,,-,,-,,-,0,,0,,,-,,-,"NEW MEXICO
(34.520396, -106.244402)",
TEXAS,2017,8,,-,1,,9,,1,,3,,,-,0,,0,,,-,,-,"TEXAS
(31.827233, -99.423022)",
IOWA,2017,8,,-,0,,0,,,-,,-,,-,0,,0,,,-,,-,"IOWA
(42.46942, -93.815856)",
RHODE ISLAND,2017,8,,-,0,,3,,,-,1,,,-,0,,0,,,-,,-,"RHODE ISLAND
(41.707447, -71.522488)",
NEW HAMPSHIRE,2017,8,,-,0,,1,,,-,1,,,-,0,,1,,,-,,-,"NEW HAMPSHIRE
(43.657736, -71.500736)",
KENTUCKY,2017,8,,-,0,,1,,,-,3,,,-,0,,0,,,-,,-,"KENTUCKY
(37.64591, -84.774043)",
ALASKA,2017,8,,-,0,,2,,,-,,-,,-,0,,0,,,-,,-,"ALASKA
(64.836661, -147.738891)",
WEST VIRGINIA,2017,8,,-,0,,1,,,-,,-,,-,0,,0,,,-,,-,"WEST VIRGINIA
(38.668501, -80.709421)",
TENNESSEE,2017,8,,-,0,,1,,,-,3,,,-,0,,1,,,-,,-,"TENNESSEE
(35.681402, -85.774444)",
NORTH DAKOTA,2017,8,,-,0,,1,,,-,1,,,-,0,,0,,,-,,-,"NORTH DAKOTA
(47.475879, -100.121011)",
WISCONSIN,2017,8,,-,0,,1,,,-,,-,,-,0,,1,,1,,,-,"WISCONSIN
(44.395526, -89.834513)",
CALIFORNIA,2017,8,,-,1,,10,,6,,11,,,-,0,,0,,,-,,-,"CALIFORNIA
(37.640735, -121.002435)",
ALABAMA,2017,8,,-,0,,4,,1,,3,,,-,0,,0,,,-,,-,"ALABAMA
(32.839182, -86.631125)",
VIRGINIA,2017,8,,-,0,,6,,1,,,-,,-,0,,0,,,-,,-,"VIRGINIA
(37.542699, -78.45822)",
OREGON,2017,8,,-,0,,3,,3,,3,,,-,0,,1,,,-,,-,"OREGON
(44.567912, -120.156945)",
MASSACHUSETTS,2017,8,,-,0,,7,,1,,2,,,-,0,,0,,,-,,-,"MASSACHUSETTS
(42.268546, -72.085064)",
PENNSYLVANIA,2017,8,,-,0,,3,,1,,,-,1,,0,,0,,1,,,-,"PENNSYLVANIA
(40.789676, -77.858055)",
NEBRASKA,2017,8,,-,0,,0,,,-,,-,,-,0,,1,,,-,,-,"NEBRASKA
(41.640503, -99.367122)",
KANSAS,2017,8,,-,0,,2,,,-,,-,,-,0,,0,,,-,,-,"KANSAS
(38.345528, -98.201847)",
PUERTO RICO,2017,8,,-,0,,0,,,-,,-,,-,0,,0,,,-,,-,"PUERTO RICO
(18.215692, -66.414655)",
ILLINOIS,2017,8,,-,0,,3,,,-,2,,,-,0,,0,,,-,,-,"ILLINOIS
(40.477092, -88.993221)",
ARIZONA,2017,8,,-,0,,3,,,-,,-,,-,0,,1,,1,,,-,"ARIZONA
(34.869712, -111.760902)",
UNITED STATES,2017,9,3,,16,,72,,59,,76,,,-,0,,3,,15,,5,,,
NEW ENGLAND,2017,9,,-,1,,14,,3,,6,,,-,0,,1,,,-,,-,,
MID. ATLANTIC,2017,9,1,,1,,10,,8,,2,,,-,0,,1,,1,,4,,,
NEW YORK CITY,2017,9,,-,0,,3,,2,,1,,,-,0,,1,,,-,,-,,
E.N. CENTRAL,2017,9,,-,1,,5,,2,,6,,,-,0,,1,,3,,,-,,
W.N. CENTRAL,2017,9,,-,0,,2,,,-,2,,,-,0,,1,,1,,,-,,
S. ATLANTIC,2017,9,2,,7,,21,,27,,20,,,-,0,,2,,4,,1,,,
E.S. CENTRAL,2017,9,,-,1,,5,,1,,9,,,-,0,,1,,,-,,-,,
W.S. CENTRAL,2017,9,,-,2,,11,,4,,8,,,-,0,,1,,1,,,-,,
MOUNTAIN,2017,9,,-,1,,4,,3,,3,,,-,0,,2,,5,,,-,,
PACIFIC,2017,9,,-,2,,22,,11,,20,,,-,0,,1,,,-,,-,,
AMER. SAMOA,2017,9,,-,0,,0,,,-,,-,,-,0,,0,,,-,,-,,
GUAM,2017,9,,-,0,,0,,,-,,-,,-,0,,0,,,-,,-,"GUAM
(13.3532, 144.653198)",
OREGON,2017,9,,-,0,,3,,3,,3,,,-,0,,1,,,-,,-,"OREGON
(44.567912, -120.156945)",
CONNECTICUT,2017,9,,-,0,,3,,,-,,-,,-,0,,0,,,-,,-,"CONNECTICUT
(41.544654, -72.651713)",
INDIANA,2017,9,,-,0,,2,,,-,2,,,-,0,,0,,,-,,-,"INDIANA
(39.76845, -86.156212)",
C.N.M.I.,2017,9,,-,,-,,-,,-,,-,,-,,-,,-,,-,,-,"NORTHERN MARIANA ISLANDS
(15.1834, 145.725693)",
TENNESSEE,2017,9,,-,0,,1,,,-,3,,,-,0,,1,,,-,,-,"TENNESSEE
(35.681402, -85.774444)",
UTAH,2017,9,,-,0,,1,,1,,1,,,-,0,,1,,1,,,-,"UTAH
(39.359772, -111.584173)",
SOUTH CAROLINA,2017,9,,-,0,,3,,,-,2,,,-,0,,0,,,-,,-,"SOUTH CAROLINA
(34.009286, -81.037094)",
OKLAHOMA,2017,9,,-,0,,1,,,-,,-,,-,0,,0,,,-,,-,"OKLAHOMA
(35.468494, -97.521264)",
PUERTO RICO,2017,9,,-,0,,0,,,-,,-,,-,0,,0,,,-,,-,"PUERTO RICO
(18.215692, -66.414655)",
MARYLAND,2017,9,,-,1,,7,,3,,,-,,-,0,,1,,1,,1,,"MARYLAND
(39.290443, -76.612333)",
MINNESOTA,2017,9,,-,0,,0,,,-,,-,,-,0,,0,,,-,,-,"MINNESOTA
(46.357661, -94.793397)",
DELAWARE,2017,9,,-,0,,3,,,-,,-,,-,0,,0,,,-,,-,"DELAWARE
(39.008676, -75.574561)",
NEBRASKA,2017,9,,-,0,,0,,,-,,-,,-,0,,1,,,-,,-,"NEBRASKA
(41.640503, -99.367122)",
WEST VIRGINIA,2017,9,,-,0,,1,,,-,,-,,-,0,,0,,,-,,-,"WEST VIRGINIA
(38.668501, -80.709421)",
NORTH CAROLINA,2017,9,,-,0,,3,,,-,1,,,-,0,,2,,2,,,-,"NORTH CAROLINA
(35.47995, -79.180571)",
ARKANSAS,2017,9,,-,0,,1,,,-,,-,,-,0,,0,,,-,,-,"ARKANSAS
(34.748745, -92.275105)",
COLORADO,2017,9,,-,0,,2,,1,,2,,,-,0,,1,,3,,,-,"COLORADO
(38.841772, -106.132562)",
IDAHO,2017,9,,-,0,,0,,,-,,-,,-,0,,0,,,-,,-,"IDAHO
(43.680635, -114.364237)",
NEW YORK,2017,9,1,,0,,5,,5,,1,,,-,0,,0,,,-,4,,"NEW YORK
(42.826892, -75.544286)",
MICHIGAN,2017,9,,-,0,,1,,,-,1,,,-,0,,1,,1,,,-,"MICHIGAN
(44.66399, -84.711206)",
WYOMING,2017,9,,-,0,,1,,,-,,-,,-,0,,0,,,-,,-,"WYOMING
(43.23558, -108.110518)",
KENTUCKY,2017,9,,-,0,,1,,,-,3,,,-,0,,0,,,-,,-,"KENTUCKY
(37.64591, -84.774043)",
SOUTH DAKOTA,2017,9,,-,0,,1,,,-,,-,,-,0,,0,,,-,,-,"SOUTH DAKOTA
(44.35371, -100.373709)",
VIRGINIA,2017,9,,-,0,,6,,1,,,-,,-,0,,0,,,-,,-,"VIRGINIA
(37.542699, -78.45822)",
WISCONSIN,2017,9,,-,0,,1,,,-,,-,,-,0,,1,,1,,,-,"WISCONSIN
(44.395526, -89.834513)",
HAWAII,2017,9,,-,0,,3,,2,,4,,,-,0,,1,,,-,,-,"HAWAII
(21.30992, -157.858158)",
TEXAS,2017,9,,-,1,,9,,1,,4,,,-,0,,0,,,-,,-,"TEXAS
(31.827233, -99.423022)",
IOWA,2017,9,,-,0,,0,,,-,,-,,-,0,,0,,,-,,-,"IOWA
(42.46942, -93.815856)",
NORTH DAKOTA,2017,9,,-,0,,1,,,-,1,,,-,0,,0,,,-,,-,"NORTH DAKOTA
(47.475879, -100.121011)",
VERMONT,2017,9,,-,0,,0,,,-,,-,,-,0,,0,,,-,,-,"VERMONT
(43.622479, -72.51927)",
NEW MEXICO,2017,9,,-,0,,0,,,-,,-,,-,0,,0,,,-,,-,"NEW MEXICO
(34.520396, -106.244402)",
VIRGIN ISL.,2017,9,,-,0,,0,,,-,,-,,-,0,,0,,,-,,-,"VIRGIN ISLANDS
(18.060868, -64.840836)",
PENNSYLVANIA,2017,9,,-,0,,3,,1,,,-,,-,0,,1,,1,,,-,"PENNSYLVANIA
(40.789676, -77.858055)",
GEORGIA,2017,9,,-,0,,3,,,-,4,,,-,0,,0,,,-,,-,"GEORGIA
(32.836038, -83.631709)",
ARIZONA,2017,9,,-,0,,3,,,-,,-,,-,0,,1,,1,,,-,"ARIZONA
(34.869712, -111.760902)",
ILLINOIS,2017,9,,-,0,,3,,,-,3,,,-,0,,0,,,-,,-,"ILLINOIS
(40.477092, -88.993221)",
MAINE,2017,9,,-,0,,2,,2,,,-,,-,0,,0,,,-,,-,"MAINE
(45.252223, -68.986647)",
NEVADA,2017,9,,-,0,,1,,,-,,-,,-,0,,1,,,-,,-,"NEVADA
(39.491833, -117.070159)",
CALIFORNIA,2017,9,,-,1,,10,,6,,13,,,-,0,,0,,,-,,-,"CALIFORNIA
(37.640735, -121.002435)",
FLORIDA,2017,9,2,,3,,10,,23,,13,,,-,0,,1,,1,,,-,"FLORIDA
(28.915325, -81.922409)",
RHODE ISLAND,2017,9,,-,0,,3,,,-,1,,,-,0,,0,,,-,,-,"RHODE ISLAND
(41.707447, -71.522488)",
ALABAMA,2017,9,,-,0,,4,,1,,3,,,-,0,,0,,,-,,-,"ALABAMA
(32.839182, -86.631125)",
DIST. OF COL.,2017,9,,-,0,,0,,,-,,-,,-,0,,0,,,-,,-,"DISTRICT OF COLUMBIA
(38.892062, -77.019912)",
NEW JERSEY,2017,9,,-,0,,4,,,-,,-,,-,0,,1,,,-,,-,"NEW JERSEY
(40.104655, -74.386686)",
NEW HAMPSHIRE,2017,9,,-,0,,1,,,-,1,,,-,0,,1,,,-,,-,"NEW HAMPSHIRE
(43.657736, -71.500736)",
OHIO,2017,9,,-,0,,2,,2,,,-,,-,0,,1,,1,,,-,"OHIO
(40.056807, -82.405897)",
MASSACHUSETTS,2017,9,,-,0,,7,,1,,4,,,-,0,,0,,,-,,-,"MASSACHUSETTS
(42.268546, -72.085064)",
MISSOURI,2017,9,,-,0,,1,,,-,1,,,-,0,,1,,1,,,-,"MISSOURI
(38.636168, -92.566292)",
ALASKA,2017,9,,-,0,,2,,,-,,-,,-,0,,0,,,-,,-,"ALASKA
(64.836661, -147.738891)",
WASHINGTON,2017,9,,-,0,,16,,,-,,-,,-,0,,1,,,-,,-,"WASHINGTON
(47.517368, -120.467672)",
MISSISSIPPI,2017,9,,-,0,,1,,,-,,-,,-,0,,0,,,-,,-,"MISSISSIPPI
(32.738663, -89.537312)",
LOUISIANA,2017,9,,-,0,,3,,3,,4,,,-,0,,1,,1,,,-,"LOUISIANA
(31.2931, -92.463284)",
MONTANA,2017,9,,-,0,,1,,1,,,-,,-,0,,0,,,-,,-,"MONTANA
(47.062617, -109.430168)",
KANSAS,2017,9,,-,0,,2,,,-,,-,,-,0,,0,,,-,,-,"KANSAS
(38.345528, -98.201847)",
UNITED STATES,2017,10,5,,16,,72,,68,,81,,3,,0,,3,,20,,5,,,
NEW ENGLAND,2017,10,,-,1,,14,,3,,8,,,-,0,,1,,,-,,-,,
MID. ATLANTIC,2017,10,,-,1,,10,,8,,2,,,-,0,,1,,1,,4,,,
NEW YORK CITY,2017,10,,-,0,,3,,2,,1,,,-,0,,1,,,-,,-,,
E.N. CENTRAL,2017,10,,-,1,,5,,2,,7,,1,,0,,1,,4,,,-,,
W.N. CENTRAL,2017,10,,-,0,,2,,,-,3,,,-,0,,1,,1,,,-,,
S. ATLANTIC,2017,10,4,,7,,21,,32,,21,,,-,0,,2,,5,,1,,,
E.S. CENTRAL,2017,10,,-,1,,5,,1,,9,,,-,0,,1,,,-,,-,,
W.S. CENTRAL,2017,10,1,,2,,11,,5,,8,,1,,0,,1,,3,,,-,,
MOUNTAIN,2017,10,,-,1,,4,,3,,3,,1,,0,,2,,6,,,-,,
PACIFIC,2017,10,,-,3,,22,,14,,20,,,-,0,,1,,,-,,-,,
AMER. SAMOA,2017,10,,-,0,,0,,,-,,-,,-,0,,0,,,-,,-,,
NEVADA,2017,10,,-,0,,1,,,-,,-,,-,0,,1,,,-,,-,"NEVADA
(39.491833, -117.070159)",
DIST. OF COL.,2017,10,,-,0,,0,,,-,,-,,-,0,,0,,,-,,-,"DISTRICT OF COLUMBIA
(38.892062, -77.019912)",
WEST VIRGINIA,2017,10,,-,0,,1,,,-,,-,,-,0,,0,,,-,,-,"WEST VIRGINIA
(38.668501, -80.709421)",
HAWAII,2017,10,,-,0,,3,,4,,4,,,-,0,,1,,,-,,-,"HAWAII
(21.30992, -157.858158)",
MINNESOTA,2017,10,,-,0,,0,,,-,,-,,-,0,,0,,,-,,-,"MINNESOTA
(46.357661, -94.793397)",
SOUTH CAROLINA,2017,10,,-,0,,3,,,-,2,,,-,0,,0,,,-,,-,"SOUTH CAROLINA
(34.009286, -81.037094)",
TENNESSEE,2017,10,,-,0,,1,,,-,3,,,-,0,,1,,,-,,-,"TENNESSEE
(35.681402, -85.774444)",
OREGON,2017,10,,-,0,,3,,3,,3,,,-,0,,1,,,-,,-,"OREGON
(44.567912, -120.156945)",
ILLINOIS,2017,10,,-,0,,3,,,-,3,,,-,0,,0,,,-,,-,"ILLINOIS
(40.477092, -88.993221)",
LOUISIANA,2017,10,,-,0,,3,,3,,4,,,-,0,,1,,1,,,-,"LOUISIANA
(31.2931, -92.463284)",
VIRGINIA,2017,10,,-,0,,6,,1,,,-,,-,0,,1,,1,,,-,"VIRGINIA
(37.542699, -78.45822)",
IDAHO,2017,10,,-,0,,0,,,-,,-,,-,0,,0,,,-,,-,"IDAHO
(43.680635, -114.364237)",
ALABAMA,2017,10,,-,0,,4,,1,,3,,,-,0,,0,,,-,,-,"ALABAMA
(32.839182, -86.631125)",
TEXAS,2017,10,1,,1,,9,,2,,4,,1,,0,,1,,2,,,-,"TEXAS
(31.827233, -99.423022)",
MISSISSIPPI,2017,10,,-,0,,1,,,-,,-,,-,0,,0,,,-,,-,"MISSISSIPPI
(32.738663, -89.537312)",
VIRGIN ISL.,2017,10,,-,0,,0,,,-,,-,,-,0,,0,,,-,,-,"VIRGIN ISLANDS
(18.060868, -64.840836)",
NORTH DAKOTA,2017,10,,-,0,,1,,,-,1,,,-,0,,0,,,-,,-,"NORTH DAKOTA
(47.475879, -100.121011)",
UTAH,2017,10,,-,0,,1,,1,,1,,,-,0,,1,,1,,,-,"UTAH
(39.359772, -111.584173)",
WASHINGTON,2017,10,,-,0,,16,,,-,,-,,-,0,,1,,,-,,-,"WASHINGTON
(47.517368, -120.467672)",
KENTUCKY,2017,10,,-,0,,1,,,-,3,,,-,0,,0,,,-,,-,"KENTUCKY
(37.64591, -84.774043)",
OHIO,2017,10,,-,0,,2,,2,,,-,1,,0,,1,,2,,,-,"OHIO
(40.056807, -82.405897)",
COLORADO,2017,10,,-,0,,2,,1,,2,,,-,0,,1,,3,,,-,"COLORADO
(38.841772, -106.132562)",
MICHIGAN,2017,10,,-,0,,1,,,-,1,,,-,0,,1,,1,,,-,"MICHIGAN
(44.66399, -84.711206)",
PUERTO RICO,2017,10,,-,0,,0,,,-,,-,,-,0,,0,,,-,,-,"PUERTO RICO
(18.215692, -66.414655)",
FLORIDA,2017,10,4,,3,,10,,27,,14,,,-,0,,1,,1,,,-,"FLORIDA
(28.915325, -81.922409)",
KANSAS,2017,10,,-,0,,2,,,-,,-,,-,0,,0,,,-,,-,"KANSAS
(38.345528, -98.201847)",
MARYLAND,2017,10,,-,1,,7,,3,,,-,,-,0,,1,,1,,1,,"MARYLAND
(39.290443, -76.612333)",
INDIANA,2017,10,,-,0,,2,,,-,2,,,-,0,,0,,,-,,-,"INDIANA
(39.76845, -86.156212)",
GEORGIA,2017,10,,-,0,,3,,1,,4,,,-,0,,0,,,-,,-,"GEORGIA
(32.836038, -83.631709)",
WYOMING,2017,10,,-,0,,1,,,-,,-,,-,0,,0,,,-,,-,"WYOMING
(43.23558, -108.110518)",
IOWA,2017,10,,-,0,,0,,,-,,-,,-,0,,0,,,-,,-,"IOWA
(42.46942, -93.815856)",
NEW YORK,2017,10,,-,1,,5,,5,,1,,,-,0,,0,,,-,4,,"NEW YORK
(42.826892, -75.544286)",
PENNSYLVANIA,2017,10,,-,0,,4,,1,,,-,,-,0,,1,,1,,,-,"PENNSYLVANIA
(40.789676, -77.858055)",
C.N.M.I.,2017,10,,-,,-,,-,,-,,-,,-,,-,,-,,-,,-,"NORTHERN MARIANA ISLANDS
(15.1834, 145.725693)",
CONNECTICUT,2017,10,,-,0,,3,,,-,1,,,-,0,,0,,,-,,-,"CONNECTICUT
(41.544654, -72.651713)",
MASSACHUSETTS,2017,10,,-,0,,7,,1,,5,,,-,0,,0,,,-,,-,"MASSACHUSETTS
(42.268546, -72.085064)",
CALIFORNIA,2017,10,,-,1,,11,,7,,13,,,-,0,,0,,,-,,-,"CALIFORNIA
(37.640735, -121.002435)",
DELAWARE,2017,10,,-,0,,3,,,-,,-,,-,0,,0,,,-,,-,"DELAWARE
(39.008676, -75.574561)",
MAINE,2017,10,,-,0,,2,,2,,,-,,-,0,,0,,,-,,-,"MAINE
(45.252223, -68.986647)",
ALASKA,2017,10,,-,0,,2,,,-,,-,,-,0,,0,,,-,,-,"ALASKA
(64.836661, -147.738891)",
VERMONT,2017,10,,-,0,,0,,,-,,-,,-,0,,0,,,-,,-,"VERMONT
(43.622479, -72.51927)",
NEW MEXICO,2017,10,,-,0,,0,,,-,,-,,-,0,,0,,,-,,-,"NEW MEXICO
(34.520396, -106.244402)",
NEBRASKA,2017,10,,-,0,,0,,,-,,-,,-,0,,1,,,-,,-,"NEBRASKA
(41.640503, -99.367122)",
RHODE ISLAND,2017,10,,-,0,,3,,,-,1,,,-,0,,0,,,-,,-,"RHODE ISLAND
(41.707447, -71.522488)",
NEW JERSEY,2017,10,,-,0,,4,,,-,,-,,-,0,,1,,,-,,-,"NEW JERSEY
(40.104655, -74.386686)",
OKLAHOMA,2017,10,,-,0,,1,,,-,,-,,-,0,,0,,,-,,-,"OKLAHOMA
(35.468494, -97.521264)",
SOUTH DAKOTA,2017,10,,-,0,,1,,,-,,-,,-,0,,0,,,-,,-,"SOUTH DAKOTA
(44.35371, -100.373709)",
ARKANSAS,2017,10,,-,0,,1,,,-,,-,,-,0,,0,,,-,,-,"ARKANSAS
(34.748745, -92.275105)",
MONTANA,2017,10,,-,0,,1,,1,,,-,1,,0,,0,,1,,,-,"MONTANA
(47.062617, -109.430168)",
NEW HAMPSHIRE,2017,10,,-,0,,1,,,-,1,,,-,0,,1,,,-,,-,"NEW HAMPSHIRE
(43.657736, -71.500736)",
NORTH CAROLINA,2017,10,,-,0,,3,,,-,1,,,-,0,,2,,2,,,-,"NORTH CAROLINA
(35.47995, -79.180571)",
ARIZONA,2017,10,,-,0,,3,,,-,,-,,-,0,,1,,1,,,-,"ARIZONA
(34.869712, -111.760902)",
GUAM,2017,10,,-,0,,0,,,-,,-,,-,0,,0,,,-,,-,"GUAM
(13.3532, 144.653198)",
MISSOURI,2017,10,,-,0,,1,,,-,2,,,-,0,,1,,1,,,-,"MISSOURI
(38.636168, -92.566292)",
WISCONSIN,2017,10,,-,0,,1,,,-,1,,,-,0,,1,,1,,,-,"WISCONSIN
(44.395526, -89.834513)",
UNITED STATES,2017,11,5,,17,,74,,77,,88,,,-,0,,4,,22,,5,,,
NEW ENGLAND,2017,11,,-,1,,14,,3,,9,,,-,0,,1,,,-,,-,,
MID. ATLANTIC,2017,11,,-,2,,11,,9,,2,,,-,0,,2,,2,,4,,,
NEW YORK CITY,2017,11,,-,0,,3,,2,,1,,,-,0,,1,,,-,,-,,
E.N. CENTRAL,2017,11,,-,1,,5,,3,,8,,,-,0,,1,,3,,,-,,
W.N. CENTRAL,2017,11,,-,0,,2,,,-,4,,,-,0,,1,,1,,,-,,
S. ATLANTIC,2017,11,4,,7,,20,,36,,22,,,-,0,,2,,5,,1,,,
E.S. CENTRAL,2017,11,,-,1,,5,,1,,9,,,-,0,,1,,,-,,-,,
W.S. CENTRAL,2017,11,1,,2,,13,,7,,9,,,-,0,,3,,5,,,-,,
MOUNTAIN,2017,11,,-,1,,4,,4,,4,,,-,0,,2,,6,,,-,,
PACIFIC,2017,11,,-,3,,22,,14,,21,,,-,0,,1,,,-,,-,,
AMER. SAMOA,2017,11,,-,0,,0,,,-,,-,,-,0,,0,,,-,,-,,
ALASKA,2017,11,,-,0,,2,,,-,,-,,-,0,,0,,,-,,-,"ALASKA
(64.836661, -147.738891)",
WISCONSIN,2017,11,,-,0,,1,,,-,1,,,-,0,,1,,1,,,-,"WISCONSIN
(44.395526, -89.834513)",
KENTUCKY,2017,11,,-,0,,1,,,-,3,,,-,0,,0,,,-,,-,"KENTUCKY
(37.64591, -84.774043)",
ARKANSAS,2017,11,,-,0,,1,,,-,,-,,-,0,,0,,,-,,-,"ARKANSAS
(34.748745, -92.275105)",
COLORADO,2017,11,,-,0,,2,,1,,2,,,-,0,,1,,3,,,-,"COLORADO
(38.841772, -106.132562)",
CALIFORNIA,2017,11,,-,1,,11,,7,,14,,,-,0,,0,,,-,,-,"CALIFORNIA
(37.640735, -121.002435)",
PENNSYLVANIA,2017,11,,-,0,,7,,2,,,-,,-,0,,2,,2,,,-,"PENNSYLVANIA
(40.789676, -77.858055)",
LOUISIANA,2017,11,,-,0,,4,,3,,5,,,-,0,,1,,1,,,-,"LOUISIANA
(31.2931, -92.463284)",
MAINE,2017,11,,-,0,,2,,2,,,-,,-,0,,0,,,-,,-,"MAINE
(45.252223, -68.986647)",
INDIANA,2017,11,,-,0,,2,,,-,2,,,-,0,,0,,,-,,-,"INDIANA
(39.76845, -86.156212)",
OKLAHOMA,2017,11,,-,0,,1,,,-,,-,,-,0,,0,,,-,,-,"OKLAHOMA
(35.468494, -97.521264)",
GEORGIA,2017,11,,-,0,,3,,1,,4,,,-,0,,0,,,-,,-,"GEORGIA
(32.836038, -83.631709)",
RHODE ISLAND,2017,11,,-,0,,3,,,-,1,,,-,0,,0,,,-,,-,"RHODE ISLAND
(41.707447, -71.522488)",
ALABAMA,2017,11,,-,0,,4,,1,,3,,,-,0,,0,,,-,,-,"ALABAMA
(32.839182, -86.631125)",
MARYLAND,2017,11,,-,1,,7,,3,,,-,,-,0,,1,,1,,1,,"MARYLAND
(39.290443, -76.612333)",
NORTH DAKOTA,2017,11,,-,0,,1,,,-,1,,,-,0,,0,,,-,,-,"NORTH DAKOTA
(47.475879, -100.121011)",
VIRGIN ISL.,2017,11,,-,0,,0,,,-,,-,,-,0,,0,,,-,,-,"VIRGIN ISLANDS
(18.060868, -64.840836)",
WYOMING,2017,11,,-,0,,1,,,-,,-,,-,0,,0,,,-,,-,"WYOMING
(43.23558, -108.110518)",
OREGON,2017,11,,-,0,,3,,3,,3,,,-,0,,1,,,-,,-,"OREGON
(44.567912, -120.156945)",
NEBRASKA,2017,11,,-,0,,0,,,-,,-,,-,0,,1,,,-,,-,"NEBRASKA
(41.640503, -99.367122)",
NEW HAMPSHIRE,2017,11,,-,0,,1,,,-,1,,,-,0,,1,,,-,,-,"NEW HAMPSHIRE
(43.657736, -71.500736)",
C.N.M.I.,2017,11,,-,,-,,-,,-,,-,,-,,-,,-,,-,,-,"NORTHERN MARIANA ISLANDS
(15.1834, 145.725693)",
MONTANA,2017,11,,-,0,,1,,2,,,-,,-,0,,1,,1,,,-,"MONTANA
(47.062617, -109.430168)",
DELAWARE,2017,11,,-,0,,3,,,-,,-,,-,0,,0,,,-,,-,"DELAWARE
(39.008676, -75.574561)",
NEVADA,2017,11,,-,0,,1,,,-,,-,,-,0,,1,,,-,,-,"NEVADA
(39.491833, -117.070159)",
IDAHO,2017,11,,-,0,,0,,,-,,-,,-,0,,0,,,-,,-,"IDAHO
(43.680635, -114.364237)",
WEST VIRGINIA,2017,11,,-,0,,1,,,-,,-,,-,0,,0,,,-,,-,"WEST VIRGINIA
(38.668501, -80.709421)",
SOUTH DAKOTA,2017,11,,-,0,,1,,,-,1,,,-,0,,0,,,-,,-,"SOUTH DAKOTA
(44.35371, -100.373709)",
MISSISSIPPI,2017,11,,-,0,,1,,,-,,-,,-,0,,0,,,-,,-,"MISSISSIPPI
(32.738663, -89.537312)",
NORTH CAROLINA,2017,11,,-,0,,3,,1,,2,,,-,0,,2,,2,,,-,"NORTH CAROLINA
(35.47995, -79.180571)",
OHIO,2017,11,,-,0,,2,,3,,,-,,-,0,,1,,1,,,-,"OHIO
(40.056807, -82.405897)",
PUERTO RICO,2017,11,,-,0,,0,,,-,,-,,-,0,,0,,,-,,-,"PUERTO RICO
(18.215692, -66.414655)",
NEW JERSEY,2017,11,,-,0,,4,,,-,,-,,-,0,,1,,,-,,-,"NEW JERSEY
(40.104655, -74.386686)",
NEW YORK,2017,11,,-,1,,5,,5,,1,,,-,0,,0,,,-,4,,"NEW YORK
(42.826892, -75.544286)",
GUAM,2017,11,,-,0,,0,,,-,,-,,-,0,,0,,,-,,-,"GUAM
(13.3532, 144.653198)",
VERMONT,2017,15,,-,0,,0,,,-,,-,,-,0,,0,,,-,,-,"VERMONT
(43.622479, -72.51927)",
ARIZONA,2017,11,,-,0,,3,,,-,1,,,-,0,,1,,1,,,-,"ARIZONA
(34.869712, -111.760902)",
MICHIGAN,2017,11,,-,0,,1,,,-,1,,,-,0,,1,,1,,,-,"MICHIGAN
(44.66399, -84.711206)",
SOUTH CAROLINA,2017,11,,-,0,,3,,,-,2,,,-,0,,0,,,-,,-,"SOUTH CAROLINA
(34.009286, -81.037094)",
TEXAS,2017,11,1,,1,,9,,4,,4,,,-,0,,3,,4,,,-,"TEXAS
(31.827233, -99.423022)",
NEW MEXICO,2017,11,,-,0,,0,,,-,,-,,-,0,,0,,,-,,-,"NEW MEXICO
(34.520396, -106.244402)",
KANSAS,2017,11,,-,0,,2,,,-,,-,,-,0,,0,,,-,,-,"KANSAS
(38.345528, -98.201847)",
WASHINGTON,2017,11,,-,0,,16,,,-,,-,,-,0,,1,,,-,,-,"WASHINGTON
(47.517368, -120.467672)",
HAWAII,2017,11,,-,0,,3,,4,,4,,,-,0,,1,,,-,,-,"HAWAII
(21.30992, -157.858158)",
ILLINOIS,2017,11,,-,0,,3,,,-,4,,,-,0,,0,,,-,,-,"ILLINOIS
(40.477092, -88.993221)",
CONNECTICUT,2017,11,,-,0,,3,,,-,1,,,-,0,,0,,,-,,-,"CONNECTICUT
(41.544654, -72.651713)",
FLORIDA,2017,11,4,,4,,10,,30,,14,,,-,0,,1,,1,,,-,"FLORIDA
(28.915325, -81.922409)",
MASSACHUSETTS,2017,11,,-,0,,7,,1,,6,,,-,0,,0,,,-,,-,"MASSACHUSETTS
(42.268546, -72.085064)",
DIST. OF COL.,2017,11,,-,0,,0,,,-,,-,,-,0,,0,,,-,,-,"DISTRICT OF COLUMBIA
(38.892062, -77.019912)",
IOWA,2017,11,,-,0,,0,,,-,,-,,-,0,,0,,,-,,-,"IOWA
(42.46942, -93.815856)",
TENNESSEE,2017,11,,-,0,,1,,,-,3,,,-,0,,1,,,-,,-,"TENNESSEE
(35.681402, -85.774444)",
UTAH,2017,11,,-,0,,1,,1,,1,,,-,0,,1,,1,,,-,"UTAH
(39.359772, -111.584173)",
VIRGINIA,2017,11,,-,0,,6,,1,,,-,,-,0,,1,,1,,,-,"VIRGINIA
(37.542699, -78.45822)",
MINNESOTA,2017,11,,-,0,,0,,,-,,-,,-,0,,0,,,-,,-,"MINNESOTA
(46.357661, -94.793397)",
MISSOURI,2017,11,,-,0,,1,,,-,2,,,-,0,,1,,1,,,-,"MISSOURI
(38.636168, -92.566292)",
VERMONT,2017,11,,-,0,,0,,,-,,-,,-,0,,0,,,-,,-,"VERMONT
(43.622479, -72.51927)",
UNITED STATES,2017,12,8,,17,,74,,93,,98,,1,,0,,5,,25,,5,,,
NEW ENGLAND,2017,12,,-,1,,14,,3,,10,,,-,0,,1,,,-,,-,,
MID. ATLANTIC,2017,12,,-,2,,11,,11,,3,,,-,0,,2,,2,,4,,,
NEW YORK CITY,2017,12,,-,0,,3,,2,,1,,,-,0,,1,,,-,,-,,
E.N. CENTRAL,2017,12,,-,1,,5,,3,,9,,1,,0,,1,,5,,,-,,
W.N. CENTRAL,2017,12,,-,0,,2,,,-,4,,,-,0,,2,,2,,,-,,
S. ATLANTIC,2017,12,8,,7,,20,,44,,26,,,-,0,,2,,5,,1,,,
E.S. CENTRAL,2017,12,,-,1,,5,,1,,9,,,-,0,,1,,,-,,-,,
W.S. CENTRAL,2017,12,,-,2,,14,,7,,10,,,-,0,,3,,5,,,-,,
MOUNTAIN,2017,12,,-,1,,4,,5,,4,,,-,0,,2,,6,,,-,,
PACIFIC,2017,12,,-,3,,22,,19,,23,,,-,0,,1,,,-,,-,,
AMER. SAMOA,2017,12,,-,0,,0,,,-,,-,,-,0,,0,,,-,,-,,
GUAM,2017,12,,-,0,,0,,,-,,-,,-,0,,0,,,-,,-,"GUAM
(13.3532, 144.653198)",
GEORGIA,2017,12,,-,0,,3,,1,,4,,,-,0,,0,,,-,,-,"GEORGIA
(32.836038, -83.631709)",
WISCONSIN,2017,12,,-,0,,1,,,-,2,,,-,0,,1,,2,,,-,"WISCONSIN
(44.395526, -89.834513)",
DELAWARE,2017,12,,-,0,,3,,,-,,-,,-,0,,0,,,-,,-,"DELAWARE
(39.008676, -75.574561)",
ILLINOIS,2017,12,,-,0,,3,,,-,4,,,-,0,,0,,,-,,-,"ILLINOIS
(40.477092, -88.993221)",
ALABAMA,2017,12,,-,0,,4,,1,,3,,,-,0,,0,,,-,,-,"ALABAMA
(32.839182, -86.631125)",
MONTANA,2017,12,,-,0,,1,,2,,,-,,-,0,,1,,1,,,-,"MONTANA
(47.062617, -109.430168)",
KANSAS,2017,12,,-,0,,2,,,-,,-,,-,0,,0,,,-,,-,"KANSAS
(38.345528, -98.201847)",
UTAH,2017,12,,-,0,,1,,1,,1,,,-,0,,1,,1,,,-,"UTAH
(39.359772, -111.584173)",
NORTH DAKOTA,2017,12,,-,0,,1,,,-,1,,,-,0,,0,,,-,,-,"NORTH DAKOTA
(47.475879, -100.121011)",
NEW MEXICO,2017,12,,-,0,,0,,,-,,-,,-,0,,0,,,-,,-,"NEW MEXICO
(34.520396, -106.244402)",
IDAHO,2017,12,,-,0,,0,,,-,,-,,-,0,,0,,,-,,-,"IDAHO
(43.680635, -114.364237)",
TENNESSEE,2017,12,,-,0,,1,,,-,3,,,-,0,,1,,,-,,-,"TENNESSEE
(35.681402, -85.774444)",
MASSACHUSETTS,2017,12,,-,0,,7,,1,,7,,,-,0,,0,,,-,,-,"MASSACHUSETTS
(42.268546, -72.085064)",
HAWAII,2017,12,,-,0,,3,,6,,4,,,-,0,,1,,,-,,-,"HAWAII
(21.30992, -157.858158)",
LOUISIANA,2017,12,,-,0,,4,,3,,5,,,-,0,,1,,1,,,-,"LOUISIANA
(31.2931, -92.463284)",
SOUTH CAROLINA,2017,12,,-,0,,3,,,-,2,,,-,0,,0,,,-,,-,"SOUTH CAROLINA
(34.009286, -81.037094)",
PUERTO RICO,2017,12,,-,0,,0,,,-,,-,,-,0,,0,,,-,,-,"PUERTO RICO
(18.215692, -66.414655)",
CONNECTICUT,2017,12,,-,0,,3,,,-,1,,,-,0,,0,,,-,,-,"CONNECTICUT
(41.544654, -72.651713)",
KENTUCKY,2017,12,,-,0,,1,,,-,3,,,-,0,,0,,,-,,-,"KENTUCKY
(37.64591, -84.774043)",
NEVADA,2017,12,,-,0,,1,,,-,,-,,-,0,,1,,,-,,-,"NEVADA
(39.491833, -117.070159)",
OKLAHOMA,2017,12,,-,0,,1,,,-,,-,,-,0,,0,,,-,,-,"OKLAHOMA
(35.468494, -97.521264)",
COLORADO,2017,12,,-,0,,2,,2,,2,,,-,0,,1,,3,,,-,"COLORADO
(38.841772, -106.132562)",
OREGON,2017,12,,-,0,,3,,3,,3,,,-,0,,1,,,-,,-,"OREGON
(44.567912, -120.156945)",
WEST VIRGINIA,2017,12,,-,0,,1,,,-,,-,,-,0,,0,,,-,,-,"WEST VIRGINIA
(38.668501, -80.709421)",
FLORIDA,2017,12,8,,4,,10,,38,,17,,,-,0,,1,,1,,,-,"FLORIDA
(28.915325, -81.922409)",
MARYLAND,2017,12,,-,1,,7,,3,,,-,,-,0,,1,,1,,1,,"MARYLAND
(39.290443, -76.612333)",
C.N.M.I.,2017,12,,-,,-,,-,,-,,-,,-,,-,,-,,-,,-,"NORTHERN MARIANA ISLANDS
(15.1834, 145.725693)",
VERMONT,2017,12,,-,0,,0,,,-,,-,,-,0,,0,,,-,,-,"VERMONT
(43.622479, -72.51927)",
OHIO,2017,12,,-,0,,2,,3,,,-,1,,0,,1,,2,,,-,"OHIO
(40.056807, -82.405897)",
DIST. OF COL.,2017,12,,-,0,,0,,,-,,-,,-,0,,0,,,-,,-,"DISTRICT OF COLUMBIA
(38.892062, -77.019912)",
CALIFORNIA,2017,12,,-,1,,11,,10,,16,,,-,0,,0,,,-,,-,"CALIFORNIA
(37.640735, -121.002435)",
MISSISSIPPI,2017,12,,-,0,,1,,,-,,-,,-,0,,0,,,-,,-,"MISSISSIPPI
(32.738663, -89.537312)",
MICHIGAN,2017,12,,-,0,,1,,,-,1,,,-,0,,1,,1,,,-,"MICHIGAN
(44.66399, -84.711206)",
PENNSYLVANIA,2017,12,,-,0,,7,,3,,,-,,-,0,,2,,2,,,-,"PENNSYLVANIA
(40.789676, -77.858055)",
VIRGIN ISL.,2017,12,,-,0,,0,,,-,,-,,-,0,,0,,,-,,-,"VIRGIN ISLANDS
(18.060868, -64.840836)",
NEW YORK,2017,12,,-,1,,5,,6,,1,,,-,0,,0,,,-,4,,"NEW YORK
(42.826892, -75.544286)",
WASHINGTON,2017,12,,-,0,,16,,,-,,-,,-,0,,1,,,-,,-,"WASHINGTON
(47.517368, -120.467672)",
MINNESOTA,2017,12,,-,0,,0,,,-,,-,,-,0,,0,,,-,,-,"MINNESOTA
(46.357661, -94.793397)",
TEXAS,2017,12,,-,1,,10,,4,,5,,,-,0,,3,,4,,,-,"TEXAS
(31.827233, -99.423022)",
INDIANA,2017,12,,-,0,,2,,,-,2,,,-,0,,0,,,-,,-,"INDIANA
(39.76845, -86.156212)",
ARIZONA,2017,12,,-,0,,3,,,-,1,,,-,0,,1,,1,,,-,"ARIZONA
(34.869712, -111.760902)",
SOUTH DAKOTA,2017,12,,-,0,,1,,,-,1,,,-,0,,1,,1,,,-,"SOUTH DAKOTA
(44.35371, -100.373709)",
MAINE,2017,12,,-,0,,2,,2,,,-,,-,0,,0,,,-,,-,"MAINE
(45.252223, -68.986647)",
VIRGINIA,2017,12,,-,0,,5,,1,,1,,,-,0,,1,,1,,,-,"VIRGINIA
(37.542699, -78.45822)",
NEW HAMPSHIRE,2017,12,,-,0,,1,,,-,1,,,-,0,,1,,,-,,-,"NEW HAMPSHIRE
(43.657736, -71.500736)",
ALASKA,2017,12,,-,0,,2,,,-,,-,,-,0,,0,,,-,,-,"ALASKA
(64.836661, -147.738891)",
NORTH CAROLINA,2017,12,,-,0,,3,,1,,2,,,-,0,,2,,2,,,-,"NORTH CAROLINA
(35.47995, -79.180571)",
WYOMING,2017,12,,-,0,,1,,,-,,-,,-,0,,0,,,-,,-,"WYOMING
(43.23558, -108.110518)",
MISSOURI,2017,12,,-,0,,1,,,-,2,,,-,0,,1,,1,,,-,"MISSOURI
(38.636168, -92.566292)",
NEBRASKA,2017,12,,-,0,,0,,,-,,-,,-,0,,1,,,-,,-,"NEBRASKA
(41.640503, -99.367122)",
RHODE ISLAND,2017,12,,-,0,,3,,,-,1,,,-,0,,0,,,-,,-,"RHODE ISLAND
(41.707447, -71.522488)",
NEW JERSEY,2017,12,,-,0,,4,,,-,1,,,-,0,,1,,,-,,-,"NEW JERSEY
(40.104655, -74.386686)",
ARKANSAS,2017,12,,-,0,,1,,,-,,-,,-,0,,0,,,-,,-,"ARKANSAS
(34.748745, -92.275105)",
UNITED STATES,2017,13,8,,17,,74,,104,,105,,,-,0,,7,,33,,5,,,
NEW ENGLAND,2017,13,1,,1,,14,,4,,10,,,-,0,,1,,,-,,-,,
MID. ATLANTIC,2017,13,1,,2,,11,,11,,3,,,-,0,,2,,2,,4,,,
NEW YORK CITY,2017,13,,-,0,,3,,2,,1,,,-,0,,1,,,-,,-,,
E.N. CENTRAL,2017,13,,-,1,,5,,3,,10,,,-,0,,2,,6,,,-,,
W.N. CENTRAL,2017,13,,-,0,,2,,1,,4,,,-,0,,2,,3,,,-,,
S. ATLANTIC,2017,13,6,,7,,20,,50,,28,,,-,0,,2,,11,,1,,,
E.S. CENTRAL,2017,13,,-,1,,5,,2,,9,,,-,0,,1,,,-,,-,,
W.S. CENTRAL,2017,13,,-,2,,14,,8,,11,,,-,0,,3,,5,,,-,,
MOUNTAIN,2017,13,,-,1,,4,,5,,4,,,-,0,,2,,6,,,-,,
PACIFIC,2017,13,,-,3,,22,,20,,26,,,-,0,,1,,,-,,-,,
AMER. SAMOA,2017,13,,-,0,,0,,,-,,-,,-,0,,0,,,-,,-,,
KENTUCKY,2017,13,,-,0,,1,,,-,3,,,-,0,,0,,,-,,-,"KENTUCKY
(37.64591, -84.774043)",
NEVADA,2017,13,,-,0,,1,,,-,,-,,-,0,,1,,,-,,-,"NEVADA
(39.491833, -117.070159)",
HAWAII,2017,13,,-,0,,3,,6,,4,,,-,0,,1,,,-,,-,"HAWAII
(21.30992, -157.858158)",
NEW MEXICO,2017,13,,-,0,,0,,,-,,-,,-,0,,0,,,-,,-,"NEW MEXICO
(34.520396, -106.244402)",
VIRGINIA,2017,13,1,,0,,5,,2,,1,,,-,0,,1,,1,,,-,"VIRGINIA
(37.542699, -78.45822)",
PUERTO RICO,2017,13,,-,0,,0,,,-,,-,,-,0,,0,,,-,,-,"PUERTO RICO
(18.215692, -66.414655)",
SOUTH DAKOTA,2017,13,,-,0,,1,,,-,1,,,-,0,,1,,1,,,-,"SOUTH DAKOTA
(44.35371, -100.373709)",
ILLINOIS,2017,13,,-,0,,3,,,-,5,,,-,0,,1,,1,,,-,"ILLINOIS
(40.477092, -88.993221)",
NEBRASKA,2017,13,,-,0,,0,,,-,,-,,-,0,,1,,1,,,-,"NEBRASKA
(41.640503, -99.367122)",
MISSISSIPPI,2017,13,,-,0,,1,,,-,,-,,-,0,,0,,,-,,-,"MISSISSIPPI
(32.738663, -89.537312)",
MONTANA,2017,13,,-,0,,1,,2,,,-,,-,0,,1,,1,,,-,"MONTANA
(47.062617, -109.430168)",
KANSAS,2017,13,,-,0,,2,,,-,,-,,-,0,,0,,,-,,-,"KANSAS
(38.345528, -98.201847)",
ALABAMA,2017,13,,-,0,,4,,1,,3,,,-,0,,0,,,-,,-,"ALABAMA
(32.839182, -86.631125)",
MAINE,2017,13,,-,0,,2,,2,,,-,,-,0,,0,,,-,,-,"MAINE
(45.252223, -68.986647)",
ALASKA,2017,13,,-,0,,2,,,-,,-,,-,0,,0,,,-,,-,"ALASKA
(64.836661, -147.738891)",
WASHINGTON,2017,13,,-,0,,16,,,-,,-,,-,0,,1,,,-,,-,"WASHINGTON
(47.517368, -120.467672)",
OREGON,2017,13,,-,0,,3,,3,,4,,,-,0,,1,,,-,,-,"OREGON
(44.567912, -120.156945)",
LOUISIANA,2017,13,,-,0,,4,,3,,5,,,-,0,,1,,1,,,-,"LOUISIANA
(31.2931, -92.463284)",
OHIO,2017,13,,-,0,,2,,3,,,-,,-,0,,1,,2,,,-,"OHIO
(40.056807, -82.405897)",
MICHIGAN,2017,13,,-,0,,1,,,-,1,,,-,0,,1,,1,,,-,"MICHIGAN
(44.66399, -84.711206)",
GUAM,2017,13,,-,0,,0,,,-,,-,,-,0,,0,,,-,,-,"GUAM
(13.3532, 144.653198)",
FLORIDA,2017,13,5,,4,,10,,43,,18,,,-,0,,2,,7,,,-,"FLORIDA
(28.915325, -81.922409)",
CALIFORNIA,2017,13,,-,1,,11,,11,,18,,,-,0,,0,,,-,,-,"CALIFORNIA
(37.640735, -121.002435)",
PENNSYLVANIA,2017,13,,-,0,,7,,3,,,-,,-,0,,2,,2,,,-,"PENNSYLVANIA
(40.789676, -77.858055)",
OKLAHOMA,2017,13,,-,0,,1,,,-,,-,,-,0,,0,,,-,,-,"OKLAHOMA
(35.468494, -97.521264)",
MARYLAND,2017,13,,-,1,,7,,3,,,-,,-,0,,1,,1,,1,,"MARYLAND
(39.290443, -76.612333)",
GEORGIA,2017,13,,-,0,,3,,1,,4,,,-,0,,0,,,-,,-,"GEORGIA
(32.836038, -83.631709)",
TENNESSEE,2017,13,,-,0,,1,,1,,3,,,-,0,,1,,,-,,-,"TENNESSEE
(35.681402, -85.774444)",
WYOMING,2017,13,,-,0,,1,,,-,,-,,-,0,,0,,,-,,-,"WYOMING
(43.23558, -108.110518)",
NEW HAMPSHIRE,2017,13,,-,0,,1,,,-,1,,,-,0,,1,,,-,,-,"NEW HAMPSHIRE
(43.657736, -71.500736)",
DIST. OF COL.,2017,13,,-,0,,0,,,-,,-,,-,0,,0,,,-,,-,"DISTRICT OF COLUMBIA
(38.892062, -77.019912)",
UTAH,2017,13,,-,0,,1,,1,,1,,,-,0,,1,,1,,,-,"UTAH
(39.359772, -111.584173)",
MASSACHUSETTS,2017,13,,-,0,,7,,1,,7,,,-,0,,0,,,-,,-,"MASSACHUSETTS
(42.268546, -72.085064)",
SOUTH CAROLINA,2017,13,,-,0,,3,,,-,3,,,-,0,,0,,,-,,-,"SOUTH CAROLINA
(34.009286, -81.037094)",
VERMONT,2017,13,,-,0,,0,,,-,,-,,-,0,,0,,,-,,-,"VERMONT
(43.622479, -72.51927)",
ARKANSAS,2017,13,,-,0,,1,,,-,,-,,-,0,,0,,,-,,-,"ARKANSAS
(34.748745, -92.275105)",
MISSOURI,2017,13,,-,0,,1,,1,,2,,,-,0,,1,,1,,,-,"MISSOURI
(38.636168, -92.566292)",
INDIANA,2017,13,,-,0,,2,,,-,2,,,-,0,,0,,,-,,-,"INDIANA
(39.76845, -86.156212)",
NORTH DAKOTA,2017,13,,-,0,,1,,,-,1,,,-,0,,0,,,-,,-,"NORTH DAKOTA
(47.475879, -100.121011)",
NORTH CAROLINA,2017,13,,-,0,,3,,1,,2,,,-,0,,2,,2,,,-,"NORTH CAROLINA
(35.47995, -79.180571)",
NEW JERSEY,2017,13,,-,0,,4,,,-,1,,,-,0,,1,,,-,,-,"NEW JERSEY
(40.104655, -74.386686)",
CONNECTICUT,2017,13,,-,0,,3,,,-,1,,,-,0,,0,,,-,,-,"CONNECTICUT
(41.544654, -72.651713)",
VIRGIN ISL.,2017,13,,-,0,,0,,,-,,-,,-,0,,0,,,-,,-,"VIRGIN ISLANDS
(18.060868, -64.840836)",
WEST VIRGINIA,2017,13,,-,0,,1,,,-,,-,,-,0,,0,,,-,,-,"WEST VIRGINIA
(38.668501, -80.709421)",
MINNESOTA,2017,13,,-,0,,0,,,-,,-,,-,0,,0,,,-,,-,"MINNESOTA
(46.357661, -94.793397)",
TEXAS,2017,13,,-,1,,10,,5,,6,,,-,0,,3,,4,,,-,"TEXAS
(31.827233, -99.423022)",
DELAWARE,2017,13,,-,0,,3,,,-,,-,,-,0,,0,,,-,,-,"DELAWARE
(39.008676, -75.574561)",
IDAHO,2017,13,,-,0,,0,,,-,,-,,-,0,,0,,,-,,-,"IDAHO
(43.680635, -114.364237)",
COLORADO,2017,13,,-,0,,2,,2,,2,,,-,0,,1,,3,,,-,"COLORADO
(38.841772, -106.132562)",
ARIZONA,2017,13,,-,0,,3,,,-,1,,,-,0,,1,,1,,,-,"ARIZONA
(34.869712, -111.760902)",
NEW YORK,2017,13,1,,1,,5,,6,,1,,,-,0,,0,,,-,4,,"NEW YORK
(42.826892, -75.544286)",
RHODE ISLAND,2017,13,1,,0,,3,,1,,1,,,-,0,,0,,,-,,-,"RHODE ISLAND
(41.707447, -71.522488)",
C.N.M.I.,2017,13,,-,,-,,-,,-,,-,,-,,-,,-,,-,,-,"NORTHERN MARIANA ISLANDS
(15.1834, 145.725693)",
WISCONSIN,2017,13,,-,0,,1,,,-,2,,,-,0,,1,,2,,,-,"WISCONSIN
(44.395526, -89.834513)",
IOWA,2017,13,,-,0,,0,,,-,,-,,-,0,,0,,,-,,-,"IOWA
(42.46942, -93.815856)",
UNITED STATES,2017,14,3,,17,,73,,114,,114,,1,,0,,7,,39,,5,,,
NEW ENGLAND,2017,14,,-,1,,13,,6,,10,,,-,0,,1,,,-,,-,,
MID. ATLANTIC,2017,14,,-,2,,11,,12,,5,,,-,0,,2,,2,,4,,,
NEW YORK CITY,2017,14,,-,0,,3,,2,,1,,,-,0,,1,,,-,,-,,
E.N. CENTRAL,2017,14,,-,1,,5,,4,,12,,,-,0,,2,,6,,,-,,
W.N. CENTRAL,2017,14,,-,0,,2,,1,,4,,,-,0,,2,,4,,,-,,
S. ATLANTIC,2017,14,2,,7,,20,,53,,31,,,-,0,,2,,13,,1,,,
E.S. CENTRAL,2017,14,,-,1,,5,,3,,9,,,-,0,,1,,,-,,-,,
W.S. CENTRAL,2017,14,1,,2,,14,,10,,11,,1,,0,,3,,7,,,-,,
MOUNTAIN,2017,14,,-,1,,4,,5,,5,,,-,0,,2,,6,,,-,,
PACIFIC,2017,14,,-,3,,22,,20,,27,,,-,0,,1,,1,,,-,,
AMER. SAMOA,2017,14,,-,0,,0,,,-,,-,,-,0,,0,,,-,,-,,
WASHINGTON,2017,14,,-,0,,16,,,-,1,,,-,0,,1,,,-,,-,"WASHINGTON
(47.517368, -120.467672)",
HAWAII,2017,14,,-,0,,3,,6,,4,,,-,0,,1,,,-,,-,"HAWAII
(21.30992, -157.858158)",
NORTH CAROLINA,2017,14,,-,0,,3,,1,,2,,,-,0,,2,,4,,,-,"NORTH CAROLINA
(35.47995, -79.180571)",
GUAM,2017,14,,-,0,,0,,,-,,-,,-,0,,0,,,-,,-,"GUAM
(13.3532, 144.653198)",
UTAH,2017,14,,-,0,,1,,1,,1,,,-,0,,1,,1,,,-,"UTAH
(39.359772, -111.584173)",
TEXAS,2017,14,1,,2,,10,,7,,6,,1,,0,,3,,6,,,-,"TEXAS
(31.827233, -99.423022)",
OREGON,2017,14,,-,0,,3,,3,,4,,,-,0,,1,,1,,,-,"OREGON
(44.567912, -120.156945)",
MISSOURI,2017,14,,-,0,,1,,1,,2,,,-,0,,1,,1,,,-,"MISSOURI
(38.636168, -92.566292)",
NEBRASKA,2017,14,,-,0,,0,,,-,,-,,-,0,,1,,1,,,-,"NEBRASKA
(41.640503, -99.367122)",
MINNESOTA,2017,14,,-,0,,0,,,-,,-,,-,0,,0,,,-,,-,"MINNESOTA
(46.357661, -94.793397)",
RHODE ISLAND,2017,14,,-,0,,3,,1,,1,,,-,0,,0,,,-,,-,"RHODE ISLAND
(41.707447, -71.522488)",
IDAHO,2017,14,,-,0,,0,,,-,,-,,-,0,,0,,,-,,-,"IDAHO
(43.680635, -114.364237)",
MONTANA,2017,14,,-,0,,1,,2,,,-,,-,0,,1,,1,,,-,"MONTANA
(47.062617, -109.430168)",
KANSAS,2017,14,,-,0,,2,,,-,,-,,-,0,,1,,1,,,-,"KANSAS
(38.345528, -98.201847)",
WYOMING,2017,14,,-,0,,1,,,-,,-,,-,0,,0,,,-,,-,"WYOMING
(43.23558, -108.110518)",
SOUTH CAROLINA,2017,14,,-,0,,3,,,-,3,,,-,0,,0,,,-,,-,"SOUTH CAROLINA
(34.009286, -81.037094)",
ARKANSAS,2017,14,,-,0,,1,,,-,,-,,-,0,,0,,,-,,-,"ARKANSAS
(34.748745, -92.275105)",
C.N.M.I.,2017,14,,-,,-,,-,,-,,-,,-,,-,,-,,-,,-,"NORTHERN MARIANA ISLANDS
(15.1834, 145.725693)",
MAINE,2017,14,,-,0,,2,,2,,,-,,-,0,,0,,,-,,-,"MAINE
(45.252223, -68.986647)",
NEW MEXICO,2017,14,,-,0,,0,,,-,,-,,-,0,,0,,,-,,-,"NEW MEXICO
(34.520396, -106.244402)",
NEVADA,2017,14,,-,0,,1,,,-,,-,,-,0,,1,,,-,,-,"NEVADA
(39.491833, -117.070159)",
FLORIDA,2017,14,2,,4,,10,,46,,18,,,-,0,,2,,7,,,-,"FLORIDA
(28.915325, -81.922409)",
DIST. OF COL.,2017,14,,-,0,,0,,,-,,-,,-,0,,0,,,-,,-,"DISTRICT OF COLUMBIA
(38.892062, -77.019912)",
WISCONSIN,2017,14,,-,0,,1,,,-,2,,,-,0,,1,,2,,,-,"WISCONSIN
(44.395526, -89.834513)",
CALIFORNIA,2017,14,,-,1,,11,,11,,18,,,-,0,,0,,,-,,-,"CALIFORNIA
(37.640735, -121.002435)",
ARIZONA,2017,14,,-,0,,3,,,-,1,,,-,0,,1,,1,,,-,"ARIZONA
(34.869712, -111.760902)",
ALABAMA,2017,14,,-,0,,4,,2,,3,,,-,0,,0,,,-,,-,"ALABAMA
(32.839182, -86.631125)",
LOUISIANA,2017,14,,-,0,,4,,3,,5,,,-,0,,1,,1,,,-,"LOUISIANA
(31.2931, -92.463284)",
WEST VIRGINIA,2017,14,,-,0,,1,,,-,,-,,-,0,,0,,,-,,-,"WEST VIRGINIA
(38.668501, -80.709421)",
OHIO,2017,14,,-,0,,2,,3,,1,,,-,0,,1,,2,,,-,"OHIO
(40.056807, -82.405897)",
SOUTH DAKOTA,2017,14,,-,0,,1,,,-,1,,,-,0,,1,,1,,,-,"SOUTH DAKOTA
(44.35371, -100.373709)",
TENNESSEE,2017,14,,-,0,,1,,1,,3,,,-,0,,1,,,-,,-,"TENNESSEE
(35.681402, -85.774444)",
GEORGIA,2017,14,,-,0,,3,,1,,5,,,-,0,,0,,,-,,-,"GEORGIA
(32.836038, -83.631709)",
VIRGINIA,2017,14,,-,0,,5,,2,,2,,,-,0,,1,,1,,,-,"VIRGINIA
(37.542699, -78.45822)",
MICHIGAN,2017,14,,-,0,,1,,1,,2,,,-,0,,1,,1,,,-,"MICHIGAN
(44.66399, -84.711206)",
MARYLAND,2017,14,,-,1,,7,,3,,,-,,-,0,,1,,1,,1,,"MARYLAND
(39.290443, -76.612333)",
NORTH DAKOTA,2017,14,,-,0,,1,,,-,1,,,-,0,,0,,,-,,-,"NORTH DAKOTA
(47.475879, -100.121011)",
VIRGIN ISL.,2017,14,,-,0,,0,,,-,,-,,-,0,,0,,,-,,-,"VIRGIN ISLANDS
(18.060868, -64.840836)",
IOWA,2017,14,,-,0,,0,,,-,,-,,-,0,,0,,,-,,-,"IOWA
(42.46942, -93.815856)",
NEW YORK,2017,14,,-,1,,5,,7,,1,,,-,0,,0,,,-,4,,"NEW YORK
(42.826892, -75.544286)",
PENNSYLVANIA,2017,14,,-,0,,7,,3,,2,,,-,0,,2,,2,,,-,"PENNSYLVANIA
(40.789676, -77.858055)",
MISSISSIPPI,2017,14,,-,0,,1,,,-,,-,,-,0,,0,,,-,,-,"MISSISSIPPI
(32.738663, -89.537312)",
KENTUCKY,2017,14,,-,0,,1,,,-,3,,,-,0,,0,,,-,,-,"KENTUCKY
(37.64591, -84.774043)",
CONNECTICUT,2017,14,,-,0,,3,,,-,1,,,-,0,,0,,,-,,-,"CONNECTICUT
(41.544654, -72.651713)",
PUERTO RICO,2017,14,,-,0,,0,,,-,,-,,-,0,,0,,,-,,-,"PUERTO RICO
(18.215692, -66.414655)",
COLORADO,2017,14,,-,0,,2,,2,,3,,,-,0,,1,,3,,,-,"COLORADO
(38.841772, -106.132562)",
NEW JERSEY,2017,14,,-,0,,4,,,-,1,,,-,0,,1,,,-,,-,"NEW JERSEY
(40.104655, -74.386686)",
NEW HAMPSHIRE,2017,14,,-,0,,1,,,-,1,,,-,0,,1,,,-,,-,"NEW HAMPSHIRE
(43.657736, -71.500736)",
MASSACHUSETTS,2017,14,,-,0,,7,,3,,7,,,-,0,,1,,,-,,-,"MASSACHUSETTS
(42.268546, -72.085064)",
OKLAHOMA,2017,14,,-,0,,1,,,-,,-,,-,0,,0,,,-,,-,"OKLAHOMA
(35.468494, -97.521264)",
DELAWARE,2017,14,,-,0,,3,,,-,1,,,-,0,,0,,,-,,-,"DELAWARE
(39.008676, -75.574561)",
ALASKA,2017,14,,-,0,,2,,,-,,-,,-,0,,0,,,-,,-,"ALASKA
(64.836661, -147.738891)",
VERMONT,2017,14,,-,0,,0,,,-,,-,,-,0,,0,,,-,,-,"VERMONT
(43.622479, -72.51927)",
ILLINOIS,2017,14,,-,0,,3,,,-,5,,,-,0,,1,,1,,,-,"ILLINOIS
(40.477092, -88.993221)",
INDIANA,2017,14,,-,0,,2,,,-,2,,,-,0,,0,,,-,,-,"INDIANA
(39.76845, -86.156212)",
UNITED STATES,2017,15,4,,17,,73,,99,,128,,1,,1,,6,,35,,5,,,
NEW ENGLAND,2017,15,,-,1,,13,,6,,10,,,-,0,,1,,,-,,-,,
MID. ATLANTIC,2017,15,,-,2,,11,,12,,7,,,-,0,,2,,2,,4,,,
NEW YORK CITY,2017,15,,-,0,,3,,2,,1,,,-,0,,1,,,-,,-,,
E.N. CENTRAL,2017,15,,-,1,,5,,4,,15,,,-,0,,2,,6,,,-,,
W.N. CENTRAL,2017,15,,-,0,,2,,1,,5,,,-,0,,2,,4,,,-,,
S. ATLANTIC,2017,15,,-,7,,20,,27,,34,,,-,0,,2,,7,,1,,,
E.S. CENTRAL,2017,15,,-,1,,5,,6,,10,,1,,0,,1,,1,,,-,,
W.S. CENTRAL,2017,15,2,,2,,14,,12,,14,,,-,0,,3,,7,,,-,,
MOUNTAIN,2017,15,1,,1,,4,,6,,5,,,-,0,,2,,6,,,-,,
PACIFIC,2017,15,1,,3,,22,,25,,28,,,-,0,,1,,2,,,-,,
AMER. SAMOA,2017,15,,-,0,,0,,,-,,-,,-,0,,0,,,-,,-,,
RHODE ISLAND,2017,15,,-,0,,3,,1,,1,,,-,0,,0,,,-,,-,"RHODE ISLAND
(41.707447, -71.522488)",
DIST. OF COL.,2017,15,,-,0,,0,,,-,,-,,-,0,,0,,,-,,-,"DISTRICT OF COLUMBIA
(38.892062, -77.019912)",
MASSACHUSETTS,2017,15,,-,0,,7,,3,,7,,,-,0,,1,,,-,,-,"MASSACHUSETTS
(42.268546, -72.085064)",
WEST VIRGINIA,2017,15,,-,0,,1,,,-,,-,,-,0,,0,,,-,,-,"WEST VIRGINIA
(38.668501, -80.709421)",
GEORGIA,2017,15,,-,0,,3,,1,,6,,,-,0,,0,,,-,,-,"GEORGIA
(32.836038, -83.631709)",
NEW MEXICO,2017,15,,-,0,,0,,,-,,-,,-,0,,0,,,-,,-,"NEW MEXICO
(34.520396, -106.244402)",
OREGON,2017,15,1,,0,,3,,4,,4,,,-,0,,1,,2,,,-,"OREGON
(44.567912, -120.156945)",
MINNESOTA,2017,15,,-,0,,0,,,-,,-,,-,0,,0,,,-,,-,"MINNESOTA
(46.357661, -94.793397)",
WASHINGTON,2017,15,,-,0,,16,,,-,1,,,-,0,,1,,,-,,-,"WASHINGTON
(47.517368, -120.467672)",
DELAWARE,2017,15,,-,0,,3,,,-,1,,,-,0,,0,,,-,,-,"DELAWARE
(39.008676, -75.574561)",
IOWA,2017,15,,-,0,,0,,,-,,-,,-,0,,0,,,-,,-,"IOWA
(42.46942, -93.815856)",
NEW HAMPSHIRE,2017,15,,-,0,,1,,,-,1,,,-,0,,1,,,-,,-,"NEW HAMPSHIRE
(43.657736, -71.500736)",
ALABAMA,2017,15,,-,0,,4,,2,,3,,,-,0,,0,,,-,,-,"ALABAMA
(32.839182, -86.631125)",
MICHIGAN,2017,15,,-,0,,1,,1,,3,,,-,0,,1,,1,,,-,"MICHIGAN
(44.66399, -84.711206)",
IDAHO,2017,15,,-,0,,0,,,-,,-,,-,0,,0,,,-,,-,"IDAHO
(43.680635, -114.364237)",
MONTANA,2017,15,,-,0,,1,,2,,,-,,-,0,,1,,1,,,-,"MONTANA
(47.062617, -109.430168)",
KENTUCKY,2017,15,,-,0,,1,,,-,3,,,-,0,,0,,,-,,-,"KENTUCKY
(37.64591, -84.774043)",
ARIZONA,2017,15,,-,0,,3,,,-,1,,,-,0,,1,,1,,,-,"ARIZONA
(34.869712, -111.760902)",
UTAH,2017,15,,-,0,,1,,1,,1,,,-,0,,1,,1,,,-,"UTAH
(39.359772, -111.584173)",
OHIO,2017,15,,-,0,,2,,3,,2,,,-,0,,1,,2,,,-,"OHIO
(40.056807, -82.405897)",
NORTH CAROLINA,2017,15,,-,0,,3,,1,,2,,,-,0,,2,,4,,,-,"NORTH CAROLINA
(35.47995, -79.180571)",
GUAM,2017,15,,-,0,,0,,,-,,-,,-,0,,0,,,-,,-,"GUAM
(13.3532, 144.653198)",
VIRGIN ISL.,2017,15,,-,0,,0,,,-,,-,,-,0,,0,,,-,,-,"VIRGIN ISLANDS
(18.060868, -64.840836)",
CALIFORNIA,2017,15,,-,1,,11,,14,,18,,,-,0,,0,,,-,,-,"CALIFORNIA
(37.640735, -121.002435)",
NEW JERSEY,2017,15,,-,0,,4,,,-,1,,,-,0,,1,,,-,,-,"NEW JERSEY
(40.104655, -74.386686)",
MARYLAND,2017,15,,-,1,,7,,3,,,-,,-,0,,1,,1,,1,,"MARYLAND
(39.290443, -76.612333)",
COLORADO,2017,15,,-,0,,2,,2,,3,,,-,0,,1,,3,,,-,"COLORADO
(38.841772, -106.132562)",
KANSAS,2017,15,,-,0,,2,,,-,2,,,-,0,,1,,1,,,-,"KANSAS
(38.345528, -98.201847)",
HAWAII,2017,15,,-,0,,3,,7,,5,,,-,0,,1,,,-,,-,"HAWAII
(21.30992, -157.858158)",
INDIANA,2017,15,,-,0,,2,,,-,2,,,-,0,,0,,,-,,-,"INDIANA
(39.76845, -86.156212)",
SOUTH DAKOTA,2017,15,,-,0,,1,,,-,1,,,-,0,,1,,1,,,-,"SOUTH DAKOTA
(44.35371, -100.373709)",
SOUTH CAROLINA,2017,15,,-,0,,3,,,-,3,,,-,0,,0,,,-,,-,"SOUTH CAROLINA
(34.009286, -81.037094)",
MISSOURI,2017,15,,-,0,,1,,1,,2,,,-,0,,1,,1,,,-,"MISSOURI
(38.636168, -92.566292)",
NEVADA,2017,15,,-,0,,1,,,-,,-,,-,0,,1,,,-,,-,"NEVADA
(39.491833, -117.070159)",
MISSISSIPPI,2017,15,,-,0,,2,,3,,,-,,-,0,,0,,,-,,-,"MISSISSIPPI
(32.738663, -89.537312)",
TENNESSEE,2017,15,,-,0,,1,,1,,4,,1,,0,,1,,1,,,-,"TENNESSEE
(35.681402, -85.774444)",
FLORIDA,2017,15,,-,3,,10,,20,,20,,,-,0,,1,,1,,,-,"FLORIDA
(28.915325, -81.922409)",
ILLINOIS,2017,15,,-,0,,3,,,-,5,,,-,0,,1,,1,,,-,"ILLINOIS
(40.477092, -88.993221)",
LOUISIANA,2017,15,1,,0,,4,,4,,7,,,-,0,,1,,1,,,-,"LOUISIANA
(31.2931, -92.463284)",
PENNSYLVANIA,2017,15,,-,0,,7,,3,,4,,,-,0,,2,,2,,,-,"PENNSYLVANIA
(40.789676, -77.858055)",
CONNECTICUT,2017,15,,-,0,,3,,,-,1,,,-,0,,0,,,-,,-,"CONNECTICUT
(41.544654, -72.651713)",
C.N.M.I.,2017,15,,-,,-,,-,,-,,-,,-,,-,,-,,-,,-,"NORTHERN MARIANA ISLANDS
(15.1834, 145.725693)",
OKLAHOMA,2017,15,,-,0,,1,,,-,,-,,-,0,,0,,,-,,-,"OKLAHOMA
(35.468494, -97.521264)",
NEBRASKA,2017,15,,-,0,,0,,,-,,-,,-,0,,1,,1,,,-,"NEBRASKA
(41.640503, -99.367122)",
PUERTO RICO,2017,15,,-,0,,0,,,-,,-,,-,0,,0,,,-,,-,"PUERTO RICO
(18.215692, -66.414655)",
ARKANSAS,2017,15,,-,0,,1,,,-,,-,,-,0,,0,,,-,,-,"ARKANSAS
(34.748745, -92.275105)",
TEXAS,2017,15,1,,2,,10,,8,,7,,,-,0,,3,,6,,,-,"TEXAS
(31.827233, -99.423022)",
ALASKA,2017,15,,-,0,,2,,,-,,-,,-,0,,0,,,-,,-,"ALASKA
(64.836661, -147.738891)",
WISCONSIN,2017,15,,-,0,,1,,,-,3,,,-,0,,1,,2,,,-,"WISCONSIN
(44.395526, -89.834513)",
MAINE,2017,15,,-,0,,2,,2,,,-,,-,0,,0,,,-,,-,"MAINE
(45.252223, -68.986647)",
NEW YORK,2017,15,,-,1,,5,,7,,1,,,-,0,,0,,,-,4,,"NEW YORK
(42.826892, -75.544286)",
WYOMING,2017,15,1,,0,,1,,1,,,-,,-,0,,0,,,-,,-,"WYOMING
(43.23558, -108.110518)",
VIRGINIA,2017,15,,-,0,,5,,2,,2,,,-,0,,1,,1,,,-,"VIRGINIA
(37.542699, -78.45822)",
NORTH DAKOTA,2017,15,,-,0,,1,,,-,,-,,-,0,,0,,,-,,-,"NORTH DAKOTA
(47.475879, -100.121011)",
