Reporting Area,MMWR Year,MMWR Week,"Invasive Pneumococcal Disease§, Age LT 5, Confirmed, Current week","Invasive Pneumococcal Disease§, Age LT 5, Confirmed, Current week, flag","Invasive Pneumococcal Disease§, Age LT 5, Confirmed, Previous 52 weeks Med","Invasive Pneumococcal Disease§, Age LT 5, Confirmed, Previous 52 weeks Med, flag","Invasive Pneumococcal Disease§, Age LT 5, Confirmed, Previous 52 weeks Max","Invasive Pneumococcal Disease§, Age LT 5, Confirmed, Previous 52 weeks Max, flag","Invasive Pneumococcal Disease§, Age LT 5, Confirmed, Cum 2017","Invasive Pneumococcal Disease§, Age LT 5, Confirmed, Cum 2017, flag","Invasive Pneumococcal Disease§, Age LT 5, Confirmed, Cum 2016","Invasive Pneumococcal Disease§, Age LT 5, Confirmed, Cum 2016, flag","Invasive Pneumococcal Disease§, Age LT 5, Probable, Current week","Invasive Pneumococcal Disease§, Age LT 5, Probable, Current week, flag","Invasive Pneumococcal Disease§, Age LT 5, Probable, Previous 52 weeks Med","Invasive Pneumococcal Disease§, Age LT 5, Probable, Previous 52 weeks Med, flag","Invasive Pneumococcal Disease§, Age LT 5, Probable, Previous 52 weeks Max","Invasive Pneumococcal Disease§, Age LT 5, Probable, Previous 52 weeks Max, flag","Invasive Pneumococcal Disease§, Age LT 5, Probable, Cum 2017","Invasive Pneumococcal Disease§, Age LT 5, Probable, Cum 2017, flag","Invasive Pneumococcal Disease§, Age LT 5, Probable, Cum 2016","Invasive Pneumococcal Disease§, Age LT 5, Probable, Cum 2016, flag",Location 1,Location 2
UNITED STATES,2017,1,8,,18,,35,,8,,23,,,-,0,,2,,,-,,-,,
NEW ENGLAND,2017,1,,-,1,,4,,,-,1,,,-,0,,0,,,-,,-,,
MID. ATLANTIC,2017,1,1,,1,,7,,1,,,-,,-,0,,0,,,-,,-,,
NEW YORK CITY,2017,1,,-,0,,2,,,-,,-,,-,0,,0,,,-,,-,,
E.N. CENTRAL,2017,1,2,,2,,6,,2,,6,,,-,0,,1,,,-,,-,,
W.N. CENTRAL,2017,1,,-,1,,4,,,-,1,,,-,0,,1,,,-,,-,,
S. ATLANTIC,2017,1,1,,5,,9,,1,,6,,,-,0,,0,,,-,,-,,
E.S. CENTRAL,2017,1,,-,2,,7,,,-,5,,,-,0,,1,,,-,,-,,
W.S. CENTRAL,2017,1,2,,4,,13,,2,,,-,,-,0,,0,,,-,,-,,
MOUNTAIN,2017,1,2,,2,,6,,2,,4,,,-,0,,1,,,-,,-,,
PACIFIC,2017,1,,-,0,,1,,,-,,-,,-,0,,0,,,-,,-,,
AMER. SAMOA,2017,1,,-,0,,0,,,-,,-,,-,0,,0,,,-,,-,,
MONTANA,2017,1,,-,0,,1,,,-,,-,,-,0,,0,,,-,,-,"MONTANA
(47.062617, -109.430168)",
MASSACHUSETTS,2017,1,,-,0,,3,,,-,,-,,-,0,,0,,,-,,-,"MASSACHUSETTS
(42.268546, -72.085064)",
DELAWARE,2017,1,,-,0,,0,,,-,,-,,-,0,,0,,,-,,-,"DELAWARE
(39.008676, -75.574561)",
MICHIGAN,2017,1,,-,0,,4,,,-,2,,,-,0,,1,,,-,,-,"MICHIGAN
(44.66399, -84.711206)",
OHIO,2017,1,2,,1,,5,,2,,3,,,-,0,,0,,,-,,-,"OHIO
(40.056807, -82.405897)",
PUERTO RICO,2017,1,,-,0,,0,,,-,,-,,-,0,,0,,,-,,-,"PUERTO RICO
(18.215692, -66.414655)",
WEST VIRGINIA,2017,1,,-,0,,1,,,-,,-,,-,0,,0,,,-,,-,"WEST VIRGINIA
(38.668501, -80.709421)",
DIST. OF COL.,2017,1,,-,0,,0,,,-,,-,,-,0,,0,,,-,,-,"DISTRICT OF COLUMBIA
(38.892062, -77.019912)",
OKLAHOMA,2017,1,1,,0,,3,,1,,,-,,-,0,,0,,,-,,-,"OKLAHOMA
(35.468494, -97.521264)",
NEW YORK,2017,1,1,,1,,4,,1,,,-,,-,0,,0,,,-,,-,"NEW YORK
(42.826892, -75.544286)",
UTAH,2017,1,,-,0,,3,,,-,,-,,-,0,,0,,,-,,-,"UTAH
(39.359772, -111.584173)",
NORTH CAROLINA,2017,1,,N,0,,0,,,N,,N,,N,0,,0,,,N,,N,"NORTH CAROLINA
(35.47995, -79.180571)",
NEBRASKA,2017,1,,-,0,,2,,,-,,-,,-,0,,0,,,-,,-,"NEBRASKA
(41.640503, -99.367122)",
MINNESOTA,2017,1,,-,0,,0,,,-,,-,,-,0,,0,,,-,,-,"MINNESOTA
(46.357661, -94.793397)",
KENTUCKY,2017,1,,-,0,,2,,,-,,-,,-,0,,1,,,-,,-,"KENTUCKY
(37.64591, -84.774043)",
GUAM,2017,1,,-,0,,0,,,-,,-,,-,0,,0,,,-,,-,"GUAM
(13.3532, 144.653198)",
IDAHO,2017,1,,-,0,,1,,,-,,-,,-,0,,1,,,-,,-,"IDAHO
(43.680635, -114.364237)",
MISSOURI,2017,1,,-,0,,2,,,-,,-,,-,0,,1,,,-,,-,"MISSOURI
(38.636168, -92.566292)",
WISCONSIN,2017,1,,-,0,,2,,,-,1,,,-,0,,0,,,-,,-,"WISCONSIN
(44.395526, -89.834513)",
TEXAS,2017,1,,-,3,,8,,,-,,-,,-,0,,0,,,-,,-,"TEXAS
(31.827233, -99.423022)",
WYOMING,2017,1,,-,0,,1,,,-,,-,,-,0,,0,,,-,,-,"WYOMING
(43.23558, -108.110518)",
KANSAS,2017,1,,-,0,,2,,,-,1,,,-,0,,0,,,-,,-,"KANSAS
(38.345528, -98.201847)",
HAWAII,2017,1,,-,0,,1,,,-,,-,,-,0,,0,,,-,,-,"HAWAII
(21.30992, -157.858158)",
ARIZONA,2017,1,,-,1,,4,,,-,2,,,-,0,,0,,,-,,-,"ARIZONA
(34.869712, -111.760902)",
CALIFORNIA,2017,1,,N,0,,0,,,N,,N,,N,0,,0,,,N,,N,"CALIFORNIA
(37.640735, -121.002435)",
MISSISSIPPI,2017,1,,-,0,,2,,,-,1,,,-,0,,0,,,-,,-,"MISSISSIPPI
(32.738663, -89.537312)",
ARKANSAS,2017,1,1,,0,,3,,1,,,-,,-,0,,0,,,-,,-,"ARKANSAS
(34.748745, -92.275105)",
RHODE ISLAND,2017,1,,-,0,,1,,,-,,-,,-,0,,0,,,-,,-,"RHODE ISLAND
(41.707447, -71.522488)",
NEW JERSEY,2017,1,,-,0,,0,,,-,,-,,-,0,,0,,,-,,-,"NEW JERSEY
(40.104655, -74.386686)",
INDIANA,2017,1,,-,0,,3,,,-,,-,,-,0,,0,,,-,,-,"INDIANA
(39.76845, -86.156212)",
NEVADA,2017,1,,-,0,,1,,,-,1,,,-,0,,0,,,-,,-,"NEVADA
(39.491833, -117.070159)",
NEW MEXICO,2017,1,,-,0,,2,,,-,1,,,-,0,,0,,,-,,-,"NEW MEXICO
(34.520396, -106.244402)",
MAINE,2017,1,,-,0,,2,,,-,,-,,-,0,,0,,,-,,-,"MAINE
(45.252223, -68.986647)",
FLORIDA,2017,1,1,,1,,5,,1,,3,,,-,0,,0,,,-,,-,"FLORIDA
(28.915325, -81.922409)",
MARYLAND,2017,1,,-,0,,3,,,-,1,,,-,0,,0,,,-,,-,"MARYLAND
(39.290443, -76.612333)",
TENNESSEE,2017,1,,-,1,,6,,,-,2,,,-,0,,0,,,-,,-,"TENNESSEE
(35.681402, -85.774444)",
SOUTH DAKOTA,2017,1,,N,0,,0,,,N,,N,,N,0,,0,,,N,,N,"SOUTH DAKOTA
(44.35371, -100.373709)",
COLORADO,2017,1,2,,0,,0,,2,,,-,,-,0,,0,,,-,,-,"COLORADO
(38.841772, -106.132562)",
GEORGIA,2017,1,,-,1,,5,,,-,1,,,-,0,,0,,,-,,-,"GEORGIA
(32.836038, -83.631709)",
ALABAMA,2017,1,,-,0,,5,,,-,2,,,-,0,,0,,,-,,-,"ALABAMA
(32.839182, -86.631125)",
VERMONT,2017,1,,-,0,,2,,,-,,-,,-,0,,0,,,-,,-,"VERMONT
(43.622479, -72.51927)",
LOUISIANA,2017,1,,-,0,,3,,,-,,-,,-,0,,0,,,-,,-,"LOUISIANA
(31.2931, -92.463284)",
VIRGINIA,2017,1,,-,0,,2,,,-,,-,,-,0,,0,,,-,,-,"VIRGINIA
(37.542699, -78.45822)",
PENNSYLVANIA,2017,1,,-,0,,3,,,-,,-,,-,0,,0,,,-,,-,"PENNSYLVANIA
(40.789676, -77.858055)",
NORTH DAKOTA,2017,1,,-,0,,1,,,-,,-,,-,0,,0,,,-,,-,"NORTH DAKOTA
(47.475879, -100.121011)",
WASHINGTON,2017,1,,N,0,,0,,,N,,N,,N,0,,0,,,N,,N,"WASHINGTON
(47.517368, -120.467672)",
SOUTH CAROLINA,2017,1,,-,0,,3,,,-,1,,,-,0,,0,,,-,,-,"SOUTH CAROLINA
(34.009286, -81.037094)",
ILLINOIS,2017,1,,-,0,,0,,,-,,-,,-,0,,0,,,-,,-,"ILLINOIS
(40.477092, -88.993221)",
IOWA,2017,1,,N,0,,0,,,N,,N,,N,0,,0,,,N,,N,"IOWA
(42.46942, -93.815856)",
C.N.M.I.,2017,1,,-,,-,,-,,-,,-,,-,,-,,-,,-,,-,"NORTHERN MARIANA ISLANDS
(15.1834, 145.725693)",
VIRGIN ISL.,2017,1,,-,0,,0,,,-,,-,,-,0,,0,,,-,,-,"VIRGIN ISLANDS
(18.060868, -64.840836)",
ALASKA,2017,1,,-,0,,1,,,-,,-,,-,0,,0,,,-,,-,"ALASKA
(64.836661, -147.738891)",
CONNECTICUT,2017,1,,-,0,,2,,,-,1,,,-,0,,0,,,-,,-,"CONNECTICUT
(41.544654, -72.651713)",
OREGON,2017,1,,N,0,,0,,,N,,N,,N,0,,0,,,N,,N,"OREGON
(44.567912, -120.156945)",
NEW HAMPSHIRE,2017,1,,-,0,,1,,,-,,-,,-,0,,0,,,-,,-,"NEW HAMPSHIRE
(43.657736, -71.500736)",
UNITED STATES,2017,2,11,,19,,35,,20,,38,,,-,0,,2,,,-,,-,,
NEW ENGLAND,2017,2,,-,1,,4,,,-,2,,,-,0,,0,,,-,,-,,
MID. ATLANTIC,2017,2,,-,1,,7,,1,,,-,,-,0,,0,,,-,,-,,
NEW YORK CITY,2017,2,,-,0,,2,,,-,,-,,-,0,,0,,,-,,-,,
E.N. CENTRAL,2017,2,5,,2,,6,,7,,7,,,-,0,,1,,,-,,-,,
W.N. CENTRAL,2017,2,,-,1,,4,,,-,1,,,-,0,,1,,,-,,-,,
S. ATLANTIC,2017,2,1,,4,,9,,2,,10,,,-,0,,0,,,-,,-,,
E.S. CENTRAL,2017,2,2,,2,,8,,2,,5,,,-,0,,1,,,-,,-,,
W.S. CENTRAL,2017,2,2,,4,,13,,5,,3,,,-,0,,0,,,-,,-,,
MOUNTAIN,2017,2,1,,2,,6,,3,,9,,,-,0,,1,,,-,,-,,
PACIFIC,2017,2,,-,0,,1,,,-,1,,,-,0,,0,,,-,,-,,
AMER. SAMOA,2017,2,,-,0,,0,,,-,,-,,-,0,,0,,,-,,-,,
IDAHO,2017,2,,-,0,,1,,,-,1,,,-,0,,1,,,-,,-,"IDAHO
(43.680635, -114.364237)",
LOUISIANA,2017,2,1,,0,,3,,2,,,-,,-,0,,0,,,-,,-,"LOUISIANA
(31.2931, -92.463284)",
DELAWARE,2017,2,,-,0,,0,,,-,,-,,-,0,,0,,,-,,-,"DELAWARE
(39.008676, -75.574561)",
PENNSYLVANIA,2017,2,,-,0,,3,,,-,,-,,-,0,,0,,,-,,-,"PENNSYLVANIA
(40.789676, -77.858055)",
NEW YORK,2017,2,,-,1,,4,,1,,,-,,-,0,,0,,,-,,-,"NEW YORK
(42.826892, -75.544286)",
CALIFORNIA,2017,2,,N,0,,0,,,N,,N,,N,0,,0,,,N,,N,"CALIFORNIA
(37.640735, -121.002435)",
NEBRASKA,2017,2,,-,0,,2,,,-,,-,,-,0,,0,,,-,,-,"NEBRASKA
(41.640503, -99.367122)",
WYOMING,2017,2,,-,0,,1,,,-,,-,,-,0,,0,,,-,,-,"WYOMING
(43.23558, -108.110518)",
MASSACHUSETTS,2017,2,,-,0,,3,,,-,1,,,-,0,,0,,,-,,-,"MASSACHUSETTS
(42.268546, -72.085064)",
VERMONT,2017,2,,-,0,,2,,,-,,-,,-,0,,0,,,-,,-,"VERMONT
(43.622479, -72.51927)",
GEORGIA,2017,2,,-,1,,5,,,-,1,,,-,0,,0,,,-,,-,"GEORGIA
(32.836038, -83.631709)",
MONTANA,2017,2,,-,0,,1,,,-,1,,,-,0,,0,,,-,,-,"MONTANA
(47.062617, -109.430168)",
WASHINGTON,2017,2,,N,0,,0,,,N,,N,,N,0,,0,,,N,,N,"WASHINGTON
(47.517368, -120.467672)",
SOUTH DAKOTA,2017,2,,N,0,,0,,,N,,N,,N,0,,0,,,N,,N,"SOUTH DAKOTA
(44.35371, -100.373709)",
ALABAMA,2017,2,,-,0,,5,,,-,2,,,-,0,,0,,,-,,-,"ALABAMA
(32.839182, -86.631125)",
MISSOURI,2017,2,,-,0,,2,,,-,,-,,-,0,,1,,,-,,-,"MISSOURI
(38.636168, -92.566292)",
CONNECTICUT,2017,2,,-,0,,2,,,-,1,,,-,0,,0,,,-,,-,"CONNECTICUT
(41.544654, -72.651713)",
TEXAS,2017,2,1,,3,,8,,1,,2,,,-,0,,0,,,-,,-,"TEXAS
(31.827233, -99.423022)",
MARYLAND,2017,2,,-,0,,3,,,-,2,,,-,0,,0,,,-,,-,"MARYLAND
(39.290443, -76.612333)",
DIST. OF COL.,2017,2,,-,0,,0,,,-,,-,,-,0,,0,,,-,,-,"DISTRICT OF COLUMBIA
(38.892062, -77.019912)",
MINNESOTA,2017,2,,-,0,,0,,,-,,-,,-,0,,0,,,-,,-,"MINNESOTA
(46.357661, -94.793397)",
WEST VIRGINIA,2017,2,,-,0,,1,,,-,,-,,-,0,,0,,,-,,-,"WEST VIRGINIA
(38.668501, -80.709421)",
ARIZONA,2017,2,,-,1,,4,,,-,4,,,-,0,,0,,,-,,-,"ARIZONA
(34.869712, -111.760902)",
GUAM,2017,2,,-,0,,0,,,-,,-,,-,0,,0,,,-,,-,"GUAM
(13.3532, 144.653198)",
TENNESSEE,2017,2,1,,0,,7,,1,,2,,,-,0,,0,,,-,,-,"TENNESSEE
(35.681402, -85.774444)",
RHODE ISLAND,2017,2,,-,0,,1,,,-,,-,,-,0,,0,,,-,,-,"RHODE ISLAND
(41.707447, -71.522488)",
WISCONSIN,2017,2,1,,0,,2,,1,,1,,,-,0,,0,,,-,,-,"WISCONSIN
(44.395526, -89.834513)",
KENTUCKY,2017,2,1,,0,,2,,1,,,-,,-,0,,1,,,-,,-,"KENTUCKY
(37.64591, -84.774043)",
NEW HAMPSHIRE,2017,2,,-,0,,1,,,-,,-,,-,0,,0,,,-,,-,"NEW HAMPSHIRE
(43.657736, -71.500736)",
NORTH DAKOTA,2017,2,,-,0,,1,,,-,,-,,-,0,,0,,,-,,-,"NORTH DAKOTA
(47.475879, -100.121011)",
UTAH,2017,2,,-,0,,3,,,-,1,,,-,0,,0,,,-,,-,"UTAH
(39.359772, -111.584173)",
INDIANA,2017,2,,-,0,,3,,,-,,-,,-,0,,0,,,-,,-,"INDIANA
(39.76845, -86.156212)",
FLORIDA,2017,2,1,,1,,5,,2,,6,,,-,0,,0,,,-,,-,"FLORIDA
(28.915325, -81.922409)",
NEVADA,2017,2,,-,0,,1,,,-,1,,,-,0,,0,,,-,,-,"NEVADA
(39.491833, -117.070159)",
NEW MEXICO,2017,2,,-,0,,2,,,-,1,,,-,0,,0,,,-,,-,"NEW MEXICO
(34.520396, -106.244402)",
KANSAS,2017,2,,-,0,,2,,,-,1,,,-,0,,0,,,-,,-,"KANSAS
(38.345528, -98.201847)",
VIRGINIA,2017,2,,-,0,,2,,,-,,-,,-,0,,0,,,-,,-,"VIRGINIA
(37.542699, -78.45822)",
ILLINOIS,2017,2,,-,0,,0,,,-,,-,,-,0,,0,,,-,,-,"ILLINOIS
(40.477092, -88.993221)",
COLORADO,2017,2,1,,0,,3,,3,,,-,,-,0,,0,,,-,,-,"COLORADO
(38.841772, -106.132562)",
MISSISSIPPI,2017,2,,-,0,,2,,,-,1,,,-,0,,0,,,-,,-,"MISSISSIPPI
(32.738663, -89.537312)",
OHIO,2017,2,4,,1,,5,,6,,3,,,-,0,,0,,,-,,-,"OHIO
(40.056807, -82.405897)",
OREGON,2017,2,,N,0,,0,,,N,,N,,N,0,,0,,,N,,N,"OREGON
(44.567912, -120.156945)",
PUERTO RICO,2017,2,,-,0,,0,,,-,,-,,-,0,,0,,,-,,-,"PUERTO RICO
(18.215692, -66.414655)",
IOWA,2017,2,,N,0,,0,,,N,,N,,N,0,,0,,,N,,N,"IOWA
(42.46942, -93.815856)",
HAWAII,2017,2,,-,0,,1,,,-,,-,,-,0,,0,,,-,,-,"HAWAII
(21.30992, -157.858158)",
OKLAHOMA,2017,2,,-,0,,3,,1,,,-,,-,0,,0,,,-,,-,"OKLAHOMA
(35.468494, -97.521264)",
VIRGIN ISL.,2017,2,,-,0,,0,,,-,,-,,-,0,,0,,,-,,-,"VIRGIN ISLANDS
(18.060868, -64.840836)",
NEW JERSEY,2017,2,,-,0,,0,,,-,,-,,-,0,,0,,,-,,-,"NEW JERSEY
(40.104655, -74.386686)",
SOUTH CAROLINA,2017,2,,-,0,,3,,,-,1,,,-,0,,0,,,-,,-,"SOUTH CAROLINA
(34.009286, -81.037094)",
ARKANSAS,2017,2,,-,0,,3,,1,,1,,,-,0,,0,,,-,,-,"ARKANSAS
(34.748745, -92.275105)",
C.N.M.I.,2017,2,,-,,-,,-,,-,,-,,-,,-,,-,,-,,-,"NORTHERN MARIANA ISLANDS
(15.1834, 145.725693)",
MICHIGAN,2017,2,,-,0,,4,,,-,3,,,-,0,,1,,,-,,-,"MICHIGAN
(44.66399, -84.711206)",
MAINE,2017,2,,-,0,,2,,,-,,-,,-,0,,0,,,-,,-,"MAINE
(45.252223, -68.986647)",
ALASKA,2017,2,,-,0,,1,,,-,1,,,-,0,,0,,,-,,-,"ALASKA
(64.836661, -147.738891)",
NORTH CAROLINA,2017,2,,N,0,,0,,,N,,N,,N,0,,0,,,N,,N,"NORTH CAROLINA
(35.47995, -79.180571)",
UNITED STATES,2017,3,9,,19,,35,,34,,50,,,-,0,,2,,,-,,-,,
NEW ENGLAND,2017,3,,-,1,,4,,,-,2,,,-,0,,0,,,-,,-,,
MID. ATLANTIC,2017,3,1,,1,,7,,2,,3,,,-,0,,0,,,-,,-,,
NEW YORK CITY,2017,3,,-,0,,2,,,-,1,,,-,0,,0,,,-,,-,,
E.N. CENTRAL,2017,3,2,,2,,6,,10,,12,,,-,0,,1,,,-,,-,,
W.N. CENTRAL,2017,3,,-,1,,4,,3,,1,,,-,0,,1,,,-,,-,,
S. ATLANTIC,2017,3,4,,4,,9,,6,,12,,,-,0,,0,,,-,,-,,
E.S. CENTRAL,2017,3,2,,2,,8,,4,,6,,,-,0,,1,,,-,,-,,
W.S. CENTRAL,2017,3,,-,4,,13,,6,,3,,,-,0,,0,,,-,,-,,
MOUNTAIN,2017,3,,-,2,,6,,3,,10,,,-,0,,1,,,-,,-,,
PACIFIC,2017,3,,-,0,,1,,,-,1,,,-,0,,0,,,-,,-,,
AMER. SAMOA,2017,3,,-,0,,0,,,-,,-,,-,0,,0,,,-,,-,,
NEW MEXICO,2017,3,,-,0,,2,,,-,1,,,-,0,,0,,,-,,-,"NEW MEXICO
(34.520396, -106.244402)",
ILLINOIS,2017,3,,-,0,,0,,,-,,-,,-,0,,0,,,-,,-,"ILLINOIS
(40.477092, -88.993221)",
MISSISSIPPI,2017,3,,-,0,,2,,,-,2,,,-,0,,0,,,-,,-,"MISSISSIPPI
(32.738663, -89.537312)",
NEVADA,2017,3,,-,0,,1,,,-,1,,,-,0,,0,,,-,,-,"NEVADA
(39.491833, -117.070159)",
MONTANA,2017,3,,-,0,,1,,,-,1,,,-,0,,0,,,-,,-,"MONTANA
(47.062617, -109.430168)",
MAINE,2017,3,,-,0,,2,,,-,,-,,-,0,,0,,,-,,-,"MAINE
(45.252223, -68.986647)",
CALIFORNIA,2017,3,,N,0,,0,,,N,,N,,N,0,,0,,,N,,N,"CALIFORNIA
(37.640735, -121.002435)",
ARKANSAS,2017,3,,-,0,,3,,1,,1,,,-,0,,0,,,-,,-,"ARKANSAS
(34.748745, -92.275105)",
SOUTH DAKOTA,2017,3,,N,0,,0,,,N,,N,,N,0,,0,,,N,,N,"SOUTH DAKOTA
(44.35371, -100.373709)",
WYOMING,2017,3,,-,0,,1,,,-,,-,,-,0,,0,,,-,,-,"WYOMING
(43.23558, -108.110518)",
VIRGIN ISL.,2017,3,,-,0,,0,,,-,,-,,-,0,,0,,,-,,-,"VIRGIN ISLANDS
(18.060868, -64.840836)",
MASSACHUSETTS,2017,3,,-,0,,3,,,-,1,,,-,0,,0,,,-,,-,"MASSACHUSETTS
(42.268546, -72.085064)",
GUAM,2017,3,,-,0,,0,,,-,,-,,-,0,,0,,,-,,-,"GUAM
(13.3532, 144.653198)",
RHODE ISLAND,2017,3,,-,0,,1,,,-,,-,,-,0,,0,,,-,,-,"RHODE ISLAND
(41.707447, -71.522488)",
DIST. OF COL.,2017,3,,-,0,,0,,,-,,-,,-,0,,0,,,-,,-,"DISTRICT OF COLUMBIA
(38.892062, -77.019912)",
INDIANA,2017,3,,-,0,,3,,,-,,-,,-,0,,0,,,-,,-,"INDIANA
(39.76845, -86.156212)",
C.N.M.I.,2017,3,,-,,-,,-,,-,,-,,-,,-,,-,,-,,-,"NORTHERN MARIANA ISLANDS
(15.1834, 145.725693)",
NORTH CAROLINA,2017,3,,N,0,,0,,,N,,N,,N,0,,0,,,N,,N,"NORTH CAROLINA
(35.47995, -79.180571)",
TEXAS,2017,3,,-,3,,8,,2,,2,,,-,0,,0,,,-,,-,"TEXAS
(31.827233, -99.423022)",
KENTUCKY,2017,3,,-,0,,2,,1,,,-,,-,0,,1,,,-,,-,"KENTUCKY
(37.64591, -84.774043)",
DELAWARE,2017,3,,-,0,,0,,,-,,-,,-,0,,0,,,-,,-,"DELAWARE
(39.008676, -75.574561)",
VIRGINIA,2017,3,,-,0,,2,,,-,1,,,-,0,,0,,,-,,-,"VIRGINIA
(37.542699, -78.45822)",
IOWA,2017,3,,N,0,,0,,,N,,N,,N,0,,0,,,N,,N,"IOWA
(42.46942, -93.815856)",
MARYLAND,2017,3,1,,0,,3,,1,,2,,,-,0,,0,,,-,,-,"MARYLAND
(39.290443, -76.612333)",
MISSOURI,2017,3,,-,0,,2,,,-,,-,,-,0,,1,,,-,,-,"MISSOURI
(38.636168, -92.566292)",
KANSAS,2017,3,,-,0,,2,,1,,1,,,-,0,,0,,,-,,-,"KANSAS
(38.345528, -98.201847)",
ARIZONA,2017,3,,-,1,,4,,,-,4,,,-,0,,0,,,-,,-,"ARIZONA
(34.869712, -111.760902)",
PUERTO RICO,2017,3,,-,0,,0,,,-,,-,,-,0,,0,,,-,,-,"PUERTO RICO
(18.215692, -66.414655)",
SOUTH CAROLINA,2017,3,,-,0,,3,,,-,1,,,-,0,,0,,,-,,-,"SOUTH CAROLINA
(34.009286, -81.037094)",
OKLAHOMA,2017,3,,-,0,,3,,1,,,-,,-,0,,0,,,-,,-,"OKLAHOMA
(35.468494, -97.521264)",
OHIO,2017,3,2,,1,,5,,8,,7,,,-,0,,0,,,-,,-,"OHIO
(40.056807, -82.405897)",
NEW JERSEY,2017,3,,-,0,,0,,,-,,-,,-,0,,0,,,-,,-,"NEW JERSEY
(40.104655, -74.386686)",
GEORGIA,2017,3,1,,1,,5,,1,,1,,,-,0,,0,,,-,,-,"GEORGIA
(32.836038, -83.631709)",
OREGON,2017,3,,N,0,,0,,,N,,N,,N,0,,0,,,N,,N,"OREGON
(44.567912, -120.156945)",
PENNSYLVANIA,2017,3,1,,0,,3,,1,,,-,,-,0,,0,,,-,,-,"PENNSYLVANIA
(40.789676, -77.858055)",
LOUISIANA,2017,3,,-,0,,3,,2,,,-,,-,0,,0,,,-,,-,"LOUISIANA
(31.2931, -92.463284)",
COLORADO,2017,3,,-,0,,3,,3,,,-,,-,0,,0,,,-,,-,"COLORADO
(38.841772, -106.132562)",
ALABAMA,2017,3,1,,0,,5,,1,,2,,,-,0,,0,,,-,,-,"ALABAMA
(32.839182, -86.631125)",
NEW HAMPSHIRE,2017,3,,-,0,,1,,,-,,-,,-,0,,0,,,-,,-,"NEW HAMPSHIRE
(43.657736, -71.500736)",
TENNESSEE,2017,3,1,,1,,7,,2,,2,,,-,0,,0,,,-,,-,"TENNESSEE
(35.681402, -85.774444)",
WEST VIRGINIA,2017,3,,-,0,,1,,,-,,-,,-,0,,0,,,-,,-,"WEST VIRGINIA
(38.668501, -80.709421)",
FLORIDA,2017,3,2,,1,,5,,4,,7,,,-,0,,0,,,-,,-,"FLORIDA
(28.915325, -81.922409)",
CONNECTICUT,2017,3,,-,0,,2,,,-,1,,,-,0,,0,,,-,,-,"CONNECTICUT
(41.544654, -72.651713)",
MICHIGAN,2017,3,,-,0,,4,,,-,4,,,-,0,,1,,,-,,-,"MICHIGAN
(44.66399, -84.711206)",
HAWAII,2017,3,,-,0,,1,,,-,,-,,-,0,,0,,,-,,-,"HAWAII
(21.30992, -157.858158)",
IDAHO,2017,3,,-,0,,1,,,-,1,,,-,0,,1,,,-,,-,"IDAHO
(43.680635, -114.364237)",
WASHINGTON,2017,3,,N,0,,0,,,N,,N,,N,0,,0,,,N,,N,"WASHINGTON
(47.517368, -120.467672)",
NEW YORK,2017,3,,-,1,,5,,1,,2,,,-,0,,0,,,-,,-,"NEW YORK
(42.826892, -75.544286)",
NEBRASKA,2017,3,,-,0,,2,,,-,,-,,-,0,,0,,,-,,-,"NEBRASKA
(41.640503, -99.367122)",
NORTH DAKOTA,2017,3,,-,0,,2,,2,,,-,,-,0,,0,,,-,,-,"NORTH DAKOTA
(47.475879, -100.121011)",
VERMONT,2017,3,,-,0,,2,,,-,,-,,-,0,,0,,,-,,-,"VERMONT
(43.622479, -72.51927)",
UTAH,2017,3,,-,0,,3,,,-,2,,,-,0,,0,,,-,,-,"UTAH
(39.359772, -111.584173)",
ALASKA,2017,3,,-,0,,1,,,-,1,,,-,0,,0,,,-,,-,"ALASKA
(64.836661, -147.738891)",
WISCONSIN,2017,3,,-,0,,2,,2,,1,,,-,0,,0,,,-,,-,"WISCONSIN
(44.395526, -89.834513)",
MINNESOTA,2017,3,,-,0,,0,,,-,,-,,-,0,,0,,,-,,-,"MINNESOTA
(46.357661, -94.793397)",
UNITED STATES,2017,4,10,,19,,35,,56,,74,,,-,0,,2,,,-,,-,,
NEW ENGLAND,2017,4,,-,1,,4,,1,,4,,,-,0,,0,,,-,,-,,
MID. ATLANTIC,2017,4,,-,2,,7,,6,,6,,,-,0,,0,,,-,,-,,
NEW YORK CITY,2017,4,,-,1,,2,,3,,1,,,-,0,,0,,,-,,-,,
E.N. CENTRAL,2017,4,2,,2,,6,,12,,17,,,-,0,,1,,,-,,-,,
W.N. CENTRAL,2017,4,,-,1,,4,,4,,2,,,-,0,,1,,,-,,-,,
S. ATLANTIC,2017,4,3,,4,,9,,12,,18,,,-,0,,0,,,-,,-,,
E.S. CENTRAL,2017,4,1,,2,,8,,6,,7,,,-,0,,1,,,-,,-,,
W.S. CENTRAL,2017,4,1,,4,,13,,8,,3,,,-,0,,0,,,-,,-,,
MOUNTAIN,2017,4,3,,2,,6,,7,,16,,,-,0,,1,,,-,,-,,
PACIFIC,2017,4,,-,0,,1,,,-,1,,,-,0,,0,,,-,,-,,
AMER. SAMOA,2017,4,,-,0,,0,,,-,,-,,-,0,,0,,,-,,-,,
MASSACHUSETTS,2017,4,,-,0,,3,,1,,3,,,-,0,,0,,,-,,-,"MASSACHUSETTS
(42.268546, -72.085064)",
VIRGIN ISL.,2017,4,,-,0,,0,,,-,,-,,-,0,,0,,,-,,-,"VIRGIN ISLANDS
(18.060868, -64.840836)",
FLORIDA,2017,4,1,,1,,5,,5,,10,,,-,0,,0,,,-,,-,"FLORIDA
(28.915325, -81.922409)",
DIST. OF COL.,2017,4,,-,0,,0,,,-,,-,,-,0,,0,,,-,,-,"DISTRICT OF COLUMBIA
(38.892062, -77.019912)",
KENTUCKY,2017,4,,-,0,,2,,1,,,-,,-,0,,1,,,-,,-,"KENTUCKY
(37.64591, -84.774043)",
C.N.M.I.,2017,4,,-,,-,,-,,-,,-,,-,,-,,-,,-,,-,"NORTHERN MARIANA ISLANDS
(15.1834, 145.725693)",
MISSISSIPPI,2017,4,,-,0,,2,,,-,3,,,-,0,,0,,,-,,-,"MISSISSIPPI
(32.738663, -89.537312)",
UTAH,2017,4,,-,0,,3,,1,,3,,,-,0,,0,,,-,,-,"UTAH
(39.359772, -111.584173)",
NORTH DAKOTA,2017,4,,-,0,,2,,2,,,-,,-,0,,0,,,-,,-,"NORTH DAKOTA
(47.475879, -100.121011)",
HAWAII,2017,4,,-,0,,1,,,-,,-,,-,0,,0,,,-,,-,"HAWAII
(21.30992, -157.858158)",
MONTANA,2017,4,1,,0,,1,,1,,1,,,-,0,,0,,,-,,-,"MONTANA
(47.062617, -109.430168)",
ALASKA,2017,4,,-,0,,1,,,-,1,,,-,0,,0,,,-,,-,"ALASKA
(64.836661, -147.738891)",
WISCONSIN,2017,4,1,,0,,2,,3,,1,,,-,0,,0,,,-,,-,"WISCONSIN
(44.395526, -89.834513)",
ALABAMA,2017,4,,-,0,,5,,1,,2,,,-,0,,0,,,-,,-,"ALABAMA
(32.839182, -86.631125)",
PUERTO RICO,2017,4,,-,0,,0,,,-,,-,,-,0,,0,,,-,,-,"PUERTO RICO
(18.215692, -66.414655)",
NEVADA,2017,4,,-,0,,1,,,-,1,,,-,0,,0,,,-,,-,"NEVADA
(39.491833, -117.070159)",
IOWA,2017,4,,N,0,,0,,,N,,N,,N,0,,0,,,N,,N,"IOWA
(42.46942, -93.815856)",
ARKANSAS,2017,4,,-,0,,3,,1,,1,,,-,0,,0,,,-,,-,"ARKANSAS
(34.748745, -92.275105)",
WASHINGTON,2017,4,,N,0,,0,,,N,,N,,N,0,,0,,,N,,N,"WASHINGTON
(47.517368, -120.467672)",
KANSAS,2017,4,,-,0,,2,,1,,1,,,-,0,,0,,,-,,-,"KANSAS
(38.345528, -98.201847)",
MAINE,2017,4,,-,0,,2,,,-,,-,,-,0,,0,,,-,,-,"MAINE
(45.252223, -68.986647)",
VIRGINIA,2017,4,,-,0,,2,,,-,3,,,-,0,,0,,,-,,-,"VIRGINIA
(37.542699, -78.45822)",
SOUTH CAROLINA,2017,4,,-,0,,3,,1,,2,,,-,0,,0,,,-,,-,"SOUTH CAROLINA
(34.009286, -81.037094)",
MISSOURI,2017,4,,-,0,,2,,1,,1,,,-,0,,1,,,-,,-,"MISSOURI
(38.636168, -92.566292)",
OKLAHOMA,2017,4,,-,0,,3,,1,,,-,,-,0,,0,,,-,,-,"OKLAHOMA
(35.468494, -97.521264)",
TEXAS,2017,4,1,,3,,9,,4,,2,,,-,0,,0,,,-,,-,"TEXAS
(31.827233, -99.423022)",
COLORADO,2017,4,,-,0,,3,,3,,,-,,-,0,,0,,,-,,-,"COLORADO
(38.841772, -106.132562)",
LOUISIANA,2017,4,,-,0,,3,,2,,,-,,-,0,,0,,,-,,-,"LOUISIANA
(31.2931, -92.463284)",
NEW HAMPSHIRE,2017,4,,-,0,,1,,,-,,-,,-,0,,0,,,-,,-,"NEW HAMPSHIRE
(43.657736, -71.500736)",
NORTH CAROLINA,2017,4,,N,0,,0,,,N,,N,,N,0,,0,,,N,,N,"NORTH CAROLINA
(35.47995, -79.180571)",
MICHIGAN,2017,4,,-,0,,4,,,-,5,,,-,0,,1,,,-,,-,"MICHIGAN
(44.66399, -84.711206)",
OREGON,2017,4,,N,0,,0,,,N,,N,,N,0,,0,,,N,,N,"OREGON
(44.567912, -120.156945)",
RHODE ISLAND,2017,4,,-,0,,1,,,-,,-,,-,0,,0,,,-,,-,"RHODE ISLAND
(41.707447, -71.522488)",
NEW MEXICO,2017,4,,-,0,,2,,,-,2,,,-,0,,0,,,-,,-,"NEW MEXICO
(34.520396, -106.244402)",
GEORGIA,2017,4,,-,1,,5,,3,,1,,,-,0,,0,,,-,,-,"GEORGIA
(32.836038, -83.631709)",
TENNESSEE,2017,4,1,,1,,7,,4,,2,,,-,0,,0,,,-,,-,"TENNESSEE
(35.681402, -85.774444)",
VERMONT,2017,4,,-,0,,2,,,-,,-,,-,0,,0,,,-,,-,"VERMONT
(43.622479, -72.51927)",
SOUTH DAKOTA,2017,4,,N,0,,0,,,N,,N,,N,0,,0,,,N,,N,"SOUTH DAKOTA
(44.35371, -100.373709)",
NEW JERSEY,2017,4,,-,0,,0,,,-,,-,,-,0,,0,,,-,,-,"NEW JERSEY
(40.104655, -74.386686)",
IDAHO,2017,4,1,,0,,1,,1,,1,,,-,0,,1,,,-,,-,"IDAHO
(43.680635, -114.364237)",
WYOMING,2017,4,,-,0,,1,,,-,,-,,-,0,,0,,,-,,-,"WYOMING
(43.23558, -108.110518)",
WEST VIRGINIA,2017,4,,-,0,,1,,,-,,-,,-,0,,0,,,-,,-,"WEST VIRGINIA
(38.668501, -80.709421)",
NEW YORK,2017,4,,-,1,,6,,2,,5,,,-,0,,0,,,-,,-,"NEW YORK
(42.826892, -75.544286)",
MINNESOTA,2017,4,,-,0,,0,,,-,,-,,-,0,,0,,,-,,-,"MINNESOTA
(46.357661, -94.793397)",
NEBRASKA,2017,4,,-,0,,2,,,-,,-,,-,0,,0,,,-,,-,"NEBRASKA
(41.640503, -99.367122)",
CALIFORNIA,2017,4,,N,0,,0,,,N,,N,,N,0,,0,,,N,,N,"CALIFORNIA
(37.640735, -121.002435)",
MARYLAND,2017,4,2,,0,,3,,3,,2,,,-,0,,0,,,-,,-,"MARYLAND
(39.290443, -76.612333)",
GUAM,2017,4,,-,0,,0,,,-,,-,,-,0,,0,,,-,,-,"GUAM
(13.3532, 144.653198)",
DELAWARE,2017,4,,-,0,,0,,,-,,-,,-,0,,0,,,-,,-,"DELAWARE
(39.008676, -75.574561)",
ILLINOIS,2017,4,,-,0,,0,,,-,,-,,-,0,,0,,,-,,-,"ILLINOIS
(40.477092, -88.993221)",
PENNSYLVANIA,2017,4,,-,0,,3,,1,,,-,,-,0,,0,,,-,,-,"PENNSYLVANIA
(40.789676, -77.858055)",
INDIANA,2017,4,,-,0,,3,,,-,,-,,-,0,,0,,,-,,-,"INDIANA
(39.76845, -86.156212)",
OHIO,2017,4,1,,1,,5,,9,,11,,,-,0,,0,,,-,,-,"OHIO
(40.056807, -82.405897)",
CONNECTICUT,2017,4,,-,0,,2,,,-,1,,,-,0,,0,,,-,,-,"CONNECTICUT
(41.544654, -72.651713)",
ARIZONA,2017,4,1,,1,,4,,1,,8,,,-,0,,0,,,-,,-,"ARIZONA
(34.869712, -111.760902)",
UNITED STATES,2017,5,13,,20,,35,,72,,109,,,-,0,,2,,,-,,-,,
NEW ENGLAND,2017,5,,-,1,,4,,2,,8,,,-,0,,0,,,-,,-,,
MID. ATLANTIC,2017,5,1,,1,,8,,8,,10,,,-,0,,0,,,-,,-,,
NEW YORK CITY,2017,5,,-,1,,2,,4,,2,,,-,0,,0,,,-,,-,,
E.N. CENTRAL,2017,5,2,,2,,6,,15,,21,,,-,0,,1,,,-,,-,,
W.N. CENTRAL,2017,5,1,,1,,4,,5,,3,,,-,0,,1,,,-,,-,,
S. ATLANTIC,2017,5,4,,4,,9,,16,,26,,,-,0,,0,,,-,,-,,
E.S. CENTRAL,2017,5,,-,2,,8,,6,,8,,,-,0,,1,,,-,,-,,
W.S. CENTRAL,2017,5,4,,4,,13,,12,,11,,,-,0,,0,,,-,,-,,
MOUNTAIN,2017,5,1,,2,,6,,8,,20,,,-,0,,1,,,-,,-,,
PACIFIC,2017,5,,-,0,,1,,,-,2,,,-,0,,0,,,-,,-,,
AMER. SAMOA,2017,5,,-,0,,0,,,-,,-,,-,0,,0,,,-,,-,,
ARIZONA,2017,5,,-,1,,3,,1,,11,,,-,0,,0,,,-,,-,"ARIZONA
(34.869712, -111.760902)",
IDAHO,2017,5,,-,0,,1,,1,,1,,,-,0,,1,,,-,,-,"IDAHO
(43.680635, -114.364237)",
WEST VIRGINIA,2017,5,,-,0,,1,,,-,,-,,-,0,,0,,,-,,-,"WEST VIRGINIA
(38.668501, -80.709421)",
VERMONT,2017,5,,-,0,,2,,,-,,-,,-,0,,0,,,-,,-,"VERMONT
(43.622479, -72.51927)",
NEW MEXICO,2017,5,,-,0,,2,,,-,2,,,-,0,,0,,,-,,-,"NEW MEXICO
(34.520396, -106.244402)",
OREGON,2017,5,,N,0,,0,,,N,,N,,N,0,,0,,,N,,N,"OREGON
(44.567912, -120.156945)",
NEW YORK,2017,5,1,,1,,7,,3,,7,,,-,0,,0,,,-,,-,"NEW YORK
(42.826892, -75.544286)",
DIST. OF COL.,2017,5,,-,0,,0,,,-,,-,,-,0,,0,,,-,,-,"DISTRICT OF COLUMBIA
(38.892062, -77.019912)",
C.N.M.I.,2017,5,,-,,-,,-,,-,,-,,-,,-,,-,,-,,-,"NORTHERN MARIANA ISLANDS
(15.1834, 145.725693)",
MAINE,2017,5,,-,0,,2,,,-,,-,,-,0,,0,,,-,,-,"MAINE
(45.252223, -68.986647)",
LOUISIANA,2017,5,,-,0,,3,,2,,2,,,-,0,,0,,,-,,-,"LOUISIANA
(31.2931, -92.463284)",
NEVADA,2017,5,,-,0,,1,,,-,2,,,-,0,,0,,,-,,-,"NEVADA
(39.491833, -117.070159)",
INDIANA,2017,5,,-,0,,3,,,-,1,,,-,0,,0,,,-,,-,"INDIANA
(39.76845, -86.156212)",
HAWAII,2017,5,,-,0,,1,,,-,,-,,-,0,,0,,,-,,-,"HAWAII
(21.30992, -157.858158)",
NORTH DAKOTA,2017,5,,-,0,,2,,2,,,-,,-,0,,0,,,-,,-,"NORTH DAKOTA
(47.475879, -100.121011)",
WYOMING,2017,5,,-,0,,1,,,-,,-,,-,0,,0,,,-,,-,"WYOMING
(43.23558, -108.110518)",
MARYLAND,2017,5,,-,0,,3,,3,,3,,,-,0,,0,,,-,,-,"MARYLAND
(39.290443, -76.612333)",
PENNSYLVANIA,2017,5,,-,0,,3,,1,,1,,,-,0,,0,,,-,,-,"PENNSYLVANIA
(40.789676, -77.858055)",
VIRGIN ISL.,2017,5,,-,0,,0,,,-,,-,,-,0,,0,,,-,,-,"VIRGIN ISLANDS
(18.060868, -64.840836)",
SOUTH CAROLINA,2017,5,,-,0,,3,,1,,2,,,-,0,,0,,,-,,-,"SOUTH CAROLINA
(34.009286, -81.037094)",
VIRGINIA,2017,5,1,,0,,2,,1,,3,,,-,0,,0,,,-,,-,"VIRGINIA
(37.542699, -78.45822)",
SOUTH DAKOTA,2017,5,,N,0,,0,,,N,,N,,N,0,,0,,,N,,N,"SOUTH DAKOTA
(44.35371, -100.373709)",
NEW JERSEY,2017,5,,-,0,,0,,,-,,-,,-,0,,0,,,-,,-,"NEW JERSEY
(40.104655, -74.386686)",
NORTH CAROLINA,2017,5,,N,0,,0,,,N,,N,,N,0,,0,,,N,,N,"NORTH CAROLINA
(35.47995, -79.180571)",
TEXAS,2017,5,4,,3,,9,,8,,5,,,-,0,,0,,,-,,-,"TEXAS
(31.827233, -99.423022)",
KENTUCKY,2017,5,,-,0,,2,,1,,,-,,-,0,,1,,,-,,-,"KENTUCKY
(37.64591, -84.774043)",
DELAWARE,2017,5,,-,0,,0,,,-,,-,,-,0,,0,,,-,,-,"DELAWARE
(39.008676, -75.574561)",
MISSISSIPPI,2017,5,,-,0,,2,,,-,3,,,-,0,,0,,,-,,-,"MISSISSIPPI
(32.738663, -89.537312)",
PUERTO RICO,2017,5,,-,0,,0,,,-,,-,,-,0,,0,,,-,,-,"PUERTO RICO
(18.215692, -66.414655)",
RHODE ISLAND,2017,5,,-,0,,1,,,-,,-,,-,0,,0,,,-,,-,"RHODE ISLAND
(41.707447, -71.522488)",
OKLAHOMA,2017,5,,-,0,,3,,1,,,-,,-,0,,0,,,-,,-,"OKLAHOMA
(35.468494, -97.521264)",
MASSACHUSETTS,2017,5,,-,0,,3,,1,,6,,,-,0,,0,,,-,,-,"MASSACHUSETTS
(42.268546, -72.085064)",
NEW HAMPSHIRE,2017,5,,-,0,,1,,1,,,-,,-,0,,0,,,-,,-,"NEW HAMPSHIRE
(43.657736, -71.500736)",
ALABAMA,2017,5,,-,0,,5,,1,,2,,,-,0,,0,,,-,,-,"ALABAMA
(32.839182, -86.631125)",
ARKANSAS,2017,5,,-,0,,3,,1,,4,,,-,0,,0,,,-,,-,"ARKANSAS
(34.748745, -92.275105)",
ALASKA,2017,5,,-,0,,1,,,-,2,,,-,0,,0,,,-,,-,"ALASKA
(64.836661, -147.738891)",
MONTANA,2017,5,,-,0,,1,,1,,1,,,-,0,,0,,,-,,-,"MONTANA
(47.062617, -109.430168)",
GUAM,2017,5,,-,0,,0,,,-,,-,,-,0,,0,,,-,,-,"GUAM
(13.3532, 144.653198)",
FLORIDA,2017,5,3,,1,,5,,8,,13,,,-,0,,0,,,-,,-,"FLORIDA
(28.915325, -81.922409)",
MISSOURI,2017,5,,-,0,,2,,1,,1,,,-,0,,1,,,-,,-,"MISSOURI
(38.636168, -92.566292)",
MINNESOTA,2017,5,,-,0,,0,,,-,,-,,-,0,,0,,,-,,-,"MINNESOTA
(46.357661, -94.793397)",
GEORGIA,2017,5,,-,1,,5,,3,,5,,,-,0,,0,,,-,,-,"GEORGIA
(32.836038, -83.631709)",
WASHINGTON,2017,5,,N,0,,0,,,N,,N,,N,0,,0,,,N,,N,"WASHINGTON
(47.517368, -120.467672)",
WISCONSIN,2017,5,1,,0,,2,,4,,2,,,-,0,,0,,,-,,-,"WISCONSIN
(44.395526, -89.834513)",
KANSAS,2017,5,,-,0,,2,,1,,1,,,-,0,,0,,,-,,-,"KANSAS
(38.345528, -98.201847)",
ILLINOIS,2017,5,,-,0,,0,,,-,,-,,-,0,,0,,,-,,-,"ILLINOIS
(40.477092, -88.993221)",
NEBRASKA,2017,5,1,,0,,2,,1,,1,,,-,0,,0,,,-,,-,"NEBRASKA
(41.640503, -99.367122)",
OHIO,2017,5,1,,1,,5,,10,,13,,,-,0,,0,,,-,,-,"OHIO
(40.056807, -82.405897)",
TENNESSEE,2017,5,,-,1,,7,,4,,3,,,-,0,,0,,,-,,-,"TENNESSEE
(35.681402, -85.774444)",
MICHIGAN,2017,5,,-,0,,4,,1,,5,,,-,0,,1,,,-,,-,"MICHIGAN
(44.66399, -84.711206)",
CALIFORNIA,2017,5,,N,0,,0,,,N,,N,,N,0,,0,,,N,,N,"CALIFORNIA
(37.640735, -121.002435)",
IOWA,2017,5,,N,0,,0,,,N,,N,,N,0,,0,,,N,,N,"IOWA
(42.46942, -93.815856)",
COLORADO,2017,5,,-,0,,3,,3,,,-,,-,0,,0,,,-,,-,"COLORADO
(38.841772, -106.132562)",
UTAH,2017,5,1,,0,,3,,2,,3,,,-,0,,0,,,-,,-,"UTAH
(39.359772, -111.584173)",
CONNECTICUT,2017,5,,-,0,,2,,,-,2,,,-,0,,0,,,-,,-,"CONNECTICUT
(41.544654, -72.651713)",
UNITED STATES,2017,6,10,,19,,34,,89,,134,,,-,0,,2,,,-,,-,,
NEW ENGLAND,2017,6,,-,1,,4,,2,,9,,,-,0,,0,,,-,,-,,
MID. ATLANTIC,2017,6,1,,1,,8,,10,,13,,,-,0,,0,,,-,,-,,
NEW YORK CITY,2017,6,,-,1,,2,,5,,3,,,-,0,,0,,,-,,-,,
E.N. CENTRAL,2017,6,,-,2,,6,,15,,25,,,-,0,,1,,,-,,-,,
W.N. CENTRAL,2017,6,,-,1,,4,,8,,4,,,-,0,,1,,,-,,-,,
S. ATLANTIC,2017,6,2,,4,,9,,18,,31,,,-,0,,0,,,-,,-,,
E.S. CENTRAL,2017,6,1,,2,,8,,8,,10,,,-,0,,1,,,-,,-,,
W.S. CENTRAL,2017,6,4,,4,,13,,16,,15,,,-,0,,0,,,-,,-,,
MOUNTAIN,2017,6,2,,2,,6,,11,,25,,,-,0,,1,,,-,,-,,
PACIFIC,2017,6,,-,0,,1,,1,,2,,,-,0,,0,,,-,,-,,
AMER. SAMOA,2017,6,,-,0,,0,,,-,,-,,-,0,,0,,,-,,-,,
KANSAS,2017,6,,-,0,,2,,3,,1,,,-,0,,0,,,-,,-,"KANSAS
(38.345528, -98.201847)",
NORTH DAKOTA,2017,6,,-,0,,2,,3,,,-,,-,0,,0,,,-,,-,"NORTH DAKOTA
(47.475879, -100.121011)",
TENNESSEE,2017,6,1,,1,,7,,5,,4,,,-,0,,0,,,-,,-,"TENNESSEE
(35.681402, -85.774444)",
OREGON,2017,6,,N,0,,0,,,N,,N,,N,0,,0,,,N,,N,"OREGON
(44.567912, -120.156945)",
GUAM,2017,6,,-,0,,0,,,-,,-,,-,0,,0,,,-,,-,"GUAM
(13.3532, 144.653198)",
PENNSYLVANIA,2017,6,,-,0,,3,,1,,3,,,-,0,,0,,,-,,-,"PENNSYLVANIA
(40.789676, -77.858055)",
NEW JERSEY,2017,6,,-,0,,0,,,-,,-,,-,0,,0,,,-,,-,"NEW JERSEY
(40.104655, -74.386686)",
WASHINGTON,2017,6,,N,0,,0,,,N,,N,,N,0,,0,,,N,,N,"WASHINGTON
(47.517368, -120.467672)",
MISSOURI,2017,6,,-,0,,2,,1,,1,,,-,0,,1,,,-,,-,"MISSOURI
(38.636168, -92.566292)",
NEW YORK,2017,6,1,,1,,7,,4,,7,,,-,0,,0,,,-,,-,"NEW YORK
(42.826892, -75.544286)",
SOUTH DAKOTA,2017,6,,N,0,,0,,,N,,N,,N,0,,0,,,N,,N,"SOUTH DAKOTA
(44.35371, -100.373709)",
VIRGIN ISL.,2017,6,,-,0,,0,,,-,,-,,-,0,,0,,,-,,-,"VIRGIN ISLANDS
(18.060868, -64.840836)",
WISCONSIN,2017,6,,-,0,,2,,4,,3,,,-,0,,0,,,-,,-,"WISCONSIN
(44.395526, -89.834513)",
IDAHO,2017,6,,-,0,,1,,2,,1,,,-,0,,1,,,-,,-,"IDAHO
(43.680635, -114.364237)",
FLORIDA,2017,6,1,,1,,5,,9,,14,,,-,0,,0,,,-,,-,"FLORIDA
(28.915325, -81.922409)",
NORTH CAROLINA,2017,6,,N,0,,0,,,N,,N,,N,0,,0,,,N,,N,"NORTH CAROLINA
(35.47995, -79.180571)",
UTAH,2017,6,,-,0,,3,,2,,3,,,-,0,,0,,,-,,-,"UTAH
(39.359772, -111.584173)",
MAINE,2017,6,,-,0,,2,,,-,1,,,-,0,,0,,,-,,-,"MAINE
(45.252223, -68.986647)",
NEBRASKA,2017,6,,-,0,,2,,1,,2,,,-,0,,0,,,-,,-,"NEBRASKA
(41.640503, -99.367122)",
NEVADA,2017,6,,-,0,,1,,,-,2,,,-,0,,0,,,-,,-,"NEVADA
(39.491833, -117.070159)",
TEXAS,2017,6,4,,3,,9,,12,,9,,,-,0,,0,,,-,,-,"TEXAS
(31.827233, -99.423022)",
CONNECTICUT,2017,6,,-,0,,2,,,-,2,,,-,0,,0,,,-,,-,"CONNECTICUT
(41.544654, -72.651713)",
ARIZONA,2017,6,1,,1,,3,,2,,14,,,-,0,,0,,,-,,-,"ARIZONA
(34.869712, -111.760902)",
IOWA,2017,6,,N,0,,0,,,N,,N,,N,0,,0,,,N,,N,"IOWA
(42.46942, -93.815856)",
CALIFORNIA,2017,6,,N,0,,0,,,N,,N,,N,0,,0,,,N,,N,"CALIFORNIA
(37.640735, -121.002435)",
OKLAHOMA,2017,6,,-,0,,3,,1,,,-,,-,0,,0,,,-,,-,"OKLAHOMA
(35.468494, -97.521264)",
NEW MEXICO,2017,6,,-,0,,2,,,-,3,,,-,0,,0,,,-,,-,"NEW MEXICO
(34.520396, -106.244402)",
ILLINOIS,2017,6,,-,0,,0,,,-,,-,,-,0,,0,,,-,,-,"ILLINOIS
(40.477092, -88.993221)",
DELAWARE,2017,6,,-,0,,0,,,-,,-,,-,0,,0,,,-,,-,"DELAWARE
(39.008676, -75.574561)",
GEORGIA,2017,6,1,,1,,5,,4,,7,,,-,0,,0,,,-,,-,"GEORGIA
(32.836038, -83.631709)",
DIST. OF COL.,2017,6,,-,0,,0,,,-,,-,,-,0,,0,,,-,,-,"DISTRICT OF COLUMBIA
(38.892062, -77.019912)",
PUERTO RICO,2017,6,,-,0,,0,,,-,,-,,-,0,,0,,,-,,-,"PUERTO RICO
(18.215692, -66.414655)",
KENTUCKY,2017,6,,-,0,,2,,1,,,-,,-,0,,1,,,-,,-,"KENTUCKY
(37.64591, -84.774043)",
SOUTH CAROLINA,2017,6,,-,0,,3,,1,,2,,,-,0,,0,,,-,,-,"SOUTH CAROLINA
(34.009286, -81.037094)",
MISSISSIPPI,2017,6,,-,0,,2,,1,,3,,,-,0,,0,,,-,,-,"MISSISSIPPI
(32.738663, -89.537312)",
MICHIGAN,2017,6,,-,0,,4,,1,,6,,,-,0,,1,,,-,,-,"MICHIGAN
(44.66399, -84.711206)",
MONTANA,2017,6,,-,0,,1,,1,,1,,,-,0,,0,,,-,,-,"MONTANA
(47.062617, -109.430168)",
WEST VIRGINIA,2017,6,,-,0,,1,,,-,1,,,-,0,,0,,,-,,-,"WEST VIRGINIA
(38.668501, -80.709421)",
LOUISIANA,2017,6,,-,0,,3,,2,,2,,,-,0,,0,,,-,,-,"LOUISIANA
(31.2931, -92.463284)",
C.N.M.I.,2017,6,,-,,-,,-,,-,,-,,-,,-,,-,,-,,-,"NORTHERN MARIANA ISLANDS
(15.1834, 145.725693)",
WYOMING,2017,6,,-,0,,1,,,-,,-,,-,0,,0,,,-,,-,"WYOMING
(43.23558, -108.110518)",
ARKANSAS,2017,6,,-,0,,2,,1,,4,,,-,0,,0,,,-,,-,"ARKANSAS
(34.748745, -92.275105)",
MASSACHUSETTS,2017,6,,-,0,,2,,1,,6,,,-,0,,0,,,-,,-,"MASSACHUSETTS
(42.268546, -72.085064)",
COLORADO,2017,6,1,,0,,3,,4,,1,,,-,0,,0,,,-,,-,"COLORADO
(38.841772, -106.132562)",
NEW HAMPSHIRE,2017,6,,-,0,,1,,1,,,-,,-,0,,0,,,-,,-,"NEW HAMPSHIRE
(43.657736, -71.500736)",
MARYLAND,2017,6,,-,0,,3,,3,,4,,,-,0,,0,,,-,,-,"MARYLAND
(39.290443, -76.612333)",
INDIANA,2017,6,,-,0,,3,,,-,1,,,-,0,,0,,,-,,-,"INDIANA
(39.76845, -86.156212)",
HAWAII,2017,6,,-,0,,1,,1,,,-,,-,0,,0,,,-,,-,"HAWAII
(21.30992, -157.858158)",
RHODE ISLAND,2017,6,,-,0,,1,,,-,,-,,-,0,,0,,,-,,-,"RHODE ISLAND
(41.707447, -71.522488)",
ALABAMA,2017,6,,-,0,,5,,1,,3,,,-,0,,0,,,-,,-,"ALABAMA
(32.839182, -86.631125)",
ALASKA,2017,6,,-,0,,1,,,-,2,,,-,0,,0,,,-,,-,"ALASKA
(64.836661, -147.738891)",
VERMONT,2017,6,,-,0,,2,,,-,,-,,-,0,,0,,,-,,-,"VERMONT
(43.622479, -72.51927)",
OHIO,2017,6,,-,1,,5,,10,,15,,,-,0,,0,,,-,,-,"OHIO
(40.056807, -82.405897)",
MINNESOTA,2017,6,,-,0,,0,,,-,,-,,-,0,,0,,,-,,-,"MINNESOTA
(46.357661, -94.793397)",
VIRGINIA,2017,6,,-,0,,2,,1,,3,,,-,0,,0,,,-,,-,"VIRGINIA
(37.542699, -78.45822)",
UNITED STATES,2017,7,16,,18,,34,,111,,163,,,-,0,,2,,,-,,-,,
NEW ENGLAND,2017,7,,-,1,,4,,2,,11,,,-,0,,0,,,-,,-,,
MID. ATLANTIC,2017,7,2,,1,,8,,12,,17,,,-,0,,0,,,-,,-,,
NEW YORK CITY,2017,7,,-,0,,2,,5,,4,,,-,0,,0,,,-,,-,,
E.N. CENTRAL,2017,7,2,,2,,6,,18,,27,,,-,0,,1,,,-,,-,,
W.N. CENTRAL,2017,7,,-,1,,4,,8,,8,,,-,0,,1,,,-,,-,,
S. ATLANTIC,2017,7,5,,4,,9,,23,,35,,,-,0,,0,,,-,,-,,
E.S. CENTRAL,2017,7,2,,2,,8,,11,,14,,,-,0,,1,,,-,,-,,
W.S. CENTRAL,2017,7,1,,4,,13,,17,,21,,,-,0,,0,,,-,,-,,
MOUNTAIN,2017,7,4,,2,,6,,19,,27,,,-,0,,1,,,-,,-,,
PACIFIC,2017,7,,-,0,,1,,1,,3,,,-,0,,0,,,-,,-,,
AMER. SAMOA,2017,7,,-,0,,0,,,-,,-,,-,0,,0,,,-,,-,,
OHIO,2017,7,2,,1,,5,,12,,15,,,-,0,,0,,,-,,-,"OHIO
(40.056807, -82.405897)",
MAINE,2017,7,,-,0,,2,,,-,1,,,-,0,,0,,,-,,-,"MAINE
(45.252223, -68.986647)",
OKLAHOMA,2017,7,,-,0,,3,,1,,1,,,-,0,,0,,,-,,-,"OKLAHOMA
(35.468494, -97.521264)",
UTAH,2017,7,1,,0,,3,,5,,3,,,-,0,,0,,,-,,-,"UTAH
(39.359772, -111.584173)",
SOUTH CAROLINA,2017,7,2,,0,,3,,3,,2,,,-,0,,0,,,-,,-,"SOUTH CAROLINA
(34.009286, -81.037094)",
NEW JERSEY,2017,7,,-,0,,0,,,-,,-,,-,0,,0,,,-,,-,"NEW JERSEY
(40.104655, -74.386686)",
OREGON,2017,7,,N,0,,0,,,N,,N,,N,0,,0,,,N,,N,"OREGON
(44.567912, -120.156945)",
VERMONT,2017,7,,-,0,,2,,,-,2,,,-,0,,0,,,-,,-,"VERMONT
(43.622479, -72.51927)",
C.N.M.I.,2017,7,,-,,-,,-,,-,,-,,-,,-,,-,,-,,-,"NORTHERN MARIANA ISLANDS
(15.1834, 145.725693)",
ARKANSAS,2017,7,,-,0,,2,,1,,5,,,-,0,,0,,,-,,-,"ARKANSAS
(34.748745, -92.275105)",
MINNESOTA,2017,7,,-,0,,0,,,-,,-,,-,0,,0,,,-,,-,"MINNESOTA
(46.357661, -94.793397)",
MARYLAND,2017,7,,-,0,,3,,3,,5,,,-,0,,0,,,-,,-,"MARYLAND
(39.290443, -76.612333)",
NEW HAMPSHIRE,2017,7,,-,0,,1,,1,,,-,,-,0,,0,,,-,,-,"NEW HAMPSHIRE
(43.657736, -71.500736)",
RHODE ISLAND,2017,7,,-,0,,1,,,-,,-,,-,0,,0,,,-,,-,"RHODE ISLAND
(41.707447, -71.522488)",
SOUTH DAKOTA,2017,7,,N,0,,0,,,N,,N,,N,0,,0,,,N,,N,"SOUTH DAKOTA
(44.35371, -100.373709)",
NEW YORK,2017,7,1,,1,,7,,5,,9,,,-,0,,0,,,-,,-,"NEW YORK
(42.826892, -75.544286)",
COLORADO,2017,7,,-,0,,3,,4,,1,,,-,0,,0,,,-,,-,"COLORADO
(38.841772, -106.132562)",
CONNECTICUT,2017,7,,-,0,,2,,,-,2,,,-,0,,0,,,-,,-,"CONNECTICUT
(41.544654, -72.651713)",
NEW MEXICO,2017,7,,-,0,,2,,1,,3,,,-,0,,0,,,-,,-,"NEW MEXICO
(34.520396, -106.244402)",
WISCONSIN,2017,7,,-,0,,2,,5,,4,,,-,0,,0,,,-,,-,"WISCONSIN
(44.395526, -89.834513)",
PENNSYLVANIA,2017,7,1,,0,,3,,2,,4,,,-,0,,0,,,-,,-,"PENNSYLVANIA
(40.789676, -77.858055)",
IDAHO,2017,7,,-,0,,1,,3,,1,,,-,0,,1,,,-,,-,"IDAHO
(43.680635, -114.364237)",
NORTH CAROLINA,2017,7,,N,0,,0,,,N,,N,,N,0,,0,,,N,,N,"NORTH CAROLINA
(35.47995, -79.180571)",
ILLINOIS,2017,7,,-,0,,0,,,-,,-,,-,0,,0,,,-,,-,"ILLINOIS
(40.477092, -88.993221)",
ARIZONA,2017,7,3,,1,,3,,5,,16,,,-,0,,0,,,-,,-,"ARIZONA
(34.869712, -111.760902)",
MASSACHUSETTS,2017,7,,-,0,,2,,1,,6,,,-,0,,0,,,-,,-,"MASSACHUSETTS
(42.268546, -72.085064)",
WASHINGTON,2017,7,,N,0,,0,,,N,,N,,N,0,,0,,,N,,N,"WASHINGTON
(47.517368, -120.467672)",
INDIANA,2017,7,,-,0,,3,,,-,1,,,-,0,,0,,,-,,-,"INDIANA
(39.76845, -86.156212)",
GEORGIA,2017,7,,-,1,,5,,4,,8,,,-,0,,0,,,-,,-,"GEORGIA
(32.836038, -83.631709)",
PUERTO RICO,2017,7,,-,0,,0,,,-,,-,,-,0,,0,,,-,,-,"PUERTO RICO
(18.215692, -66.414655)",
FLORIDA,2017,7,3,,1,,5,,12,,15,,,-,0,,0,,,-,,-,"FLORIDA
(28.915325, -81.922409)",
IOWA,2017,7,,N,0,,0,,,N,,N,,N,0,,0,,,N,,N,"IOWA
(42.46942, -93.815856)",
GUAM,2017,7,,-,0,,0,,,-,,-,,-,0,,0,,,-,,-,"GUAM
(13.3532, 144.653198)",
DELAWARE,2017,7,,-,0,,0,,,-,,-,,-,0,,0,,,-,,-,"DELAWARE
(39.008676, -75.574561)",
TENNESSEE,2017,7,2,,1,,7,,8,,6,,,-,0,,0,,,-,,-,"TENNESSEE
(35.681402, -85.774444)",
LOUISIANA,2017,7,,-,0,,3,,2,,3,,,-,0,,0,,,-,,-,"LOUISIANA
(31.2931, -92.463284)",
KENTUCKY,2017,7,,-,0,,2,,1,,,-,,-,0,,1,,,-,,-,"KENTUCKY
(37.64591, -84.774043)",
VIRGINIA,2017,7,,-,0,,2,,1,,4,,,-,0,,0,,,-,,-,"VIRGINIA
(37.542699, -78.45822)",
WEST VIRGINIA,2017,7,,-,0,,1,,,-,1,,,-,0,,0,,,-,,-,"WEST VIRGINIA
(38.668501, -80.709421)",
MONTANA,2017,7,,-,0,,1,,1,,1,,,-,0,,0,,,-,,-,"MONTANA
(47.062617, -109.430168)",
HAWAII,2017,7,,-,0,,1,,1,,,-,,-,0,,0,,,-,,-,"HAWAII
(21.30992, -157.858158)",
NEVADA,2017,7,,-,0,,1,,,-,2,,,-,0,,0,,,-,,-,"NEVADA
(39.491833, -117.070159)",
NEBRASKA,2017,7,,-,0,,2,,1,,3,,,-,0,,0,,,-,,-,"NEBRASKA
(41.640503, -99.367122)",
ALASKA,2017,7,,-,0,,1,,,-,3,,,-,0,,0,,,-,,-,"ALASKA
(64.836661, -147.738891)",
NORTH DAKOTA,2017,7,,-,0,,2,,3,,,-,,-,0,,0,,,-,,-,"NORTH DAKOTA
(47.475879, -100.121011)",
ALABAMA,2017,7,,-,0,,5,,1,,3,,,-,0,,0,,,-,,-,"ALABAMA
(32.839182, -86.631125)",
WYOMING,2017,7,,-,0,,1,,,-,,-,,-,0,,0,,,-,,-,"WYOMING
(43.23558, -108.110518)",
TEXAS,2017,7,1,,3,,9,,13,,12,,,-,0,,0,,,-,,-,"TEXAS
(31.827233, -99.423022)",
MICHIGAN,2017,7,,-,0,,4,,1,,7,,,-,0,,1,,,-,,-,"MICHIGAN
(44.66399, -84.711206)",
CALIFORNIA,2017,7,,N,0,,0,,,N,,N,,N,0,,0,,,N,,N,"CALIFORNIA
(37.640735, -121.002435)",
DIST. OF COL.,2017,7,,-,0,,0,,,-,,-,,-,0,,0,,,-,,-,"DISTRICT OF COLUMBIA
(38.892062, -77.019912)",
MISSISSIPPI,2017,7,,-,0,,2,,1,,5,,,-,0,,0,,,-,,-,"MISSISSIPPI
(32.738663, -89.537312)",
MISSOURI,2017,7,,-,0,,2,,1,,3,,,-,0,,1,,,-,,-,"MISSOURI
(38.636168, -92.566292)",
KANSAS,2017,7,,-,0,,2,,3,,2,,,-,0,,0,,,-,,-,"KANSAS
(38.345528, -98.201847)",
VIRGIN ISL.,2017,7,,-,0,,0,,,-,,-,,-,0,,0,,,-,,-,"VIRGIN ISLANDS
(18.060868, -64.840836)",
UNITED STATES,2017,8,14,,19,,34,,139,,195,,,-,0,,2,,,-,,-,,
NEW ENGLAND,2017,8,,-,1,,4,,5,,11,,,-,0,,0,,,-,,-,,
MID. ATLANTIC,2017,8,2,,1,,8,,13,,18,,,-,0,,0,,,-,,-,,
NEW YORK CITY,2017,8,,-,0,,2,,5,,5,,,-,0,,0,,,-,,-,,
E.N. CENTRAL,2017,8,3,,2,,6,,22,,33,,,-,0,,1,,,-,,-,,
W.N. CENTRAL,2017,8,,-,1,,4,,10,,8,,,-,0,,1,,,-,,-,,
S. ATLANTIC,2017,8,4,,4,,9,,29,,41,,,-,0,,0,,,-,,-,,
E.S. CENTRAL,2017,8,1,,2,,8,,15,,17,,,-,0,,1,,,-,,-,,
W.S. CENTRAL,2017,8,2,,4,,13,,21,,34,,,-,0,,0,,,-,,-,,
MOUNTAIN,2017,8,2,,2,,6,,23,,30,,,-,0,,1,,,-,,-,,
PACIFIC,2017,8,,-,0,,1,,1,,3,,,-,0,,0,,,-,,-,,
AMER. SAMOA,2017,8,,-,0,,0,,,-,,-,,-,0,,0,,,-,,-,,
WEST VIRGINIA,2017,8,,-,0,,1,,1,,2,,,-,0,,0,,,-,,-,"WEST VIRGINIA
(38.668501, -80.709421)",
VIRGIN ISL.,2017,8,,-,0,,0,,,-,,-,,-,0,,0,,,-,,-,"VIRGIN ISLANDS
(18.060868, -64.840836)",
MARYLAND,2017,8,1,,0,,3,,4,,8,,,-,0,,0,,,-,,-,"MARYLAND
(39.290443, -76.612333)",
ALABAMA,2017,8,,-,0,,5,,4,,3,,,-,0,,0,,,-,,-,"ALABAMA
(32.839182, -86.631125)",
VIRGINIA,2017,8,,-,0,,2,,1,,4,,,-,0,,0,,,-,,-,"VIRGINIA
(37.542699, -78.45822)",
RHODE ISLAND,2017,8,,-,0,,1,,,-,,-,,-,0,,0,,,-,,-,"RHODE ISLAND
(41.707447, -71.522488)",
OREGON,2017,8,,N,0,,0,,,N,,N,,N,0,,0,,,N,,N,"OREGON
(44.567912, -120.156945)",
CONNECTICUT,2017,8,,-,0,,2,,,-,2,,,-,0,,0,,,-,,-,"CONNECTICUT
(41.544654, -72.651713)",
SOUTH DAKOTA,2017,8,,N,0,,0,,,N,,N,,N,0,,0,,,N,,N,"SOUTH DAKOTA
(44.35371, -100.373709)",
NEW JERSEY,2017,8,,-,0,,0,,,-,,-,,-,0,,0,,,-,,-,"NEW JERSEY
(40.104655, -74.386686)",
PUERTO RICO,2017,8,,-,0,,0,,,-,,-,,-,0,,0,,,-,,-,"PUERTO RICO
(18.215692, -66.414655)",
ALASKA,2017,8,,-,0,,1,,,-,3,,,-,0,,0,,,-,,-,"ALASKA
(64.836661, -147.738891)",
ARKANSAS,2017,8,,-,0,,2,,1,,7,,,-,0,,0,,,-,,-,"ARKANSAS
(34.748745, -92.275105)",
MISSOURI,2017,8,,-,0,,2,,1,,3,,,-,0,,1,,,-,,-,"MISSOURI
(38.636168, -92.566292)",
COLORADO,2017,8,1,,0,,3,,5,,1,,,-,0,,0,,,-,,-,"COLORADO
(38.841772, -106.132562)",
MISSISSIPPI,2017,8,,-,0,,2,,1,,7,,,-,0,,0,,,-,,-,"MISSISSIPPI
(32.738663, -89.537312)",
MAINE,2017,8,,-,0,,2,,,-,1,,,-,0,,0,,,-,,-,"MAINE
(45.252223, -68.986647)",
KANSAS,2017,8,,-,0,,2,,5,,2,,,-,0,,0,,,-,,-,"KANSAS
(38.345528, -98.201847)",
WASHINGTON,2017,8,,N,0,,0,,,N,,N,,N,0,,0,,,N,,N,"WASHINGTON
(47.517368, -120.467672)",
ARIZONA,2017,8,1,,1,,3,,5,,17,,,-,0,,0,,,-,,-,"ARIZONA
(34.869712, -111.760902)",
ILLINOIS,2017,8,,-,0,,0,,,-,,-,,-,0,,0,,,-,,-,"ILLINOIS
(40.477092, -88.993221)",
INDIANA,2017,8,,-,0,,3,,1,,2,,,-,0,,0,,,-,,-,"INDIANA
(39.76845, -86.156212)",
NEW YORK,2017,8,1,,1,,7,,6,,9,,,-,0,,0,,,-,,-,"NEW YORK
(42.826892, -75.544286)",
NORTH CAROLINA,2017,8,,N,0,,0,,,N,,N,,N,0,,0,,,N,,N,"NORTH CAROLINA
(35.47995, -79.180571)",
PENNSYLVANIA,2017,8,1,,0,,3,,2,,4,,,-,0,,0,,,-,,-,"PENNSYLVANIA
(40.789676, -77.858055)",
TENNESSEE,2017,8,,-,1,,7,,8,,7,,,-,0,,0,,,-,,-,"TENNESSEE
(35.681402, -85.774444)",
GUAM,2017,8,,-,0,,0,,,-,,-,,-,0,,0,,,-,,-,"GUAM
(13.3532, 144.653198)",
KENTUCKY,2017,8,1,,0,,2,,2,,,-,,-,0,,1,,,-,,-,"KENTUCKY
(37.64591, -84.774043)",
LOUISIANA,2017,8,,-,0,,3,,4,,5,,,-,0,,0,,,-,,-,"LOUISIANA
(31.2931, -92.463284)",
MASSACHUSETTS,2017,8,,-,0,,2,,3,,6,,,-,0,,0,,,-,,-,"MASSACHUSETTS
(42.268546, -72.085064)",
MINNESOTA,2017,8,,-,0,,0,,,-,,-,,-,0,,0,,,-,,-,"MINNESOTA
(46.357661, -94.793397)",
C.N.M.I.,2017,8,,-,,-,,-,,-,,-,,-,,-,,-,,-,,-,"NORTHERN MARIANA ISLANDS
(15.1834, 145.725693)",
DIST. OF COL.,2017,8,,-,0,,0,,,-,,-,,-,0,,0,,,-,,-,"DISTRICT OF COLUMBIA
(38.892062, -77.019912)",
UTAH,2017,8,,-,0,,3,,5,,3,,,-,0,,0,,,-,,-,"UTAH
(39.359772, -111.584173)",
NORTH DAKOTA,2017,8,,-,0,,2,,3,,,-,,-,0,,0,,,-,,-,"NORTH DAKOTA
(47.475879, -100.121011)",
NEBRASKA,2017,8,,-,0,,2,,1,,3,,,-,0,,0,,,-,,-,"NEBRASKA
(41.640503, -99.367122)",
IOWA,2017,8,,N,0,,0,,,N,,N,,N,0,,0,,,N,,N,"IOWA
(42.46942, -93.815856)",
HAWAII,2017,8,,-,0,,1,,1,,,-,,-,0,,0,,,-,,-,"HAWAII
(21.30992, -157.858158)",
NEVADA,2017,8,,-,0,,1,,2,,3,,,-,0,,0,,,-,,-,"NEVADA
(39.491833, -117.070159)",
OHIO,2017,8,2,,1,,5,,14,,20,,,-,0,,0,,,-,,-,"OHIO
(40.056807, -82.405897)",
OKLAHOMA,2017,8,,-,0,,3,,1,,2,,,-,0,,0,,,-,,-,"OKLAHOMA
(35.468494, -97.521264)",
SOUTH CAROLINA,2017,8,,-,0,,3,,3,,2,,,-,0,,0,,,-,,-,"SOUTH CAROLINA
(34.009286, -81.037094)",
MICHIGAN,2017,8,1,,0,,4,,2,,7,,,-,0,,1,,,-,,-,"MICHIGAN
(44.66399, -84.711206)",
DELAWARE,2017,8,,-,0,,0,,,-,,-,,-,0,,0,,,-,,-,"DELAWARE
(39.008676, -75.574561)",
WYOMING,2017,8,,-,0,,1,,,-,,-,,-,0,,0,,,-,,-,"WYOMING
(43.23558, -108.110518)",
CALIFORNIA,2017,8,,N,0,,0,,,N,,N,,N,0,,0,,,N,,N,"CALIFORNIA
(37.640735, -121.002435)",
MONTANA,2017,8,,-,0,,1,,1,,1,,,-,0,,0,,,-,,-,"MONTANA
(47.062617, -109.430168)",
GEORGIA,2017,8,,-,1,,5,,5,,9,,,-,0,,0,,,-,,-,"GEORGIA
(32.836038, -83.631709)",
IDAHO,2017,8,,-,0,,1,,3,,2,,,-,0,,1,,,-,,-,"IDAHO
(43.680635, -114.364237)",
WISCONSIN,2017,8,,-,0,,2,,5,,4,,,-,0,,0,,,-,,-,"WISCONSIN
(44.395526, -89.834513)",
TEXAS,2017,8,2,,3,,9,,15,,20,,,-,0,,0,,,-,,-,"TEXAS
(31.827233, -99.423022)",
NEW MEXICO,2017,8,,-,0,,2,,2,,3,,,-,0,,0,,,-,,-,"NEW MEXICO
(34.520396, -106.244402)",
FLORIDA,2017,8,3,,1,,5,,15,,16,,,-,0,,0,,,-,,-,"FLORIDA
(28.915325, -81.922409)",
VERMONT,2017,8,,-,0,,1,,,-,2,,,-,0,,0,,,-,,-,"VERMONT
(43.622479, -72.51927)",
NEW HAMPSHIRE,2017,8,,-,0,,1,,2,,,-,,-,0,,0,,,-,,-,"NEW HAMPSHIRE
(43.657736, -71.500736)",
UNITED STATES,2017,9,14,,19,,34,,159,,229,,1,,0,,2,,1,,,-,,
NEW ENGLAND,2017,9,2,,1,,4,,6,,15,,,-,0,,0,,,-,,-,,
MID. ATLANTIC,2017,9,2,,1,,8,,15,,18,,,-,0,,0,,,-,,-,,
NEW YORK CITY,2017,9,,-,0,,2,,5,,5,,,-,0,,0,,,-,,-,,
E.N. CENTRAL,2017,9,3,,2,,6,,28,,35,,,-,0,,1,,,-,,-,,
W.N. CENTRAL,2017,9,,-,1,,4,,11,,11,,,-,0,,1,,,-,,-,,
S. ATLANTIC,2017,9,5,,4,,9,,36,,49,,,-,0,,0,,,-,,-,,
E.S. CENTRAL,2017,9,,-,2,,8,,16,,23,,,-,0,,1,,,-,,-,,
W.S. CENTRAL,2017,9,2,,4,,10,,23,,41,,1,,0,,0,,1,,,-,,
MOUNTAIN,2017,9,,-,2,,6,,23,,34,,,-,0,,1,,,-,,-,,
PACIFIC,2017,9,,-,0,,1,,1,,3,,,-,0,,0,,,-,,-,,
AMER. SAMOA,2017,9,,-,0,,0,,,-,,-,,-,0,,0,,,-,,-,,
OKLAHOMA,2017,9,1,,0,,3,,2,,2,,,-,0,,0,,,-,,-,"OKLAHOMA
(35.468494, -97.521264)",
ILLINOIS,2017,9,,-,0,,0,,,-,,-,,-,0,,0,,,-,,-,"ILLINOIS
(40.477092, -88.993221)",
COLORADO,2017,9,,-,0,,3,,5,,2,,,-,0,,0,,,-,,-,"COLORADO
(38.841772, -106.132562)",
CONNECTICUT,2017,9,,-,0,,2,,,-,3,,,-,0,,0,,,-,,-,"CONNECTICUT
(41.544654, -72.651713)",
VIRGINIA,2017,9,,-,0,,2,,1,,4,,,-,0,,0,,,-,,-,"VIRGINIA
(37.542699, -78.45822)",
LOUISIANA,2017,9,,-,0,,3,,4,,6,,,-,0,,0,,,-,,-,"LOUISIANA
(31.2931, -92.463284)",
PUERTO RICO,2017,9,,-,0,,0,,,-,,-,,-,0,,0,,,-,,-,"PUERTO RICO
(18.215692, -66.414655)",
OREGON,2017,9,,N,0,,0,,,N,,N,,N,0,,0,,,N,,N,"OREGON
(44.567912, -120.156945)",
IDAHO,2017,9,,-,0,,1,,3,,2,,,-,0,,1,,,-,,-,"IDAHO
(43.680635, -114.364237)",
NEW JERSEY,2017,9,,-,0,,0,,,-,,-,,-,0,,0,,,-,,-,"NEW JERSEY
(40.104655, -74.386686)",
WYOMING,2017,9,,-,0,,1,,,-,,-,,-,0,,0,,,-,,-,"WYOMING
(43.23558, -108.110518)",
INDIANA,2017,9,,-,0,,3,,4,,3,,,-,0,,0,,,-,,-,"INDIANA
(39.76845, -86.156212)",
DIST. OF COL.,2017,9,,-,0,,0,,,-,,-,,-,0,,0,,,-,,-,"DISTRICT OF COLUMBIA
(38.892062, -77.019912)",
IOWA,2017,9,,N,0,,0,,,N,,N,,N,0,,0,,,N,,N,"IOWA
(42.46942, -93.815856)",
MASSACHUSETTS,2017,9,1,,0,,2,,3,,7,,,-,0,,0,,,-,,-,"MASSACHUSETTS
(42.268546, -72.085064)",
TENNESSEE,2017,9,,-,1,,7,,8,,8,,,-,0,,0,,,-,,-,"TENNESSEE
(35.681402, -85.774444)",
ARKANSAS,2017,9,,-,0,,2,,1,,7,,,-,0,,0,,,-,,-,"ARKANSAS
(34.748745, -92.275105)",
KENTUCKY,2017,9,,-,0,,2,,2,,,-,,-,0,,1,,,-,,-,"KENTUCKY
(37.64591, -84.774043)",
ALASKA,2017,9,,-,0,,1,,,-,3,,,-,0,,0,,,-,,-,"ALASKA
(64.836661, -147.738891)",
WISCONSIN,2017,9,,-,0,,2,,5,,5,,,-,0,,0,,,-,,-,"WISCONSIN
(44.395526, -89.834513)",
SOUTH CAROLINA,2017,9,,-,0,,3,,4,,3,,,-,0,,0,,,-,,-,"SOUTH CAROLINA
(34.009286, -81.037094)",
MISSISSIPPI,2017,9,,-,0,,2,,2,,7,,,-,0,,0,,,-,,-,"MISSISSIPPI
(32.738663, -89.537312)",
SOUTH DAKOTA,2017,9,,N,0,,0,,,N,,N,,N,0,,0,,,N,,N,"SOUTH DAKOTA
(44.35371, -100.373709)",
KANSAS,2017,9,,-,0,,2,,5,,2,,,-,0,,0,,,-,,-,"KANSAS
(38.345528, -98.201847)",
HAWAII,2017,9,,-,0,,1,,1,,,-,,-,0,,0,,,-,,-,"HAWAII
(21.30992, -157.858158)",
WASHINGTON,2017,9,,N,0,,0,,,N,,N,,N,0,,0,,,N,,N,"WASHINGTON
(47.517368, -120.467672)",
GUAM,2017,9,,-,0,,0,,,-,,-,,-,0,,0,,,-,,-,"GUAM
(13.3532, 144.653198)",
NEBRASKA,2017,9,,-,0,,2,,1,,5,,,-,0,,0,,,-,,-,"NEBRASKA
(41.640503, -99.367122)",
OHIO,2017,9,3,,1,,4,,17,,20,,,-,0,,0,,,-,,-,"OHIO
(40.056807, -82.405897)",
MARYLAND,2017,9,1,,0,,2,,5,,9,,,-,0,,0,,,-,,-,"MARYLAND
(39.290443, -76.612333)",
MONTANA,2017,9,,-,0,,1,,1,,1,,,-,0,,0,,,-,,-,"MONTANA
(47.062617, -109.430168)",
DELAWARE,2017,9,,-,0,,0,,,-,,-,,-,0,,0,,,-,,-,"DELAWARE
(39.008676, -75.574561)",
NEW YORK,2017,9,1,,1,,7,,7,,9,,,-,0,,0,,,-,,-,"NEW YORK
(42.826892, -75.544286)",
MINNESOTA,2017,9,,-,0,,0,,,-,,-,,-,0,,0,,,-,,-,"MINNESOTA
(46.357661, -94.793397)",
VIRGIN ISL.,2017,9,,-,0,,0,,,-,,-,,-,0,,0,,,-,,-,"VIRGIN ISLANDS
(18.060868, -64.840836)",
WEST VIRGINIA,2017,9,,-,0,,1,,1,,3,,,-,0,,0,,,-,,-,"WEST VIRGINIA
(38.668501, -80.709421)",
MAINE,2017,9,,-,0,,2,,,-,3,,,-,0,,0,,,-,,-,"MAINE
(45.252223, -68.986647)",
TEXAS,2017,9,1,,3,,10,,16,,26,,1,,0,,0,,1,,,-,"TEXAS
(31.827233, -99.423022)",
UTAH,2017,9,,-,0,,3,,5,,5,,,-,0,,0,,,-,,-,"UTAH
(39.359772, -111.584173)",
NORTH CAROLINA,2017,9,,N,0,,0,,,N,,N,,N,0,,0,,,N,,N,"NORTH CAROLINA
(35.47995, -79.180571)",
VERMONT,2017,9,,-,0,,1,,,-,2,,,-,0,,0,,,-,,-,"VERMONT
(43.622479, -72.51927)",
NORTH DAKOTA,2017,9,,-,0,,2,,3,,,-,,-,0,,0,,,-,,-,"NORTH DAKOTA
(47.475879, -100.121011)",
ARIZONA,2017,9,,-,1,,3,,5,,17,,,-,0,,0,,,-,,-,"ARIZONA
(34.869712, -111.760902)",
PENNSYLVANIA,2017,9,1,,0,,3,,3,,4,,,-,0,,0,,,-,,-,"PENNSYLVANIA
(40.789676, -77.858055)",
C.N.M.I.,2017,9,,-,,-,,-,,-,,-,,-,,-,,-,,-,,-,"NORTHERN MARIANA ISLANDS
(15.1834, 145.725693)",
RHODE ISLAND,2017,9,1,,0,,1,,1,,,-,,-,0,,0,,,-,,-,"RHODE ISLAND
(41.707447, -71.522488)",
NEW MEXICO,2017,9,,-,0,,2,,2,,4,,,-,0,,0,,,-,,-,"NEW MEXICO
(34.520396, -106.244402)",
MICHIGAN,2017,9,,-,0,,4,,2,,7,,,-,0,,1,,,-,,-,"MICHIGAN
(44.66399, -84.711206)",
MISSOURI,2017,9,,-,0,,2,,2,,4,,,-,0,,1,,,-,,-,"MISSOURI
(38.636168, -92.566292)",
ALABAMA,2017,9,,-,0,,5,,4,,8,,,-,0,,0,,,-,,-,"ALABAMA
(32.839182, -86.631125)",
FLORIDA,2017,9,2,,1,,5,,17,,16,,,-,0,,0,,,-,,-,"FLORIDA
(28.915325, -81.922409)",
NEVADA,2017,9,,-,0,,1,,2,,3,,,-,0,,0,,,-,,-,"NEVADA
(39.491833, -117.070159)",
GEORGIA,2017,9,2,,1,,5,,8,,14,,,-,0,,0,,,-,,-,"GEORGIA
(32.836038, -83.631709)",
CALIFORNIA,2017,9,,N,0,,0,,,N,,N,,N,0,,0,,,N,,N,"CALIFORNIA
(37.640735, -121.002435)",
NEW HAMPSHIRE,2017,9,,-,0,,1,,2,,,-,,-,0,,0,,,-,,-,"NEW HAMPSHIRE
(43.657736, -71.500736)",
UNITED STATES,2017,10,15,,19,,35,,185,,253,,,-,0,,2,,1,,,-,,
NEW ENGLAND,2017,10,,-,1,,4,,6,,15,,,-,0,,0,,,-,,-,,
MID. ATLANTIC,2017,10,2,,1,,8,,18,,25,,,-,0,,0,,,-,,-,,
NEW YORK CITY,2017,10,,-,0,,2,,6,,5,,,-,0,,0,,,-,,-,,
E.N. CENTRAL,2017,10,4,,2,,6,,34,,40,,,-,0,,1,,,-,,-,,
W.N. CENTRAL,2017,10,,-,1,,4,,12,,11,,,-,0,,1,,,-,,-,,
S. ATLANTIC,2017,10,4,,4,,9,,43,,53,,,-,0,,0,,,-,,-,,
E.S. CENTRAL,2017,10,1,,2,,8,,18,,25,,,-,0,,1,,,-,,-,,
W.S. CENTRAL,2017,10,2,,4,,13,,29,,45,,,-,0,,1,,1,,,-,,
MOUNTAIN,2017,10,1,,2,,6,,23,,36,,,-,0,,1,,,-,,-,,
PACIFIC,2017,10,1,,0,,1,,2,,3,,,-,0,,0,,,-,,-,,
AMER. SAMOA,2017,10,,-,0,,0,,,-,,-,,-,0,,0,,,-,,-,,
ARKANSAS,2017,10,,-,0,,2,,3,,7,,,-,0,,0,,,-,,-,"ARKANSAS
(34.748745, -92.275105)",
FLORIDA,2017,10,2,,1,,5,,19,,17,,,-,0,,0,,,-,,-,"FLORIDA
(28.915325, -81.922409)",
SOUTH CAROLINA,2017,10,,-,0,,4,,5,,3,,,-,0,,0,,,-,,-,"SOUTH CAROLINA
(34.009286, -81.037094)",
C.N.M.I.,2017,10,,-,,-,,-,,-,,-,,-,,-,,-,,-,,-,"NORTHERN MARIANA ISLANDS
(15.1834, 145.725693)",
ARIZONA,2017,10,1,,1,,3,,6,,18,,,-,0,,0,,,-,,-,"ARIZONA
(34.869712, -111.760902)",
IDAHO,2017,10,,-,0,,1,,3,,2,,,-,0,,1,,,-,,-,"IDAHO
(43.680635, -114.364237)",
WEST VIRGINIA,2017,10,,-,0,,1,,1,,3,,,-,0,,0,,,-,,-,"WEST VIRGINIA
(38.668501, -80.709421)",
WYOMING,2017,10,,-,0,,1,,,-,,-,,-,0,,0,,,-,,-,"WYOMING
(43.23558, -108.110518)",
OKLAHOMA,2017,10,2,,0,,3,,4,,2,,,-,0,,0,,,-,,-,"OKLAHOMA
(35.468494, -97.521264)",
INDIANA,2017,10,,-,0,,3,,5,,3,,,-,0,,0,,,-,,-,"INDIANA
(39.76845, -86.156212)",
MARYLAND,2017,10,1,,0,,2,,6,,9,,,-,0,,0,,,-,,-,"MARYLAND
(39.290443, -76.612333)",
VIRGIN ISL.,2017,10,,-,0,,0,,,-,,-,,-,0,,0,,,-,,-,"VIRGIN ISLANDS
(18.060868, -64.840836)",
MASSACHUSETTS,2017,10,,-,0,,2,,3,,7,,,-,0,,0,,,-,,-,"MASSACHUSETTS
(42.268546, -72.085064)",
LOUISIANA,2017,10,,-,0,,3,,5,,7,,,-,0,,0,,,-,,-,"LOUISIANA
(31.2931, -92.463284)",
HAWAII,2017,10,,-,0,,1,,1,,,-,,-,0,,0,,,-,,-,"HAWAII
(21.30992, -157.858158)",
PUERTO RICO,2017,10,,-,0,,0,,,-,,-,,-,0,,0,,,-,,-,"PUERTO RICO
(18.215692, -66.414655)",
OHIO,2017,10,2,,1,,4,,19,,22,,,-,0,,0,,,-,,-,"OHIO
(40.056807, -82.405897)",
MAINE,2017,10,,-,0,,2,,,-,3,,,-,0,,0,,,-,,-,"MAINE
(45.252223, -68.986647)",
GEORGIA,2017,10,1,,1,,5,,10,,16,,,-,0,,0,,,-,,-,"GEORGIA
(32.836038, -83.631709)",
WISCONSIN,2017,10,2,,0,,2,,7,,6,,,-,0,,0,,,-,,-,"WISCONSIN
(44.395526, -89.834513)",
DELAWARE,2017,10,,-,0,,0,,,-,,-,,-,0,,0,,,-,,-,"DELAWARE
(39.008676, -75.574561)",
MISSISSIPPI,2017,10,,-,0,,2,,2,,7,,,-,0,,0,,,-,,-,"MISSISSIPPI
(32.738663, -89.537312)",
NEVADA,2017,10,,-,0,,1,,2,,3,,,-,0,,0,,,-,,-,"NEVADA
(39.491833, -117.070159)",
ALABAMA,2017,10,1,,0,,2,,6,,8,,,-,0,,0,,,-,,-,"ALABAMA
(32.839182, -86.631125)",
UTAH,2017,10,,-,0,,3,,4,,6,,,-,0,,0,,,-,,-,"UTAH
(39.359772, -111.584173)",
KENTUCKY,2017,10,,-,0,,2,,2,,,-,,-,0,,1,,,-,,-,"KENTUCKY
(37.64591, -84.774043)",
MICHIGAN,2017,10,,-,0,,4,,3,,9,,,-,0,,1,,,-,,-,"MICHIGAN
(44.66399, -84.711206)",
KANSAS,2017,10,,-,0,,2,,6,,2,,,-,0,,0,,,-,,-,"KANSAS
(38.345528, -98.201847)",
GUAM,2017,10,,-,0,,0,,,-,,-,,-,0,,0,,,-,,-,"GUAM
(13.3532, 144.653198)",
SOUTH DAKOTA,2017,10,,N,0,,0,,,N,,N,,N,0,,0,,,N,,N,"SOUTH DAKOTA
(44.35371, -100.373709)",
MINNESOTA,2017,10,,-,0,,0,,,-,,-,,-,0,,0,,,-,,-,"MINNESOTA
(46.357661, -94.793397)",
CALIFORNIA,2017,10,,N,0,,0,,,N,,N,,N,0,,0,,,N,,N,"CALIFORNIA
(37.640735, -121.002435)",
NEW MEXICO,2017,10,,-,0,,2,,2,,4,,,-,0,,0,,,-,,-,"NEW MEXICO
(34.520396, -106.244402)",
MONTANA,2017,10,,-,0,,1,,1,,1,,,-,0,,0,,,-,,-,"MONTANA
(47.062617, -109.430168)",
IOWA,2017,10,,N,0,,0,,,N,,N,,N,0,,0,,,N,,N,"IOWA
(42.46942, -93.815856)",
COLORADO,2017,10,,-,0,,3,,5,,2,,,-,0,,0,,,-,,-,"COLORADO
(38.841772, -106.132562)",
ALASKA,2017,10,1,,0,,1,,1,,3,,,-,0,,0,,,-,,-,"ALASKA
(64.836661, -147.738891)",
TEXAS,2017,10,,-,2,,13,,17,,29,,,-,0,,1,,1,,,-,"TEXAS
(31.827233, -99.423022)",
NEW JERSEY,2017,10,,-,0,,0,,,-,,-,,-,0,,0,,,-,,-,"NEW JERSEY
(40.104655, -74.386686)",
CONNECTICUT,2017,10,,-,0,,2,,,-,3,,,-,0,,0,,,-,,-,"CONNECTICUT
(41.544654, -72.651713)",
NEW YORK,2017,10,2,,1,,7,,9,,13,,,-,0,,0,,,-,,-,"NEW YORK
(42.826892, -75.544286)",
RHODE ISLAND,2017,10,,-,0,,1,,1,,,-,,-,0,,0,,,-,,-,"RHODE ISLAND
(41.707447, -71.522488)",
NEW HAMPSHIRE,2017,10,,-,0,,1,,2,,,-,,-,0,,0,,,-,,-,"NEW HAMPSHIRE
(43.657736, -71.500736)",
OREGON,2017,10,,N,0,,0,,,N,,N,,N,0,,0,,,N,,N,"OREGON
(44.567912, -120.156945)",
ILLINOIS,2017,10,,-,0,,0,,,-,,-,,-,0,,0,,,-,,-,"ILLINOIS
(40.477092, -88.993221)",
NORTH CAROLINA,2017,10,,N,0,,0,,,N,,N,,N,0,,0,,,N,,N,"NORTH CAROLINA
(35.47995, -79.180571)",
TENNESSEE,2017,10,,-,0,,7,,8,,10,,,-,0,,0,,,-,,-,"TENNESSEE
(35.681402, -85.774444)",
VERMONT,2017,10,,-,0,,1,,,-,2,,,-,0,,0,,,-,,-,"VERMONT
(43.622479, -72.51927)",
DIST. OF COL.,2017,10,,-,0,,0,,,-,,-,,-,0,,0,,,-,,-,"DISTRICT OF COLUMBIA
(38.892062, -77.019912)",
NORTH DAKOTA,2017,10,,-,0,,2,,3,,,-,,-,0,,0,,,-,,-,"NORTH DAKOTA
(47.475879, -100.121011)",
WASHINGTON,2017,10,,N,0,,0,,,N,,N,,N,0,,0,,,N,,N,"WASHINGTON
(47.517368, -120.467672)",
NEBRASKA,2017,10,,-,0,,2,,1,,5,,,-,0,,0,,,-,,-,"NEBRASKA
(41.640503, -99.367122)",
MISSOURI,2017,10,,-,0,,2,,2,,4,,,-,0,,1,,,-,,-,"MISSOURI
(38.636168, -92.566292)",
PENNSYLVANIA,2017,10,,-,0,,3,,3,,7,,,-,0,,0,,,-,,-,"PENNSYLVANIA
(40.789676, -77.858055)",
VIRGINIA,2017,10,,-,0,,2,,2,,5,,,-,0,,0,,,-,,-,"VIRGINIA
(37.542699, -78.45822)",
UNITED STATES,2017,11,10,,20,,35,,210,,286,,,-,0,,2,,2,,,-,,
NEW ENGLAND,2017,11,2,,1,,4,,8,,19,,,-,0,,0,,,-,,-,,
MID. ATLANTIC,2017,11,1,,2,,8,,25,,28,,,-,0,,0,,,-,,-,,
NEW YORK CITY,2017,11,,-,0,,2,,6,,5,,,-,0,,0,,,-,,-,,
E.N. CENTRAL,2017,11,,-,2,,6,,36,,43,,,-,0,,1,,,-,,-,,
NEW YORK,2017,11,1,,1,,7,,10,,13,,,-,0,,0,,,-,,-,"NEW YORK
(42.826892, -75.544286)",
NEW HAMPSHIRE,2017,11,,-,0,,1,,2,,1,,,-,0,,0,,,-,,-,"NEW HAMPSHIRE
(43.657736, -71.500736)",
MAINE,2017,11,1,,0,,2,,1,,3,,,-,0,,0,,,-,,-,"MAINE
(45.252223, -68.986647)",
VERMONT,2017,11,,-,0,,1,,,-,2,,,-,0,,0,,,-,,-,"VERMONT
(43.622479, -72.51927)",
W.N. CENTRAL,2017,11,2,,1,,4,,15,,15,,,-,0,,1,,1,,,-,,
S. ATLANTIC,2017,11,2,,5,,9,,46,,59,,,-,0,,0,,,-,,-,,
E.S. CENTRAL,2017,11,,-,2,,8,,20,,25,,,-,0,,1,,,-,,-,,
W.S. CENTRAL,2017,11,2,,4,,13,,34,,54,,,-,0,,1,,1,,,-,,
MOUNTAIN,2017,11,1,,2,,6,,24,,40,,,-,0,,1,,,-,,-,,
NEBRASKA,2017,11,,-,0,,2,,1,,6,,,-,0,,0,,,-,,-,"NEBRASKA
(41.640503, -99.367122)",
KENTUCKY,2017,11,,-,0,,2,,2,,,-,,-,0,,1,,,-,,-,"KENTUCKY
(37.64591, -84.774043)",
IDAHO,2017,11,,-,0,,1,,3,,2,,,-,0,,1,,,-,,-,"IDAHO
(43.680635, -114.364237)",
WISCONSIN,2017,11,,-,0,,2,,7,,7,,,-,0,,0,,,-,,-,"WISCONSIN
(44.395526, -89.834513)",
DELAWARE,2017,11,,-,0,,0,,,-,,-,,-,0,,0,,,-,,-,"DELAWARE
(39.008676, -75.574561)",
KANSAS,2017,11,,-,0,,2,,6,,4,,,-,0,,0,,,-,,-,"KANSAS
(38.345528, -98.201847)",
MISSOURI,2017,11,2,,0,,2,,5,,4,,,-,0,,1,,1,,,-,"MISSOURI
(38.636168, -92.566292)",
LOUISIANA,2017,11,,-,0,,3,,6,,10,,,-,0,,0,,,-,,-,"LOUISIANA
(31.2931, -92.463284)",
TEXAS,2017,11,2,,2,,13,,21,,33,,,-,0,,1,,1,,,-,"TEXAS
(31.827233, -99.423022)",
DIST. OF COL.,2017,11,,-,0,,0,,,-,,-,,-,0,,0,,,-,,-,"DISTRICT OF COLUMBIA
(38.892062, -77.019912)",
OKLAHOMA,2017,11,,-,0,,3,,4,,3,,,-,0,,0,,,-,,-,"OKLAHOMA
(35.468494, -97.521264)",
VIRGINIA,2017,11,1,,0,,2,,3,,6,,,-,0,,0,,,-,,-,"VIRGINIA
(37.542699, -78.45822)",
PACIFIC,2017,11,,-,0,,1,,2,,3,,,-,0,,0,,,-,,-,,
AMER. SAMOA,2017,11,,-,0,,0,,,-,,-,,-,0,,0,,,-,,-,,
PUERTO RICO,2017,11,,-,0,,0,,,-,,-,,-,0,,0,,,-,,-,"PUERTO RICO
(18.215692, -66.414655)",
RHODE ISLAND,2017,11,,-,0,,1,,1,,,-,,-,0,,0,,,-,,-,"RHODE ISLAND
(41.707447, -71.522488)",
ILLINOIS,2017,11,,-,0,,0,,,-,,-,,-,0,,0,,,-,,-,"ILLINOIS
(40.477092, -88.993221)",
MONTANA,2017,11,1,,0,,1,,2,,2,,,-,0,,0,,,-,,-,"MONTANA
(47.062617, -109.430168)",
WEST VIRGINIA,2017,11,,-,0,,1,,2,,4,,,-,0,,0,,,-,,-,"WEST VIRGINIA
(38.668501, -80.709421)",
MASSACHUSETTS,2017,11,1,,0,,2,,4,,9,,,-,0,,0,,,-,,-,"MASSACHUSETTS
(42.268546, -72.085064)",
ALASKA,2017,11,,-,0,,1,,1,,3,,,-,0,,0,,,-,,-,"ALASKA
(64.836661, -147.738891)",
MINNESOTA,2017,11,,-,0,,0,,,-,,-,,-,0,,0,,,-,,-,"MINNESOTA
(46.357661, -94.793397)",
COLORADO,2017,11,,-,0,,3,,6,,2,,,-,0,,0,,,-,,-,"COLORADO
(38.841772, -106.132562)",
ALABAMA,2017,11,,-,0,,2,,7,,8,,,-,0,,0,,,-,,-,"ALABAMA
(32.839182, -86.631125)",
CONNECTICUT,2017,11,,-,0,,2,,,-,4,,,-,0,,0,,,-,,-,"CONNECTICUT
(41.544654, -72.651713)",
MARYLAND,2017,11,,-,0,,2,,6,,9,,,-,0,,0,,,-,,-,"MARYLAND
(39.290443, -76.612333)",
NORTH DAKOTA,2017,11,,-,0,,2,,3,,1,,,-,0,,0,,,-,,-,"NORTH DAKOTA
(47.475879, -100.121011)",
PENNSYLVANIA,2017,11,,-,0,,5,,8,,10,,,-,0,,0,,,-,,-,"PENNSYLVANIA
(40.789676, -77.858055)",
IOWA,2017,11,,N,0,,0,,,N,,N,,N,0,,0,,,N,,N,"IOWA
(42.46942, -93.815856)",
WYOMING,2017,11,,-,0,,1,,,-,,-,,-,0,,0,,,-,,-,"WYOMING
(43.23558, -108.110518)",
GUAM,2017,11,,-,0,,0,,,-,,-,,-,0,,0,,,-,,-,"GUAM
(13.3532, 144.653198)",
ARIZONA,2017,11,,-,1,,3,,6,,19,,,-,0,,0,,,-,,-,"ARIZONA
(34.869712, -111.760902)",
WASHINGTON,2017,11,,N,0,,0,,,N,,N,,N,0,,0,,,N,,N,"WASHINGTON
(47.517368, -120.467672)",
NEVADA,2017,11,,-,0,,1,,2,,4,,,-,0,,0,,,-,,-,"NEVADA
(39.491833, -117.070159)",
VIRGIN ISL.,2017,11,,-,0,,0,,,-,,-,,-,0,,0,,,-,,-,"VIRGIN ISLANDS
(18.060868, -64.840836)",
OREGON,2017,11,,N,0,,0,,,N,,N,,N,0,,0,,,N,,N,"OREGON
(44.567912, -120.156945)",
C.N.M.I.,2017,11,,-,,-,,-,,-,,-,,-,,-,,-,,-,,-,"NORTHERN MARIANA ISLANDS
(15.1834, 145.725693)",
NEW MEXICO,2017,11,,-,0,,2,,2,,5,,,-,0,,0,,,-,,-,"NEW MEXICO
(34.520396, -106.244402)",
OHIO,2017,11,,-,1,,4,,19,,23,,,-,0,,0,,,-,,-,"OHIO
(40.056807, -82.405897)",
MISSISSIPPI,2017,11,,-,0,,2,,2,,7,,,-,0,,0,,,-,,-,"MISSISSIPPI
(32.738663, -89.537312)",
SOUTH DAKOTA,2017,11,,N,0,,0,,,N,,N,,N,0,,0,,,N,,N,"SOUTH DAKOTA
(44.35371, -100.373709)",
ARKANSAS,2017,11,,-,0,,2,,3,,8,,,-,0,,0,,,-,,-,"ARKANSAS
(34.748745, -92.275105)",
NEW JERSEY,2017,11,,-,0,,1,,1,,,-,,-,0,,0,,,-,,-,"NEW JERSEY
(40.104655, -74.386686)",
HAWAII,2017,11,,-,0,,1,,1,,,-,,-,0,,0,,,-,,-,"HAWAII
(21.30992, -157.858158)",
SOUTH CAROLINA,2017,11,,-,0,,4,,5,,3,,,-,0,,0,,,-,,-,"SOUTH CAROLINA
(34.009286, -81.037094)",
MICHIGAN,2017,11,,-,0,,4,,4,,10,,,-,0,,1,,,-,,-,"MICHIGAN
(44.66399, -84.711206)",
INDIANA,2017,11,,-,0,,3,,6,,3,,,-,0,,0,,,-,,-,"INDIANA
(39.76845, -86.156212)",
UTAH,2017,11,,-,0,,3,,3,,6,,,-,0,,0,,,-,,-,"UTAH
(39.359772, -111.584173)",
CALIFORNIA,2017,11,,N,0,,0,,,N,,N,,N,0,,0,,,N,,N,"CALIFORNIA
(37.640735, -121.002435)",
FLORIDA,2017,11,1,,1,,5,,20,,19,,,-,0,,0,,,-,,-,"FLORIDA
(28.915325, -81.922409)",
NORTH CAROLINA,2017,11,,N,0,,0,,,N,,N,,N,0,,0,,,N,,N,"NORTH CAROLINA
(35.47995, -79.180571)",
TENNESSEE,2017,11,,-,0,,7,,9,,10,,,-,0,,0,,,-,,-,"TENNESSEE
(35.681402, -85.774444)",
GEORGIA,2017,11,,-,1,,5,,10,,18,,,-,0,,0,,,-,,-,"GEORGIA
(32.836038, -83.631709)",
UNITED STATES,2017,12,13,,20,,35,,242,,317,,1,,0,,2,,4,,,-,,
NEW ENGLAND,2017,12,,-,1,,4,,8,,22,,,-,0,,0,,,-,,-,,
MID. ATLANTIC,2017,12,2,,2,,8,,27,,31,,,-,0,,0,,,-,,-,,
NEW YORK CITY,2017,12,,-,0,,2,,6,,5,,,-,0,,0,,,-,,-,,
E.N. CENTRAL,2017,12,1,,2,,6,,44,,45,,1,,0,,1,,1,,,-,,
W.N. CENTRAL,2017,12,2,,1,,4,,18,,16,,,-,0,,2,,2,,,-,,
S. ATLANTIC,2017,12,2,,5,,9,,53,,65,,,-,0,,0,,,-,,-,,
E.S. CENTRAL,2017,12,1,,2,,8,,24,,30,,,-,0,,1,,,-,,-,,
W.S. CENTRAL,2017,12,5,,4,,13,,39,,61,,,-,0,,1,,1,,,-,,
MOUNTAIN,2017,12,,-,2,,6,,27,,44,,,-,0,,1,,,-,,-,,
PACIFIC,2017,12,,-,0,,1,,2,,3,,,-,0,,0,,,-,,-,,
AMER. SAMOA,2017,12,,-,0,,0,,,-,,-,,-,0,,0,,,-,,-,,
DIST. OF COL.,2017,12,,-,0,,0,,,-,,-,,-,0,,0,,,-,,-,"DISTRICT OF COLUMBIA
(38.892062, -77.019912)",
GUAM,2017,12,,-,0,,0,,,-,,-,,-,0,,0,,,-,,-,"GUAM
(13.3532, 144.653198)",
NORTH DAKOTA,2017,12,,-,0,,2,,3,,1,,,-,0,,0,,,-,,-,"NORTH DAKOTA
(47.475879, -100.121011)",
OKLAHOMA,2017,12,,-,0,,3,,4,,5,,,-,0,,0,,,-,,-,"OKLAHOMA
(35.468494, -97.521264)",
ARKANSAS,2017,12,,-,0,,2,,3,,8,,,-,0,,0,,,-,,-,"ARKANSAS
(34.748745, -92.275105)",
INDIANA,2017,12,,-,0,,3,,10,,3,,,-,0,,0,,,-,,-,"INDIANA
(39.76845, -86.156212)",
TENNESSEE,2017,12,,-,0,,7,,9,,13,,,-,0,,0,,,-,,-,"TENNESSEE
(35.681402, -85.774444)",
WYOMING,2017,12,,-,0,,1,,,-,,-,,-,0,,0,,,-,,-,"WYOMING
(43.23558, -108.110518)",
OHIO,2017,12,,-,1,,4,,21,,24,,1,,0,,0,,1,,,-,"OHIO
(40.056807, -82.405897)",
IOWA,2017,12,,N,0,,0,,,N,,N,,N,0,,0,,,N,,N,"IOWA
(42.46942, -93.815856)",
KENTUCKY,2017,12,1,,0,,2,,6,,1,,,-,0,,1,,,-,,-,"KENTUCKY
(37.64591, -84.774043)",
LOUISIANA,2017,12,,-,0,,2,,6,,10,,,-,0,,0,,,-,,-,"LOUISIANA
(31.2931, -92.463284)",
RHODE ISLAND,2017,12,,-,0,,1,,1,,,-,,-,0,,0,,,-,,-,"RHODE ISLAND
(41.707447, -71.522488)",
MONTANA,2017,12,,-,0,,1,,2,,2,,,-,0,,0,,,-,,-,"MONTANA
(47.062617, -109.430168)",
TEXAS,2017,12,5,,2,,13,,26,,38,,,-,0,,1,,1,,,-,"TEXAS
(31.827233, -99.423022)",
UTAH,2017,12,,-,0,,3,,4,,8,,,-,0,,0,,,-,,-,"UTAH
(39.359772, -111.584173)",
NEW HAMPSHIRE,2017,12,,-,0,,1,,2,,1,,,-,0,,0,,,-,,-,"NEW HAMPSHIRE
(43.657736, -71.500736)",
NEW YORK,2017,12,,-,1,,7,,10,,16,,,-,0,,0,,,-,,-,"NEW YORK
(42.826892, -75.544286)",
ALASKA,2017,12,,-,0,,1,,1,,3,,,-,0,,0,,,-,,-,"ALASKA
(64.836661, -147.738891)",
VIRGIN ISL.,2017,12,,-,0,,0,,,-,,-,,-,0,,0,,,-,,-,"VIRGIN ISLANDS
(18.060868, -64.840836)",
CALIFORNIA,2017,12,,N,0,,0,,,N,,N,,N,0,,0,,,N,,N,"CALIFORNIA
(37.640735, -121.002435)",
COLORADO,2017,12,,-,0,,3,,7,,3,,,-,0,,0,,,-,,-,"COLORADO
(38.841772, -106.132562)",
WASHINGTON,2017,12,,N,0,,0,,,N,,N,,N,0,,0,,,N,,N,"WASHINGTON
(47.517368, -120.467672)",
WISCONSIN,2017,12,1,,0,,2,,9,,7,,,-,0,,0,,,-,,-,"WISCONSIN
(44.395526, -89.834513)",
CONNECTICUT,2017,12,,-,0,,2,,,-,5,,,-,0,,0,,,-,,-,"CONNECTICUT
(41.544654, -72.651713)",
VIRGINIA,2017,12,,-,0,,2,,5,,7,,,-,0,,0,,,-,,-,"VIRGINIA
(37.542699, -78.45822)",
ARIZONA,2017,12,,-,1,,3,,7,,20,,,-,0,,0,,,-,,-,"ARIZONA
(34.869712, -111.760902)",
PUERTO RICO,2017,12,,-,0,,0,,,-,,-,,-,0,,0,,,-,,-,"PUERTO RICO
(18.215692, -66.414655)",
MISSISSIPPI,2017,12,,-,0,,2,,2,,7,,,-,0,,0,,,-,,-,"MISSISSIPPI
(32.738663, -89.537312)",
MICHIGAN,2017,12,,-,0,,4,,4,,11,,,-,0,,1,,,-,,-,"MICHIGAN
(44.66399, -84.711206)",
SOUTH CAROLINA,2017,12,,-,0,,4,,5,,4,,,-,0,,0,,,-,,-,"SOUTH CAROLINA
(34.009286, -81.037094)",
SOUTH DAKOTA,2017,12,,N,0,,0,,,N,,N,,N,0,,0,,,N,,N,"SOUTH DAKOTA
(44.35371, -100.373709)",
DELAWARE,2017,12,,-,0,,0,,,-,,-,,-,0,,0,,,-,,-,"DELAWARE
(39.008676, -75.574561)",
NEW JERSEY,2017,12,,-,0,,1,,1,,,-,,-,0,,0,,,-,,-,"NEW JERSEY
(40.104655, -74.386686)",
WEST VIRGINIA,2017,12,,-,0,,1,,2,,4,,,-,0,,0,,,-,,-,"WEST VIRGINIA
(38.668501, -80.709421)",
FLORIDA,2017,12,1,,1,,5,,21,,19,,,-,0,,0,,,-,,-,"FLORIDA
(28.915325, -81.922409)",
C.N.M.I.,2017,12,,-,,-,,-,,-,,-,,-,,-,,-,,-,,-,"NORTHERN MARIANA ISLANDS
(15.1834, 145.725693)",
GEORGIA,2017,12,,-,1,,5,,13,,20,,,-,0,,0,,,-,,-,"GEORGIA
(32.836038, -83.631709)",
NEVADA,2017,12,,-,0,,1,,2,,4,,,-,0,,0,,,-,,-,"NEVADA
(39.491833, -117.070159)",
MARYLAND,2017,12,1,,0,,2,,7,,11,,,-,0,,0,,,-,,-,"MARYLAND
(39.290443, -76.612333)",
VERMONT,2017,12,,-,0,,1,,,-,2,,,-,0,,0,,,-,,-,"VERMONT
(43.622479, -72.51927)",
ALABAMA,2017,12,,-,0,,2,,7,,9,,,-,0,,0,,,-,,-,"ALABAMA
(32.839182, -86.631125)",
KANSAS,2017,12,,-,0,,2,,6,,4,,,-,0,,0,,,-,,-,"KANSAS
(38.345528, -98.201847)",
ILLINOIS,2017,12,,-,0,,0,,,-,,-,,-,0,,0,,,-,,-,"ILLINOIS
(40.477092, -88.993221)",
NEW MEXICO,2017,12,,-,0,,2,,2,,5,,,-,0,,0,,,-,,-,"NEW MEXICO
(34.520396, -106.244402)",
NORTH CAROLINA,2017,12,,N,0,,0,,,N,,N,,N,0,,0,,,N,,N,"NORTH CAROLINA
(35.47995, -79.180571)",
MINNESOTA,2017,12,,-,0,,0,,,-,,-,,-,0,,0,,,-,,-,"MINNESOTA
(46.357661, -94.793397)",
MISSOURI,2017,12,1,,0,,2,,7,,5,,,-,0,,2,,2,,,-,"MISSOURI
(38.636168, -92.566292)",
PENNSYLVANIA,2017,12,2,,0,,5,,10,,10,,,-,0,,0,,,-,,-,"PENNSYLVANIA
(40.789676, -77.858055)",
IDAHO,2017,12,,-,0,,1,,3,,2,,,-,0,,1,,,-,,-,"IDAHO
(43.680635, -114.364237)",
HAWAII,2017,12,,-,0,,1,,1,,,-,,-,0,,0,,,-,,-,"HAWAII
(21.30992, -157.858158)",
NEBRASKA,2017,12,1,,0,,2,,2,,6,,,-,0,,0,,,-,,-,"NEBRASKA
(41.640503, -99.367122)",
MAINE,2017,12,,-,0,,2,,1,,3,,,-,0,,0,,,-,,-,"MAINE
(45.252223, -68.986647)",
OREGON,2017,12,,N,0,,0,,,N,,N,,N,0,,0,,,N,,N,"OREGON
(44.567912, -120.156945)",
MASSACHUSETTS,2017,12,,-,0,,2,,4,,11,,,-,0,,0,,,-,,-,"MASSACHUSETTS
(42.268546, -72.085064)",
UNITED STATES,2017,13,11,,20,,38,,264,,344,,,-,0,,2,,4,,,-,,
NEW ENGLAND,2017,13,,-,1,,4,,8,,23,,,-,0,,0,,,-,,-,,
MID. ATLANTIC,2017,13,2,,2,,9,,30,,34,,,-,0,,0,,,-,,-,,
NEW YORK CITY,2017,13,,-,0,,2,,7,,7,,,-,0,,0,,,-,,-,,
E.N. CENTRAL,2017,13,2,,2,,7,,46,,52,,,-,0,,1,,1,,,-,,
W.N. CENTRAL,2017,13,,-,1,,4,,19,,17,,,-,0,,2,,2,,,-,,
S. ATLANTIC,2017,13,4,,5,,10,,60,,72,,,-,0,,0,,,-,,-,,
E.S. CENTRAL,2017,13,1,,2,,8,,25,,31,,,-,0,,1,,,-,,-,,
W.S. CENTRAL,2017,13,1,,4,,15,,44,,63,,,-,0,,1,,1,,,-,,
MOUNTAIN,2017,13,1,,2,,6,,30,,49,,,-,0,,1,,,-,,-,,
PACIFIC,2017,13,,-,0,,1,,2,,3,,,-,0,,0,,,-,,-,,
AMER. SAMOA,2017,13,,-,0,,0,,,-,,-,,-,0,,0,,,-,,-,,
ARKANSAS,2017,13,1,,0,,2,,5,,8,,,-,0,,0,,,-,,-,"ARKANSAS
(34.748745, -92.275105)",
DELAWARE,2017,13,,-,0,,0,,,-,,-,,-,0,,0,,,-,,-,"DELAWARE
(39.008676, -75.574561)",
CONNECTICUT,2017,13,,-,0,,2,,,-,5,,,-,0,,0,,,-,,-,"CONNECTICUT
(41.544654, -72.651713)",
LOUISIANA,2017,13,,-,0,,2,,6,,10,,,-,0,,0,,,-,,-,"LOUISIANA
(31.2931, -92.463284)",
NEW MEXICO,2017,13,,-,0,,2,,2,,6,,,-,0,,0,,,-,,-,"NEW MEXICO
(34.520396, -106.244402)",
TEXAS,2017,13,,-,2,,15,,29,,40,,,-,0,,1,,1,,,-,"TEXAS
(31.827233, -99.423022)",
FLORIDA,2017,13,2,,1,,5,,23,,19,,,-,0,,0,,,-,,-,"FLORIDA
(28.915325, -81.922409)",
IDAHO,2017,13,,-,0,,1,,4,,2,,,-,0,,1,,,-,,-,"IDAHO
(43.680635, -114.364237)",
WISCONSIN,2017,13,1,,0,,2,,10,,8,,,-,0,,0,,,-,,-,"WISCONSIN
(44.395526, -89.834513)",
NEVADA,2017,13,,-,0,,1,,2,,5,,,-,0,,0,,,-,,-,"NEVADA
(39.491833, -117.070159)",
RHODE ISLAND,2017,13,,-,0,,1,,1,,,-,,-,0,,0,,,-,,-,"RHODE ISLAND
(41.707447, -71.522488)",
WASHINGTON,2017,13,,N,0,,0,,,N,,N,,N,0,,0,,,N,,N,"WASHINGTON
(47.517368, -120.467672)",
KANSAS,2017,13,,-,0,,2,,6,,4,,,-,0,,0,,,-,,-,"KANSAS
(38.345528, -98.201847)",
HAWAII,2017,13,,-,0,,1,,1,,,-,,-,0,,0,,,-,,-,"HAWAII
(21.30992, -157.858158)",
GEORGIA,2017,13,,-,1,,5,,15,,23,,,-,0,,0,,,-,,-,"GEORGIA
(32.836038, -83.631709)",
MAINE,2017,13,,-,0,,2,,1,,4,,,-,0,,0,,,-,,-,"MAINE
(45.252223, -68.986647)",
CALIFORNIA,2017,13,,N,0,,0,,,N,,N,,N,0,,0,,,N,,N,"CALIFORNIA
(37.640735, -121.002435)",
NEW YORK,2017,13,2,,1,,7,,12,,17,,,-,0,,0,,,-,,-,"NEW YORK
(42.826892, -75.544286)",
MONTANA,2017,13,,-,0,,1,,2,,2,,,-,0,,0,,,-,,-,"MONTANA
(47.062617, -109.430168)",
TENNESSEE,2017,13,1,,0,,7,,10,,14,,,-,0,,0,,,-,,-,"TENNESSEE
(35.681402, -85.774444)",
MISSISSIPPI,2017,13,,-,0,,2,,2,,7,,,-,0,,0,,,-,,-,"MISSISSIPPI
(32.738663, -89.537312)",
COLORADO,2017,13,1,,0,,3,,8,,6,,,-,0,,0,,,-,,-,"COLORADO
(38.841772, -106.132562)",
ALABAMA,2017,13,,-,0,,2,,7,,9,,,-,0,,0,,,-,,-,"ALABAMA
(32.839182, -86.631125)",
IOWA,2017,13,,N,0,,0,,,N,,N,,N,0,,0,,,N,,N,"IOWA
(42.46942, -93.815856)",
VERMONT,2017,13,,-,0,,1,,,-,2,,,-,0,,0,,,-,,-,"VERMONT
(43.622479, -72.51927)",
NEBRASKA,2017,13,,-,0,,2,,2,,7,,,-,0,,0,,,-,,-,"NEBRASKA
(41.640503, -99.367122)",
MASSACHUSETTS,2017,13,,-,0,,2,,4,,11,,,-,0,,0,,,-,,-,"MASSACHUSETTS
(42.268546, -72.085064)",
WEST VIRGINIA,2017,13,,-,0,,1,,2,,5,,,-,0,,0,,,-,,-,"WEST VIRGINIA
(38.668501, -80.709421)",
NEW JERSEY,2017,13,,-,0,,1,,1,,,-,,-,0,,0,,,-,,-,"NEW JERSEY
(40.104655, -74.386686)",
KENTUCKY,2017,13,,-,0,,2,,6,,1,,,-,0,,1,,,-,,-,"KENTUCKY
(37.64591, -84.774043)",
OREGON,2017,13,,N,0,,0,,,N,,N,,N,0,,0,,,N,,N,"OREGON
(44.567912, -120.156945)",
INDIANA,2017,13,,-,0,,3,,10,,4,,,-,0,,0,,,-,,-,"INDIANA
(39.76845, -86.156212)",
OHIO,2017,13,1,,1,,4,,22,,24,,,-,0,,1,,1,,,-,"OHIO
(40.056807, -82.405897)",
OKLAHOMA,2017,13,,-,0,,3,,4,,5,,,-,0,,0,,,-,,-,"OKLAHOMA
(35.468494, -97.521264)",
SOUTH DAKOTA,2017,13,,N,0,,0,,,N,,N,,N,0,,0,,,N,,N,"SOUTH DAKOTA
(44.35371, -100.373709)",
ILLINOIS,2017,13,,-,0,,0,,,-,,-,,-,0,,0,,,-,,-,"ILLINOIS
(40.477092, -88.993221)",
PUERTO RICO,2017,13,,-,0,,0,,,-,,-,,-,0,,0,,,-,,-,"PUERTO RICO
(18.215692, -66.414655)",
GUAM,2017,13,,-,0,,0,,,-,,-,,-,0,,0,,,-,,-,"GUAM
(13.3532, 144.653198)",
NEW HAMPSHIRE,2017,13,,-,0,,1,,2,,1,,,-,0,,0,,,-,,-,"NEW HAMPSHIRE
(43.657736, -71.500736)",
MARYLAND,2017,13,1,,0,,2,,9,,12,,,-,0,,0,,,-,,-,"MARYLAND
(39.290443, -76.612333)",
MISSOURI,2017,13,,-,0,,2,,8,,5,,,-,0,,2,,2,,,-,"MISSOURI
(38.636168, -92.566292)",
WYOMING,2017,13,,-,0,,1,,,-,,-,,-,0,,0,,,-,,-,"WYOMING
(43.23558, -108.110518)",
VIRGINIA,2017,13,1,,0,,2,,6,,9,,,-,0,,0,,,-,,-,"VIRGINIA
(37.542699, -78.45822)",
C.N.M.I.,2017,13,,-,,-,,-,,-,,-,,-,,-,,-,,-,,-,"NORTHERN MARIANA ISLANDS
(15.1834, 145.725693)",
SOUTH CAROLINA,2017,13,,-,0,,4,,5,,4,,,-,0,,0,,,-,,-,"SOUTH CAROLINA
(34.009286, -81.037094)",
VIRGIN ISL.,2017,13,,-,0,,0,,,-,,-,,-,0,,0,,,-,,-,"VIRGIN ISLANDS
(18.060868, -64.840836)",
MINNESOTA,2017,13,,-,0,,0,,,-,,-,,-,0,,0,,,-,,-,"MINNESOTA
(46.357661, -94.793397)",
DIST. OF COL.,2017,13,,-,0,,0,,,-,,-,,-,0,,0,,,-,,-,"DISTRICT OF COLUMBIA
(38.892062, -77.019912)",
NORTH DAKOTA,2017,13,,-,0,,2,,3,,1,,,-,0,,0,,,-,,-,"NORTH DAKOTA
(47.475879, -100.121011)",
MICHIGAN,2017,13,,-,0,,4,,4,,16,,,-,0,,1,,,-,,-,"MICHIGAN
(44.66399, -84.711206)",
NORTH CAROLINA,2017,13,,N,0,,0,,,N,,N,,N,0,,0,,,N,,N,"NORTH CAROLINA
(35.47995, -79.180571)",
ARIZONA,2017,13,,-,1,,3,,8,,20,,,-,0,,0,,,-,,-,"ARIZONA
(34.869712, -111.760902)",
PENNSYLVANIA,2017,13,,-,0,,5,,10,,10,,,-,0,,0,,,-,,-,"PENNSYLVANIA
(40.789676, -77.858055)",
ALASKA,2017,13,,-,0,,1,,1,,3,,,-,0,,0,,,-,,-,"ALASKA
(64.836661, -147.738891)",
UTAH,2017,13,,-,0,,3,,4,,8,,,-,0,,0,,,-,,-,"UTAH
(39.359772, -111.584173)",
UNITED STATES,2017,14,8,,20,,38,,288,,367,,,-,0,,2,,4,,,-,,
NEW ENGLAND,2017,14,,-,1,,4,,9,,24,,,-,0,,0,,,-,,-,,
MID. ATLANTIC,2017,14,,-,2,,9,,31,,35,,,-,0,,0,,,-,,-,,
NEW YORK CITY,2017,14,,-,0,,2,,8,,7,,,-,0,,0,,,-,,-,,
E.N. CENTRAL,2017,14,1,,2,,7,,51,,55,,,-,0,,1,,1,,,-,,
W.N. CENTRAL,2017,14,1,,1,,4,,20,,17,,,-,0,,2,,2,,,-,,
S. ATLANTIC,2017,14,4,,5,,10,,70,,77,,,-,0,,0,,,-,,-,,
E.S. CENTRAL,2017,14,,-,2,,8,,26,,35,,,-,0,,1,,,-,,-,,
W.S. CENTRAL,2017,14,1,,4,,16,,46,,68,,,-,0,,1,,1,,,-,,
MOUNTAIN,2017,14,1,,2,,6,,33,,53,,,-,0,,1,,,-,,-,,
PACIFIC,2017,14,,-,0,,1,,2,,3,,,-,0,,0,,,-,,-,,
AMER. SAMOA,2017,14,,-,0,,0,,,-,,-,,-,0,,0,,,-,,-,,
KENTUCKY,2017,14,,-,0,,2,,6,,2,,,-,0,,1,,,-,,-,"KENTUCKY
(37.64591, -84.774043)",
MONTANA,2017,14,,-,0,,1,,2,,2,,,-,0,,0,,,-,,-,"MONTANA
(47.062617, -109.430168)",
INDIANA,2017,14,,-,0,,3,,11,,5,,,-,0,,0,,,-,,-,"INDIANA
(39.76845, -86.156212)",
TEXAS,2017,14,,-,2,,16,,30,,44,,,-,0,,1,,1,,,-,"TEXAS
(31.827233, -99.423022)",
DIST. OF COL.,2017,14,,-,0,,0,,,-,,-,,-,0,,0,,,-,,-,"DISTRICT OF COLUMBIA
(38.892062, -77.019912)",
CONNECTICUT,2017,14,,-,0,,2,,,-,5,,,-,0,,0,,,-,,-,"CONNECTICUT
(41.544654, -72.651713)",
WISCONSIN,2017,14,1,,0,,2,,12,,9,,,-,0,,0,,,-,,-,"WISCONSIN
(44.395526, -89.834513)",
NEW JERSEY,2017,14,,-,0,,1,,1,,,-,,-,0,,0,,,-,,-,"NEW JERSEY
(40.104655, -74.386686)",
ARKANSAS,2017,14,,-,0,,2,,5,,9,,,-,0,,0,,,-,,-,"ARKANSAS
(34.748745, -92.275105)",
ALASKA,2017,14,,-,0,,1,,1,,3,,,-,0,,0,,,-,,-,"ALASKA
(64.836661, -147.738891)",
C.N.M.I.,2017,14,,-,,-,,-,,-,,-,,-,,-,,-,,-,,-,"NORTHERN MARIANA ISLANDS
(15.1834, 145.725693)",
NEW YORK,2017,14,,-,1,,7,,12,,18,,,-,0,,0,,,-,,-,"NEW YORK
(42.826892, -75.544286)",
MICHIGAN,2017,14,,-,0,,4,,4,,16,,,-,0,,1,,,-,,-,"MICHIGAN
(44.66399, -84.711206)",
MISSOURI,2017,14,1,,0,,2,,9,,5,,,-,0,,2,,2,,,-,"MISSOURI
(38.636168, -92.566292)",
FLORIDA,2017,14,3,,1,,5,,26,,20,,,-,0,,0,,,-,,-,"FLORIDA
(28.915325, -81.922409)",
SOUTH CAROLINA,2017,14,,-,0,,4,,9,,4,,,-,0,,0,,,-,,-,"SOUTH CAROLINA
(34.009286, -81.037094)",
NORTH CAROLINA,2017,14,,N,0,,0,,,N,,N,,N,0,,0,,,N,,N,"NORTH CAROLINA
(35.47995, -79.180571)",
NORTH DAKOTA,2017,14,,-,0,,2,,3,,1,,,-,0,,0,,,-,,-,"NORTH DAKOTA
(47.475879, -100.121011)",
IOWA,2017,14,,N,0,,0,,,N,,N,,N,0,,0,,,N,,N,"IOWA
(42.46942, -93.815856)",
WEST VIRGINIA,2017,14,,-,0,,2,,4,,5,,,-,0,,0,,,-,,-,"WEST VIRGINIA
(38.668501, -80.709421)",
VIRGIN ISL.,2017,14,,-,0,,0,,,-,,-,,-,0,,0,,,-,,-,"VIRGIN ISLANDS
(18.060868, -64.840836)",
OHIO,2017,14,,-,1,,4,,24,,25,,,-,0,,1,,1,,,-,"OHIO
(40.056807, -82.405897)",
VERMONT,2017,14,,-,0,,1,,,-,2,,,-,0,,0,,,-,,-,"VERMONT
(43.622479, -72.51927)",
WYOMING,2017,14,,-,0,,1,,,-,,-,,-,0,,0,,,-,,-,"WYOMING
(43.23558, -108.110518)",
RHODE ISLAND,2017,14,,-,0,,1,,1,,1,,,-,0,,0,,,-,,-,"RHODE ISLAND
(41.707447, -71.522488)",
GEORGIA,2017,14,,-,1,,5,,15,,26,,,-,0,,0,,,-,,-,"GEORGIA
(32.836038, -83.631709)",
KANSAS,2017,14,,-,0,,2,,6,,4,,,-,0,,0,,,-,,-,"KANSAS
(38.345528, -98.201847)",
MISSISSIPPI,2017,14,,-,0,,2,,3,,7,,,-,0,,0,,,-,,-,"MISSISSIPPI
(32.738663, -89.537312)",
NEW HAMPSHIRE,2017,14,,-,0,,1,,2,,1,,,-,0,,0,,,-,,-,"NEW HAMPSHIRE
(43.657736, -71.500736)",
CALIFORNIA,2017,14,,N,0,,0,,,N,,N,,N,0,,0,,,N,,N,"CALIFORNIA
(37.640735, -121.002435)",
GUAM,2017,14,,-,0,,0,,,-,,-,,-,0,,0,,,-,,-,"GUAM
(13.3532, 144.653198)",
MASSACHUSETTS,2017,14,,-,0,,2,,5,,11,,,-,0,,0,,,-,,-,"MASSACHUSETTS
(42.268546, -72.085064)",
HAWAII,2017,14,,-,0,,1,,1,,,-,,-,0,,0,,,-,,-,"HAWAII
(21.30992, -157.858158)",
SOUTH DAKOTA,2017,14,,N,0,,0,,,N,,N,,N,0,,0,,,N,,N,"SOUTH DAKOTA
(44.35371, -100.373709)",
NEW MEXICO,2017,14,,-,0,,2,,2,,6,,,-,0,,0,,,-,,-,"NEW MEXICO
(34.520396, -106.244402)",
MINNESOTA,2017,14,,-,0,,0,,,-,,-,,-,0,,0,,,-,,-,"MINNESOTA
(46.357661, -94.793397)",
WASHINGTON,2017,14,,N,0,,0,,,N,,N,,N,0,,0,,,N,,N,"WASHINGTON
(47.517368, -120.467672)",
ILLINOIS,2017,14,,-,0,,0,,,-,,-,,-,0,,0,,,-,,-,"ILLINOIS
(40.477092, -88.993221)",
NEBRASKA,2017,14,,-,0,,2,,2,,7,,,-,0,,0,,,-,,-,"NEBRASKA
(41.640503, -99.367122)",
PUERTO RICO,2017,14,,-,0,,0,,,-,,-,,-,0,,0,,,-,,-,"PUERTO RICO
(18.215692, -66.414655)",
UTAH,2017,14,,-,0,,3,,6,,9,,,-,0,,0,,,-,,-,"UTAH
(39.359772, -111.584173)",
OREGON,2017,14,,N,0,,0,,,N,,N,,N,0,,0,,,N,,N,"OREGON
(44.567912, -120.156945)",
DELAWARE,2017,14,,-,0,,0,,,-,,-,,-,0,,0,,,-,,-,"DELAWARE
(39.008676, -75.574561)",
NEVADA,2017,14,,-,0,,1,,2,,6,,,-,0,,0,,,-,,-,"NEVADA
(39.491833, -117.070159)",
MAINE,2017,14,,-,0,,2,,1,,4,,,-,0,,0,,,-,,-,"MAINE
(45.252223, -68.986647)",
OKLAHOMA,2017,14,1,,0,,3,,5,,5,,,-,0,,0,,,-,,-,"OKLAHOMA
(35.468494, -97.521264)",
MARYLAND,2017,14,1,,0,,2,,10,,13,,,-,0,,0,,,-,,-,"MARYLAND
(39.290443, -76.612333)",
TENNESSEE,2017,14,,-,0,,7,,10,,16,,,-,0,,0,,,-,,-,"TENNESSEE
(35.681402, -85.774444)",
ALABAMA,2017,14,,-,0,,2,,7,,10,,,-,0,,0,,,-,,-,"ALABAMA
(32.839182, -86.631125)",
VIRGINIA,2017,14,,-,0,,2,,6,,9,,,-,0,,0,,,-,,-,"VIRGINIA
(37.542699, -78.45822)",
IDAHO,2017,14,,-,0,,1,,4,,2,,,-,0,,1,,,-,,-,"IDAHO
(43.680635, -114.364237)",
PENNSYLVANIA,2017,14,,-,0,,5,,10,,10,,,-,0,,0,,,-,,-,"PENNSYLVANIA
(40.789676, -77.858055)",
ARIZONA,2017,14,1,,1,,3,,9,,22,,,-,0,,0,,,-,,-,"ARIZONA
(34.869712, -111.760902)",
LOUISIANA,2017,14,,-,0,,2,,6,,10,,,-,0,,0,,,-,,-,"LOUISIANA
(31.2931, -92.463284)",
COLORADO,2017,14,,-,0,,2,,8,,6,,,-,0,,0,,,-,,-,"COLORADO
(38.841772, -106.132562)",
UNITED STATES,2017,15,9,,20,,39,,306,,387,,,-,0,,2,,4,,,-,,
NEW ENGLAND,2017,15,,-,1,,4,,10,,28,,,-,0,,0,,,-,,-,,
MID. ATLANTIC,2017,15,,-,2,,9,,34,,36,,,-,0,,0,,,-,,-,,
NEW YORK CITY,2017,15,,-,1,,2,,9,,8,,,-,0,,0,,,-,,-,,
E.N. CENTRAL,2017,15,5,,2,,7,,57,,56,,,-,0,,1,,1,,,-,,
W.N. CENTRAL,2017,15,,-,1,,4,,20,,19,,,-,0,,2,,2,,,-,,
S. ATLANTIC,2017,15,,-,5,,10,,71,,80,,,-,0,,0,,,-,,-,,
E.S. CENTRAL,2017,15,1,,2,,8,,28,,37,,,-,0,,1,,,-,,-,,
W.S. CENTRAL,2017,15,1,,4,,16,,48,,72,,,-,0,,1,,1,,,-,,
MOUNTAIN,2017,15,2,,2,,6,,35,,56,,,-,0,,1,,,-,,-,,
PACIFIC,2017,15,,-,0,,1,,3,,3,,,-,0,,0,,,-,,-,,
AMER. SAMOA,2017,15,,-,0,,0,,,-,,-,,-,0,,0,,,-,,-,,
WYOMING,2017,15,,-,0,,1,,,-,,-,,-,0,,0,,,-,,-,"WYOMING
(43.23558, -108.110518)",
NEBRASKA,2017,15,,-,0,,2,,2,,7,,,-,0,,0,,,-,,-,"NEBRASKA
(41.640503, -99.367122)",
TENNESSEE,2017,15,1,,0,,7,,11,,16,,,-,0,,0,,,-,,-,"TENNESSEE
(35.681402, -85.774444)",
RHODE ISLAND,2017,15,,-,0,,1,,1,,1,,,-,0,,0,,,-,,-,"RHODE ISLAND
(41.707447, -71.522488)",
MARYLAND,2017,15,,-,0,,2,,10,,13,,,-,0,,0,,,-,,-,"MARYLAND
(39.290443, -76.612333)",
PUERTO RICO,2017,15,,-,0,,0,,,-,,-,,-,0,,0,,,-,,-,"PUERTO RICO
(18.215692, -66.414655)",
GUAM,2017,15,,-,0,,0,,,-,,-,,-,0,,0,,,-,,-,"GUAM
(13.3532, 144.653198)",
UTAH,2017,15,,-,0,,3,,6,,10,,,-,0,,0,,,-,,-,"UTAH
(39.359772, -111.584173)",
GEORGIA,2017,15,,-,1,,5,,15,,27,,,-,0,,0,,,-,,-,"GEORGIA
(32.836038, -83.631709)",
FLORIDA,2017,15,,-,1,,5,,26,,22,,,-,0,,0,,,-,,-,"FLORIDA
(28.915325, -81.922409)",
HAWAII,2017,15,,-,0,,1,,2,,,-,,-,0,,0,,,-,,-,"HAWAII
(21.30992, -157.858158)",
DIST. OF COL.,2017,15,,-,0,,0,,,-,,-,,-,0,,0,,,-,,-,"DISTRICT OF COLUMBIA
(38.892062, -77.019912)",
MINNESOTA,2017,15,,-,0,,0,,,-,,-,,-,0,,0,,,-,,-,"MINNESOTA
(46.357661, -94.793397)",
IOWA,2017,15,,N,0,,0,,,N,,N,,N,0,,0,,,N,,N,"IOWA
(42.46942, -93.815856)",
C.N.M.I.,2017,15,,-,,-,,-,,-,,-,,-,,-,,-,,-,,-,"NORTHERN MARIANA ISLANDS
(15.1834, 145.725693)",
CONNECTICUT,2017,15,,-,0,,2,,1,,6,,,-,0,,0,,,-,,-,"CONNECTICUT
(41.544654, -72.651713)",
MISSISSIPPI,2017,15,,-,0,,2,,4,,8,,,-,0,,0,,,-,,-,"MISSISSIPPI
(32.738663, -89.537312)",
TEXAS,2017,15,1,,2,,16,,32,,46,,,-,0,,1,,1,,,-,"TEXAS
(31.827233, -99.423022)",
MAINE,2017,15,,-,0,,2,,1,,6,,,-,0,,0,,,-,,-,"MAINE
(45.252223, -68.986647)",
MICHIGAN,2017,15,,-,0,,4,,4,,16,,,-,0,,1,,,-,,-,"MICHIGAN
(44.66399, -84.711206)",
NORTH CAROLINA,2017,15,,N,0,,0,,,N,,N,,N,0,,0,,,N,,N,"NORTH CAROLINA
(35.47995, -79.180571)",
INDIANA,2017,15,,-,0,,3,,12,,5,,,-,0,,0,,,-,,-,"INDIANA
(39.76845, -86.156212)",
NORTH DAKOTA,2017,15,,-,0,,2,,3,,1,,,-,0,,0,,,-,,-,"NORTH DAKOTA
(47.475879, -100.121011)",
DELAWARE,2017,15,,-,0,,0,,,-,,-,,-,0,,0,,,-,,-,"DELAWARE
(39.008676, -75.574561)",
SOUTH DAKOTA,2017,15,,N,0,,0,,,N,,N,,N,0,,0,,,N,,N,"SOUTH DAKOTA
(44.35371, -100.373709)",
KENTUCKY,2017,15,,-,0,,2,,6,,2,,,-,0,,1,,,-,,-,"KENTUCKY
(37.64591, -84.774043)",
VIRGIN ISL.,2017,15,,-,0,,0,,,-,,-,,-,0,,0,,,-,,-,"VIRGIN ISLANDS
(18.060868, -64.840836)",
CALIFORNIA,2017,15,,N,0,,0,,,N,,N,,N,0,,0,,,N,,N,"CALIFORNIA
(37.640735, -121.002435)",
KANSAS,2017,15,,-,0,,2,,6,,6,,,-,0,,0,,,-,,-,"KANSAS
(38.345528, -98.201847)",
NEW HAMPSHIRE,2017,15,,-,0,,1,,2,,1,,,-,0,,0,,,-,,-,"NEW HAMPSHIRE
(43.657736, -71.500736)",
ARIZONA,2017,15,1,,1,,3,,10,,23,,,-,0,,0,,,-,,-,"ARIZONA
(34.869712, -111.760902)",
NEW YORK,2017,15,,-,1,,7,,12,,18,,,-,0,,0,,,-,,-,"NEW YORK
(42.826892, -75.544286)",
NEW JERSEY,2017,15,,-,0,,1,,1,,,-,,-,0,,0,,,-,,-,"NEW JERSEY
(40.104655, -74.386686)",
VIRGINIA,2017,15,,-,0,,2,,6,,9,,,-,0,,0,,,-,,-,"VIRGINIA
(37.542699, -78.45822)",
PENNSYLVANIA,2017,15,,-,0,,5,,12,,10,,,-,0,,0,,,-,,-,"PENNSYLVANIA
(40.789676, -77.858055)",
ALASKA,2017,15,,-,0,,1,,1,,3,,,-,0,,0,,,-,,-,"ALASKA
(64.836661, -147.738891)",
OREGON,2017,15,,N,0,,0,,,N,,N,,N,0,,0,,,N,,N,"OREGON
(44.567912, -120.156945)",
SOUTH CAROLINA,2017,15,,-,0,,4,,10,,4,,,-,0,,0,,,-,,-,"SOUTH CAROLINA
(34.009286, -81.037094)",
MISSOURI,2017,15,,-,0,,2,,9,,5,,,-,0,,2,,2,,,-,"MISSOURI
(38.636168, -92.566292)",
VERMONT,2017,15,,-,0,,1,,,-,2,,,-,0,,0,,,-,,-,"VERMONT
(43.622479, -72.51927)",
IDAHO,2017,15,,-,0,,1,,4,,3,,,-,0,,1,,,-,,-,"IDAHO
(43.680635, -114.364237)",
MONTANA,2017,15,,-,0,,1,,2,,2,,,-,0,,0,,,-,,-,"MONTANA
(47.062617, -109.430168)",
OHIO,2017,15,5,,1,,4,,29,,26,,,-,0,,1,,1,,,-,"OHIO
(40.056807, -82.405897)",
MASSACHUSETTS,2017,15,,-,0,,2,,5,,12,,,-,0,,0,,,-,,-,"MASSACHUSETTS
(42.268546, -72.085064)",
NEVADA,2017,15,,-,0,,1,,2,,6,,,-,0,,0,,,-,,-,"NEVADA
(39.491833, -117.070159)",
WASHINGTON,2017,15,,N,0,,0,,,N,,N,,N,0,,0,,,N,,N,"WASHINGTON
(47.517368, -120.467672)",
LOUISIANA,2017,15,,-,0,,2,,6,,12,,,-,0,,0,,,-,,-,"LOUISIANA
(31.2931, -92.463284)",
WISCONSIN,2017,15,,-,0,,2,,12,,9,,,-,0,,0,,,-,,-,"WISCONSIN
(44.395526, -89.834513)",
ALABAMA,2017,15,,-,0,,2,,7,,11,,,-,0,,0,,,-,,-,"ALABAMA
(32.839182, -86.631125)",
OKLAHOMA,2017,15,,-,0,,3,,5,,5,,,-,0,,0,,,-,,-,"OKLAHOMA
(35.468494, -97.521264)",
NEW MEXICO,2017,15,,-,0,,2,,2,,6,,,-,0,,0,,,-,,-,"NEW MEXICO
(34.520396, -106.244402)",
ARKANSAS,2017,15,,-,0,,2,,5,,9,,,-,0,,0,,,-,,-,"ARKANSAS
(34.748745, -92.275105)",
COLORADO,2017,15,1,,0,,2,,9,,6,,,-,0,,0,,,-,,-,"COLORADO
(38.841772, -106.132562)",
WEST VIRGINIA,2017,15,,-,0,,2,,4,,5,,,-,0,,0,,,-,,-,"WEST VIRGINIA
(38.668501, -80.709421)",
ILLINOIS,2017,15,,-,0,,0,,,-,,-,,-,0,,0,,,-,,-,"ILLINOIS
(40.477092, -88.993221)",
