Reporting Area,MMWR Year,MMWR Week,"Invasive Pneumococcal Disease§, All ages, Confirmed, Current week","Invasive Pneumococcal Disease§, All ages, Confirmed, Current week, flag","Invasive Pneumococcal Disease§, All ages, Confirmed, Previous 52 weeks Med","Invasive Pneumococcal Disease§, All ages, Confirmed, Previous 52 weeks Med, flag","Invasive Pneumococcal Disease§, All ages, Confirmed, Previous 52 weeks Max","Invasive Pneumococcal Disease§, All ages, Confirmed, Previous 52 weeks Max, flag","Invasive Pneumococcal Disease§, All ages, Confirmed, Cum 2017","Invasive Pneumococcal Disease§, All ages, Confirmed, Cum 2017, flag","Invasive Pneumococcal Disease§, All ages, Confirmed, Cum 2016","Invasive Pneumococcal Disease§, All ages, Confirmed, Cum 2016, flag","Invasive Pneumococcal Disease§, All ages, Probable, Current week","Invasive Pneumococcal Disease§, All ages, Probable, Current week, flag","Invasive Pneumococcal Disease§, All ages, Probable, Previous 52 weeks Med","Invasive Pneumococcal Disease§, All ages, Probable, Previous 52 weeks Med, flag","Invasive Pneumococcal Disease§, All ages, Probable, Previous 52 weeks Max","Invasive Pneumococcal Disease§, All ages, Probable, Previous 52 weeks Max, flag","Invasive Pneumococcal Disease§, All ages, Probable, Cum 2017","Invasive Pneumococcal Disease§, All ages, Probable, Cum 2017, flag","Invasive Pneumococcal Disease§, All ages, Probable, Cum 2016","Invasive Pneumococcal Disease§, All ages, Probable, Cum 2016, flag",Location 1,Location 2
UNITED STATES,2017,1,264,,270,,488,,264,,487,,,-,0,,2,,,-,2,,,
NEW ENGLAND,2017,1,5,,20,,39,,5,,31,,,-,0,,0,,,-,,-,,
MID. ATLANTIC,2017,1,50,,41,,79,,50,,45,,,-,0,,0,,,-,,-,,
NEW YORK CITY,2017,1,21,,13,,23,,21,,17,,,-,0,,0,,,-,,-,,
E.N. CENTRAL,2017,1,57,,48,,126,,57,,126,,,-,0,,1,,,-,,-,,
W.N. CENTRAL,2017,1,10,,15,,32,,10,,24,,,-,0,,1,,,-,1,,,
S. ATLANTIC,2017,1,55,,51,,123,,55,,106,,,-,0,,1,,,-,,-,,
E.S. CENTRAL,2017,1,35,,34,,71,,35,,71,,,-,0,,1,,,-,,-,,
W.S. CENTRAL,2017,1,8,,37,,97,,8,,22,,,-,0,,1,,,-,,-,,
MOUNTAIN,2017,1,43,,23,,66,,43,,57,,,-,0,,1,,,-,1,,,
PACIFIC,2017,1,1,,4,,10,,1,,5,,,-,0,,0,,,-,,-,,
AMER. SAMOA,2017,1,,N,0,,0,,,N,,N,,N,0,,0,,,N,,N,,
MISSISSIPPI,2017,1,,-,5,,13,,,-,13,,,-,0,,0,,,-,,-,"MISSISSIPPI
(32.738663, -89.537312)",
WEST VIRGINIA,2017,1,,-,4,,17,,,-,4,,,-,0,,1,,,-,,-,"WEST VIRGINIA
(38.668501, -80.709421)",
DELAWARE,2017,1,4,,1,,5,,4,,5,,,-,0,,0,,,-,,-,"DELAWARE
(39.008676, -75.574561)",
NEW YORK,2017,1,19,,16,,33,,19,,10,,,-,0,,0,,,-,,-,"NEW YORK
(42.826892, -75.544286)",
OHIO,2017,1,43,,17,,40,,43,,40,,,-,0,,0,,,-,,-,"OHIO
(40.056807, -82.405897)",
NORTH DAKOTA,2017,1,,-,1,,5,,,-,,-,,-,0,,0,,,-,,-,"NORTH DAKOTA
(47.475879, -100.121011)",
VERMONT,2017,1,,-,1,,10,,,-,1,,,-,0,,0,,,-,,-,"VERMONT
(43.622479, -72.51927)",
ARKANSAS,2017,1,2,,4,,16,,2,,2,,,-,0,,1,,,-,,-,"ARKANSAS
(34.748745, -92.275105)",
DIST. OF COL.,2017,1,,-,1,,4,,,-,,-,,-,0,,0,,,-,,-,"DISTRICT OF COLUMBIA
(38.892062, -77.019912)",
PENNSYLVANIA,2017,1,10,,9,,24,,10,,17,,,-,0,,0,,,-,,-,"PENNSYLVANIA
(40.789676, -77.858055)",
CALIFORNIA,2017,1,,N,0,,0,,,N,,N,,N,0,,0,,,N,,N,"CALIFORNIA
(37.640735, -121.002435)",
UTAH,2017,1,,-,4,,10,,,-,4,,,-,0,,0,,,-,,-,"UTAH
(39.359772, -111.584173)",
HAWAII,2017,1,,-,2,,5,,,-,1,,,-,0,,0,,,-,,-,"HAWAII
(21.30992, -157.858158)",
MICHIGAN,2017,1,2,,14,,46,,2,,46,,,-,0,,1,,,-,,-,"MICHIGAN
(44.66399, -84.711206)",
PUERTO RICO,2017,1,,-,0,,0,,,-,,-,,-,0,,0,,,-,,-,"PUERTO RICO
(18.215692, -66.414655)",
WYOMING,2017,1,,-,0,,3,,,-,2,,,-,0,,0,,,-,,-,"WYOMING
(43.23558, -108.110518)",
ILLINOIS,2017,1,,N,0,,0,,,N,,N,,N,0,,0,,,N,,N,"ILLINOIS
(40.477092, -88.993221)",
MONTANA,2017,1,,-,1,,6,,,-,4,,,-,0,,1,,,-,1,,"MONTANA
(47.062617, -109.430168)",
COLORADO,2017,1,14,,0,,0,,14,,,-,,-,0,,0,,,-,,-,"COLORADO
(38.841772, -106.132562)",
NEW JERSEY,2017,1,,-,0,,1,,,-,1,,,-,0,,0,,,-,,-,"NEW JERSEY
(40.104655, -74.386686)",
CONNECTICUT,2017,1,,-,4,,9,,,-,6,,,-,0,,0,,,-,,-,"CONNECTICUT
(41.544654, -72.651713)",
NEBRASKA,2017,1,5,,3,,8,,5,,7,,,-,0,,1,,,-,1,,"NEBRASKA
(41.640503, -99.367122)",
FLORIDA,2017,1,26,,10,,59,,26,,29,,,-,0,,0,,,-,,-,"FLORIDA
(28.915325, -81.922409)",
WISCONSIN,2017,1,11,,6,,22,,11,,22,,,-,0,,0,,,-,,-,"WISCONSIN
(44.395526, -89.834513)",
NEW HAMPSHIRE,2017,1,2,,2,,6,,2,,6,,,-,0,,0,,,-,,-,"NEW HAMPSHIRE
(43.657736, -71.500736)",
MISSOURI,2017,1,,-,4,,11,,,-,9,,,-,0,,1,,,-,,-,"MISSOURI
(38.636168, -92.566292)",
MAINE,2017,1,3,,2,,9,,3,,4,,,-,0,,0,,,-,,-,"MAINE
(45.252223, -68.986647)",
SOUTH CAROLINA,2017,1,20,,7,,36,,20,,16,,,-,0,,0,,,-,,-,"SOUTH CAROLINA
(34.009286, -81.037094)",
VIRGINIA,2017,1,,-,0,,2,,,-,,-,,-,0,,0,,,-,,-,"VIRGINIA
(37.542699, -78.45822)",
TENNESSEE,2017,1,18,,17,,35,,18,,32,,,-,0,,1,,,-,,-,"TENNESSEE
(35.681402, -85.774444)",
LOUISIANA,2017,1,2,,4,,16,,2,,3,,,-,0,,1,,,-,,-,"LOUISIANA
(31.2931, -92.463284)",
OREGON,2017,1,,N,0,,0,,,N,,N,,N,0,,0,,,N,,N,"OREGON
(44.567912, -120.156945)",
ALABAMA,2017,1,6,,6,,25,,6,,16,,,-,0,,1,,,-,,-,"ALABAMA
(32.839182, -86.631125)",
MASSACHUSETTS,2017,1,,-,10,,20,,,-,14,,,-,0,,0,,,-,,-,"MASSACHUSETTS
(42.268546, -72.085064)",
NORTH CAROLINA,2017,1,,N,0,,0,,,N,,N,,N,0,,0,,,N,,N,"NORTH CAROLINA
(35.47995, -79.180571)",
C.N.M.I.,2017,1,,-,,-,,-,,-,,-,,-,,-,,-,,-,,-,"NORTHERN MARIANA ISLANDS
(15.1834, 145.725693)",
IDAHO,2017,1,,N,0,,0,,,N,,N,,N,0,,0,,,N,,N,"IDAHO
(43.680635, -114.364237)",
GEORGIA,2017,1,3,,17,,38,,3,,35,,,-,0,,0,,,-,,-,"GEORGIA
(32.836038, -83.631709)",
RHODE ISLAND,2017,1,,-,0,,7,,,-,,-,,-,0,,0,,,-,,-,"RHODE ISLAND
(41.707447, -71.522488)",
ALASKA,2017,1,1,,2,,8,,1,,4,,,-,0,,0,,,-,,-,"ALASKA
(64.836661, -147.738891)",
NEVADA,2017,1,,-,3,,10,,,-,10,,,-,0,,0,,,-,,-,"NEVADA
(39.491833, -117.070159)",
NEW MEXICO,2017,1,2,,5,,15,,2,,8,,,-,0,,0,,,-,,-,"NEW MEXICO
(34.520396, -106.244402)",
ARIZONA,2017,1,27,,11,,37,,27,,29,,,-,0,,0,,,-,,-,"ARIZONA
(34.869712, -111.760902)",
KENTUCKY,2017,1,11,,4,,11,,11,,10,,,-,0,,1,,,-,,-,"KENTUCKY
(37.64591, -84.774043)",
WASHINGTON,2017,1,,N,0,,0,,,N,,N,,N,0,,0,,,N,,N,"WASHINGTON
(47.517368, -120.467672)",
INDIANA,2017,1,1,,10,,30,,1,,18,,,-,0,,0,,,-,,-,"INDIANA
(39.76845, -86.156212)",
GUAM,2017,1,,-,0,,0,,,-,,-,,-,0,,0,,,-,,-,"GUAM
(13.3532, 144.653198)",
KANSAS,2017,1,,-,4,,9,,,-,4,,,-,0,,0,,,-,,-,"KANSAS
(38.345528, -98.201847)",
IOWA,2017,1,,N,0,,0,,,N,,N,,N,0,,0,,,N,,N,"IOWA
(42.46942, -93.815856)",
MINNESOTA,2017,1,,-,0,,0,,,-,,-,,-,0,,0,,,-,,-,"MINNESOTA
(46.357661, -94.793397)",
MARYLAND,2017,1,2,,8,,22,,2,,17,,,-,0,,1,,,-,,-,"MARYLAND
(39.290443, -76.612333)",
TEXAS,2017,1,4,,28,,76,,4,,17,,,-,0,,0,,,-,,-,"TEXAS
(31.827233, -99.423022)",
OKLAHOMA,2017,1,,N,0,,0,,,N,,N,,N,0,,0,,,N,,N,"OKLAHOMA
(35.468494, -97.521264)",
SOUTH DAKOTA,2017,1,5,,2,,9,,5,,4,,,-,0,,0,,,-,,-,"SOUTH DAKOTA
(44.35371, -100.373709)",
VIRGIN ISL.,2017,1,,-,0,,0,,,-,,-,,-,0,,0,,,-,,-,"VIRGIN ISLANDS
(18.060868, -64.840836)",
UNITED STATES,2017,2,259,,292,,507,,596,,889,,,-,0,,2,,2,,3,,,
NEW ENGLAND,2017,2,5,,20,,39,,12,,62,,,-,0,,0,,,-,,-,,
MID. ATLANTIC,2017,2,34,,41,,79,,85,,99,,,-,0,,1,,1,,,-,,
NEW YORK CITY,2017,2,27,,13,,23,,48,,32,,,-,0,,0,,,-,,-,,
E.N. CENTRAL,2017,2,73,,50,,98,,143,,183,,,-,0,,1,,1,,,-,,
W.N. CENTRAL,2017,2,1,,15,,32,,12,,42,,,-,0,,1,,,-,1,,,
S. ATLANTIC,2017,2,51,,53,,123,,137,,185,,,-,0,,1,,,-,1,,,
E.S. CENTRAL,2017,2,33,,34,,69,,81,,107,,,-,0,,1,,,-,,-,,
W.S. CENTRAL,2017,2,22,,37,,107,,34,,63,,,-,0,,1,,,-,,-,,
MOUNTAIN,2017,2,40,,34,,82,,91,,139,,,-,0,,1,,,-,1,,,
PACIFIC,2017,2,,-,4,,10,,1,,9,,,-,0,,0,,,-,,-,,
AMER. SAMOA,2017,2,,N,0,,0,,,N,,N,,N,0,,0,,,N,,N,,
MONTANA,2017,2,1,,1,,6,,1,,5,,,-,0,,1,,,-,1,,"MONTANA
(47.062617, -109.430168)",
MISSOURI,2017,2,,-,4,,11,,,-,13,,,-,0,,1,,,-,,-,"MISSOURI
(38.636168, -92.566292)",
VIRGIN ISL.,2017,2,,-,0,,0,,,-,,-,,-,0,,0,,,-,,-,"VIRGIN ISLANDS
(18.060868, -64.840836)",
DIST. OF COL.,2017,2,2,,1,,4,,2,,,-,,-,0,,0,,,-,,-,"DISTRICT OF COLUMBIA
(38.892062, -77.019912)",
NEW YORK,2017,2,,-,17,,33,,19,,36,,,-,0,,0,,,-,,-,"NEW YORK
(42.826892, -75.544286)",
ARIZONA,2017,2,19,,11,,37,,46,,59,,,-,0,,0,,,-,,-,"ARIZONA
(34.869712, -111.760902)",
MISSISSIPPI,2017,2,1,,5,,12,,2,,20,,,-,0,,0,,,-,,-,"MISSISSIPPI
(32.738663, -89.537312)",
WYOMING,2017,2,,-,0,,3,,,-,4,,,-,0,,0,,,-,,-,"WYOMING
(43.23558, -108.110518)",
FLORIDA,2017,2,9,,10,,59,,32,,52,,,-,0,,0,,,-,,-,"FLORIDA
(28.915325, -81.922409)",
HAWAII,2017,2,,-,2,,5,,,-,3,,,-,0,,0,,,-,,-,"HAWAII
(21.30992, -157.858158)",
NEW HAMPSHIRE,2017,2,,-,2,,6,,3,,8,,,-,0,,0,,,-,,-,"NEW HAMPSHIRE
(43.657736, -71.500736)",
VERMONT,2017,2,2,,1,,10,,2,,6,,,-,0,,0,,,-,,-,"VERMONT
(43.622479, -72.51927)",
TEXAS,2017,2,15,,28,,82,,20,,50,,,-,0,,0,,,-,,-,"TEXAS
(31.827233, -99.423022)",
ARKANSAS,2017,2,3,,4,,16,,6,,5,,,-,0,,1,,,-,,-,"ARKANSAS
(34.748745, -92.275105)",
IOWA,2017,2,,N,0,,0,,,N,,N,,N,0,,0,,,N,,N,"IOWA
(42.46942, -93.815856)",
NEBRASKA,2017,2,1,,3,,8,,7,,15,,,-,0,,1,,,-,1,,"NEBRASKA
(41.640503, -99.367122)",
OREGON,2017,2,,N,0,,0,,,N,,N,,N,0,,0,,,N,,N,"OREGON
(44.567912, -120.156945)",
C.N.M.I.,2017,2,,-,,-,,-,,-,,-,,-,,-,,-,,-,,-,"NORTHERN MARIANA ISLANDS
(15.1834, 145.725693)",
MICHIGAN,2017,2,2,,14,,29,,12,,63,,,-,0,,1,,1,,,-,"MICHIGAN
(44.66399, -84.711206)",
SOUTH DAKOTA,2017,2,,-,2,,9,,5,,4,,,-,0,,0,,,-,,-,"SOUTH DAKOTA
(44.35371, -100.373709)",
CALIFORNIA,2017,2,,N,0,,0,,,N,,N,,N,0,,0,,,N,,N,"CALIFORNIA
(37.640735, -121.002435)",
RHODE ISLAND,2017,2,,-,1,,7,,,-,,-,,-,0,,0,,,-,,-,"RHODE ISLAND
(41.707447, -71.522488)",
VIRGINIA,2017,2,,-,0,,2,,,-,,-,,-,0,,0,,,-,,-,"VIRGINIA
(37.542699, -78.45822)",
CONNECTICUT,2017,2,,-,4,,9,,1,,13,,,-,0,,0,,,-,,-,"CONNECTICUT
(41.544654, -72.651713)",
SOUTH CAROLINA,2017,2,18,,7,,38,,44,,23,,,-,0,,0,,,-,,-,"SOUTH CAROLINA
(34.009286, -81.037094)",
UTAH,2017,2,2,,4,,10,,4,,12,,,-,0,,0,,,-,,-,"UTAH
(39.359772, -111.584173)",
ALABAMA,2017,2,5,,6,,25,,13,,22,,,-,0,,1,,,-,,-,"ALABAMA
(32.839182, -86.631125)",
DELAWARE,2017,2,,-,1,,4,,4,,7,,,-,0,,0,,,-,,-,"DELAWARE
(39.008676, -75.574561)",
NORTH CAROLINA,2017,2,,N,0,,0,,,N,,N,,N,0,,0,,,N,,N,"NORTH CAROLINA
(35.47995, -79.180571)",
PUERTO RICO,2017,2,,-,0,,0,,,-,,-,,-,0,,0,,,-,,-,"PUERTO RICO
(18.215692, -66.414655)",
MASSACHUSETTS,2017,2,,-,10,,20,,,-,25,,,-,0,,0,,,-,,-,"MASSACHUSETTS
(42.268546, -72.085064)",
COLORADO,2017,2,16,,10,,23,,30,,23,,,-,0,,0,,,-,,-,"COLORADO
(38.841772, -106.132562)",
MARYLAND,2017,2,15,,8,,22,,32,,33,,,-,0,,1,,,-,1,,"MARYLAND
(39.290443, -76.612333)",
IDAHO,2017,2,,N,0,,0,,,N,,N,,N,0,,0,,,N,,N,"IDAHO
(43.680635, -114.364237)",
NORTH DAKOTA,2017,2,,-,1,,5,,,-,,-,,-,0,,0,,,-,,-,"NORTH DAKOTA
(47.475879, -100.121011)",
MAINE,2017,2,3,,2,,9,,6,,10,,,-,0,,0,,,-,,-,"MAINE
(45.252223, -68.986647)",
OKLAHOMA,2017,2,,N,0,,0,,,N,,N,,N,0,,0,,,N,,N,"OKLAHOMA
(35.468494, -97.521264)",
NEW JERSEY,2017,2,,-,0,,1,,,-,1,,,-,0,,0,,,-,,-,"NEW JERSEY
(40.104655, -74.386686)",
NEW MEXICO,2017,2,1,,5,,15,,8,,17,,,-,0,,0,,,-,,-,"NEW MEXICO
(34.520396, -106.244402)",
PENNSYLVANIA,2017,2,7,,9,,24,,18,,30,,,-,0,,1,,1,,,-,"PENNSYLVANIA
(40.789676, -77.858055)",
MINNESOTA,2017,2,,-,0,,0,,,-,,-,,-,0,,0,,,-,,-,"MINNESOTA
(46.357661, -94.793397)",
KENTUCKY,2017,2,4,,4,,11,,15,,17,,,-,0,,1,,,-,,-,"KENTUCKY
(37.64591, -84.774043)",
GEORGIA,2017,2,6,,16,,38,,17,,56,,,-,0,,0,,,-,,-,"GEORGIA
(32.836038, -83.631709)",
GUAM,2017,2,,-,0,,0,,,-,,-,,-,0,,0,,,-,,-,"GUAM
(13.3532, 144.653198)",
WASHINGTON,2017,2,,N,0,,0,,,N,,N,,N,0,,0,,,N,,N,"WASHINGTON
(47.517368, -120.467672)",
LOUISIANA,2017,2,4,,5,,16,,8,,8,,,-,0,,1,,,-,,-,"LOUISIANA
(31.2931, -92.463284)",
NEVADA,2017,2,1,,3,,9,,2,,19,,,-,0,,0,,,-,,-,"NEVADA
(39.491833, -117.070159)",
TENNESSEE,2017,2,23,,17,,37,,51,,48,,,-,0,,1,,,-,,-,"TENNESSEE
(35.681402, -85.774444)",
KANSAS,2017,2,,-,4,,9,,,-,10,,,-,0,,0,,,-,,-,"KANSAS
(38.345528, -98.201847)",
ILLINOIS,2017,2,,N,0,,0,,,N,,N,,N,0,,0,,,N,,N,"ILLINOIS
(40.477092, -88.993221)",
WEST VIRGINIA,2017,2,1,,4,,17,,6,,14,,,-,0,,1,,,-,,-,"WEST VIRGINIA
(38.668501, -80.709421)",
ALASKA,2017,2,,-,2,,8,,1,,6,,,-,0,,0,,,-,,-,"ALASKA
(64.836661, -147.738891)",
INDIANA,2017,2,,-,9,,30,,1,,29,,,-,0,,0,,,-,,-,"INDIANA
(39.76845, -86.156212)",
WISCONSIN,2017,2,17,,6,,18,,33,,28,,,-,0,,0,,,-,,-,"WISCONSIN
(44.395526, -89.834513)",
OHIO,2017,2,54,,18,,43,,97,,63,,,-,0,,0,,,-,,-,"OHIO
(40.056807, -82.405897)",
UNITED STATES,2017,3,183,,296,,508,,925,,1220,,,-,0,,2,,2,,3,,,
NEW ENGLAND,2017,3,1,,20,,39,,58,,81,,,-,0,,0,,,-,,-,,
MID. ATLANTIC,2017,3,49,,41,,80,,144,,148,,,-,0,,1,,1,,,-,,
NEW YORK CITY,2017,3,24,,13,,27,,72,,47,,,-,0,,0,,,-,,-,,
E.N. CENTRAL,2017,3,24,,52,,98,,178,,248,,,-,0,,1,,1,,,-,,
W.N. CENTRAL,2017,3,3,,15,,32,,27,,59,,,-,0,,1,,,-,1,,,
S. ATLANTIC,2017,3,32,,54,,123,,193,,241,,,-,0,,1,,,-,1,,,
E.S. CENTRAL,2017,3,21,,34,,69,,120,,136,,,-,0,,1,,,-,,-,,
W.S. CENTRAL,2017,3,24,,37,,125,,71,,104,,,-,0,,1,,,-,,-,,
MOUNTAIN,2017,3,26,,35,,78,,126,,189,,,-,0,,1,,,-,1,,,
PACIFIC,2017,3,3,,4,,10,,8,,14,,,-,0,,0,,,-,,-,,
AMER. SAMOA,2017,3,,N,0,,0,,,N,,N,,N,0,,0,,,N,,N,,
MINNESOTA,2017,3,,-,0,,0,,,-,,-,,-,0,,0,,,-,,-,"MINNESOTA
(46.357661, -94.793397)",
MONTANA,2017,3,1,,1,,6,,2,,6,,,-,0,,1,,,-,1,,"MONTANA
(47.062617, -109.430168)",
ARIZONA,2017,3,17,,11,,37,,66,,72,,,-,0,,0,,,-,,-,"ARIZONA
(34.869712, -111.760902)",
DIST. OF COL.,2017,3,,-,1,,4,,2,,,-,,-,0,,0,,,-,,-,"DISTRICT OF COLUMBIA
(38.892062, -77.019912)",
NORTH CAROLINA,2017,3,,N,0,,0,,,N,,N,,N,0,,0,,,N,,N,"NORTH CAROLINA
(35.47995, -79.180571)",
SOUTH CAROLINA,2017,3,7,,7,,39,,66,,28,,,-,0,,0,,,-,,-,"SOUTH CAROLINA
(34.009286, -81.037094)",
CALIFORNIA,2017,3,,N,0,,0,,,N,,N,,N,0,,0,,,N,,N,"CALIFORNIA
(37.640735, -121.002435)",
OREGON,2017,3,,N,0,,0,,,N,,N,,N,0,,0,,,N,,N,"OREGON
(44.567912, -120.156945)",
LOUISIANA,2017,3,9,,5,,16,,18,,15,,,-,0,,1,,,-,,-,"LOUISIANA
(31.2931, -92.463284)",
KANSAS,2017,3,,-,4,,9,,7,,16,,,-,0,,0,,,-,,-,"KANSAS
(38.345528, -98.201847)",
IOWA,2017,3,,N,0,,0,,,N,,N,,N,0,,0,,,N,,N,"IOWA
(42.46942, -93.815856)",
NEW MEXICO,2017,3,,-,4,,15,,12,,19,,,-,0,,0,,,-,,-,"NEW MEXICO
(34.520396, -106.244402)",
C.N.M.I.,2017,3,,-,,-,,-,,-,,-,,-,,-,,-,,-,,-,"NORTHERN MARIANA ISLANDS
(15.1834, 145.725693)",
VERMONT,2017,3,,-,1,,10,,3,,7,,,-,0,,0,,,-,,-,"VERMONT
(43.622479, -72.51927)",
IDAHO,2017,3,,N,0,,0,,,N,,N,,N,0,,0,,,N,,N,"IDAHO
(43.680635, -114.364237)",
NEVADA,2017,3,,-,3,,9,,4,,27,,,-,0,,0,,,-,,-,"NEVADA
(39.491833, -117.070159)",
GEORGIA,2017,3,5,,15,,38,,28,,77,,,-,0,,0,,,-,,-,"GEORGIA
(32.836038, -83.631709)",
HAWAII,2017,3,1,,1,,5,,3,,4,,,-,0,,0,,,-,,-,"HAWAII
(21.30992, -157.858158)",
ILLINOIS,2017,3,,N,0,,0,,,N,,N,,N,0,,0,,,N,,N,"ILLINOIS
(40.477092, -88.993221)",
WASHINGTON,2017,3,,N,0,,0,,,N,,N,,N,0,,0,,,N,,N,"WASHINGTON
(47.517368, -120.467672)",
NEBRASKA,2017,3,2,,3,,8,,9,,21,,,-,0,,1,,,-,1,,"NEBRASKA
(41.640503, -99.367122)",
VIRGIN ISL.,2017,3,,-,0,,0,,,-,,-,,-,0,,0,,,-,,-,"VIRGIN ISLANDS
(18.060868, -64.840836)",
KENTUCKY,2017,3,4,,4,,11,,19,,19,,,-,0,,1,,,-,,-,"KENTUCKY
(37.64591, -84.774043)",
ALASKA,2017,3,2,,2,,8,,5,,10,,,-,0,,0,,,-,,-,"ALASKA
(64.836661, -147.738891)",
WISCONSIN,2017,3,7,,6,,19,,45,,34,,,-,0,,0,,,-,,-,"WISCONSIN
(44.395526, -89.834513)",
PUERTO RICO,2017,3,,-,0,,0,,,-,,-,,-,0,,0,,,-,,-,"PUERTO RICO
(18.215692, -66.414655)",
ARKANSAS,2017,3,2,,4,,17,,10,,8,,,-,0,,1,,,-,,-,"ARKANSAS
(34.748745, -92.275105)",
GUAM,2017,3,,-,0,,0,,,-,,-,,-,0,,0,,,-,,-,"GUAM
(13.3532, 144.653198)",
WEST VIRGINIA,2017,3,,-,4,,17,,7,,19,,,-,0,,1,,,-,,-,"WEST VIRGINIA
(38.668501, -80.709421)",
OHIO,2017,3,17,,18,,54,,114,,96,,,-,0,,0,,,-,,-,"OHIO
(40.056807, -82.405897)",
MISSISSIPPI,2017,3,,-,5,,12,,5,,25,,,-,0,,0,,,-,,-,"MISSISSIPPI
(32.738663, -89.537312)",
MICHIGAN,2017,3,,-,13,,29,,12,,79,,,-,0,,1,,1,,,-,"MICHIGAN
(44.66399, -84.711206)",
WYOMING,2017,3,,-,0,,3,,,-,5,,,-,0,,0,,,-,,-,"WYOMING
(43.23558, -108.110518)",
NEW YORK,2017,3,16,,17,,42,,39,,55,,,-,0,,0,,,-,,-,"NEW YORK
(42.826892, -75.544286)",
DELAWARE,2017,3,1,,1,,5,,6,,9,,,-,0,,0,,,-,,-,"DELAWARE
(39.008676, -75.574561)",
COLORADO,2017,3,7,,10,,19,,37,,42,,,-,0,,0,,,-,,-,"COLORADO
(38.841772, -106.132562)",
RHODE ISLAND,2017,3,,-,1,,7,,,-,,-,,-,0,,0,,,-,,-,"RHODE ISLAND
(41.707447, -71.522488)",
TEXAS,2017,3,13,,28,,98,,43,,81,,,-,0,,0,,,-,,-,"TEXAS
(31.827233, -99.423022)",
MISSOURI,2017,3,,-,4,,11,,,-,16,,,-,0,,1,,,-,,-,"MISSOURI
(38.636168, -92.566292)",
CONNECTICUT,2017,3,,-,4,,10,,1,,17,,,-,0,,0,,,-,,-,"CONNECTICUT
(41.544654, -72.651713)",
OKLAHOMA,2017,3,,N,0,,0,,,N,,N,,N,0,,0,,,N,,N,"OKLAHOMA
(35.468494, -97.521264)",
TENNESSEE,2017,3,12,,17,,37,,74,,65,,,-,0,,1,,,-,,-,"TENNESSEE
(35.681402, -85.774444)",
UTAH,2017,3,1,,4,,10,,5,,18,,,-,0,,0,,,-,,-,"UTAH
(39.359772, -111.584173)",
MARYLAND,2017,3,11,,8,,22,,44,,44,,,-,0,,0,,,-,1,,"MARYLAND
(39.290443, -76.612333)",
NORTH DAKOTA,2017,3,1,,1,,5,,6,,1,,,-,0,,0,,,-,,-,"NORTH DAKOTA
(47.475879, -100.121011)",
PENNSYLVANIA,2017,3,9,,9,,24,,33,,45,,,-,0,,1,,1,,,-,"PENNSYLVANIA
(40.789676, -77.858055)",
SOUTH DAKOTA,2017,3,,-,2,,9,,5,,5,,,-,0,,0,,,-,,-,"SOUTH DAKOTA
(44.35371, -100.373709)",
MAINE,2017,3,,-,2,,9,,9,,13,,,-,0,,0,,,-,,-,"MAINE
(45.252223, -68.986647)",
MASSACHUSETTS,2017,3,,-,11,,24,,38,,36,,,-,0,,0,,,-,,-,"MASSACHUSETTS
(42.268546, -72.085064)",
FLORIDA,2017,3,8,,10,,59,,40,,63,,,-,0,,0,,,-,,-,"FLORIDA
(28.915325, -81.922409)",
ALABAMA,2017,3,5,,7,,25,,22,,27,,,-,0,,1,,,-,,-,"ALABAMA
(32.839182, -86.631125)",
INDIANA,2017,3,,-,10,,30,,7,,39,,,-,0,,0,,,-,,-,"INDIANA
(39.76845, -86.156212)",
VIRGINIA,2017,3,,-,0,,2,,,-,1,,,-,0,,0,,,-,,-,"VIRGINIA
(37.542699, -78.45822)",
NEW JERSEY,2017,3,,-,0,,1,,,-,1,,,-,0,,0,,,-,,-,"NEW JERSEY
(40.104655, -74.386686)",
NEW HAMPSHIRE,2017,3,1,,2,,6,,7,,8,,,-,0,,0,,,-,,-,"NEW HAMPSHIRE
(43.657736, -71.500736)",
UNITED STATES,2017,4,245,,292,,530,,1414,,1577,,1,,0,,6,,8,,3,,,
NEW ENGLAND,2017,4,16,,20,,39,,100,,105,,,-,0,,0,,,-,,-,,
MID. ATLANTIC,2017,4,54,,41,,80,,210,,195,,1,,0,,1,,2,,,-,,
NEW YORK CITY,2017,4,20,,13,,28,,95,,59,,,-,0,,0,,,-,,-,,
E.N. CENTRAL,2017,4,45,,48,,98,,259,,306,,,-,0,,1,,1,,,-,,
W.N. CENTRAL,2017,4,18,,15,,35,,98,,75,,,-,0,,4,,4,,1,,,
S. ATLANTIC,2017,4,38,,51,,123,,275,,301,,,-,0,,1,,1,,1,,,
E.S. CENTRAL,2017,4,24,,34,,69,,171,,170,,,-,0,,1,,,-,,-,,
W.S. CENTRAL,2017,4,17,,37,,149,,104,,158,,,-,0,,1,,,-,,-,,
MOUNTAIN,2017,4,31,,35,,78,,185,,251,,,-,0,,1,,,-,1,,,
PACIFIC,2017,4,2,,4,,10,,12,,16,,,-,0,,0,,,-,,-,,
AMER. SAMOA,2017,4,,N,0,,0,,,N,,N,,N,0,,0,,,N,,N,,
MASSACHUSETTS,2017,4,13,,11,,25,,68,,49,,,-,0,,0,,,-,,-,"MASSACHUSETTS
(42.268546, -72.085064)",
IDAHO,2017,4,,N,0,,0,,,N,,N,,N,0,,0,,,N,,N,"IDAHO
(43.680635, -114.364237)",
MISSISSIPPI,2017,4,,-,5,,12,,11,,33,,,-,0,,0,,,-,,-,"MISSISSIPPI
(32.738663, -89.537312)",
HAWAII,2017,4,,-,2,,5,,4,,6,,,-,0,,0,,,-,,-,"HAWAII
(21.30992, -157.858158)",
WYOMING,2017,4,,-,0,,3,,3,,7,,,-,0,,0,,,-,,-,"WYOMING
(43.23558, -108.110518)",
NEW YORK,2017,4,27,,17,,46,,71,,80,,,-,0,,0,,,-,,-,"NEW YORK
(42.826892, -75.544286)",
LOUISIANA,2017,4,,-,5,,16,,18,,31,,,-,0,,1,,,-,,-,"LOUISIANA
(31.2931, -92.463284)",
ARKANSAS,2017,4,,-,4,,19,,10,,15,,,-,0,,1,,,-,,-,"ARKANSAS
(34.748745, -92.275105)",
C.N.M.I.,2017,4,,-,,-,,-,,-,,-,,-,,-,,-,,-,,-,"NORTHERN MARIANA ISLANDS
(15.1834, 145.725693)",
TENNESSEE,2017,4,17,,17,,37,,101,,85,,,-,0,,1,,,-,,-,"TENNESSEE
(35.681402, -85.774444)",
GUAM,2017,4,,-,0,,0,,,-,,-,,-,0,,0,,,-,,-,"GUAM
(13.3532, 144.653198)",
MINNESOTA,2017,4,,-,0,,0,,,-,,-,,-,0,,0,,,-,,-,"MINNESOTA
(46.357661, -94.793397)",
NEBRASKA,2017,4,4,,3,,8,,13,,24,,,-,0,,1,,,-,1,,"NEBRASKA
(41.640503, -99.367122)",
VERMONT,2017,4,2,,1,,10,,5,,9,,,-,0,,0,,,-,,-,"VERMONT
(43.622479, -72.51927)",
IOWA,2017,4,,N,0,,0,,,N,,N,,N,0,,0,,,N,,N,"IOWA
(42.46942, -93.815856)",
MARYLAND,2017,4,7,,8,,22,,54,,52,,,-,0,,0,,,-,1,,"MARYLAND
(39.290443, -76.612333)",
CONNECTICUT,2017,4,,-,4,,9,,7,,23,,,-,0,,0,,,-,,-,"CONNECTICUT
(41.544654, -72.651713)",
MISSOURI,2017,4,11,,5,,16,,54,,20,,,-,0,,4,,4,,,-,"MISSOURI
(38.636168, -92.566292)",
OKLAHOMA,2017,4,,N,0,,0,,,N,,N,,N,0,,0,,,N,,N,"OKLAHOMA
(35.468494, -97.521264)",
FLORIDA,2017,4,10,,10,,59,,49,,87,,,-,0,,1,,1,,,-,"FLORIDA
(28.915325, -81.922409)",
ILLINOIS,2017,4,,N,0,,0,,,N,,N,,N,0,,0,,,N,,N,"ILLINOIS
(40.477092, -88.993221)",
SOUTH CAROLINA,2017,4,15,,7,,39,,95,,34,,,-,0,,0,,,-,,-,"SOUTH CAROLINA
(34.009286, -81.037094)",
INDIANA,2017,4,,-,10,,30,,16,,55,,,-,0,,0,,,-,,-,"INDIANA
(39.76845, -86.156212)",
WASHINGTON,2017,4,,N,0,,0,,,N,,N,,N,0,,0,,,N,,N,"WASHINGTON
(47.517368, -120.467672)",
OHIO,2017,4,33,,18,,53,,147,,120,,,-,0,,0,,,-,,-,"OHIO
(40.056807, -82.405897)",
DELAWARE,2017,4,1,,1,,5,,7,,9,,,-,0,,0,,,-,,-,"DELAWARE
(39.008676, -75.574561)",
OREGON,2017,4,,N,0,,0,,,N,,N,,N,0,,0,,,N,,N,"OREGON
(44.567912, -120.156945)",
NORTH CAROLINA,2017,4,,N,0,,0,,,N,,N,,N,0,,0,,,N,,N,"NORTH CAROLINA
(35.47995, -79.180571)",
MAINE,2017,4,1,,2,,9,,12,,14,,,-,0,,0,,,-,,-,"MAINE
(45.252223, -68.986647)",
RHODE ISLAND,2017,4,,-,1,,7,,,-,,-,,-,0,,0,,,-,,-,"RHODE ISLAND
(41.707447, -71.522488)",
DIST. OF COL.,2017,4,,-,1,,4,,2,,4,,,-,0,,0,,,-,,-,"DISTRICT OF COLUMBIA
(38.892062, -77.019912)",
TEXAS,2017,4,17,,28,,120,,76,,112,,,-,0,,0,,,-,,-,"TEXAS
(31.827233, -99.423022)",
VIRGIN ISL.,2017,4,,-,0,,0,,,-,,-,,-,0,,0,,,-,,-,"VIRGIN ISLANDS
(18.060868, -64.840836)",
NEW MEXICO,2017,4,1,,5,,15,,27,,28,,,-,0,,0,,,-,,-,"NEW MEXICO
(34.520396, -106.244402)",
KENTUCKY,2017,4,6,,4,,13,,27,,22,,,-,0,,1,,,-,,-,"KENTUCKY
(37.64591, -84.774043)",
ALASKA,2017,4,2,,2,,8,,8,,10,,,-,0,,0,,,-,,-,"ALASKA
(64.836661, -147.738891)",
PENNSYLVANIA,2017,4,5,,9,,24,,42,,54,,1,,0,,1,,2,,,-,"PENNSYLVANIA
(40.789676, -77.858055)",
CALIFORNIA,2017,4,,N,0,,0,,,N,,N,,N,0,,0,,,N,,N,"CALIFORNIA
(37.640735, -121.002435)",
MICHIGAN,2017,4,2,,13,,29,,31,,93,,,-,0,,1,,1,,,-,"MICHIGAN
(44.66399, -84.711206)",
UTAH,2017,4,2,,4,,10,,12,,25,,,-,0,,0,,,-,,-,"UTAH
(39.359772, -111.584173)",
ARIZONA,2017,4,18,,11,,37,,89,,95,,,-,0,,0,,,-,,-,"ARIZONA
(34.869712, -111.760902)",
NORTH DAKOTA,2017,4,1,,1,,5,,8,,1,,,-,0,,0,,,-,,-,"NORTH DAKOTA
(47.475879, -100.121011)",
COLORADO,2017,4,9,,9,,19,,46,,54,,,-,0,,0,,,-,,-,"COLORADO
(38.841772, -106.132562)",
VIRGINIA,2017,4,,-,0,,2,,,-,3,,,-,0,,0,,,-,,-,"VIRGINIA
(37.542699, -78.45822)",
SOUTH DAKOTA,2017,4,2,,2,,9,,9,,10,,,-,0,,0,,,-,,-,"SOUTH DAKOTA
(44.35371, -100.373709)",
PUERTO RICO,2017,4,,-,0,,0,,,-,,-,,-,0,,0,,,-,,-,"PUERTO RICO
(18.215692, -66.414655)",
NEVADA,2017,4,,-,3,,9,,5,,35,,,-,0,,0,,,-,,-,"NEVADA
(39.491833, -117.070159)",
NEW HAMPSHIRE,2017,4,,-,2,,6,,8,,10,,,-,0,,0,,,-,,-,"NEW HAMPSHIRE
(43.657736, -71.500736)",
ALABAMA,2017,4,1,,7,,25,,32,,30,,,-,0,,1,,,-,,-,"ALABAMA
(32.839182, -86.631125)",
NEW JERSEY,2017,4,2,,0,,1,,2,,2,,,-,0,,0,,,-,,-,"NEW JERSEY
(40.104655, -74.386686)",
KANSAS,2017,4,,-,4,,9,,14,,20,,,-,0,,0,,,-,,-,"KANSAS
(38.345528, -98.201847)",
WEST VIRGINIA,2017,4,,-,4,,17,,12,,24,,,-,0,,1,,,-,,-,"WEST VIRGINIA
(38.668501, -80.709421)",
WISCONSIN,2017,4,10,,7,,21,,65,,38,,,-,0,,0,,,-,,-,"WISCONSIN
(44.395526, -89.834513)",
GEORGIA,2017,4,5,,16,,38,,56,,88,,,-,0,,0,,,-,,-,"GEORGIA
(32.836038, -83.631709)",
MONTANA,2017,4,1,,1,,6,,3,,7,,,-,0,,1,,,-,1,,"MONTANA
(47.062617, -109.430168)",
UNITED STATES,2017,5,227,,295,,554,,1756,,1970,,1,,0,,7,,13,,5,,,
NEW ENGLAND,2017,5,4,,21,,40,,114,,129,,,-,0,,0,,,-,,-,,
MID. ATLANTIC,2017,5,56,,41,,80,,271,,241,,1,,0,,4,,6,,1,,,
NEW YORK CITY,2017,5,18,,13,,29,,114,,72,,,-,0,,0,,,-,,-,,
E.N. CENTRAL,2017,5,33,,49,,98,,320,,393,,,-,0,,1,,1,,1,,,
W.N. CENTRAL,2017,5,4,,15,,36,,105,,90,,,-,0,,4,,4,,1,,,
S. ATLANTIC,2017,5,45,,51,,123,,343,,365,,,-,0,,1,,1,,1,,,
E.S. CENTRAL,2017,5,12,,34,,69,,197,,213,,,-,0,,1,,,-,,-,,
W.S. CENTRAL,2017,5,39,,37,,159,,163,,206,,,-,0,,1,,,-,,-,,
MOUNTAIN,2017,5,34,,35,,78,,230,,313,,,-,0,,1,,1,,1,,,
PACIFIC,2017,5,,-,4,,10,,13,,20,,,-,0,,0,,,-,,-,,
AMER. SAMOA,2017,5,,N,0,,0,,,N,,N,,N,0,,0,,,N,,N,,
C.N.M.I.,2017,5,,-,,-,,-,,-,,-,,-,,-,,-,,-,,-,"NORTHERN MARIANA ISLANDS
(15.1834, 145.725693)",
COLORADO,2017,5,9,,9,,19,,55,,69,,,-,0,,0,,,-,,-,"COLORADO
(38.841772, -106.132562)",
CONNECTICUT,2017,5,,-,4,,9,,10,,28,,,-,0,,0,,,-,,-,"CONNECTICUT
(41.544654, -72.651713)",
GEORGIA,2017,5,5,,18,,38,,77,,118,,,-,0,,0,,,-,,-,"GEORGIA
(32.836038, -83.631709)",
CALIFORNIA,2017,5,,N,0,,0,,,N,,N,,N,0,,0,,,N,,N,"CALIFORNIA
(37.640735, -121.002435)",
NEBRASKA,2017,5,3,,3,,8,,16,,30,,,-,0,,1,,,-,1,,"NEBRASKA
(41.640503, -99.367122)",
SOUTH CAROLINA,2017,5,8,,7,,39,,106,,41,,,-,0,,0,,,-,,-,"SOUTH CAROLINA
(34.009286, -81.037094)",
KANSAS,2017,5,,-,4,,9,,17,,27,,,-,0,,0,,,-,,-,"KANSAS
(38.345528, -98.201847)",
OKLAHOMA,2017,5,,N,0,,0,,,N,,N,,N,0,,0,,,N,,N,"OKLAHOMA
(35.468494, -97.521264)",
NEVADA,2017,5,,-,3,,9,,5,,41,,,-,0,,0,,,-,,-,"NEVADA
(39.491833, -117.070159)",
WISCONSIN,2017,5,7,,7,,21,,78,,52,,,-,0,,0,,,-,,-,"WISCONSIN
(44.395526, -89.834513)",
TENNESSEE,2017,5,11,,17,,38,,117,,102,,,-,0,,1,,,-,,-,"TENNESSEE
(35.681402, -85.774444)",
MARYLAND,2017,5,5,,8,,22,,59,,56,,,-,0,,0,,,-,1,,"MARYLAND
(39.290443, -76.612333)",
MISSOURI,2017,5,,-,5,,16,,54,,21,,,-,0,,4,,4,,,-,"MISSOURI
(38.636168, -92.566292)",
MASSACHUSETTS,2017,5,,-,11,,25,,68,,60,,,-,0,,0,,,-,,-,"MASSACHUSETTS
(42.268546, -72.085064)",
ALABAMA,2017,5,,-,7,,25,,36,,40,,,-,0,,0,,,-,,-,"ALABAMA
(32.839182, -86.631125)",
PENNSYLVANIA,2017,5,17,,9,,24,,61,,67,,1,,0,,2,,4,,1,,"PENNSYLVANIA
(40.789676, -77.858055)",
UTAH,2017,5,3,,4,,10,,18,,35,,,-,0,,0,,,-,,-,"UTAH
(39.359772, -111.584173)",
NEW JERSEY,2017,5,2,,0,,4,,6,,2,,,-,0,,2,,2,,,-,"NEW JERSEY
(40.104655, -74.386686)",
MONTANA,2017,5,,-,1,,7,,5,,8,,,-,0,,1,,1,,1,,"MONTANA
(47.062617, -109.430168)",
DIST. OF COL.,2017,5,,-,1,,4,,2,,5,,,-,0,,0,,,-,,-,"DISTRICT OF COLUMBIA
(38.892062, -77.019912)",
GUAM,2017,5,,-,0,,0,,,-,,-,,-,0,,0,,,-,,-,"GUAM
(13.3532, 144.653198)",
NEW YORK,2017,5,19,,17,,51,,90,,100,,,-,0,,0,,,-,,-,"NEW YORK
(42.826892, -75.544286)",
PUERTO RICO,2017,5,,-,0,,0,,,-,,-,,-,0,,0,,,-,,-,"PUERTO RICO
(18.215692, -66.414655)",
MINNESOTA,2017,5,,-,0,,0,,,-,,-,,-,0,,0,,,-,,-,"MINNESOTA
(46.357661, -94.793397)",
INDIANA,2017,5,,-,10,,30,,25,,85,,,-,0,,0,,,-,,-,"INDIANA
(39.76845, -86.156212)",
ILLINOIS,2017,5,,N,0,,0,,,N,,N,,N,0,,0,,,N,,N,"ILLINOIS
(40.477092, -88.993221)",
VIRGINIA,2017,5,1,,0,,2,,1,,3,,,-,0,,0,,,-,,-,"VIRGINIA
(37.542699, -78.45822)",
DELAWARE,2017,5,,-,1,,6,,9,,9,,,-,0,,0,,,-,,-,"DELAWARE
(39.008676, -75.574561)",
RHODE ISLAND,2017,5,,-,1,,7,,,-,,-,,-,0,,0,,,-,,-,"RHODE ISLAND
(41.707447, -71.522488)",
NEW HAMPSHIRE,2017,5,3,,2,,6,,17,,14,,,-,0,,0,,,-,,-,"NEW HAMPSHIRE
(43.657736, -71.500736)",
VIRGIN ISL.,2017,5,,-,0,,0,,,-,,-,,-,0,,0,,,-,,-,"VIRGIN ISLANDS
(18.060868, -64.840836)",
LOUISIANA,2017,5,,-,5,,16,,18,,41,,,-,0,,1,,,-,,-,"LOUISIANA
(31.2931, -92.463284)",
NEW MEXICO,2017,5,2,,5,,15,,34,,34,,,-,0,,0,,,-,,-,"NEW MEXICO
(34.520396, -106.244402)",
NORTH DAKOTA,2017,5,,-,1,,5,,8,,2,,,-,0,,0,,,-,,-,"NORTH DAKOTA
(47.475879, -100.121011)",
ALASKA,2017,5,,-,2,,8,,8,,13,,,-,0,,0,,,-,,-,"ALASKA
(64.836661, -147.738891)",
VERMONT,2017,5,,-,1,,10,,5,,12,,,-,0,,0,,,-,,-,"VERMONT
(43.622479, -72.51927)",
ARKANSAS,2017,5,5,,4,,24,,28,,25,,,-,0,,1,,,-,,-,"ARKANSAS
(34.748745, -92.275105)",
TEXAS,2017,5,34,,28,,125,,117,,140,,,-,0,,0,,,-,,-,"TEXAS
(31.827233, -99.423022)",
HAWAII,2017,5,,-,1,,5,,5,,7,,,-,0,,0,,,-,,-,"HAWAII
(21.30992, -157.858158)",
IDAHO,2017,5,,N,0,,0,,,N,,N,,N,0,,0,,,N,,N,"IDAHO
(43.680635, -114.364237)",
WASHINGTON,2017,5,,N,0,,0,,,N,,N,,N,0,,0,,,N,,N,"WASHINGTON
(47.517368, -120.467672)",
SOUTH DAKOTA,2017,5,1,,2,,9,,10,,10,,,-,0,,0,,,-,,-,"SOUTH DAKOTA
(44.35371, -100.373709)",
ARIZONA,2017,5,20,,11,,37,,110,,119,,,-,0,,0,,,-,,-,"ARIZONA
(34.869712, -111.760902)",
WEST VIRGINIA,2017,5,3,,4,,17,,17,,27,,,-,0,,1,,,-,,-,"WEST VIRGINIA
(38.668501, -80.709421)",
MICHIGAN,2017,5,2,,13,,29,,46,,104,,,-,0,,1,,1,,1,,"MICHIGAN
(44.66399, -84.711206)",
OHIO,2017,5,24,,18,,53,,171,,152,,,-,0,,0,,,-,,-,"OHIO
(40.056807, -82.405897)",
IOWA,2017,5,,N,0,,0,,,N,,N,,N,0,,0,,,N,,N,"IOWA
(42.46942, -93.815856)",
KENTUCKY,2017,5,,-,4,,13,,27,,26,,,-,0,,1,,,-,,-,"KENTUCKY
(37.64591, -84.774043)",
FLORIDA,2017,5,23,,10,,59,,72,,106,,,-,0,,1,,1,,,-,"FLORIDA
(28.915325, -81.922409)",
MAINE,2017,5,1,,2,,9,,14,,15,,,-,0,,0,,,-,,-,"MAINE
(45.252223, -68.986647)",
MISSISSIPPI,2017,5,1,,5,,12,,17,,45,,,-,0,,0,,,-,,-,"MISSISSIPPI
(32.738663, -89.537312)",
NORTH CAROLINA,2017,5,,N,0,,0,,,N,,N,,N,0,,0,,,N,,N,"NORTH CAROLINA
(35.47995, -79.180571)",
OREGON,2017,5,,N,0,,0,,,N,,N,,N,0,,0,,,N,,N,"OREGON
(44.567912, -120.156945)",
WYOMING,2017,5,,-,0,,3,,3,,7,,,-,0,,0,,,-,,-,"WYOMING
(43.23558, -108.110518)",
UNITED STATES,2017,6,212,,296,,559,,2093,,2395,,,-,0,,6,,13,,5,,,
NEW ENGLAND,2017,6,4,,20,,43,,123,,148,,,-,0,,0,,,-,,-,,
MID. ATLANTIC,2017,6,42,,41,,80,,321,,284,,,-,0,,4,,6,,,-,,
NEW YORK CITY,2017,6,12,,14,,29,,127,,92,,,-,0,,0,,,-,,-,,
E.N. CENTRAL,2017,6,7,,49,,98,,343,,472,,,-,0,,1,,2,,2,,,
W.N. CENTRAL,2017,6,17,,15,,42,,145,,112,,,-,0,,3,,3,,1,,,
S. ATLANTIC,2017,6,56,,51,,123,,423,,439,,,-,0,,1,,1,,1,,,
E.S. CENTRAL,2017,6,12,,34,,69,,238,,260,,,-,0,,1,,,-,,-,,
W.S. CENTRAL,2017,6,35,,37,,161,,205,,275,,,-,0,,1,,,-,,-,,
MOUNTAIN,2017,6,35,,35,,78,,273,,378,,,-,0,,1,,1,,1,,,
PACIFIC,2017,6,4,,4,,10,,22,,27,,,-,0,,0,,,-,,-,,
AMER. SAMOA,2017,6,,N,0,,0,,,N,,N,,N,0,,0,,,N,,N,,
GUAM,2017,6,,-,0,,0,,,-,,-,,-,0,,0,,,-,,-,"GUAM
(13.3532, 144.653198)",
VIRGIN ISL.,2017,6,,-,0,,0,,,-,,-,,-,0,,0,,,-,,-,"VIRGIN ISLANDS
(18.060868, -64.840836)",
VERMONT,2017,6,,-,1,,10,,6,,13,,,-,0,,0,,,-,,-,"VERMONT
(43.622479, -72.51927)",
MINNESOTA,2017,6,,-,0,,0,,,-,,-,,-,0,,0,,,-,,-,"MINNESOTA
(46.357661, -94.793397)",
UTAH,2017,6,,-,4,,10,,18,,39,,,-,0,,0,,,-,,-,"UTAH
(39.359772, -111.584173)",
NEW YORK,2017,6,25,,17,,51,,115,,110,,,-,0,,0,,,-,,-,"NEW YORK
(42.826892, -75.544286)",
OHIO,2017,6,,-,18,,53,,171,,178,,,-,0,,0,,,-,,-,"OHIO
(40.056807, -82.405897)",
NEW JERSEY,2017,6,1,,0,,8,,13,,2,,,-,0,,2,,2,,,-,"NEW JERSEY
(40.104655, -74.386686)",
CALIFORNIA,2017,6,,N,0,,0,,,N,,N,,N,0,,0,,,N,,N,"CALIFORNIA
(37.640735, -121.002435)",
GEORGIA,2017,6,8,,17,,38,,89,,148,,,-,0,,0,,,-,,-,"GEORGIA
(32.836038, -83.631709)",
FLORIDA,2017,6,21,,10,,59,,93,,116,,,-,0,,1,,1,,,-,"FLORIDA
(28.915325, -81.922409)",
WISCONSIN,2017,6,5,,7,,21,,84,,63,,,-,0,,0,,,-,,-,"WISCONSIN
(44.395526, -89.834513)",
ILLINOIS,2017,6,,N,0,,0,,,N,,N,,N,0,,0,,,N,,N,"ILLINOIS
(40.477092, -88.993221)",
TEXAS,2017,6,28,,28,,127,,151,,192,,,-,0,,0,,,-,,-,"TEXAS
(31.827233, -99.423022)",
NEVADA,2017,6,,-,3,,9,,6,,48,,,-,0,,0,,,-,,-,"NEVADA
(39.491833, -117.070159)",
OKLAHOMA,2017,6,,N,0,,0,,,N,,N,,N,0,,0,,,N,,N,"OKLAHOMA
(35.468494, -97.521264)",
ARKANSAS,2017,6,7,,4,,24,,36,,31,,,-,0,,1,,,-,,-,"ARKANSAS
(34.748745, -92.275105)",
OREGON,2017,6,,N,0,,0,,,N,,N,,N,0,,0,,,N,,N,"OREGON
(44.567912, -120.156945)",
HAWAII,2017,6,4,,2,,5,,12,,10,,,-,0,,0,,,-,,-,"HAWAII
(21.30992, -157.858158)",
NEW HAMPSHIRE,2017,6,,-,2,,6,,17,,16,,,-,0,,0,,,-,,-,"NEW HAMPSHIRE
(43.657736, -71.500736)",
MASSACHUSETTS,2017,6,,-,11,,25,,68,,66,,,-,0,,0,,,-,,-,"MASSACHUSETTS
(42.268546, -72.085064)",
IOWA,2017,6,,N,0,,0,,,N,,N,,N,0,,0,,,N,,N,"IOWA
(42.46942, -93.815856)",
NORTH CAROLINA,2017,6,,N,0,,0,,,N,,N,,N,0,,0,,,N,,N,"NORTH CAROLINA
(35.47995, -79.180571)",
PENNSYLVANIA,2017,6,4,,9,,24,,66,,80,,,-,0,,3,,4,,,-,"PENNSYLVANIA
(40.789676, -77.858055)",
CONNECTICUT,2017,6,,-,4,,9,,10,,35,,,-,0,,0,,,-,,-,"CONNECTICUT
(41.544654, -72.651713)",
VIRGINIA,2017,6,,-,0,,2,,1,,3,,,-,0,,0,,,-,,-,"VIRGINIA
(37.542699, -78.45822)",
COLORADO,2017,6,13,,9,,19,,68,,86,,,-,0,,0,,,-,,-,"COLORADO
(38.841772, -106.132562)",
PUERTO RICO,2017,6,,-,0,,0,,,-,,-,,-,0,,0,,,-,,-,"PUERTO RICO
(18.215692, -66.414655)",
C.N.M.I.,2017,6,,-,,-,,-,,-,,-,,-,,-,,-,,-,,-,"NORTHERN MARIANA ISLANDS
(15.1834, 145.725693)",
WYOMING,2017,6,,-,0,,3,,3,,7,,,-,0,,0,,,-,,-,"WYOMING
(43.23558, -108.110518)",
SOUTH CAROLINA,2017,6,14,,8,,39,,130,,51,,,-,0,,0,,,-,,-,"SOUTH CAROLINA
(34.009286, -81.037094)",
ARIZONA,2017,6,22,,11,,37,,130,,150,,,-,0,,0,,,-,,-,"ARIZONA
(34.869712, -111.760902)",
MICHIGAN,2017,6,2,,14,,29,,63,,133,,,-,0,,1,,2,,2,,"MICHIGAN
(44.66399, -84.711206)",
WASHINGTON,2017,6,,N,0,,0,,,N,,N,,N,0,,0,,,N,,N,"WASHINGTON
(47.517368, -120.467672)",
TENNESSEE,2017,6,11,,18,,38,,145,,123,,,-,0,,1,,,-,,-,"TENNESSEE
(35.681402, -85.774444)",
INDIANA,2017,6,,-,9,,26,,25,,98,,,-,0,,0,,,-,,-,"INDIANA
(39.76845, -86.156212)",
SOUTH DAKOTA,2017,6,6,,2,,9,,16,,14,,,-,0,,0,,,-,,-,"SOUTH DAKOTA
(44.35371, -100.373709)",
KANSAS,2017,6,,-,4,,9,,26,,36,,,-,0,,0,,,-,,-,"KANSAS
(38.345528, -98.201847)",
IDAHO,2017,6,,N,0,,0,,,N,,N,,N,0,,0,,,N,,N,"IDAHO
(43.680635, -114.364237)",
ALASKA,2017,6,,-,2,,8,,10,,17,,,-,0,,0,,,-,,-,"ALASKA
(64.836661, -147.738891)",
ALABAMA,2017,6,1,,6,,25,,46,,48,,,-,0,,0,,,-,,-,"ALABAMA
(32.839182, -86.631125)",
MISSOURI,2017,6,4,,5,,18,,67,,25,,,-,0,,3,,3,,,-,"MISSOURI
(38.636168, -92.566292)",
MONTANA,2017,6,,-,1,,7,,6,,10,,,-,0,,1,,1,,1,,"MONTANA
(47.062617, -109.430168)",
KENTUCKY,2017,6,,-,4,,13,,27,,37,,,-,0,,1,,,-,,-,"KENTUCKY
(37.64591, -84.774043)",
MARYLAND,2017,6,9,,8,,22,,71,,66,,,-,0,,0,,,-,1,,"MARYLAND
(39.290443, -76.612333)",
NORTH DAKOTA,2017,6,1,,2,,5,,13,,4,,,-,0,,0,,,-,,-,"NORTH DAKOTA
(47.475879, -100.121011)",
RHODE ISLAND,2017,6,2,,1,,8,,5,,,-,,-,0,,0,,,-,,-,"RHODE ISLAND
(41.707447, -71.522488)",
WEST VIRGINIA,2017,6,1,,4,,17,,25,,37,,,-,0,,1,,,-,,-,"WEST VIRGINIA
(38.668501, -80.709421)",
NEW MEXICO,2017,6,,-,5,,15,,42,,38,,,-,0,,0,,,-,,-,"NEW MEXICO
(34.520396, -106.244402)",
MISSISSIPPI,2017,6,,-,4,,11,,20,,52,,,-,0,,0,,,-,,-,"MISSISSIPPI
(32.738663, -89.537312)",
DELAWARE,2017,6,3,,1,,6,,12,,10,,,-,0,,0,,,-,,-,"DELAWARE
(39.008676, -75.574561)",
DIST. OF COL.,2017,6,,-,1,,4,,2,,8,,,-,0,,0,,,-,,-,"DISTRICT OF COLUMBIA
(38.892062, -77.019912)",
MAINE,2017,6,2,,2,,9,,17,,18,,,-,0,,0,,,-,,-,"MAINE
(45.252223, -68.986647)",
NEBRASKA,2017,6,6,,3,,8,,23,,33,,,-,0,,1,,,-,1,,"NEBRASKA
(41.640503, -99.367122)",
LOUISIANA,2017,6,,-,5,,16,,18,,52,,,-,0,,1,,,-,,-,"LOUISIANA
(31.2931, -92.463284)",
UNITED STATES,2017,7,240,,295,,564,,2474,,2835,,,-,0,,6,,13,,8,,,
NEW ENGLAND,2017,7,1,,20,,44,,127,,187,,,-,0,,0,,,-,,-,,
MID. ATLANTIC,2017,7,51,,41,,80,,376,,335,,,-,0,,4,,6,,3,,,
NEW YORK CITY,2017,7,22,,13,,29,,149,,113,,,-,0,,0,,,-,,-,,
E.N. CENTRAL,2017,7,26,,49,,101,,425,,541,,,-,0,,1,,2,,2,,,
W.N. CENTRAL,2017,7,25,,16,,42,,182,,132,,,-,0,,3,,3,,1,,,
S. ATLANTIC,2017,7,43,,51,,123,,481,,517,,,-,0,,1,,1,,1,,,
E.S. CENTRAL,2017,7,25,,34,,69,,274,,302,,,-,0,,1,,,-,,-,,
W.S. CENTRAL,2017,7,22,,37,,162,,248,,339,,,-,0,,1,,,-,,-,,
MOUNTAIN,2017,7,45,,35,,78,,334,,451,,,-,0,,1,,1,,1,,,
PACIFIC,2017,7,2,,4,,10,,27,,31,,,-,0,,0,,,-,,-,,
AMER. SAMOA,2017,7,,N,0,,0,,,N,,N,,N,0,,0,,,N,,N,,
COLORADO,2017,7,16,,9,,19,,84,,93,,,-,0,,0,,,-,,-,"COLORADO
(38.841772, -106.132562)",
NORTH DAKOTA,2017,7,1,,1,,5,,14,,5,,,-,0,,0,,,-,,-,"NORTH DAKOTA
(47.475879, -100.121011)",
WASHINGTON,2017,7,,N,0,,0,,,N,,N,,N,0,,0,,,N,,N,"WASHINGTON
(47.517368, -120.467672)",
TENNESSEE,2017,7,16,,17,,38,,167,,146,,,-,0,,1,,,-,,-,"TENNESSEE
(35.681402, -85.774444)",
NEW MEXICO,2017,7,1,,5,,15,,49,,49,,,-,0,,0,,,-,,-,"NEW MEXICO
(34.520396, -106.244402)",
DIST. OF COL.,2017,7,,-,1,,4,,2,,9,,,-,0,,0,,,-,,-,"DISTRICT OF COLUMBIA
(38.892062, -77.019912)",
MISSISSIPPI,2017,7,,-,4,,11,,24,,57,,,-,0,,0,,,-,,-,"MISSISSIPPI
(32.738663, -89.537312)",
HAWAII,2017,7,1,,2,,6,,15,,12,,,-,0,,0,,,-,,-,"HAWAII
(21.30992, -157.858158)",
MARYLAND,2017,7,8,,8,,22,,80,,76,,,-,0,,0,,,-,1,,"MARYLAND
(39.290443, -76.612333)",
OHIO,2017,7,16,,17,,53,,196,,198,,,-,0,,0,,,-,,-,"OHIO
(40.056807, -82.405897)",
PENNSYLVANIA,2017,7,7,,9,,23,,75,,94,,,-,0,,3,,4,,3,,"PENNSYLVANIA
(40.789676, -77.858055)",
GEORGIA,2017,7,8,,17,,38,,103,,177,,,-,0,,0,,,-,,-,"GEORGIA
(32.836038, -83.631709)",
VERMONT,2017,7,,-,1,,10,,6,,23,,,-,0,,0,,,-,,-,"VERMONT
(43.622479, -72.51927)",
WEST VIRGINIA,2017,7,,-,4,,17,,28,,40,,,-,0,,1,,,-,,-,"WEST VIRGINIA
(38.668501, -80.709421)",
IOWA,2017,7,,N,0,,0,,,N,,N,,N,0,,0,,,N,,N,"IOWA
(42.46942, -93.815856)",
MICHIGAN,2017,7,2,,13,,28,,78,,155,,,-,0,,1,,2,,2,,"MICHIGAN
(44.66399, -84.711206)",
SOUTH DAKOTA,2017,7,4,,2,,9,,20,,18,,,-,0,,0,,,-,,-,"SOUTH DAKOTA
(44.35371, -100.373709)",
VIRGIN ISL.,2017,7,,-,0,,0,,,-,,-,,-,0,,0,,,-,,-,"VIRGIN ISLANDS
(18.060868, -64.840836)",
NEW HAMPSHIRE,2017,7,,-,2,,6,,19,,19,,,-,0,,0,,,-,,-,"NEW HAMPSHIRE
(43.657736, -71.500736)",
ALASKA,2017,7,1,,2,,8,,12,,19,,,-,0,,0,,,-,,-,"ALASKA
(64.836661, -147.738891)",
RHODE ISLAND,2017,7,,-,1,,9,,6,,,-,,-,0,,0,,,-,,-,"RHODE ISLAND
(41.707447, -71.522488)",
WYOMING,2017,7,,-,0,,3,,3,,9,,,-,0,,0,,,-,,-,"WYOMING
(43.23558, -108.110518)",
CALIFORNIA,2017,7,,N,0,,0,,,N,,N,,N,0,,0,,,N,,N,"CALIFORNIA
(37.640735, -121.002435)",
ILLINOIS,2017,7,,N,0,,0,,,N,,N,,N,0,,0,,,N,,N,"ILLINOIS
(40.477092, -88.993221)",
GUAM,2017,7,,-,0,,0,,,-,,-,,-,0,,0,,,-,,-,"GUAM
(13.3532, 144.653198)",
CONNECTICUT,2017,7,,-,4,,9,,10,,38,,,-,0,,0,,,-,,-,"CONNECTICUT
(41.544654, -72.651713)",
PUERTO RICO,2017,7,,-,0,,0,,,-,,-,,-,0,,0,,,-,,-,"PUERTO RICO
(18.215692, -66.414655)",
INDIANA,2017,7,,-,9,,26,,49,,115,,,-,0,,0,,,-,,-,"INDIANA
(39.76845, -86.156212)",
UTAH,2017,7,4,,4,,10,,32,,45,,,-,0,,0,,,-,,-,"UTAH
(39.359772, -111.584173)",
DELAWARE,2017,7,1,,1,,6,,14,,13,,,-,0,,0,,,-,,-,"DELAWARE
(39.008676, -75.574561)",
MISSOURI,2017,7,13,,5,,18,,87,,30,,,-,0,,3,,3,,,-,"MISSOURI
(38.636168, -92.566292)",
MASSACHUSETTS,2017,7,,-,11,,25,,68,,86,,,-,0,,0,,,-,,-,"MASSACHUSETTS
(42.268546, -72.085064)",
SOUTH CAROLINA,2017,7,8,,8,,39,,142,,61,,,-,0,,0,,,-,,-,"SOUTH CAROLINA
(34.009286, -81.037094)",
NEVADA,2017,7,,-,3,,9,,6,,56,,,-,0,,0,,,-,,-,"NEVADA
(39.491833, -117.070159)",
ALABAMA,2017,7,,-,6,,25,,47,,56,,,-,0,,0,,,-,,-,"ALABAMA
(32.839182, -86.631125)",
IDAHO,2017,7,,N,0,,0,,,N,,N,,N,0,,0,,,N,,N,"IDAHO
(43.680635, -114.364237)",
KENTUCKY,2017,7,9,,4,,13,,36,,43,,,-,0,,1,,,-,,-,"KENTUCKY
(37.64591, -84.774043)",
ARIZONA,2017,7,24,,11,,37,,154,,187,,,-,0,,0,,,-,,-,"ARIZONA
(34.869712, -111.760902)",
OKLAHOMA,2017,7,,N,0,,0,,,N,,N,,N,0,,0,,,N,,N,"OKLAHOMA
(35.468494, -97.521264)",
FLORIDA,2017,7,18,,10,,59,,111,,137,,,-,0,,1,,1,,,-,"FLORIDA
(28.915325, -81.922409)",
OREGON,2017,7,,N,0,,0,,,N,,N,,N,0,,0,,,N,,N,"OREGON
(44.567912, -120.156945)",
NEW YORK,2017,7,18,,17,,51,,133,,126,,,-,0,,0,,,-,,-,"NEW YORK
(42.826892, -75.544286)",
MINNESOTA,2017,7,,-,0,,0,,,-,,-,,-,0,,0,,,-,,-,"MINNESOTA
(46.357661, -94.793397)",
LOUISIANA,2017,7,,-,5,,16,,29,,60,,,-,0,,1,,,-,,-,"LOUISIANA
(31.2931, -92.463284)",
VIRGINIA,2017,7,,-,0,,2,,1,,4,,,-,0,,0,,,-,,-,"VIRGINIA
(37.542699, -78.45822)",
C.N.M.I.,2017,7,,-,,-,,-,,-,,-,,-,,-,,-,,-,,-,"NORTHERN MARIANA ISLANDS
(15.1834, 145.725693)",
WISCONSIN,2017,7,8,,7,,22,,102,,73,,,-,0,,0,,,-,,-,"WISCONSIN
(44.395526, -89.834513)",
MAINE,2017,7,1,,2,,9,,18,,21,,,-,0,,0,,,-,,-,"MAINE
(45.252223, -68.986647)",
NEBRASKA,2017,7,7,,3,,8,,30,,37,,,-,0,,1,,,-,1,,"NEBRASKA
(41.640503, -99.367122)",
NORTH CAROLINA,2017,7,,N,0,,0,,,N,,N,,N,0,,0,,,N,,N,"NORTH CAROLINA
(35.47995, -79.180571)",
TEXAS,2017,7,22,,28,,128,,180,,242,,,-,0,,0,,,-,,-,"TEXAS
(31.827233, -99.423022)",
NEW JERSEY,2017,7,4,,0,,8,,19,,2,,,-,0,,2,,2,,,-,"NEW JERSEY
(40.104655, -74.386686)",
MONTANA,2017,7,,-,1,,7,,6,,12,,,-,0,,1,,1,,1,,"MONTANA
(47.062617, -109.430168)",
KANSAS,2017,7,,-,4,,9,,31,,42,,,-,0,,0,,,-,,-,"KANSAS
(38.345528, -98.201847)",
ARKANSAS,2017,7,,-,4,,24,,39,,37,,,-,0,,1,,,-,,-,"ARKANSAS
(34.748745, -92.275105)",
UNITED STATES,2017,8,266,,298,,568,,3000,,3300,,1,,0,,6,,17,,8,,,
NEW ENGLAND,2017,8,2,,21,,45,,190,,214,,,-,0,,0,,,-,,-,,
MID. ATLANTIC,2017,8,47,,41,,80,,432,,396,,,-,0,,4,,6,,3,,,
NEW YORK CITY,2017,8,14,,13,,29,,163,,130,,,-,0,,0,,,-,,-,,
E.N. CENTRAL,2017,8,43,,48,,103,,494,,629,,,-,0,,1,,2,,2,,,
W.N. CENTRAL,2017,8,18,,16,,43,,216,,141,,,-,0,,3,,5,,1,,,
S. ATLANTIC,2017,8,48,,51,,123,,560,,609,,,-,0,,1,,1,,1,,,
E.S. CENTRAL,2017,8,36,,34,,69,,345,,338,,,-,0,,1,,,-,,-,,
W.S. CENTRAL,2017,8,27,,37,,162,,307,,415,,,-,0,,1,,1,,,-,,
MOUNTAIN,2017,8,43,,35,,78,,424,,523,,1,,0,,1,,2,,1,,,
PACIFIC,2017,8,2,,4,,10,,32,,35,,,-,0,,0,,,-,,-,,
AMER. SAMOA,2017,8,,N,0,,0,,,N,,N,,N,0,,0,,,N,,N,,
CONNECTICUT,2017,8,,-,4,,9,,21,,43,,,-,0,,0,,,-,,-,"CONNECTICUT
(41.544654, -72.651713)",
MASSACHUSETTS,2017,8,,-,11,,27,,109,,100,,,-,0,,0,,,-,,-,"MASSACHUSETTS
(42.268546, -72.085064)",
MINNESOTA,2017,8,,-,0,,0,,,-,,-,,-,0,,0,,,-,,-,"MINNESOTA
(46.357661, -94.793397)",
MARYLAND,2017,8,15,,9,,22,,102,,95,,,-,0,,0,,,-,1,,"MARYLAND
(39.290443, -76.612333)",
MICHIGAN,2017,8,2,,12,,28,,94,,179,,,-,0,,1,,2,,2,,"MICHIGAN
(44.66399, -84.711206)",
IOWA,2017,8,,N,0,,0,,,N,,N,,N,0,,0,,,N,,N,"IOWA
(42.46942, -93.815856)",
MAINE,2017,8,1,,2,,9,,19,,23,,,-,0,,0,,,-,,-,"MAINE
(45.252223, -68.986647)",
IDAHO,2017,8,,N,0,,0,,,N,,N,,N,0,,0,,,N,,N,"IDAHO
(43.680635, -114.364237)",
WEST VIRGINIA,2017,8,3,,4,,17,,36,,47,,,-,0,,1,,,-,,-,"WEST VIRGINIA
(38.668501, -80.709421)",
PUERTO RICO,2017,8,,-,0,,0,,,-,,-,,-,0,,0,,,-,,-,"PUERTO RICO
(18.215692, -66.414655)",
DELAWARE,2017,8,,-,1,,6,,16,,13,,,-,0,,0,,,-,,-,"DELAWARE
(39.008676, -75.574561)",
NEVADA,2017,8,,-,3,,12,,38,,63,,,-,0,,0,,,-,,-,"NEVADA
(39.491833, -117.070159)",
MISSISSIPPI,2017,8,,-,4,,11,,31,,67,,,-,0,,0,,,-,,-,"MISSISSIPPI
(32.738663, -89.537312)",
GUAM,2017,8,,-,0,,0,,,-,,-,,-,0,,0,,,-,,-,"GUAM
(13.3532, 144.653198)",
VIRGIN ISL.,2017,8,,-,0,,0,,,-,,-,,-,0,,0,,,-,,-,"VIRGIN ISLANDS
(18.060868, -64.840836)",
MISSOURI,2017,8,11,,5,,18,,99,,33,,,-,0,,3,,5,,,-,"MISSOURI
(38.636168, -92.566292)",
SOUTH CAROLINA,2017,8,3,,8,,39,,153,,75,,,-,0,,0,,,-,,-,"SOUTH CAROLINA
(34.009286, -81.037094)",
VIRGINIA,2017,8,,-,0,,2,,1,,4,,,-,0,,0,,,-,,-,"VIRGINIA
(37.542699, -78.45822)",
INDIANA,2017,8,,-,9,,27,,57,,135,,,-,0,,0,,,-,,-,"INDIANA
(39.76845, -86.156212)",
LOUISIANA,2017,8,3,,5,,16,,54,,76,,,-,0,,1,,,-,,-,"LOUISIANA
(31.2931, -92.463284)",
NEBRASKA,2017,8,6,,3,,8,,39,,39,,,-,0,,1,,,-,1,,"NEBRASKA
(41.640503, -99.367122)",
CALIFORNIA,2017,8,,N,0,,0,,,N,,N,,N,0,,0,,,N,,N,"CALIFORNIA
(37.640735, -121.002435)",
ALASKA,2017,8,1,,2,,8,,13,,19,,,-,0,,0,,,-,,-,"ALASKA
(64.836661, -147.738891)",
OHIO,2017,8,33,,17,,53,,229,,228,,,-,0,,0,,,-,,-,"OHIO
(40.056807, -82.405897)",
NEW HAMPSHIRE,2017,8,1,,2,,6,,26,,21,,,-,0,,0,,,-,,-,"NEW HAMPSHIRE
(43.657736, -71.500736)",
DIST. OF COL.,2017,8,,-,1,,4,,2,,11,,,-,0,,0,,,-,,-,"DISTRICT OF COLUMBIA
(38.892062, -77.019912)",
OREGON,2017,8,,N,0,,0,,,N,,N,,N,0,,0,,,N,,N,"OREGON
(44.567912, -120.156945)",
SOUTH DAKOTA,2017,8,,-,2,,9,,20,,19,,,-,0,,0,,,-,,-,"SOUTH DAKOTA
(44.35371, -100.373709)",
MONTANA,2017,8,3,,1,,7,,11,,16,,1,,0,,1,,2,,1,,"MONTANA
(47.062617, -109.430168)",
UTAH,2017,8,2,,4,,10,,34,,52,,,-,0,,0,,,-,,-,"UTAH
(39.359772, -111.584173)",
HAWAII,2017,8,1,,1,,6,,19,,16,,,-,0,,0,,,-,,-,"HAWAII
(21.30992, -157.858158)",
TENNESSEE,2017,8,21,,17,,38,,201,,161,,,-,0,,1,,,-,,-,"TENNESSEE
(35.681402, -85.774444)",
WISCONSIN,2017,8,8,,7,,22,,114,,87,,,-,0,,0,,,-,,-,"WISCONSIN
(44.395526, -89.834513)",
OKLAHOMA,2017,8,,N,0,,0,,,N,,N,,N,0,,0,,,N,,N,"OKLAHOMA
(35.468494, -97.521264)",
NORTH DAKOTA,2017,8,1,,1,,5,,15,,6,,,-,0,,0,,,-,,-,"NORTH DAKOTA
(47.475879, -100.121011)",
WASHINGTON,2017,8,,N,0,,0,,,N,,N,,N,0,,0,,,N,,N,"WASHINGTON
(47.517368, -120.467672)",
NEW MEXICO,2017,8,3,,5,,15,,64,,64,,,-,0,,0,,,-,,-,"NEW MEXICO
(34.520396, -106.244402)",
KENTUCKY,2017,8,12,,4,,13,,48,,47,,,-,0,,1,,,-,,-,"KENTUCKY
(37.64591, -84.774043)",
FLORIDA,2017,8,21,,10,,59,,132,,157,,,-,0,,1,,1,,,-,"FLORIDA
(28.915325, -81.922409)",
C.N.M.I.,2017,8,,-,,-,,-,,-,,-,,-,,-,,-,,-,,-,"NORTHERN MARIANA ISLANDS
(15.1834, 145.725693)",
NEW YORK,2017,8,24,,18,,51,,157,,151,,,-,0,,0,,,-,,-,"NEW YORK
(42.826892, -75.544286)",
ILLINOIS,2017,8,,N,0,,0,,,N,,N,,N,0,,0,,,N,,N,"ILLINOIS
(40.477092, -88.993221)",
NORTH CAROLINA,2017,8,,N,0,,0,,,N,,N,,N,0,,0,,,N,,N,"NORTH CAROLINA
(35.47995, -79.180571)",
COLORADO,2017,8,15,,9,,19,,99,,101,,,-,0,,0,,,-,,-,"COLORADO
(38.841772, -106.132562)",
RHODE ISLAND,2017,8,,-,1,,10,,8,,4,,,-,0,,0,,,-,,-,"RHODE ISLAND
(41.707447, -71.522488)",
NEW JERSEY,2017,8,3,,0,,8,,26,,2,,,-,0,,2,,2,,,-,"NEW JERSEY
(40.104655, -74.386686)",
ARIZONA,2017,8,20,,11,,33,,175,,218,,,-,0,,0,,,-,,-,"ARIZONA
(34.869712, -111.760902)",
ARKANSAS,2017,8,1,,4,,24,,45,,46,,,-,0,,1,,,-,,-,"ARKANSAS
(34.748745, -92.275105)",
VERMONT,2017,8,,-,1,,5,,7,,23,,,-,0,,0,,,-,,-,"VERMONT
(43.622479, -72.51927)",
KANSAS,2017,8,,-,4,,10,,43,,44,,,-,0,,0,,,-,,-,"KANSAS
(38.345528, -98.201847)",
PENNSYLVANIA,2017,8,6,,9,,23,,86,,113,,,-,0,,2,,4,,3,,"PENNSYLVANIA
(40.789676, -77.858055)",
GEORGIA,2017,8,6,,17,,38,,118,,207,,,-,0,,0,,,-,,-,"GEORGIA
(32.836038, -83.631709)",
WYOMING,2017,8,,-,0,,3,,3,,9,,,-,0,,0,,,-,,-,"WYOMING
(43.23558, -108.110518)",
TEXAS,2017,8,23,,27,,128,,208,,293,,,-,0,,1,,1,,,-,"TEXAS
(31.827233, -99.423022)",
ALABAMA,2017,8,3,,7,,25,,65,,63,,,-,0,,0,,,-,,-,"ALABAMA
(32.839182, -86.631125)",
UNITED STATES,2017,9,260,,298,,583,,3486,,3757,,2,,0,,6,,20,,8,,,
NEW ENGLAND,2017,9,28,,22,,50,,266,,250,,,-,0,,0,,,-,,-,,
MID. ATLANTIC,2017,9,50,,41,,80,,492,,449,,,-,0,,4,,7,,3,,,
NEW YORK CITY,2017,9,16,,13,,29,,179,,150,,,-,0,,0,,,-,,-,,
E.N. CENTRAL,2017,9,33,,49,,103,,567,,702,,,-,0,,1,,2,,2,,,
W.N. CENTRAL,2017,9,13,,16,,45,,271,,161,,1,,0,,3,,6,,1,,,
S. ATLANTIC,2017,9,50,,51,,123,,656,,674,,,-,0,,1,,1,,1,,,
E.S. CENTRAL,2017,9,35,,34,,69,,391,,382,,,-,0,,1,,,-,,-,,
DIST. OF COL.,2017,9,,-,1,,4,,2,,11,,,-,0,,0,,,-,,-,"DISTRICT OF COLUMBIA
(38.892062, -77.019912)",
W.S. CENTRAL,2017,9,35,,37,,169,,360,,512,,1,,0,,1,,2,,,-,,
MOUNTAIN,2017,9,16,,35,,78,,451,,585,,,-,0,,1,,2,,1,,,
PACIFIC,2017,9,,-,4,,10,,32,,42,,,-,0,,0,,,-,,-,,
AMER. SAMOA,2017,9,,N,0,,0,,,N,,N,,N,0,,0,,,N,,N,,
C.N.M.I.,2017,9,,-,,-,,-,,-,,-,,-,,-,,-,,-,,-,"NORTHERN MARIANA ISLANDS
(15.1834, 145.725693)",
MASSACHUSETTS,2017,9,20,,11,,27,,158,,116,,,-,0,,0,,,-,,-,"MASSACHUSETTS
(42.268546, -72.085064)",
LOUISIANA,2017,9,3,,5,,15,,64,,88,,,-,0,,1,,,-,,-,"LOUISIANA
(31.2931, -92.463284)",
WYOMING,2017,9,,-,0,,3,,3,,9,,,-,0,,0,,,-,,-,"WYOMING
(43.23558, -108.110518)",
RHODE ISLAND,2017,9,1,,1,,10,,9,,4,,,-,0,,0,,,-,,-,"RHODE ISLAND
(41.707447, -71.522488)",
MARYLAND,2017,9,14,,9,,22,,117,,102,,,-,0,,0,,,-,1,,"MARYLAND
(39.290443, -76.612333)",
FLORIDA,2017,9,17,,10,,59,,149,,172,,,-,0,,1,,1,,,-,"FLORIDA
(28.915325, -81.922409)",
NEW YORK,2017,9,23,,18,,53,,180,,169,,,-,0,,0,,,-,,-,"NEW YORK
(42.826892, -75.544286)",
IOWA,2017,9,,N,0,,0,,,N,,N,,N,0,,0,,,N,,N,"IOWA
(42.46942, -93.815856)",
PUERTO RICO,2017,9,,-,0,,0,,,-,,-,,-,0,,0,,,-,,-,"PUERTO RICO
(18.215692, -66.414655)",
UTAH,2017,9,,-,4,,10,,33,,62,,,-,0,,0,,,-,,-,"UTAH
(39.359772, -111.584173)",
ALASKA,2017,9,,-,2,,8,,13,,22,,,-,0,,0,,,-,,-,"ALASKA
(64.836661, -147.738891)",
OREGON,2017,9,,N,0,,0,,,N,,N,,N,0,,0,,,N,,N,"OREGON
(44.567912, -120.156945)",
MISSOURI,2017,9,8,,5,,21,,134,,36,,1,,0,,3,,6,,,-,"MISSOURI
(38.636168, -92.566292)",
ARIZONA,2017,9,15,,11,,33,,192,,243,,,-,0,,0,,,-,,-,"ARIZONA
(34.869712, -111.760902)",
TEXAS,2017,9,32,,27,,135,,250,,369,,1,,0,,1,,2,,,-,"TEXAS
(31.827233, -99.423022)",
CALIFORNIA,2017,9,,N,0,,0,,,N,,N,,N,0,,0,,,N,,N,"CALIFORNIA
(37.640735, -121.002435)",
MISSISSIPPI,2017,9,1,,4,,11,,34,,74,,,-,0,,0,,,-,,-,"MISSISSIPPI
(32.738663, -89.537312)",
WEST VIRGINIA,2017,9,2,,4,,17,,44,,53,,,-,0,,1,,,-,,-,"WEST VIRGINIA
(38.668501, -80.709421)",
OHIO,2017,9,31,,17,,53,,259,,256,,,-,0,,0,,,-,,-,"OHIO
(40.056807, -82.405897)",
NORTH DAKOTA,2017,9,2,,2,,5,,18,,8,,,-,0,,0,,,-,,-,"NORTH DAKOTA
(47.475879, -100.121011)",
NORTH CAROLINA,2017,9,,N,0,,0,,,N,,N,,N,0,,0,,,N,,N,"NORTH CAROLINA
(35.47995, -79.180571)",
WASHINGTON,2017,9,,N,0,,0,,,N,,N,,N,0,,0,,,N,,N,"WASHINGTON
(47.517368, -120.467672)",
VERMONT,2017,9,,-,1,,5,,7,,25,,,-,0,,0,,,-,,-,"VERMONT
(43.622479, -72.51927)",
MINNESOTA,2017,9,,-,0,,0,,,-,,-,,-,0,,0,,,-,,-,"MINNESOTA
(46.357661, -94.793397)",
HAWAII,2017,9,,-,1,,6,,19,,20,,,-,0,,0,,,-,,-,"HAWAII
(21.30992, -157.858158)",
NEBRASKA,2017,9,3,,4,,8,,44,,46,,,-,0,,1,,,-,1,,"NEBRASKA
(41.640503, -99.367122)",
COLORADO,2017,9,,-,9,,19,,99,,112,,,-,0,,0,,,-,,-,"COLORADO
(38.841772, -106.132562)",
NEW JERSEY,2017,9,3,,0,,8,,34,,2,,,-,0,,2,,2,,,-,"NEW JERSEY
(40.104655, -74.386686)",
ARKANSAS,2017,9,,-,4,,24,,46,,55,,,-,0,,1,,,-,,-,"ARKANSAS
(34.748745, -92.275105)",
SOUTH CAROLINA,2017,9,4,,8,,41,,183,,82,,,-,0,,0,,,-,,-,"SOUTH CAROLINA
(34.009286, -81.037094)",
VIRGINIA,2017,9,,-,0,,2,,1,,4,,,-,0,,0,,,-,,-,"VIRGINIA
(37.542699, -78.45822)",
INDIANA,2017,9,2,,10,,31,,87,,151,,,-,0,,0,,,-,,-,"INDIANA
(39.76845, -86.156212)",
CONNECTICUT,2017,9,,-,4,,13,,35,,51,,,-,0,,0,,,-,,-,"CONNECTICUT
(41.544654, -72.651713)",
MONTANA,2017,9,,-,1,,7,,12,,17,,,-,0,,1,,2,,1,,"MONTANA
(47.062617, -109.430168)",
ALABAMA,2017,9,,-,6,,25,,68,,76,,,-,0,,0,,,-,,-,"ALABAMA
(32.839182, -86.631125)",
KENTUCKY,2017,9,16,,4,,13,,64,,54,,,-,0,,1,,,-,,-,"KENTUCKY
(37.64591, -84.774043)",
SOUTH DAKOTA,2017,9,,-,2,,9,,20,,20,,,-,0,,0,,,-,,-,"SOUTH DAKOTA
(44.35371, -100.373709)",
DELAWARE,2017,9,1,,1,,6,,19,,14,,,-,0,,0,,,-,,-,"DELAWARE
(39.008676, -75.574561)",
VIRGIN ISL.,2017,9,,-,0,,0,,,-,,-,,-,0,,0,,,-,,-,"VIRGIN ISLANDS
(18.060868, -64.840836)",
MAINE,2017,9,7,,2,,9,,27,,29,,,-,0,,0,,,-,,-,"MAINE
(45.252223, -68.986647)",
IDAHO,2017,9,,N,0,,0,,,N,,N,,N,0,,0,,,N,,N,"IDAHO
(43.680635, -114.364237)",
NEW HAMPSHIRE,2017,9,,-,2,,6,,30,,25,,,-,0,,0,,,-,,-,"NEW HAMPSHIRE
(43.657736, -71.500736)",
NEVADA,2017,9,,-,3,,12,,39,,68,,,-,0,,0,,,-,,-,"NEVADA
(39.491833, -117.070159)",
MICHIGAN,2017,9,,-,13,,28,,107,,199,,,-,0,,1,,2,,2,,"MICHIGAN
(44.66399, -84.711206)",
GUAM,2017,9,,-,0,,0,,,-,,-,,-,0,,0,,,-,,-,"GUAM
(13.3532, 144.653198)",
TENNESSEE,2017,9,18,,18,,38,,225,,178,,,-,0,,1,,,-,,-,"TENNESSEE
(35.681402, -85.774444)",
ILLINOIS,2017,9,,N,0,,0,,,N,,N,,N,0,,0,,,N,,N,"ILLINOIS
(40.477092, -88.993221)",
NEW MEXICO,2017,9,1,,5,,14,,73,,74,,,-,0,,0,,,-,,-,"NEW MEXICO
(34.520396, -106.244402)",
OKLAHOMA,2017,9,,N,0,,0,,,N,,N,,N,0,,0,,,N,,N,"OKLAHOMA
(35.468494, -97.521264)",
KANSAS,2017,9,,-,4,,13,,55,,51,,,-,0,,0,,,-,,-,"KANSAS
(38.345528, -98.201847)",
PENNSYLVANIA,2017,9,8,,9,,23,,99,,128,,,-,0,,2,,5,,3,,"PENNSYLVANIA
(40.789676, -77.858055)",
WISCONSIN,2017,9,,-,7,,22,,114,,96,,,-,0,,0,,,-,,-,"WISCONSIN
(44.395526, -89.834513)",
GEORGIA,2017,9,12,,17,,38,,141,,236,,,-,0,,0,,,-,,-,"GEORGIA
(32.836038, -83.631709)",
UNITED STATES,2017,10,215,,298,,599,,3899,,4235,,4,,0,,6,,24,,8,,,
NEW ENGLAND,2017,10,1,,23,,50,,282,,273,,,-,0,,0,,,-,,-,,
MID. ATLANTIC,2017,10,18,,41,,82,,513,,504,,1,,0,,4,,8,,3,,,
NEW YORK CITY,2017,10,,-,13,,29,,180,,164,,,-,0,,0,,,-,,-,,
E.N. CENTRAL,2017,10,40,,49,,103,,636,,790,,,-,0,,1,,2,,2,,,
W.N. CENTRAL,2017,10,12,,16,,45,,294,,182,,1,,0,,3,,7,,1,,,
S. ATLANTIC,2017,10,45,,52,,123,,758,,758,,,-,0,,1,,1,,1,,,
E.S. CENTRAL,2017,10,25,,34,,69,,443,,437,,,-,0,,1,,,-,,-,,
W.S. CENTRAL,2017,10,49,,37,,183,,446,,580,,2,,0,,1,,4,,,-,,
MOUNTAIN,2017,10,21,,35,,78,,487,,664,,,-,0,,1,,2,,1,,,
PACIFIC,2017,10,4,,4,,10,,40,,47,,,-,0,,0,,,-,,-,,
AMER. SAMOA,2017,10,,N,0,,0,,,N,,N,,N,0,,0,,,N,,N,,
KENTUCKY,2017,10,5,,4,,16,,69,,63,,,-,0,,1,,,-,,-,"KENTUCKY
(37.64591, -84.774043)",
NORTH DAKOTA,2017,10,,-,2,,5,,18,,10,,,-,0,,0,,,-,,-,"NORTH DAKOTA
(47.475879, -100.121011)",
COLORADO,2017,10,,-,9,,19,,99,,131,,,-,0,,0,,,-,,-,"COLORADO
(38.841772, -106.132562)",
MONTANA,2017,10,1,,1,,7,,14,,20,,,-,0,,1,,2,,1,,"MONTANA
(47.062617, -109.430168)",
WISCONSIN,2017,10,9,,7,,22,,131,,105,,,-,0,,0,,,-,,-,"WISCONSIN
(44.395526, -89.834513)",
MASSACHUSETTS,2017,10,,-,11,,27,,158,,129,,,-,0,,0,,,-,,-,"MASSACHUSETTS
(42.268546, -72.085064)",
RHODE ISLAND,2017,10,,-,1,,10,,9,,6,,,-,0,,0,,,-,,-,"RHODE ISLAND
(41.707447, -71.522488)",
ARIZONA,2017,10,18,,11,,33,,211,,268,,,-,0,,0,,,-,,-,"ARIZONA
(34.869712, -111.760902)",
GUAM,2017,10,,-,0,,0,,,-,,-,,-,0,,0,,,-,,-,"GUAM
(13.3532, 144.653198)",
OHIO,2017,10,25,,17,,53,,285,,291,,,-,0,,0,,,-,,-,"OHIO
(40.056807, -82.405897)",
PUERTO RICO,2017,10,,-,0,,0,,,-,,-,,-,0,,0,,,-,,-,"PUERTO RICO
(18.215692, -66.414655)",
UTAH,2017,10,1,,4,,9,,37,,72,,,-,0,,0,,,-,,-,"UTAH
(39.359772, -111.584173)",
WYOMING,2017,10,,-,0,,3,,4,,11,,,-,0,,0,,,-,,-,"WYOMING
(43.23558, -108.110518)",
VIRGINIA,2017,10,,-,0,,2,,2,,5,,,-,0,,0,,,-,,-,"VIRGINIA
(37.542699, -78.45822)",
GEORGIA,2017,10,7,,17,,38,,163,,267,,,-,0,,0,,,-,,-,"GEORGIA
(32.836038, -83.631709)",
OKLAHOMA,2017,10,,N,0,,0,,,N,,N,,N,0,,0,,,N,,N,"OKLAHOMA
(35.468494, -97.521264)",
CALIFORNIA,2017,10,,N,0,,0,,,N,,N,,N,0,,0,,,N,,N,"CALIFORNIA
(37.640735, -121.002435)",
WEST VIRGINIA,2017,10,2,,4,,17,,51,,60,,,-,0,,1,,,-,,-,"WEST VIRGINIA
(38.668501, -80.709421)",
DIST. OF COL.,2017,10,,-,1,,4,,2,,14,,,-,0,,0,,,-,,-,"DISTRICT OF COLUMBIA
(38.892062, -77.019912)",
MARYLAND,2017,10,9,,9,,22,,128,,113,,,-,0,,0,,,-,1,,"MARYLAND
(39.290443, -76.612333)",
VERMONT,2017,10,,-,1,,5,,7,,27,,,-,0,,0,,,-,,-,"VERMONT
(43.622479, -72.51927)",
NORTH CAROLINA,2017,10,,N,0,,0,,,N,,N,,N,0,,0,,,N,,N,"NORTH CAROLINA
(35.47995, -79.180571)",
NEW MEXICO,2017,10,,-,5,,14,,82,,88,,,-,0,,0,,,-,,-,"NEW MEXICO
(34.520396, -106.244402)",
MISSISSIPPI,2017,10,,-,4,,11,,37,,83,,,-,0,,0,,,-,,-,"MISSISSIPPI
(32.738663, -89.537312)",
TEXAS,2017,10,43,,28,,146,,308,,423,,2,,0,,1,,4,,,-,"TEXAS
(31.827233, -99.423022)",
WASHINGTON,2017,10,,N,0,,0,,,N,,N,,N,0,,0,,,N,,N,"WASHINGTON
(47.517368, -120.467672)",
MAINE,2017,10,1,,2,,9,,28,,30,,,-,0,,0,,,-,,-,"MAINE
(45.252223, -68.986647)",
DELAWARE,2017,10,,-,1,,6,,19,,17,,,-,0,,0,,,-,,-,"DELAWARE
(39.008676, -75.574561)",
CONNECTICUT,2017,10,,-,4,,13,,47,,54,,,-,0,,0,,,-,,-,"CONNECTICUT
(41.544654, -72.651713)",
IDAHO,2017,10,,N,0,,0,,,N,,N,,N,0,,0,,,N,,N,"IDAHO
(43.680635, -114.364237)",
MISSOURI,2017,10,,-,5,,21,,134,,41,,,-,0,,3,,6,,,-,"MISSOURI
(38.636168, -92.566292)",
FLORIDA,2017,10,16,,10,,59,,165,,183,,,-,0,,1,,1,,,-,"FLORIDA
(28.915325, -81.922409)",
MINNESOTA,2017,10,,-,0,,0,,,-,,-,,-,0,,0,,,-,,-,"MINNESOTA
(46.357661, -94.793397)",
TENNESSEE,2017,10,19,,18,,38,,250,,197,,,-,0,,1,,,-,,-,"TENNESSEE
(35.681402, -85.774444)",
KANSAS,2017,10,,-,4,,13,,59,,55,,,-,0,,0,,,-,,-,"KANSAS
(38.345528, -98.201847)",
VIRGIN ISL.,2017,10,,-,0,,0,,,-,,-,,-,0,,0,,,-,,-,"VIRGIN ISLANDS
(18.060868, -64.840836)",
SOUTH DAKOTA,2017,10,3,,2,,9,,30,,26,,,-,0,,0,,,-,,-,"SOUTH DAKOTA
(44.35371, -100.373709)",
IOWA,2017,10,,N,0,,0,,,N,,N,,N,0,,0,,,N,,N,"IOWA
(42.46942, -93.815856)",
PENNSYLVANIA,2017,10,,-,9,,23,,99,,151,,,-,0,,2,,5,,3,,"PENNSYLVANIA
(40.789676, -77.858055)",
INDIANA,2017,10,,-,9,,31,,94,,175,,,-,0,,0,,,-,,-,"INDIANA
(39.76845, -86.156212)",
NEVADA,2017,10,1,,3,,12,,40,,74,,,-,0,,0,,,-,,-,"NEVADA
(39.491833, -117.070159)",
LOUISIANA,2017,10,2,,5,,15,,67,,94,,,-,0,,1,,,-,,-,"LOUISIANA
(31.2931, -92.463284)",
NEW YORK,2017,10,16,,18,,55,,196,,187,,,-,0,,0,,,-,,-,"NEW YORK
(42.826892, -75.544286)",
C.N.M.I.,2017,10,,-,,-,,-,,-,,-,,-,,-,,-,,-,,-,"NORTHERN MARIANA ISLANDS
(15.1834, 145.725693)",
ALASKA,2017,10,4,,2,,8,,19,,25,,,-,0,,0,,,-,,-,"ALASKA
(64.836661, -147.738891)",
NEW HAMPSHIRE,2017,10,,-,2,,6,,33,,27,,,-,0,,0,,,-,,-,"NEW HAMPSHIRE
(43.657736, -71.500736)",
ALABAMA,2017,10,1,,7,,25,,87,,94,,,-,0,,0,,,-,,-,"ALABAMA
(32.839182, -86.631125)",
SOUTH CAROLINA,2017,10,11,,9,,41,,228,,99,,,-,0,,0,,,-,,-,"SOUTH CAROLINA
(34.009286, -81.037094)",
ILLINOIS,2017,10,,N,0,,0,,,N,,N,,N,0,,0,,,N,,N,"ILLINOIS
(40.477092, -88.993221)",
NEW JERSEY,2017,10,2,,0,,8,,38,,2,,1,,0,,2,,3,,,-,"NEW JERSEY
(40.104655, -74.386686)",
ARKANSAS,2017,10,4,,4,,27,,71,,63,,,-,0,,1,,,-,,-,"ARKANSAS
(34.748745, -92.275105)",
MICHIGAN,2017,10,6,,12,,28,,126,,219,,,-,0,,1,,2,,2,,"MICHIGAN
(44.66399, -84.711206)",
NEBRASKA,2017,10,9,,3,,8,,53,,50,,1,,0,,1,,1,,1,,"NEBRASKA
(41.640503, -99.367122)",
OREGON,2017,10,,N,0,,0,,,N,,N,,N,0,,0,,,N,,N,"OREGON
(44.567912, -120.156945)",
HAWAII,2017,10,,-,1,,6,,21,,22,,,-,0,,0,,,-,,-,"HAWAII
(21.30992, -157.858158)",
UNITED STATES,2017,11,168,,310,,614,,4414,,4841,,1,,0,,8,,35,,12,,,
IDAHO,2017,13,,N,0,,0,,,N,,N,,N,0,,0,,,N,,N,"IDAHO
(43.680635, -114.364237)",
NEW ENGLAND,2017,11,13,,23,,50,,328,,305,,,-,0,,0,,,-,,-,,
MID. ATLANTIC,2017,11,34,,50,,95,,685,,664,,,-,0,,6,,14,,6,,,
NEW YORK CITY,2017,11,10,,13,,29,,199,,182,,,-,0,,0,,,-,,-,,
E.N. CENTRAL,2017,11,3,,50,,103,,674,,868,,,-,0,,1,,2,,3,,,
W.N. CENTRAL,2017,11,15,,17,,45,,348,,214,,1,,0,,3,,12,,1,,,
S. ATLANTIC,2017,11,31,,53,,120,,803,,851,,,-,0,,1,,1,,1,,,
MICHIGAN,2017,11,2,,13,,28,,150,,244,,,-,0,,1,,2,,3,,"MICHIGAN
(44.66399, -84.711206)",
NEW YORK,2017,11,17,,17,,54,,213,,212,,,-,0,,0,,,-,,-,"NEW YORK
(42.826892, -75.544286)",
MARYLAND,2017,11,2,,9,,20,,130,,118,,,-,0,,0,,,-,1,,"MARYLAND
(39.290443, -76.612333)",
ILLINOIS,2017,11,,N,0,,0,,,N,,N,,N,0,,0,,,N,,N,"ILLINOIS
(40.477092, -88.993221)",
PENNSYLVANIA,2017,11,7,,16,,39,,227,,268,,,-,0,,4,,11,,6,,"PENNSYLVANIA
(40.789676, -77.858055)",
OHIO,2017,11,,-,17,,53,,296,,315,,,-,0,,0,,,-,,-,"OHIO
(40.056807, -82.405897)",
INDIANA,2017,11,1,,9,,31,,97,,189,,,-,0,,0,,,-,,-,"INDIANA
(39.76845, -86.156212)",
SOUTH CAROLINA,2017,11,17,,11,,42,,249,,109,,,-,0,,0,,,-,,-,"SOUTH CAROLINA
(34.009286, -81.037094)",
E.S. CENTRAL,2017,11,7,,35,,69,,485,,485,,,-,0,,1,,,-,,-,,
W.S. CENTRAL,2017,11,54,,37,,187,,521,,665,,,-,0,,2,,4,,,-,,
MOUNTAIN,2017,11,7,,35,,74,,523,,736,,,-,0,,1,,2,,1,,,
PACIFIC,2017,11,4,,4,,10,,47,,53,,,-,0,,0,,,-,,-,,
AMER. SAMOA,2017,11,,N,0,,0,,,N,,N,,N,0,,0,,,N,,N,,
WYOMING,2017,11,,-,0,,3,,4,,12,,,-,0,,0,,,-,,-,"WYOMING
(43.23558, -108.110518)",
ALASKA,2017,11,2,,2,,8,,21,,26,,,-,0,,0,,,-,,-,"ALASKA
(64.836661, -147.738891)",
WISCONSIN,2017,11,,-,7,,22,,131,,120,,,-,0,,0,,,-,,-,"WISCONSIN
(44.395526, -89.834513)",
WEST VIRGINIA,2017,11,2,,4,,17,,60,,77,,,-,0,,1,,,-,,-,"WEST VIRGINIA
(38.668501, -80.709421)",
LOUISIANA,2017,11,12,,5,,15,,89,,120,,,-,0,,1,,,-,,-,"LOUISIANA
(31.2931, -92.463284)",
HAWAII,2017,11,2,,1,,7,,26,,27,,,-,0,,0,,,-,,-,"HAWAII
(21.30992, -157.858158)",
VIRGIN ISL.,2017,11,,-,0,,0,,,-,,-,,-,0,,0,,,-,,-,"VIRGIN ISLANDS
(18.060868, -64.840836)",
KENTUCKY,2017,11,1,,4,,16,,80,,74,,,-,0,,1,,,-,,-,"KENTUCKY
(37.64591, -84.774043)",
GUAM,2017,11,,-,0,,0,,,-,,-,,-,0,,0,,,-,,-,"GUAM
(13.3532, 144.653198)",
MISSISSIPPI,2017,11,,-,4,,11,,45,,87,,,-,0,,0,,,-,,-,"MISSISSIPPI
(32.738663, -89.537312)",
IDAHO,2017,11,,N,0,,0,,,N,,N,,N,0,,0,,,N,,N,"IDAHO
(43.680635, -114.364237)",
ARIZONA,2017,11,,-,11,,33,,211,,301,,,-,0,,0,,,-,,-,"ARIZONA
(34.869712, -111.760902)",
NEVADA,2017,11,1,,3,,12,,52,,79,,,-,0,,0,,,-,,-,"NEVADA
(39.491833, -117.070159)",
OREGON,2017,11,,N,0,,0,,,N,,N,,N,0,,0,,,N,,N,"OREGON
(44.567912, -120.156945)",
SOUTH DAKOTA,2017,11,1,,2,,9,,31,,32,,,-,0,,0,,,-,,-,"SOUTH DAKOTA
(44.35371, -100.373709)",
TENNESSEE,2017,11,5,,18,,38,,263,,222,,,-,0,,1,,,-,,-,"TENNESSEE
(35.681402, -85.774444)",
NEW HAMPSHIRE,2017,11,,-,2,,6,,33,,31,,,-,0,,0,,,-,,-,"NEW HAMPSHIRE
(43.657736, -71.500736)",
PUERTO RICO,2017,11,,-,0,,0,,,-,,-,,-,0,,0,,,-,,-,"PUERTO RICO
(18.215692, -66.414655)",
NEW JERSEY,2017,11,,-,0,,8,,46,,2,,,-,0,,2,,3,,,-,"NEW JERSEY
(40.104655, -74.386686)",
C.N.M.I.,2017,11,,-,,-,,-,,-,,-,,-,,-,,-,,-,,-,"NORTHERN MARIANA ISLANDS
(15.1834, 145.725693)",
UTAH,2017,11,2,,4,,9,,38,,78,,,-,0,,0,,,-,,-,"UTAH
(39.359772, -111.584173)",
IOWA,2017,11,,N,0,,0,,,N,,N,,N,0,,0,,,N,,N,"IOWA
(42.46942, -93.815856)",
ARKANSAS,2017,11,5,,4,,27,,77,,68,,,-,0,,1,,,-,,-,"ARKANSAS
(34.748745, -92.275105)",
MONTANA,2017,11,3,,1,,7,,17,,23,,,-,0,,1,,2,,1,,"MONTANA
(47.062617, -109.430168)",
DELAWARE,2017,11,,-,1,,6,,22,,20,,,-,0,,0,,,-,,-,"DELAWARE
(39.008676, -75.574561)",
RHODE ISLAND,2017,11,,-,1,,10,,9,,7,,,-,0,,0,,,-,,-,"RHODE ISLAND
(41.707447, -71.522488)",
TEXAS,2017,11,37,,28,,150,,355,,477,,,-,0,,2,,4,,,-,"TEXAS
(31.827233, -99.423022)",
MASSACHUSETTS,2017,11,12,,11,,27,,194,,142,,,-,0,,0,,,-,,-,"MASSACHUSETTS
(42.268546, -72.085064)",
COLORADO,2017,11,,-,9,,19,,111,,144,,,-,0,,0,,,-,,-,"COLORADO
(38.841772, -106.132562)",
VERMONT,2017,11,,-,1,,5,,7,,29,,,-,0,,0,,,-,,-,"VERMONT
(43.622479, -72.51927)",
NORTH CAROLINA,2017,11,,N,0,,0,,,N,,N,,N,0,,0,,,N,,N,"NORTH CAROLINA
(35.47995, -79.180571)",
GEORGIA,2017,11,,-,16,,38,,163,,305,,,-,0,,0,,,-,,-,"GEORGIA
(32.836038, -83.631709)",
FLORIDA,2017,11,9,,10,,59,,174,,202,,,-,0,,1,,1,,,-,"FLORIDA
(28.915325, -81.922409)",
CONNECTICUT,2017,11,,-,4,,13,,52,,63,,,-,0,,0,,,-,,-,"CONNECTICUT
(41.544654, -72.651713)",
DIST. OF COL.,2017,11,,-,1,,4,,2,,14,,,-,0,,0,,,-,,-,"DISTRICT OF COLUMBIA
(38.892062, -77.019912)",
VIRGINIA,2017,11,1,,0,,2,,3,,6,,,-,0,,0,,,-,,-,"VIRGINIA
(37.542699, -78.45822)",
MINNESOTA,2017,11,,-,0,,0,,,-,,-,,-,0,,0,,,-,,-,"MINNESOTA
(46.357661, -94.793397)",
MISSOURI,2017,11,7,,5,,23,,173,,47,,1,,0,,3,,11,,,-,"MISSOURI
(38.636168, -92.566292)",
CALIFORNIA,2017,11,,N,0,,0,,,N,,N,,N,0,,0,,,N,,N,"CALIFORNIA
(37.640735, -121.002435)",
OKLAHOMA,2017,11,,N,0,,0,,,N,,N,,N,0,,0,,,N,,N,"OKLAHOMA
(35.468494, -97.521264)",
NORTH DAKOTA,2017,11,,-,1,,5,,18,,15,,,-,0,,0,,,-,,-,"NORTH DAKOTA
(47.475879, -100.121011)",
KANSAS,2017,11,,-,4,,14,,66,,62,,,-,0,,0,,,-,,-,"KANSAS
(38.345528, -98.201847)",
NEBRASKA,2017,11,7,,3,,9,,60,,58,,,-,0,,1,,1,,1,,"NEBRASKA
(41.640503, -99.367122)",
MAINE,2017,11,1,,2,,9,,33,,33,,,-,0,,0,,,-,,-,"MAINE
(45.252223, -68.986647)",
NEW MEXICO,2017,11,1,,5,,14,,90,,99,,,-,0,,0,,,-,,-,"NEW MEXICO
(34.520396, -106.244402)",
WASHINGTON,2017,11,,N,0,,0,,,N,,N,,N,0,,0,,,N,,N,"WASHINGTON
(47.517368, -120.467672)",
ALABAMA,2017,11,1,,7,,25,,97,,102,,,-,0,,0,,,-,,-,"ALABAMA
(32.839182, -86.631125)",
UNITED STATES,2017,12,217,,308,,621,,4949,,5290,,7,,0,,8,,44,,12,,,
NEW ENGLAND,2017,12,5,,22,,50,,353,,336,,,-,0,,0,,,-,,-,,
MID. ATLANTIC,2017,12,40,,50,,95,,742,,727,,1,,0,,6,,15,,6,,,
NEW YORK CITY,2017,12,14,,13,,29,,213,,195,,,-,0,,0,,,-,,-,,
E.N. CENTRAL,2017,12,39,,50,,103,,762,,942,,2,,0,,1,,4,,3,,,
W.N. CENTRAL,2017,12,13,,17,,45,,382,,234,,,-,0,,3,,13,,1,,,
S. ATLANTIC,2017,12,37,,54,,120,,915,,939,,3,,0,,1,,5,,1,,,
E.S. CENTRAL,2017,12,21,,35,,69,,558,,534,,1,,0,,1,,1,,,-,,
W.S. CENTRAL,2017,12,36,,37,,188,,573,,711,,,-,0,,2,,4,,,-,,
MOUNTAIN,2017,12,26,,35,,74,,615,,810,,,-,0,,1,,2,,1,,,
PACIFIC,2017,12,,-,4,,10,,49,,57,,,-,0,,0,,,-,,-,,
AMER. SAMOA,2017,12,,N,0,,0,,,N,,N,,N,0,,0,,,N,,N,,
TENNESSEE,2017,12,13,,17,,38,,282,,251,,,-,0,,1,,,-,,-,"TENNESSEE
(35.681402, -85.774444)",
MISSOURI,2017,12,8,,5,,23,,186,,52,,,-,0,,3,,12,,,-,"MISSOURI
(38.636168, -92.566292)",
NORTH CAROLINA,2017,12,,N,0,,0,,,N,,N,,N,0,,0,,,N,,N,"NORTH CAROLINA
(35.47995, -79.180571)",
LOUISIANA,2017,12,1,,5,,15,,91,,129,,,-,0,,1,,,-,,-,"LOUISIANA
(31.2931, -92.463284)",
VERMONT,2017,12,1,,1,,5,,10,,31,,,-,0,,0,,,-,,-,"VERMONT
(43.622479, -72.51927)",
VIRGIN ISL.,2017,12,,-,0,,0,,,-,,-,,-,0,,0,,,-,,-,"VIRGIN ISLANDS
(18.060868, -64.840836)",
FLORIDA,2017,12,15,,10,,59,,189,,216,,2,,0,,1,,3,,,-,"FLORIDA
(28.915325, -81.922409)",
NEW YORK,2017,12,20,,17,,55,,233,,237,,,-,0,,0,,,-,,-,"NEW YORK
(42.826892, -75.544286)",
ARKANSAS,2017,12,8,,4,,27,,86,,73,,,-,0,,1,,,-,,-,"ARKANSAS
(34.748745, -92.275105)",
OHIO,2017,12,28,,17,,53,,337,,348,,2,,0,,0,,2,,,-,"OHIO
(40.056807, -82.405897)",
HAWAII,2017,12,,-,1,,7,,28,,29,,,-,0,,0,,,-,,-,"HAWAII
(21.30992, -157.858158)",
VIRGINIA,2017,12,,-,0,,2,,5,,7,,,-,0,,0,,,-,,-,"VIRGINIA
(37.542699, -78.45822)",
WISCONSIN,2017,12,9,,6,,22,,144,,129,,,-,0,,0,,,-,,-,"WISCONSIN
(44.395526, -89.834513)",
IOWA,2017,12,,N,0,,0,,,N,,N,,N,0,,0,,,N,,N,"IOWA
(42.46942, -93.815856)",
MICHIGAN,2017,12,1,,13,,28,,161,,264,,,-,0,,1,,2,,3,,"MICHIGAN
(44.66399, -84.711206)",
COLORADO,2017,12,14,,9,,19,,144,,157,,,-,0,,0,,,-,,-,"COLORADO
(38.841772, -106.132562)",
MINNESOTA,2017,12,,-,0,,0,,,-,,-,,-,0,,0,,,-,,-,"MINNESOTA
(46.357661, -94.793397)",
C.N.M.I.,2017,12,,-,,-,,-,,-,,-,,-,,-,,-,,-,,-,"NORTHERN MARIANA ISLANDS
(15.1834, 145.725693)",
DELAWARE,2017,12,1,,1,,6,,26,,22,,,-,0,,0,,,-,,-,"DELAWARE
(39.008676, -75.574561)",
NEW MEXICO,2017,12,2,,5,,14,,95,,110,,,-,0,,0,,,-,,-,"NEW MEXICO
(34.520396, -106.244402)",
OKLAHOMA,2017,12,,N,0,,0,,,N,,N,,N,0,,0,,,N,,N,"OKLAHOMA
(35.468494, -97.521264)",
PENNSYLVANIA,2017,12,4,,16,,39,,243,,293,,1,,0,,4,,12,,6,,"PENNSYLVANIA
(40.789676, -77.858055)",
TEXAS,2017,12,27,,27,,151,,396,,509,,,-,0,,2,,4,,,-,"TEXAS
(31.827233, -99.423022)",
WEST VIRGINIA,2017,12,,-,4,,14,,65,,90,,,-,0,,1,,,-,1,,"WEST VIRGINIA
(38.668501, -80.709421)",
ARIZONA,2017,12,9,,11,,27,,234,,328,,,-,0,,0,,,-,,-,"ARIZONA
(34.869712, -111.760902)",
IDAHO,2017,12,,N,0,,0,,,N,,N,,N,0,,0,,,N,,N,"IDAHO
(43.680635, -114.364237)",
NEBRASKA,2017,12,2,,3,,9,,62,,64,,,-,0,,1,,1,,1,,"NEBRASKA
(41.640503, -99.367122)",
ILLINOIS,2017,12,,N,0,,0,,,N,,N,,N,0,,0,,,N,,N,"ILLINOIS
(40.477092, -88.993221)",
MARYLAND,2017,12,7,,8,,20,,143,,135,,1,,0,,1,,2,,,-,"MARYLAND
(39.290443, -76.612333)",
MASSACHUSETTS,2017,12,,-,11,,27,,194,,159,,,-,0,,0,,,-,,-,"MASSACHUSETTS
(42.268546, -72.085064)",
WASHINGTON,2017,12,,N,0,,0,,,N,,N,,N,0,,0,,,N,,N,"WASHINGTON
(47.517368, -120.467672)",
INDIANA,2017,12,1,,9,,32,,120,,201,,,-,0,,0,,,-,,-,"INDIANA
(39.76845, -86.156212)",
DIST. OF COL.,2017,12,,-,1,,4,,2,,18,,,-,0,,0,,,-,,-,"DISTRICT OF COLUMBIA
(38.892062, -77.019912)",
RHODE ISLAND,2017,12,2,,1,,10,,16,,7,,,-,0,,0,,,-,,-,"RHODE ISLAND
(41.707447, -71.522488)",
UTAH,2017,12,1,,4,,9,,42,,87,,,-,0,,0,,,-,,-,"UTAH
(39.359772, -111.584173)",
CALIFORNIA,2017,12,,N,0,,0,,,N,,N,,N,0,,0,,,N,,N,"CALIFORNIA
(37.640735, -121.002435)",
NEW JERSEY,2017,12,2,,0,,8,,53,,2,,,-,0,,2,,3,,,-,"NEW JERSEY
(40.104655, -74.386686)",
CONNECTICUT,2017,12,,-,4,,15,,64,,69,,,-,0,,0,,,-,,-,"CONNECTICUT
(41.544654, -72.651713)",
NEVADA,2017,12,,-,3,,15,,79,,88,,,-,0,,0,,,-,,-,"NEVADA
(39.491833, -117.070159)",
GUAM,2017,12,,-,0,,0,,,-,,-,,-,0,,0,,,-,,-,"GUAM
(13.3532, 144.653198)",
OREGON,2017,12,,N,0,,0,,,N,,N,,N,0,,0,,,N,,N,"OREGON
(44.567912, -120.156945)",
KANSAS,2017,12,,-,4,,14,,77,,64,,,-,0,,0,,,-,,-,"KANSAS
(38.345528, -98.201847)",
PUERTO RICO,2017,12,,-,0,,0,,,-,,-,,-,0,,0,,,-,,-,"PUERTO RICO
(18.215692, -66.414655)",
WYOMING,2017,12,,-,0,,3,,4,,13,,,-,0,,0,,,-,,-,"WYOMING
(43.23558, -108.110518)",
SOUTH CAROLINA,2017,12,6,,11,,42,,262,,121,,,-,0,,0,,,-,,-,"SOUTH CAROLINA
(34.009286, -81.037094)",
MISSISSIPPI,2017,12,,-,4,,11,,55,,96,,,-,0,,0,,,-,,-,"MISSISSIPPI
(32.738663, -89.537312)",
GEORGIA,2017,12,8,,16,,38,,223,,330,,,-,0,,0,,,-,,-,"GEORGIA
(32.836038, -83.631709)",
NEW HAMPSHIRE,2017,12,,-,2,,6,,34,,35,,,-,0,,0,,,-,,-,"NEW HAMPSHIRE
(43.657736, -71.500736)",
SOUTH DAKOTA,2017,12,3,,2,,9,,37,,37,,,-,0,,0,,,-,,-,"SOUTH DAKOTA
(44.35371, -100.373709)",
KENTUCKY,2017,12,6,,4,,17,,114,,79,,1,,0,,1,,1,,,-,"KENTUCKY
(37.64591, -84.774043)",
MAINE,2017,12,2,,2,,9,,35,,35,,,-,0,,0,,,-,,-,"MAINE
(45.252223, -68.986647)",
ALASKA,2017,12,,-,2,,8,,21,,28,,,-,0,,0,,,-,,-,"ALASKA
(64.836661, -147.738891)",
NORTH DAKOTA,2017,12,,-,1,,5,,20,,17,,,-,0,,0,,,-,,-,"NORTH DAKOTA
(47.475879, -100.121011)",
MONTANA,2017,12,,-,1,,7,,17,,27,,,-,0,,1,,2,,1,,"MONTANA
(47.062617, -109.430168)",
ALABAMA,2017,12,2,,6,,25,,107,,108,,,-,0,,0,,,-,,-,"ALABAMA
(32.839182, -86.631125)",
UNITED STATES,2017,13,242,,306,,645,,5373,,5816,,5,,0,,8,,49,,11,,,
NEW ENGLAND,2017,13,2,,21,,50,,362,,368,,,-,0,,0,,,-,,-,,
MID. ATLANTIC,2017,13,40,,50,,98,,788,,824,,2,,0,,6,,17,,6,,,
NEW YORK CITY,2017,13,18,,13,,29,,232,,218,,2,,0,,0,,2,,,-,,
E.N. CENTRAL,2017,13,41,,51,,103,,837,,1038,,,-,0,,2,,4,,2,,,
W.N. CENTRAL,2017,13,18,,17,,45,,411,,263,,3,,0,,3,,16,,1,,,
S. ATLANTIC,2017,13,39,,54,,120,,1000,,1023,,,-,0,,3,,5,,1,,,
E.S. CENTRAL,2017,13,28,,34,,69,,604,,587,,,-,0,,1,,1,,,-,,
W.S. CENTRAL,2017,13,43,,37,,191,,656,,772,,,-,0,,2,,4,,,-,,
MOUNTAIN,2017,13,27,,35,,68,,662,,874,,,-,0,,1,,2,,1,,,
PACIFIC,2017,13,4,,4,,10,,53,,67,,,-,0,,0,,,-,,-,,
AMER. SAMOA,2017,13,,N,0,,0,,,N,,N,,N,0,,0,,,N,,N,,
PUERTO RICO,2017,13,,-,0,,0,,,-,,-,,-,0,,0,,,-,,-,"PUERTO RICO
(18.215692, -66.414655)",
RHODE ISLAND,2017,13,,-,1,,10,,16,,9,,,-,0,,0,,,-,,-,"RHODE ISLAND
(41.707447, -71.522488)",
WASHINGTON,2017,13,,N,0,,0,,,N,,N,,N,0,,0,,,N,,N,"WASHINGTON
(47.517368, -120.467672)",
VERMONT,2017,13,1,,1,,5,,11,,31,,,-,0,,0,,,-,,-,"VERMONT
(43.622479, -72.51927)",
PENNSYLVANIA,2017,13,,-,16,,39,,243,,330,,,-,0,,4,,12,,6,,"PENNSYLVANIA
(40.789676, -77.858055)",
OHIO,2017,13,31,,17,,53,,370,,378,,,-,0,,2,,2,,,-,"OHIO
(40.056807, -82.405897)",
NEW HAMPSHIRE,2017,13,,-,2,,6,,34,,38,,,-,0,,0,,,-,,-,"NEW HAMPSHIRE
(43.657736, -71.500736)",
MICHIGAN,2017,13,2,,16,,28,,182,,289,,,-,0,,2,,2,,2,,"MICHIGAN
(44.66399, -84.711206)",
CALIFORNIA,2017,13,,N,0,,0,,,N,,N,,N,0,,0,,,N,,N,"CALIFORNIA
(37.640735, -121.002435)",
MONTANA,2017,13,2,,1,,7,,20,,29,,,-,0,,1,,2,,1,,"MONTANA
(47.062617, -109.430168)",
ALASKA,2017,13,4,,2,,8,,25,,36,,,-,0,,0,,,-,,-,"ALASKA
(64.836661, -147.738891)",
NEW JERSEY,2017,13,2,,0,,8,,60,,3,,,-,0,,2,,3,,,-,"NEW JERSEY
(40.104655, -74.386686)",
TEXAS,2017,13,26,,27,,154,,457,,555,,,-,0,,2,,4,,,-,"TEXAS
(31.827233, -99.423022)",
NEBRASKA,2017,13,3,,3,,9,,65,,71,,1,,0,,1,,2,,1,,"NEBRASKA
(41.640503, -99.367122)",
TENNESSEE,2017,13,23,,16,,38,,306,,283,,,-,0,,1,,,-,,-,"TENNESSEE
(35.681402, -85.774444)",
MASSACHUSETTS,2017,13,,-,11,,27,,194,,173,,,-,0,,0,,,-,,-,"MASSACHUSETTS
(42.268546, -72.085064)",
OKLAHOMA,2017,13,,N,0,,0,,,N,,N,,N,0,,0,,,N,,N,"OKLAHOMA
(35.468494, -97.521264)",
MAINE,2017,13,1,,2,,9,,36,,39,,,-,0,,0,,,-,,-,"MAINE
(45.252223, -68.986647)",
DELAWARE,2017,13,1,,1,,6,,28,,22,,,-,0,,0,,,-,,-,"DELAWARE
(39.008676, -75.574561)",
ARIZONA,2017,13,11,,11,,27,,250,,351,,,-,0,,0,,,-,,-,"ARIZONA
(34.869712, -111.760902)",
UTAH,2017,13,1,,4,,9,,43,,88,,,-,0,,0,,,-,,-,"UTAH
(39.359772, -111.584173)",
ARKANSAS,2017,13,12,,4,,27,,103,,81,,,-,0,,1,,,-,,-,"ARKANSAS
(34.748745, -92.275105)",
MINNESOTA,2017,13,,-,0,,0,,,-,,-,,-,0,,0,,,-,,-,"MINNESOTA
(46.357661, -94.793397)",
ALABAMA,2017,13,,-,7,,25,,115,,119,,,-,0,,0,,,-,,-,"ALABAMA
(32.839182, -86.631125)",
GEORGIA,2017,13,4,,18,,40,,268,,361,,,-,0,,0,,,-,,-,"GEORGIA
(32.836038, -83.631709)",
CONNECTICUT,2017,13,,-,4,,15,,71,,78,,,-,0,,0,,,-,,-,"CONNECTICUT
(41.544654, -72.651713)",
FLORIDA,2017,13,17,,10,,59,,202,,228,,,-,0,,2,,3,,,-,"FLORIDA
(28.915325, -81.922409)",
WEST VIRGINIA,2017,13,,-,4,,14,,69,,95,,,-,0,,0,,,-,1,,"WEST VIRGINIA
(38.668501, -80.709421)",
COLORADO,2017,13,12,,9,,19,,156,,176,,,-,0,,0,,,-,,-,"COLORADO
(38.841772, -106.132562)",
GUAM,2017,13,,-,0,,0,,,-,,-,,-,0,,0,,,-,,-,"GUAM
(13.3532, 144.653198)",
VIRGINIA,2017,13,1,,0,,2,,6,,9,,,-,0,,0,,,-,,-,"VIRGINIA
(37.542699, -78.45822)",
INDIANA,2017,13,,-,9,,32,,128,,224,,,-,0,,0,,,-,,-,"INDIANA
(39.76845, -86.156212)",
WISCONSIN,2017,13,8,,7,,22,,157,,147,,,-,0,,0,,,-,,-,"WISCONSIN
(44.395526, -89.834513)",
IOWA,2017,13,,N,0,,0,,,N,,N,,N,0,,0,,,N,,N,"IOWA
(42.46942, -93.815856)",
NEW MEXICO,2017,13,1,,5,,14,,106,,124,,,-,0,,0,,,-,,-,"NEW MEXICO
(34.520396, -106.244402)",
MARYLAND,2017,13,16,,8,,20,,163,,155,,,-,0,,1,,2,,,-,"MARYLAND
(39.290443, -76.612333)",
ILLINOIS,2017,13,,N,0,,0,,,N,,N,,N,0,,0,,,N,,N,"ILLINOIS
(40.477092, -88.993221)",
OREGON,2017,13,,N,0,,0,,,N,,N,,N,0,,0,,,N,,N,"OREGON
(44.567912, -120.156945)",
LOUISIANA,2017,13,5,,5,,15,,96,,136,,,-,0,,1,,,-,,-,"LOUISIANA
(31.2931, -92.463284)",
VIRGIN ISL.,2017,13,,-,0,,0,,,-,,-,,-,0,,0,,,-,,-,"VIRGIN ISLANDS
(18.060868, -64.840836)",
NEW YORK,2017,13,20,,17,,58,,253,,273,,,-,0,,0,,,-,,-,"NEW YORK
(42.826892, -75.544286)",
HAWAII,2017,13,,-,1,,7,,28,,31,,,-,0,,0,,,-,,-,"HAWAII
(21.30992, -157.858158)",
MISSISSIPPI,2017,13,,-,4,,11,,61,,101,,,-,0,,0,,,-,,-,"MISSISSIPPI
(32.738663, -89.537312)",
KENTUCKY,2017,13,5,,4,,17,,122,,84,,,-,0,,1,,1,,,-,"KENTUCKY
(37.64591, -84.774043)",
NORTH CAROLINA,2017,13,,N,0,,0,,,N,,N,,N,0,,0,,,N,,N,"NORTH CAROLINA
(35.47995, -79.180571)",
NEVADA,2017,13,,-,3,,15,,83,,92,,,-,0,,0,,,-,,-,"NEVADA
(39.491833, -117.070159)",
NORTH DAKOTA,2017,13,,-,1,,5,,20,,22,,,-,0,,0,,,-,,-,"NORTH DAKOTA
(47.475879, -100.121011)",
SOUTH DAKOTA,2017,13,6,,2,,9,,44,,46,,1,,0,,0,,1,,,-,"SOUTH DAKOTA
(44.35371, -100.373709)",
SOUTH CAROLINA,2017,13,,-,11,,42,,262,,132,,,-,0,,0,,,-,,-,"SOUTH CAROLINA
(34.009286, -81.037094)",
KANSAS,2017,13,,-,4,,14,,80,,69,,,-,0,,0,,,-,,-,"KANSAS
(38.345528, -98.201847)",
C.N.M.I.,2017,13,,-,,-,,-,,-,,-,,-,,-,,-,,-,,-,"NORTHERN MARIANA ISLANDS
(15.1834, 145.725693)",
MISSOURI,2017,13,9,,6,,23,,202,,55,,1,,0,,3,,13,,,-,"MISSOURI
(38.636168, -92.566292)",
WYOMING,2017,13,,-,0,,3,,4,,14,,,-,0,,0,,,-,,-,"WYOMING
(43.23558, -108.110518)",
DIST. OF COL.,2017,13,,-,1,,4,,2,,21,,,-,0,,0,,,-,,-,"DISTRICT OF COLUMBIA
(38.892062, -77.019912)",
UNITED STATES,2017,14,234,,314,,657,,5871,,6245,,3,,0,,8,,54,,12,,,
NEW ENGLAND,2017,14,12,,22,,50,,415,,403,,,-,0,,0,,,-,,-,,
MID. ATLANTIC,2017,14,48,,49,,98,,848,,897,,1,,0,,6,,20,,6,,,
NEW YORK CITY,2017,14,19,,13,,29,,252,,232,,,-,0,,2,,2,,,-,,
E.N. CENTRAL,2017,14,40,,54,,104,,948,,1120,,,-,0,,2,,4,,3,,,
W.N. CENTRAL,2017,14,10,,17,,45,,443,,283,,2,,0,,3,,18,,1,,,
S. ATLANTIC,2017,14,48,,55,,120,,1117,,1090,,,-,0,,3,,5,,1,,,
E.S. CENTRAL,2017,14,17,,34,,69,,641,,634,,,-,0,,1,,1,,,-,,
W.S. CENTRAL,2017,14,31,,37,,198,,694,,824,,,-,0,,2,,4,,,-,,
MOUNTAIN,2017,14,25,,34,,68,,699,,924,,,-,0,,1,,2,,1,,,
PACIFIC,2017,14,3,,4,,8,,66,,70,,,-,0,,0,,,-,,-,,
AMER. SAMOA,2017,14,,N,0,,0,,,N,,N,,N,0,,0,,,N,,N,,
GUAM,2017,14,,-,0,,0,,,-,,-,,-,0,,0,,,-,,-,"GUAM
(13.3532, 144.653198)",
NEW YORK,2017,14,21,,17,,58,,275,,297,,,-,0,,0,,,-,,-,"NEW YORK
(42.826892, -75.544286)",
KANSAS,2017,14,,-,5,,14,,89,,77,,,-,0,,1,,,-,,-,"KANSAS
(38.345528, -98.201847)",
C.N.M.I.,2017,14,,-,,-,,-,,-,,-,,-,,-,,-,,-,,-,"NORTHERN MARIANA ISLANDS
(15.1834, 145.725693)",
NEW JERSEY,2017,14,2,,0,,8,,66,,3,,,-,0,,2,,5,,,-,"NEW JERSEY
(40.104655, -74.386686)",
WYOMING,2017,14,,-,0,,3,,4,,14,,,-,0,,0,,,-,,-,"WYOMING
(43.23558, -108.110518)",
NEW MEXICO,2017,14,,-,5,,13,,110,,131,,,-,0,,0,,,-,,-,"NEW MEXICO
(34.520396, -106.244402)",
MONTANA,2017,14,1,,1,,7,,21,,33,,,-,0,,1,,2,,1,,"MONTANA
(47.062617, -109.430168)",
INDIANA,2017,14,3,,10,,32,,160,,242,,,-,0,,0,,,-,,-,"INDIANA
(39.76845, -86.156212)",
PUERTO RICO,2017,14,,-,0,,0,,,-,,-,,-,0,,0,,,-,,-,"PUERTO RICO
(18.215692, -66.414655)",
RHODE ISLAND,2017,14,,-,1,,11,,16,,11,,,-,0,,0,,,-,,-,"RHODE ISLAND
(41.707447, -71.522488)",
ILLINOIS,2017,14,,N,0,,0,,,N,,N,,N,0,,0,,,N,,N,"ILLINOIS
(40.477092, -88.993221)",
TEXAS,2017,14,19,,28,,161,,482,,596,,,-,0,,2,,4,,,-,"TEXAS
(31.827233, -99.423022)",
GEORGIA,2017,14,10,,18,,40,,294,,388,,,-,0,,0,,,-,,-,"GEORGIA
(32.836038, -83.631709)",
PENNSYLVANIA,2017,14,6,,16,,39,,255,,365,,1,,0,,4,,13,,6,,"PENNSYLVANIA
(40.789676, -77.858055)",
VIRGIN ISL.,2017,14,,-,0,,0,,,-,,-,,-,0,,0,,,-,,-,"VIRGIN ISLANDS
(18.060868, -64.840836)",
DELAWARE,2017,14,,-,1,,6,,28,,23,,,-,0,,0,,,-,,-,"DELAWARE
(39.008676, -75.574561)",
HAWAII,2017,14,,-,1,,7,,37,,32,,,-,0,,0,,,-,,-,"HAWAII
(21.30992, -157.858158)",
MISSISSIPPI,2017,14,,-,4,,11,,67,,103,,,-,0,,0,,,-,,-,"MISSISSIPPI
(32.738663, -89.537312)",
ARKANSAS,2017,14,12,,4,,27,,116,,88,,,-,0,,1,,,-,,-,"ARKANSAS
(34.748745, -92.275105)",
NEVADA,2017,14,2,,3,,16,,89,,96,,,-,0,,0,,,-,,-,"NEVADA
(39.491833, -117.070159)",
KENTUCKY,2017,14,,-,4,,17,,122,,90,,,-,0,,1,,1,,,-,"KENTUCKY
(37.64591, -84.774043)",
MASSACHUSETTS,2017,14,6,,11,,28,,239,,184,,,-,0,,0,,,-,,-,"MASSACHUSETTS
(42.268546, -72.085064)",
NEBRASKA,2017,14,,-,3,,10,,69,,77,,,-,0,,1,,2,,1,,"NEBRASKA
(41.640503, -99.367122)",
OKLAHOMA,2017,14,,N,0,,0,,,N,,N,,N,0,,0,,,N,,N,"OKLAHOMA
(35.468494, -97.521264)",
WASHINGTON,2017,14,,N,0,,0,,,N,,N,,N,0,,0,,,N,,N,"WASHINGTON
(47.517368, -120.467672)",
WEST VIRGINIA,2017,14,6,,4,,14,,87,,103,,,-,0,,0,,,-,1,,"WEST VIRGINIA
(38.668501, -80.709421)",
NORTH CAROLINA,2017,14,,N,0,,0,,,N,,N,,N,0,,0,,,N,,N,"NORTH CAROLINA
(35.47995, -79.180571)",
NEW HAMPSHIRE,2017,14,,-,1,,6,,34,,44,,,-,0,,0,,,-,,-,"NEW HAMPSHIRE
(43.657736, -71.500736)",
IDAHO,2017,14,,N,0,,0,,,N,,N,,N,0,,0,,,N,,N,"IDAHO
(43.680635, -114.364237)",
MARYLAND,2017,14,5,,8,,18,,169,,166,,,-,0,,1,,2,,,-,"MARYLAND
(39.290443, -76.612333)",
CALIFORNIA,2017,14,,N,0,,0,,,N,,N,,N,0,,0,,,N,,N,"CALIFORNIA
(37.640735, -121.002435)",
MINNESOTA,2017,14,,-,0,,0,,,-,,-,,-,0,,0,,,-,,-,"MINNESOTA
(46.357661, -94.793397)",
TENNESSEE,2017,14,17,,16,,38,,334,,310,,,-,0,,1,,,-,,-,"TENNESSEE
(35.681402, -85.774444)",
FLORIDA,2017,14,19,,10,,59,,221,,236,,,-,0,,2,,3,,,-,"FLORIDA
(28.915325, -81.922409)",
CONNECTICUT,2017,14,,-,4,,15,,73,,84,,,-,0,,0,,,-,,-,"CONNECTICUT
(41.544654, -72.651713)",
SOUTH CAROLINA,2017,14,8,,11,,42,,310,,144,,,-,0,,0,,,-,,-,"SOUTH CAROLINA
(34.009286, -81.037094)",
ARIZONA,2017,14,7,,11,,27,,259,,368,,,-,0,,0,,,-,,-,"ARIZONA
(34.869712, -111.760902)",
VIRGINIA,2017,14,,-,0,,2,,6,,9,,,-,0,,0,,,-,,-,"VIRGINIA
(37.542699, -78.45822)",
NORTH DAKOTA,2017,14,1,,1,,5,,25,,23,,,-,0,,0,,,-,,-,"NORTH DAKOTA
(47.475879, -100.121011)",
SOUTH DAKOTA,2017,14,,-,2,,6,,44,,49,,,-,0,,1,,1,,,-,"SOUTH DAKOTA
(44.35371, -100.373709)",
OREGON,2017,14,,N,0,,0,,,N,,N,,N,0,,0,,,N,,N,"OREGON
(44.567912, -120.156945)",
VERMONT,2017,14,1,,1,,5,,12,,32,,,-,0,,0,,,-,,-,"VERMONT
(43.622479, -72.51927)",
MISSOURI,2017,14,9,,6,,24,,216,,57,,2,,0,,3,,15,,,-,"MISSOURI
(38.636168, -92.566292)",
COLORADO,2017,14,14,,9,,19,,170,,189,,,-,0,,0,,,-,,-,"COLORADO
(38.841772, -106.132562)",
LOUISIANA,2017,14,,-,5,,15,,96,,140,,,-,0,,1,,,-,,-,"LOUISIANA
(31.2931, -92.463284)",
OHIO,2017,14,27,,17,,53,,419,,405,,,-,0,,2,,2,,,-,"OHIO
(40.056807, -82.405897)",
ALABAMA,2017,14,,-,6,,25,,118,,131,,,-,0,,0,,,-,,-,"ALABAMA
(32.839182, -86.631125)",
DIST. OF COL.,2017,14,,-,1,,4,,2,,21,,,-,0,,0,,,-,,-,"DISTRICT OF COLUMBIA
(38.892062, -77.019912)",
WISCONSIN,2017,14,10,,7,,22,,170,,156,,,-,0,,0,,,-,,-,"WISCONSIN
(44.395526, -89.834513)",
ALASKA,2017,14,3,,2,,6,,29,,38,,,-,0,,0,,,-,,-,"ALASKA
(64.836661, -147.738891)",
MAINE,2017,14,5,,2,,9,,41,,48,,,-,0,,0,,,-,,-,"MAINE
(45.252223, -68.986647)",
MICHIGAN,2017,14,,-,16,,28,,199,,317,,,-,0,,2,,2,,3,,"MICHIGAN
(44.66399, -84.711206)",
IOWA,2017,14,,N,0,,0,,,N,,N,,N,0,,0,,,N,,N,"IOWA
(42.46942, -93.815856)",
UTAH,2017,14,1,,4,,9,,46,,93,,,-,0,,0,,,-,,-,"UTAH
(39.359772, -111.584173)",
UNITED STATES,2017,15,177,,313,,668,,6226,,6754,,1,,1,,11,,57,,14,,,
NEW ENGLAND,2017,15,,-,21,,50,,423,,429,,,-,0,,0,,,-,,-,,
MID. ATLANTIC,2017,15,19,,49,,99,,885,,971,,1,,0,,8,,26,,8,,,
NEW YORK CITY,2017,15,10,,13,,29,,263,,251,,,-,0,,2,,2,,,-,,
E.N. CENTRAL,2017,15,37,,54,,104,,1019,,1216,,,-,0,,2,,4,,3,,,
W.N. CENTRAL,2017,15,17,,17,,46,,487,,298,,,-,0,,3,,16,,1,,,
S. ATLANTIC,2017,15,21,,55,,120,,1166,,1210,,,-,0,,3,,4,,1,,,
E.S. CENTRAL,2017,15,21,,34,,69,,683,,672,,,-,0,,1,,1,,,-,,
W.S. CENTRAL,2017,15,25,,36,,202,,746,,904,,,-,0,,2,,4,,,-,,
MOUNTAIN,2017,15,35,,33,,68,,744,,983,,,-,0,,1,,2,,1,,,
PACIFIC,2017,15,2,,4,,10,,73,,71,,,-,0,,0,,,-,,-,,
AMER. SAMOA,2017,15,,N,0,,0,,,N,,N,,N,0,,0,,,N,,N,,
WYOMING,2017,15,,-,0,,3,,4,,14,,,-,0,,0,,,-,,-,"WYOMING
(43.23558, -108.110518)",
NEW YORK,2017,15,,-,17,,58,,275,,321,,,-,0,,0,,,-,,-,"NEW YORK
(42.826892, -75.544286)",
OREGON,2017,15,,N,0,,0,,,N,,N,,N,0,,0,,,N,,N,"OREGON
(44.567912, -120.156945)",
MASSACHUSETTS,2017,15,,-,10,,28,,239,,197,,,-,0,,0,,,-,,-,"MASSACHUSETTS
(42.268546, -72.085064)",
WEST VIRGINIA,2017,15,,-,4,,14,,87,,111,,,-,0,,0,,,-,1,,"WEST VIRGINIA
(38.668501, -80.709421)",
NEVADA,2017,15,3,,3,,16,,96,,98,,,-,0,,0,,,-,,-,"NEVADA
(39.491833, -117.070159)",
GUAM,2017,15,,-,0,,0,,,-,,-,,-,0,,0,,,-,,-,"GUAM
(13.3532, 144.653198)",
ARKANSAS,2017,15,5,,4,,31,,126,,104,,,-,0,,1,,,-,,-,"ARKANSAS
(34.748745, -92.275105)",
OKLAHOMA,2017,15,,N,0,,0,,,N,,N,,N,0,,0,,,N,,N,"OKLAHOMA
(35.468494, -97.521264)",
DELAWARE,2017,15,,-,1,,6,,33,,26,,,-,0,,0,,,-,,-,"DELAWARE
(39.008676, -75.574561)",
VIRGIN ISL.,2017,15,,-,0,,0,,,-,,-,,-,0,,0,,,-,,-,"VIRGIN ISLANDS
(18.060868, -64.840836)",
OHIO,2017,15,36,,17,,53,,455,,429,,,-,0,,2,,2,,,-,"OHIO
(40.056807, -82.405897)",
WASHINGTON,2017,15,,N,0,,0,,,N,,N,,N,0,,0,,,N,,N,"WASHINGTON
(47.517368, -120.467672)",
CONNECTICUT,2017,15,,-,4,,17,,81,,88,,,-,0,,0,,,-,,-,"CONNECTICUT
(41.544654, -72.651713)",
FLORIDA,2017,15,7,,10,,59,,228,,295,,,-,0,,2,,3,,,-,"FLORIDA
(28.915325, -81.922409)",
IOWA,2017,15,,N,0,,0,,,N,,N,,N,0,,0,,,N,,N,"IOWA
(42.46942, -93.815856)",
DIST. OF COL.,2017,15,,-,1,,4,,2,,23,,,-,0,,0,,,-,,-,"DISTRICT OF COLUMBIA
(38.892062, -77.019912)",
NEW JERSEY,2017,15,3,,0,,8,,73,,3,,,-,0,,2,,5,,,-,"NEW JERSEY
(40.104655, -74.386686)",
ILLINOIS,2017,15,,N,0,,0,,,N,,N,,N,0,,0,,,N,,N,"ILLINOIS
(40.477092, -88.993221)",
UTAH,2017,15,,-,4,,9,,47,,101,,,-,0,,0,,,-,,-,"UTAH
(39.359772, -111.584173)",
RHODE ISLAND,2017,15,,-,1,,11,,16,,17,,,-,0,,0,,,-,,-,"RHODE ISLAND
(41.707447, -71.522488)",
MARYLAND,2017,15,12,,8,,18,,182,,181,,,-,0,,1,,1,,,-,"MARYLAND
(39.290443, -76.612333)",
KANSAS,2017,15,,-,5,,14,,99,,81,,,-,0,,1,,,-,,-,"KANSAS
(38.345528, -98.201847)",
GEORGIA,2017,15,,-,17,,40,,294,,416,,,-,0,,0,,,-,,-,"GEORGIA
(32.836038, -83.631709)",
TEXAS,2017,15,19,,28,,161,,517,,645,,,-,0,,2,,4,,,-,"TEXAS
(31.827233, -99.423022)",
ALASKA,2017,15,1,,2,,6,,32,,39,,,-,0,,0,,,-,,-,"ALASKA
(64.836661, -147.738891)",
MAINE,2017,15,,-,2,,8,,41,,51,,,-,0,,0,,,-,,-,"MAINE
(45.252223, -68.986647)",
INDIANA,2017,15,,-,11,,33,,176,,279,,,-,0,,0,,,-,,-,"INDIANA
(39.76845, -86.156212)",
SOUTH DAKOTA,2017,15,1,,2,,7,,49,,52,,,-,0,,1,,1,,,-,"SOUTH DAKOTA
(44.35371, -100.373709)",
NEBRASKA,2017,15,2,,3,,10,,72,,81,,,-,0,,1,,2,,1,,"NEBRASKA
(41.640503, -99.367122)",
ALABAMA,2017,15,,-,6,,25,,118,,135,,,-,0,,0,,,-,,-,"ALABAMA
(32.839182, -86.631125)",
ARIZONA,2017,15,18,,10,,27,,279,,389,,,-,0,,0,,,-,,-,"ARIZONA
(34.869712, -111.760902)",
KENTUCKY,2017,15,2,,4,,17,,136,,101,,,-,0,,1,,1,,,-,"KENTUCKY
(37.64591, -84.774043)",
NORTH CAROLINA,2017,15,,N,0,,0,,,N,,N,,N,0,,0,,,N,,N,"NORTH CAROLINA
(35.47995, -79.180571)",
PUERTO RICO,2017,15,,-,0,,0,,,-,,-,,-,0,,0,,,-,,-,"PUERTO RICO
(18.215692, -66.414655)",
NEW HAMPSHIRE,2017,15,,-,1,,6,,34,,44,,,-,0,,0,,,-,,-,"NEW HAMPSHIRE
(43.657736, -71.500736)",
SOUTH CAROLINA,2017,15,2,,11,,42,,334,,149,,,-,0,,0,,,-,,-,"SOUTH CAROLINA
(34.009286, -81.037094)",
PENNSYLVANIA,2017,15,6,,16,,39,,274,,396,,1,,0,,4,,19,,8,,"PENNSYLVANIA
(40.789676, -77.858055)",
MISSOURI,2017,15,12,,6,,24,,240,,60,,,-,0,,3,,13,,,-,"MISSOURI
(38.636168, -92.566292)",
IDAHO,2017,15,,N,0,,0,,,N,,N,,N,0,,0,,,N,,N,"IDAHO
(43.680635, -114.364237)",
MINNESOTA,2017,15,,-,0,,0,,,-,,-,,-,0,,0,,,-,,-,"MINNESOTA
(46.357661, -94.793397)",
CALIFORNIA,2017,15,,N,0,,0,,,N,,N,,N,0,,0,,,N,,N,"CALIFORNIA
(37.640735, -121.002435)",
MICHIGAN,2017,15,1,,14,,28,,218,,335,,,-,0,,2,,2,,3,,"MICHIGAN
(44.66399, -84.711206)",
NEW MEXICO,2017,15,1,,5,,13,,113,,142,,,-,0,,0,,,-,,-,"NEW MEXICO
(34.520396, -106.244402)",
LOUISIANA,2017,15,1,,5,,15,,103,,155,,,-,0,,1,,,-,,-,"LOUISIANA
(31.2931, -92.463284)",
TENNESSEE,2017,15,19,,16,,38,,357,,330,,,-,0,,1,,,-,,-,"TENNESSEE
(35.681402, -85.774444)",
MONTANA,2017,15,,-,1,,7,,22,,36,,,-,0,,1,,2,,1,,"MONTANA
(47.062617, -109.430168)",
MISSISSIPPI,2017,15,,-,4,,11,,72,,106,,,-,0,,0,,,-,,-,"MISSISSIPPI
(32.738663, -89.537312)",
VERMONT,2017,15,,-,1,,5,,12,,32,,,-,0,,0,,,-,,-,"VERMONT
(43.622479, -72.51927)",
NORTH DAKOTA,2017,15,2,,2,,5,,27,,24,,,-,0,,0,,,-,,-,"NORTH DAKOTA
(47.475879, -100.121011)",
COLORADO,2017,15,13,,9,,19,,183,,203,,,-,0,,0,,,-,,-,"COLORADO
(38.841772, -106.132562)",
VIRGINIA,2017,15,,-,0,,2,,6,,9,,,-,0,,0,,,-,,-,"VIRGINIA
(37.542699, -78.45822)",
HAWAII,2017,15,1,,1,,7,,41,,32,,,-,0,,0,,,-,,-,"HAWAII
(21.30992, -157.858158)",
WISCONSIN,2017,15,,-,7,,22,,170,,173,,,-,0,,0,,,-,,-,"WISCONSIN
(44.395526, -89.834513)",
C.N.M.I.,2017,15,,-,,-,,-,,-,,-,,-,,-,,-,,-,,-,"NORTHERN MARIANA ISLANDS
(15.1834, 145.725693)",
