 Reporting Area,MMWR Year,MMWR Week,"Meningococcal disease, invasive (Neisseria meningitidis)§, All serogroups, Current week","Meningococcal disease, invasive (Neisseria meningitidis)§, All serogroups, Current week, flag","Meningococcal disease, invasive (Neisseria meningitidis)§, All serogroups, Previous 52 weeks Med","Meningococcal disease, invasive (Neisseria meningitidis)§, All serogroups, Previous 52 weeks Med, flag","Meningococcal disease, invasive (Neisseria meningitidis)§, All serogroups, Previous 52 weeks Max","Meningococcal disease, invasive (Neisseria meningitidis)§, All serogroups, Previous 52 weeks Max, flag","Meningococcal disease, invasive (Neisseria meningitidis)§, All serogroups, Cum 2017","Meningococcal disease, invasive (Neisseria meningitidis)§, All serogroups, Cum 2017, flag","Meningococcal disease, invasive (Neisseria meningitidis)§, All serogroups, Cum 2016","Meningococcal disease, invasive (Neisseria meningitidis)§, All serogroups, Cum 2016, flag","Mumps, Current week","Mumps, Current week, flag","Mumps, Previous 52 weeks Med","Mumps, Previous 52 weeks Med, flag","Mumps, Previous 52 weeks Max","Mumps, Previous 52 weeks Max, flag","Mumps, Cum 2017","Mumps, Cum 2017, flag","Mumps, Cum 2016","Mumps, Cum 2016, flag","Pertussis, Current week","Pertussis, Current week, flag","Pertussis, Previous 52 weeks Med","Pertussis, Previous 52 weeks Med, flag","Pertussis, Previous 52 weeks Max","Pertussis, Previous 52 weeks Max, flag","Pertussis, Cum 2017","Pertussis, Cum 2017, flag","Pertussis, Cum 2016","Pertussis, Cum 2016, flag",Location 1,Location 2
UNITED STATES,2017,1,3,,6,,21,,3,,4,,29,,69,,390,,29,,40,,62,,311,,433,,62,,311,,,
NEW ENGLAND,2017,1,,-,0,,2,,,-,,-,,-,3,,38,,,-,,-,2,,14,,64,,2,,26,,,
MID. ATLANTIC,2017,1,,-,0,,4,,,-,,-,4,,5,,31,,4,,1,,21,,54,,90,,21,,57,,,
NEW YORK CITY,2017,1,,-,0,,2,,,-,,-,,-,1,,18,,,-,1,,,-,5,,14,,,-,9,,,
E.N. CENTRAL,2017,1,,-,0,,4,,,-,,-,,-,9,,55,,,-,5,,19,,70,,156,,19,,78,,,
W.N. CENTRAL,2017,1,,-,0,,1,,,-,,-,,-,15,,45,,,-,34,,,-,29,,53,,,-,25,,,
S. ATLANTIC,2017,1,1,,1,,4,,1,,,-,1,,2,,8,,1,,,-,1,,25,,43,,1,,39,,,
E.S. CENTRAL,2017,1,,-,0,,2,,,-,,-,,-,1,,15,,,-,,-,1,,14,,34,,1,,34,,,
W.S. CENTRAL,2017,1,,-,0,,3,,,-,,-,23,,2,,325,,23,,,-,1,,27,,83,,1,,3,,,
MOUNTAIN,2017,1,,-,0,,3,,,-,,-,,-,1,,6,,,-,,-,16,,29,,59,,16,,20,,,
PACIFIC,2017,1,2,,2,,7,,2,,4,,1,,2,,37,,1,,,-,1,,38,,58,,1,,29,,,
AMER. SAMOA,2017,1,,-,0,,0,,,-,,-,,-,0,,0,,,-,,-,,-,0,,0,,,-,,-,,
ALABAMA,2017,1,,-,0,,1,,,-,,-,,-,0,,1,,,-,,-,,-,3,,7,,,-,5,,"ALABAMA
(32.839182, -86.631125)",
PUERTO RICO,2017,1,,-,0,,0,,,-,,-,,-,0,,1,,,-,,-,,-,0,,4,,,-,,-,"PUERTO RICO
(18.215692, -66.414655)",
IDAHO,2017,1,,-,0,,1,,,-,,-,,-,0,,1,,,-,,-,,-,1,,8,,,-,,-,"IDAHO
(43.680635, -114.364237)",
RHODE ISLAND,2017,1,,-,0,,0,,,-,,-,,-,0,,1,,,-,,-,,-,0,,16,,,-,,-,"RHODE ISLAND
(41.707447, -71.522488)",
IOWA,2017,1,,-,0,,1,,,-,,-,,-,11,,40,,,-,32,,,-,2,,11,,,-,5,,"IOWA
(42.46942, -93.815856)",
HAWAII,2017,1,,-,0,,1,,,-,,-,,-,0,,2,,,-,,-,,-,1,,5,,,-,2,,"HAWAII
(21.30992, -157.858158)",
MICHIGAN,2017,1,,-,0,,1,,,-,,-,,-,0,,2,,,-,,-,,-,7,,29,,,-,11,,"MICHIGAN
(44.66399, -84.711206)",
MINNESOTA,2017,1,,-,0,,1,,,-,,-,,-,0,,4,,,-,1,,,-,13,,34,,,-,13,,"MINNESOTA
(46.357661, -94.793397)",
MARYLAND,2017,1,,-,0,,1,,,-,,-,,-,0,,3,,,-,,-,,-,2,,9,,,-,3,,"MARYLAND
(39.290443, -76.612333)",
C.N.M.I.,2017,1,,-,,-,,-,,-,,-,,-,,-,,-,,-,,-,,-,,-,,-,,-,,-,"NORTHERN MARIANA ISLANDS
(15.1834, 145.725693)",
ARIZONA,2017,1,,-,0,,1,,,-,,-,,-,0,,2,,,-,,-,2,,4,,21,,2,,8,,"ARIZONA
(34.869712, -111.760902)",
WISCONSIN,2017,1,,-,0,,1,,,-,,-,,-,0,,10,,,-,1,,1,,22,,99,,1,,14,,"WISCONSIN
(44.395526, -89.834513)",
NEW YORK,2017,1,,-,0,,1,,,-,,-,4,,1,,24,,4,,,-,5,,13,,24,,5,,4,,"NEW YORK
(42.826892, -75.544286)",
MONTANA,2017,1,,-,0,,1,,,-,,-,,-,0,,6,,,-,,-,,-,0,,3,,,-,1,,"MONTANA
(47.062617, -109.430168)",
LOUISIANA,2017,1,,-,0,,1,,,-,,-,,-,0,,0,,,-,,-,,-,0,,5,,,-,1,,"LOUISIANA
(31.2931, -92.463284)",
NEW MEXICO,2017,1,,-,0,,1,,,-,,-,,-,0,,1,,,-,,-,,-,3,,8,,,-,1,,"NEW MEXICO
(34.520396, -106.244402)",
NORTH DAKOTA,2017,1,,-,0,,0,,,-,,-,,-,0,,3,,,-,,-,,-,0,,5,,,-,,-,"NORTH DAKOTA
(47.475879, -100.121011)",
PENNSYLVANIA,2017,1,,-,0,,2,,,-,,-,,-,0,,2,,,-,,-,16,,25,,77,,16,,25,,"PENNSYLVANIA
(40.789676, -77.858055)",
ALASKA,2017,1,,-,0,,2,,,-,,-,1,,0,,2,,1,,,-,1,,2,,10,,1,,2,,"ALASKA
(64.836661, -147.738891)",
UTAH,2017,1,,-,0,,1,,,-,,-,,-,0,,1,,,-,,-,,-,4,,10,,,-,6,,"UTAH
(39.359772, -111.584173)",
SOUTH DAKOTA,2017,1,,-,0,,1,,,-,,-,,-,0,,2,,,-,,-,,-,0,,2,,,-,,-,"SOUTH DAKOTA
(44.35371, -100.373709)",
TEXAS,2017,1,,-,0,,3,,,-,,-,4,,1,,31,,4,,,-,1,,21,,40,,1,,2,,"TEXAS
(31.827233, -99.423022)",
GUAM,2017,1,,-,0,,0,,,-,,-,,-,0,,0,,,-,,-,,-,0,,0,,,-,,-,"GUAM
(13.3532, 144.653198)",
CONNECTICUT,2017,1,,-,0,,1,,,-,,-,,-,0,,12,,,-,,-,,-,1,,6,,,-,2,,"CONNECTICUT
(41.544654, -72.651713)",
NEW HAMPSHIRE,2017,1,,-,0,,0,,,-,,-,,-,0,,5,,,-,,-,,-,1,,4,,,-,2,,"NEW HAMPSHIRE
(43.657736, -71.500736)",
VIRGINIA,2017,1,,-,0,,2,,,-,,-,,-,0,,2,,,-,,-,,-,3,,10,,,-,,-,"VIRGINIA
(37.542699, -78.45822)",
KENTUCKY,2017,1,,-,0,,1,,,-,,-,,-,0,,15,,,-,,-,1,,8,,27,,1,,27,,"KENTUCKY
(37.64591, -84.774043)",
WASHINGTON,2017,1,,-,0,,1,,,-,,-,,-,0,,35,,,-,,-,,-,9,,30,,,-,,-,"WASHINGTON
(47.517368, -120.467672)",
KANSAS,2017,1,,-,0,,1,,,-,,-,,-,0,,2,,,-,1,,,-,2,,8,,,-,,-,"KANSAS
(38.345528, -98.201847)",
DELAWARE,2017,1,,-,0,,0,,,-,,-,,-,0,,0,,,-,,-,,-,0,,3,,,-,3,,"DELAWARE
(39.008676, -75.574561)",
WYOMING,2017,1,,-,0,,0,,,-,,-,,-,0,,0,,,-,,-,,-,0,,3,,,-,,-,"WYOMING
(43.23558, -108.110518)",
COLORADO,2017,1,,-,0,,1,,,-,,-,,-,0,,3,,,-,,-,14,,15,,25,,14,,3,,"COLORADO
(38.841772, -106.132562)",
OKLAHOMA,2017,1,,-,0,,1,,,-,,-,3,,0,,81,,3,,,-,,-,0,,54,,,-,,-,"OKLAHOMA
(35.468494, -97.521264)",
FLORIDA,2017,1,1,,0,,2,,1,,,-,1,,0,,2,,1,,,-,1,,7,,16,,1,,7,,"FLORIDA
(28.915325, -81.922409)",
NORTH CAROLINA,2017,1,,-,0,,1,,,-,,-,,-,0,,8,,,-,,-,,-,4,,11,,,-,11,,"NORTH CAROLINA
(35.47995, -79.180571)",
OHIO,2017,1,,-,0,,1,,,-,,-,,-,1,,20,,,-,,-,18,,18,,38,,18,,25,,"OHIO
(40.056807, -82.405897)",
VIRGIN ISL.,2017,1,,-,0,,0,,,-,,-,,-,0,,0,,,-,,-,,-,0,,0,,,-,,-,"VIRGIN ISLANDS
(18.060868, -64.840836)",
WEST VIRGINIA,2017,1,,-,0,,2,,,-,,-,,-,0,,1,,,-,,-,,-,0,,3,,,-,,-,"WEST VIRGINIA
(38.668501, -80.709421)",
INDIANA,2017,1,,-,0,,2,,,-,,-,,-,2,,23,,,-,,-,,-,3,,9,,,-,5,,"INDIANA
(39.76845, -86.156212)",
DIST. OF COL.,2017,1,,-,0,,0,,,-,,-,,-,0,,2,,,-,,-,,-,0,,2,,,-,,-,"DISTRICT OF COLUMBIA
(38.892062, -77.019912)",
TENNESSEE,2017,1,,-,0,,1,,,-,,-,,-,0,,1,,,-,,-,,-,3,,5,,,-,2,,"TENNESSEE
(35.681402, -85.774444)",
CALIFORNIA,2017,1,,-,1,,6,,,-,2,,,-,1,,9,,,-,,-,,-,23,,36,,,-,22,,"CALIFORNIA
(37.640735, -121.002435)",
ARKANSAS,2017,1,,-,0,,1,,,-,,-,16,,0,,241,,16,,,-,,-,1,,4,,,-,,-,"ARKANSAS
(34.748745, -92.275105)",
NEBRASKA,2017,1,,-,0,,1,,,-,,-,,-,0,,10,,,-,,-,,-,3,,9,,,-,7,,"NEBRASKA
(41.640503, -99.367122)",
NEW JERSEY,2017,1,,-,0,,2,,,-,,-,,-,0,,3,,,-,,-,,-,8,,24,,,-,19,,"NEW JERSEY
(40.104655, -74.386686)",
GEORGIA,2017,1,,-,0,,3,,,-,,-,,-,0,,2,,,-,,-,,-,3,,18,,,-,8,,"GEORGIA
(32.836038, -83.631709)",
ILLINOIS,2017,1,,-,0,,2,,,-,,-,,-,3,,25,,,-,4,,,-,18,,30,,,-,23,,"ILLINOIS
(40.477092, -88.993221)",
VERMONT,2017,1,,-,0,,0,,,-,,-,,-,0,,0,,,-,,-,,-,3,,43,,,-,7,,"VERMONT
(43.622479, -72.51927)",
MISSOURI,2017,1,,-,0,,1,,,-,,-,,-,0,,29,,,-,,-,,-,4,,27,,,-,,-,"MISSOURI
(38.636168, -92.566292)",
MAINE,2017,1,,-,0,,1,,,-,,-,,-,0,,4,,,-,,-,2,,4,,14,,2,,9,,"MAINE
(45.252223, -68.986647)",
MASSACHUSETTS,2017,1,,-,0,,2,,,-,,-,,-,1,,28,,,-,,-,,-,3,,8,,,-,6,,"MASSACHUSETTS
(42.268546, -72.085064)",
SOUTH CAROLINA,2017,1,,-,0,,2,,,-,,-,,-,0,,2,,,-,,-,,-,2,,15,,,-,7,,"SOUTH CAROLINA
(34.009286, -81.037094)",
OREGON,2017,1,2,,0,,3,,2,,2,,,-,0,,4,,,-,,-,,-,3,,13,,,-,3,,"OREGON
(44.567912, -120.156945)",
MISSISSIPPI,2017,1,,-,0,,0,,,-,,-,,-,0,,1,,,-,,-,,-,0,,1,,,-,,-,"MISSISSIPPI
(32.738663, -89.537312)",
NEVADA,2017,1,,-,0,,2,,,-,,-,,-,0,,1,,,-,,-,,-,0,,3,,,-,1,,"NEVADA
(39.491833, -117.070159)",
UNITED STATES,2017,2,4,,6,,21,,7,,12,,78,,69,,399,,126,,89,,67,,315,,449,,146,,669,,,
NEW ENGLAND,2017,2,,-,0,,2,,,-,,-,,-,3,,38,,1,,,-,5,,14,,65,,11,,39,,,
MID. ATLANTIC,2017,2,,-,0,,4,,,-,,-,1,,5,,32,,5,,4,,17,,53,,90,,45,,131,,,
NEW YORK CITY,2017,2,,-,0,,2,,,-,,-,,-,2,,19,,,-,2,,,-,5,,14,,,-,17,,,
E.N. CENTRAL,2017,2,,-,0,,5,,,-,1,,,-,10,,55,,5,,21,,18,,70,,156,,37,,158,,,
W.N. CENTRAL,2017,2,,-,0,,1,,,-,,-,1,,14,,45,,3,,63,,2,,29,,53,,2,,63,,,
S. ATLANTIC,2017,2,4,,1,,4,,5,,2,,,-,2,,8,,1,,1,,4,,25,,43,,6,,74,,,
E.S. CENTRAL,2017,2,,-,0,,2,,,-,,-,,-,1,,15,,,-,,-,3,,13,,33,,5,,63,,,
W.S. CENTRAL,2017,2,,-,0,,3,,,-,2,,68,,2,,333,,101,,,-,,-,27,,83,,1,,9,,,
MOUNTAIN,2017,2,,-,0,,3,,,-,,-,1,,1,,6,,1,,,-,17,,31,,59,,34,,79,,,
PACIFIC,2017,2,,-,2,,7,,2,,7,,7,,2,,51,,9,,,-,1,,39,,61,,5,,53,,,
AMER. SAMOA,2017,2,,-,0,,0,,,-,,-,,-,0,,0,,,-,,-,,-,0,,0,,,-,,-,,
OKLAHOMA,2017,2,,-,0,,1,,,-,1,,13,,0,,81,,17,,,-,,-,0,,54,,,-,,-,"OKLAHOMA
(35.468494, -97.521264)",
NORTH DAKOTA,2017,2,,-,0,,0,,,-,,-,,-,0,,3,,,-,,-,,-,0,,5,,,-,,-,"NORTH DAKOTA
(47.475879, -100.121011)",
HAWAII,2017,2,,-,0,,1,,,-,,-,,-,0,,2,,,-,,-,,-,1,,5,,,-,3,,"HAWAII
(21.30992, -157.858158)",
MISSOURI,2017,2,,-,0,,1,,,-,,-,,-,0,,29,,,-,,-,,-,4,,27,,,-,6,,"MISSOURI
(38.636168, -92.566292)",
PUERTO RICO,2017,2,,-,0,,0,,,-,,-,,-,0,,1,,,-,,-,,-,0,,4,,,-,,-,"PUERTO RICO
(18.215692, -66.414655)",
MICHIGAN,2017,2,,-,0,,1,,,-,,-,,-,0,,2,,,-,,-,,-,7,,29,,,-,20,,"MICHIGAN
(44.66399, -84.711206)",
VIRGIN ISL.,2017,2,,-,0,,0,,,-,,-,,-,0,,0,,,-,,-,,-,0,,0,,,-,,-,"VIRGIN ISLANDS
(18.060868, -64.840836)",
OHIO,2017,2,,-,0,,1,,,-,,-,,-,1,,20,,,-,1,,12,,18,,38,,30,,50,,"OHIO
(40.056807, -82.405897)",
FLORIDA,2017,2,1,,0,,2,,2,,1,,,-,0,,2,,1,,,-,2,,6,,16,,3,,20,,"FLORIDA
(28.915325, -81.922409)",
VIRGINIA,2017,2,1,,0,,2,,1,,,-,,-,0,,2,,,-,,-,,-,3,,10,,,-,4,,"VIRGINIA
(37.542699, -78.45822)",
RHODE ISLAND,2017,2,,-,0,,0,,,-,,-,,-,0,,1,,,-,,-,,-,0,,16,,,-,,-,"RHODE ISLAND
(41.707447, -71.522488)",
DIST. OF COL.,2017,2,,-,0,,0,,,-,,-,,-,0,,2,,,-,,-,,-,0,,2,,,-,,-,"DISTRICT OF COLUMBIA
(38.892062, -77.019912)",
ARKANSAS,2017,2,,-,0,,1,,,-,1,,52,,0,,248,,75,,,-,,-,1,,4,,,-,2,,"ARKANSAS
(34.748745, -92.275105)",
SOUTH DAKOTA,2017,2,,-,0,,1,,,-,,-,,-,0,,2,,,-,,-,,-,0,,2,,,-,1,,"SOUTH DAKOTA
(44.35371, -100.373709)",
UTAH,2017,2,,-,0,,1,,,-,,-,,-,0,,1,,,-,,-,1,,4,,10,,1,,14,,"UTAH
(39.359772, -111.584173)",
WYOMING,2017,2,,-,0,,0,,,-,,-,,-,0,,0,,,-,,-,,-,0,,3,,,-,1,,"WYOMING
(43.23558, -108.110518)",
CONNECTICUT,2017,2,,-,0,,1,,,-,,-,,-,0,,12,,,-,,-,,-,1,,6,,,-,3,,"CONNECTICUT
(41.544654, -72.651713)",
MISSISSIPPI,2017,2,,-,0,,0,,,-,,-,,-,0,,1,,,-,,-,,-,0,,1,,,-,,-,"MISSISSIPPI
(32.738663, -89.537312)",
OREGON,2017,2,,-,0,,3,,2,,3,,1,,0,,5,,1,,,-,,-,3,,13,,,-,7,,"OREGON
(44.567912, -120.156945)",
KANSAS,2017,2,,-,0,,1,,,-,,-,,-,0,,2,,,-,1,,,-,2,,8,,,-,3,,"KANSAS
(38.345528, -98.201847)",
GUAM,2017,2,,-,0,,0,,,-,,-,,-,0,,0,,,-,,-,,-,0,,0,,,-,,-,"GUAM
(13.3532, 144.653198)",
ARIZONA,2017,2,,-,0,,1,,,-,,-,,-,0,,2,,,-,,-,8,,4,,21,,11,,29,,"ARIZONA
(34.869712, -111.760902)",
SOUTH CAROLINA,2017,2,2,,0,,2,,2,,1,,,-,0,,2,,,-,,-,,-,2,,15,,,-,10,,"SOUTH CAROLINA
(34.009286, -81.037094)",
INDIANA,2017,2,,-,0,,2,,,-,,-,,-,2,,23,,,-,,-,,-,2,,9,,,-,6,,"INDIANA
(39.76845, -86.156212)",
PENNSYLVANIA,2017,2,,-,0,,2,,,-,,-,,-,0,,2,,,-,,-,10,,25,,77,,33,,57,,"PENNSYLVANIA
(40.789676, -77.858055)",
NEW HAMPSHIRE,2017,2,,-,0,,0,,,-,,-,,-,0,,5,,1,,,-,,-,1,,4,,,-,3,,"NEW HAMPSHIRE
(43.657736, -71.500736)",
MINNESOTA,2017,2,,-,0,,1,,,-,,-,,-,0,,4,,,-,3,,,-,13,,34,,,-,32,,"MINNESOTA
(46.357661, -94.793397)",
IOWA,2017,2,,-,0,,1,,,-,,-,1,,11,,40,,3,,59,,,-,2,,11,,,-,7,,"IOWA
(42.46942, -93.815856)",
CALIFORNIA,2017,2,,-,1,,6,,,-,4,,,-,1,,9,,1,,,-,1,,23,,36,,4,,37,,"CALIFORNIA
(37.640735, -121.002435)",
MARYLAND,2017,2,,-,0,,1,,,-,,-,,-,0,,3,,,-,,-,2,,2,,9,,3,,4,,"MARYLAND
(39.290443, -76.612333)",
C.N.M.I.,2017,2,,-,,-,,-,,-,,-,,-,,-,,-,,-,,-,,-,,-,,-,,-,,-,"NORTHERN MARIANA ISLANDS
(15.1834, 145.725693)",
TENNESSEE,2017,2,,-,0,,1,,,-,,-,,-,0,,1,,,-,,-,3,,3,,5,,3,,7,,"TENNESSEE
(35.681402, -85.774444)",
KENTUCKY,2017,2,,-,0,,1,,,-,,-,,-,0,,15,,,-,,-,,-,7,,27,,2,,45,,"KENTUCKY
(37.64591, -84.774043)",
ALABAMA,2017,2,,-,0,,1,,,-,,-,,-,0,,1,,,-,,-,,-,3,,7,,,-,11,,"ALABAMA
(32.839182, -86.631125)",
WASHINGTON,2017,2,,-,0,,1,,,-,,-,6,,0,,49,,6,,,-,,-,9,,35,,,-,,-,"WASHINGTON
(47.517368, -120.467672)",
NEW MEXICO,2017,2,,-,0,,1,,,-,,-,,-,0,,1,,,-,,-,,-,3,,8,,,-,4,,"NEW MEXICO
(34.520396, -106.244402)",
GEORGIA,2017,2,,-,0,,3,,,-,,-,,-,0,,2,,,-,,-,,-,3,,18,,,-,11,,"GEORGIA
(32.836038, -83.631709)",
NEW JERSEY,2017,2,,-,0,,2,,,-,,-,,-,0,,3,,,-,1,,,-,8,,24,,,-,42,,"NEW JERSEY
(40.104655, -74.386686)",
WEST VIRGINIA,2017,2,,-,0,,2,,,-,,-,,-,0,,1,,,-,,-,,-,0,,3,,,-,1,,"WEST VIRGINIA
(38.668501, -80.709421)",
WISCONSIN,2017,2,,-,0,,1,,,-,1,,,-,0,,12,,4,,2,,6,,23,,99,,7,,44,,"WISCONSIN
(44.395526, -89.834513)",
NEW YORK,2017,2,,-,0,,1,,,-,,-,1,,1,,24,,5,,1,,7,,13,,28,,12,,15,,"NEW YORK
(42.826892, -75.544286)",
NORTH CAROLINA,2017,2,,-,0,,1,,,-,,-,,-,0,,8,,,-,1,,,-,4,,11,,,-,20,,"NORTH CAROLINA
(35.47995, -79.180571)",
MONTANA,2017,2,,-,0,,1,,,-,,-,,-,0,,6,,,-,,-,,-,0,,3,,,-,1,,"MONTANA
(47.062617, -109.430168)",
MAINE,2017,2,,-,0,,1,,,-,,-,,-,0,,4,,,-,,-,4,,4,,14,,8,,13,,"MAINE
(45.252223, -68.986647)",
TEXAS,2017,2,,-,0,,3,,,-,,-,3,,1,,43,,9,,,-,,-,21,,40,,1,,4,,"TEXAS
(31.827233, -99.423022)",
MASSACHUSETTS,2017,2,,-,0,,2,,,-,,-,,-,1,,28,,,-,,-,,-,3,,8,,,-,7,,"MASSACHUSETTS
(42.268546, -72.085064)",
COLORADO,2017,2,,-,0,,1,,,-,,-,1,,0,,3,,1,,,-,8,,16,,27,,22,,25,,"COLORADO
(38.841772, -106.132562)",
ALASKA,2017,2,,-,0,,2,,,-,,-,,-,0,,2,,1,,,-,,-,2,,10,,1,,6,,"ALASKA
(64.836661, -147.738891)",
IDAHO,2017,2,,-,0,,1,,,-,,-,,-,0,,1,,,-,,-,,-,1,,8,,,-,3,,"IDAHO
(43.680635, -114.364237)",
LOUISIANA,2017,2,,-,0,,1,,,-,,-,,-,0,,0,,,-,,-,,-,1,,5,,,-,3,,"LOUISIANA
(31.2931, -92.463284)",
NEBRASKA,2017,2,,-,0,,1,,,-,,-,,-,0,,10,,,-,,-,2,,2,,9,,2,,14,,"NEBRASKA
(41.640503, -99.367122)",
ILLINOIS,2017,2,,-,0,,2,,,-,,-,,-,4,,25,,1,,18,,,-,18,,36,,,-,38,,"ILLINOIS
(40.477092, -88.993221)",
DELAWARE,2017,2,,-,0,,0,,,-,,-,,-,0,,0,,,-,,-,,-,0,,2,,,-,4,,"DELAWARE
(39.008676, -75.574561)",
NEVADA,2017,2,,-,0,,2,,,-,,-,,-,0,,1,,,-,,-,,-,0,,3,,,-,2,,"NEVADA
(39.491833, -117.070159)",
VERMONT,2017,2,,-,0,,0,,,-,,-,,-,0,,0,,,-,,-,1,,3,,44,,3,,13,,"VERMONT
(43.622479, -72.51927)",
UNITED STATES,2017,3,10,,6,,20,,21,,20,,48,,75,,403,,228,,145,,107,,315,,462,,315,,964,,,
NEW ENGLAND,2017,3,,-,0,,2,,,-,,-,,-,3,,38,,1,,1,,7,,14,,69,,31,,50,,,
MID. ATLANTIC,2017,3,1,,0,,4,,1,,,-,2,,6,,32,,11,,5,,15,,54,,90,,69,,198,,,
NEW YORK CITY,2017,3,,-,0,,2,,,-,,-,,-,2,,19,,4,,3,,,-,5,,14,,,-,26,,,
E.N. CENTRAL,2017,3,3,,0,,6,,3,,3,,,-,10,,55,,12,,32,,24,,71,,156,,71,,232,,,
W.N. CENTRAL,2017,3,,-,0,,1,,,-,,-,2,,14,,45,,9,,103,,1,,29,,55,,5,,88,,,
S. ATLANTIC,2017,3,3,,1,,4,,8,,3,,,-,2,,8,,1,,3,,12,,25,,43,,30,,94,,,
E.S. CENTRAL,2017,3,,-,0,,2,,1,,,-,,-,1,,15,,1,,,-,4,,13,,33,,10,,77,,,
W.S. CENTRAL,2017,3,,-,0,,3,,1,,3,,43,,2,,333,,177,,,-,,-,27,,83,,3,,18,,,
MOUNTAIN,2017,3,1,,0,,3,,2,,2,,1,,1,,6,,2,,1,,37,,30,,51,,78,,130,,,
PACIFIC,2017,3,2,,2,,7,,5,,9,,,-,2,,52,,14,,,-,7,,39,,64,,18,,77,,,
AMER. SAMOA,2017,3,,-,0,,0,,,-,,-,,-,0,,0,,,-,,-,,-,0,,0,,,-,,-,,
COLORADO,2017,3,,-,0,,1,,,-,,-,1,,0,,3,,2,,,-,26,,15,,27,,48,,48,,"COLORADO
(38.841772, -106.132562)",
IDAHO,2017,3,,-,0,,1,,,-,,-,,-,0,,1,,,-,,-,,-,1,,8,,1,,3,,"IDAHO
(43.680635, -114.364237)",
HAWAII,2017,3,,-,0,,1,,,-,,-,,-,0,,3,,,-,,-,,-,1,,5,,2,,7,,"HAWAII
(21.30992, -157.858158)",
ARIZONA,2017,3,1,,0,,1,,2,,1,,,-,0,,2,,,-,1,,11,,4,,21,,25,,50,,"ARIZONA
(34.869712, -111.760902)",
TEXAS,2017,3,,-,0,,3,,,-,1,,3,,1,,47,,14,,,-,,-,21,,41,,1,,9,,"TEXAS
(31.827233, -99.423022)",
RHODE ISLAND,2017,3,,-,0,,0,,,-,,-,,-,0,,1,,,-,,-,,-,0,,16,,,-,,-,"RHODE ISLAND
(41.707447, -71.522488)",
WYOMING,2017,3,,-,0,,0,,,-,,-,,-,0,,0,,,-,,-,,-,0,,3,,,-,3,,"WYOMING
(43.23558, -108.110518)",
FLORIDA,2017,3,3,,0,,2,,5,,1,,,-,0,,2,,1,,,-,6,,6,,16,,9,,28,,"FLORIDA
(28.915325, -81.922409)",
GEORGIA,2017,3,,-,0,,3,,,-,1,,,-,0,,2,,,-,,-,,-,2,,18,,,-,12,,"GEORGIA
(32.836038, -83.631709)",
DELAWARE,2017,3,,-,0,,0,,,-,,-,,-,0,,0,,,-,,-,,-,0,,2,,,-,4,,"DELAWARE
(39.008676, -75.574561)",
CONNECTICUT,2017,3,,-,0,,1,,,-,,-,,-,0,,12,,,-,,-,,-,1,,6,,,-,3,,"CONNECTICUT
(41.544654, -72.651713)",
MARYLAND,2017,3,,-,0,,1,,,-,,-,,-,0,,3,,,-,,-,1,,2,,9,,5,,5,,"MARYLAND
(39.290443, -76.612333)",
NORTH CAROLINA,2017,3,,-,0,,1,,,-,,-,,-,0,,8,,,-,2,,,-,4,,11,,1,,25,,"NORTH CAROLINA
(35.47995, -79.180571)",
KENTUCKY,2017,3,,-,0,,1,,,-,,-,,-,0,,15,,,-,,-,1,,7,,27,,3,,52,,"KENTUCKY
(37.64591, -84.774043)",
NEW HAMPSHIRE,2017,3,,-,0,,0,,,-,,-,,-,0,,5,,1,,,-,,-,1,,4,,,-,3,,"NEW HAMPSHIRE
(43.657736, -71.500736)",
OHIO,2017,3,3,,0,,1,,3,,1,,,-,1,,20,,,-,3,,24,,18,,38,,54,,71,,"OHIO
(40.056807, -82.405897)",
OREGON,2017,3,1,,0,,3,,4,,3,,,-,0,,6,,3,,,-,1,,3,,13,,2,,10,,"OREGON
(44.567912, -120.156945)",
OKLAHOMA,2017,3,,-,0,,1,,,-,1,,1,,0,,81,,18,,,-,,-,0,,54,,,-,,-,"OKLAHOMA
(35.468494, -97.521264)",
MAINE,2017,3,,-,0,,1,,,-,,-,,-,0,,4,,,-,,-,4,,4,,14,,13,,22,,"MAINE
(45.252223, -68.986647)",
MISSOURI,2017,3,,-,0,,1,,,-,,-,,-,0,,29,,,-,,-,,-,3,,27,,,-,11,,"MISSOURI
(38.636168, -92.566292)",
NEW JERSEY,2017,3,,-,0,,2,,,-,,-,,-,0,,3,,,-,1,,,-,8,,24,,,-,57,,"NEW JERSEY
(40.104655, -74.386686)",
DIST. OF COL.,2017,3,,-,0,,0,,,-,,-,,-,0,,2,,,-,,-,,-,0,,2,,,-,,-,"DISTRICT OF COLUMBIA
(38.892062, -77.019912)",
TENNESSEE,2017,3,,-,0,,1,,1,,,-,,-,0,,1,,1,,,-,2,,3,,5,,6,,7,,"TENNESSEE
(35.681402, -85.774444)",
ALABAMA,2017,3,,-,0,,1,,,-,,-,,-,0,,1,,,-,,-,1,,3,,7,,1,,18,,"ALABAMA
(32.839182, -86.631125)",
CALIFORNIA,2017,3,1,,1,,6,,1,,6,,,-,1,,9,,4,,,-,6,,24,,36,,13,,52,,"CALIFORNIA
(37.640735, -121.002435)",
WASHINGTON,2017,3,,-,0,,1,,,-,,-,,-,0,,49,,6,,,-,,-,9,,35,,,-,,-,"WASHINGTON
(47.517368, -120.467672)",
MINNESOTA,2017,3,,-,0,,1,,,-,,-,,-,0,,4,,,-,7,,,-,14,,34,,,-,40,,"MINNESOTA
(46.357661, -94.793397)",
VERMONT,2017,3,,-,0,,0,,,-,,-,,-,0,,0,,,-,,-,3,,3,,45,,18,,13,,"VERMONT
(43.622479, -72.51927)",
KANSAS,2017,3,,-,0,,1,,,-,,-,,-,0,,2,,,-,2,,,-,2,,8,,,-,5,,"KANSAS
(38.345528, -98.201847)",
WISCONSIN,2017,3,,-,0,,1,,,-,1,,,-,0,,12,,6,,2,,,-,23,,99,,15,,68,,"WISCONSIN
(44.395526, -89.834513)",
LOUISIANA,2017,3,,-,0,,1,,1,,,-,,-,0,,0,,,-,,-,,-,1,,5,,2,,4,,"LOUISIANA
(31.2931, -92.463284)",
WEST VIRGINIA,2017,3,,-,0,,2,,,-,,-,,-,0,,1,,,-,,-,,-,0,,3,,,-,1,,"WEST VIRGINIA
(38.668501, -80.709421)",
UTAH,2017,3,,-,0,,1,,,-,,-,,-,0,,1,,,-,,-,,-,4,,10,,1,,15,,"UTAH
(39.359772, -111.584173)",
SOUTH DAKOTA,2017,3,,-,0,,1,,,-,,-,,-,0,,2,,,-,,-,,-,0,,2,,,-,1,,"SOUTH DAKOTA
(44.35371, -100.373709)",
NORTH DAKOTA,2017,3,,-,0,,0,,,-,,-,1,,0,,3,,1,,,-,,-,0,,5,,1,,,-,"NORTH DAKOTA
(47.475879, -100.121011)",
MASSACHUSETTS,2017,3,,-,0,,2,,,-,,-,,-,2,,28,,,-,1,,,-,4,,9,,,-,9,,"MASSACHUSETTS
(42.268546, -72.085064)",
ARKANSAS,2017,3,,-,0,,1,,,-,1,,39,,0,,248,,145,,,-,,-,1,,4,,,-,5,,"ARKANSAS
(34.748745, -92.275105)",
ALASKA,2017,3,,-,0,,2,,,-,,-,,-,0,,2,,1,,,-,,-,2,,10,,1,,8,,"ALASKA
(64.836661, -147.738891)",
NEW YORK,2017,3,,-,0,,1,,,-,,-,2,,1,,24,,7,,1,,5,,13,,32,,17,,28,,"NEW YORK
(42.826892, -75.544286)",
MICHIGAN,2017,3,,-,0,,1,,,-,,-,,-,0,,2,,,-,1,,,-,7,,29,,,-,28,,"MICHIGAN
(44.66399, -84.711206)",
INDIANA,2017,3,,-,0,,2,,,-,,-,,-,2,,23,,2,,1,,,-,2,,9,,,-,13,,"INDIANA
(39.76845, -86.156212)",
NEVADA,2017,3,,-,0,,2,,,-,1,,,-,0,,1,,,-,,-,,-,0,,3,,,-,2,,"NEVADA
(39.491833, -117.070159)",
NEW MEXICO,2017,3,,-,0,,1,,,-,,-,,-,0,,1,,,-,,-,,-,3,,8,,3,,8,,"NEW MEXICO
(34.520396, -106.244402)",
MISSISSIPPI,2017,3,,-,0,,0,,,-,,-,,-,0,,1,,,-,,-,,-,0,,1,,,-,,-,"MISSISSIPPI
(32.738663, -89.537312)",
ILLINOIS,2017,3,,-,0,,2,,,-,1,,,-,3,,25,,4,,25,,,-,18,,37,,2,,52,,"ILLINOIS
(40.477092, -88.993221)",
IOWA,2017,3,,-,0,,1,,,-,,-,1,,10,,40,,8,,94,,,-,2,,11,,,-,8,,"IOWA
(42.46942, -93.815856)",
VIRGIN ISL.,2017,3,,-,0,,0,,,-,,-,,-,0,,0,,,-,,-,,-,0,,0,,,-,,-,"VIRGIN ISLANDS
(18.060868, -64.840836)",
SOUTH CAROLINA,2017,3,,-,0,,2,,2,,1,,,-,0,,2,,,-,,-,5,,2,,15,,15,,11,,"SOUTH CAROLINA
(34.009286, -81.037094)",
VIRGINIA,2017,3,,-,0,,2,,1,,,-,,-,0,,2,,,-,1,,,-,3,,10,,,-,8,,"VIRGINIA
(37.542699, -78.45822)",
MONTANA,2017,3,,-,0,,1,,,-,,-,,-,0,,6,,,-,,-,,-,0,,3,,,-,1,,"MONTANA
(47.062617, -109.430168)",
PENNSYLVANIA,2017,3,1,,0,,2,,1,,,-,,-,0,,2,,,-,,-,10,,25,,77,,52,,87,,"PENNSYLVANIA
(40.789676, -77.858055)",
C.N.M.I.,2017,3,,-,,-,,-,,-,,-,,-,,-,,-,,-,,-,,-,,-,,-,,-,,-,"NORTHERN MARIANA ISLANDS
(15.1834, 145.725693)",
PUERTO RICO,2017,3,,-,0,,0,,,-,,-,,-,0,,1,,,-,,-,,-,0,,4,,,-,,-,"PUERTO RICO
(18.215692, -66.414655)",
NEBRASKA,2017,3,,-,0,,1,,,-,,-,,-,0,,10,,,-,,-,1,,2,,9,,4,,23,,"NEBRASKA
(41.640503, -99.367122)",
GUAM,2017,3,,-,0,,0,,,-,,-,,-,0,,0,,,-,,-,,-,0,,0,,,-,,-,"GUAM
(13.3532, 144.653198)",
UNITED STATES,2017,4,4,,6,,20,,26,,28,,108,,83,,403,,495,,198,,98,,318,,468,,531,,1299,,,
NEW ENGLAND,2017,4,,-,0,,2,,,-,2,,,-,3,,38,,3,,2,,10,,15,,69,,63,,61,,,
MID. ATLANTIC,2017,4,,-,0,,4,,1,,,-,3,,6,,32,,28,,5,,16,,54,,90,,95,,257,,,
NEW YORK CITY,2017,4,,-,0,,2,,,-,,-,,-,2,,19,,18,,3,,,-,5,,14,,,-,33,,,
E.N. CENTRAL,2017,4,1,,0,,6,,4,,5,,5,,9,,55,,24,,49,,24,,70,,156,,120,,311,,,
W.N. CENTRAL,2017,4,,-,0,,1,,,-,1,,15,,15,,45,,81,,126,,8,,29,,55,,31,,113,,,
S. ATLANTIC,2017,4,1,,1,,4,,9,,4,,1,,2,,8,,4,,11,,9,,25,,43,,48,,130,,,
E.S. CENTRAL,2017,4,,-,0,,2,,1,,1,,,-,1,,15,,2,,1,,3,,13,,33,,22,,95,,,
W.S. CENTRAL,2017,4,,-,0,,3,,1,,4,,70,,2,,333,,322,,1,,6,,27,,105,,20,,51,,,
MOUNTAIN,2017,4,2,,0,,3,,4,,2,,10,,1,,6,,13,,2,,13,,30,,49,,95,,179,,,
PACIFIC,2017,4,,-,2,,7,,6,,9,,4,,2,,70,,18,,1,,9,,42,,73,,37,,102,,,
AMER. SAMOA,2017,4,,-,0,,0,,,-,,-,,-,0,,0,,,-,,-,,-,0,,0,,,-,,-,,
IOWA,2017,4,,-,0,,1,,,-,,-,,-,9,,40,,8,,117,,,-,2,,11,,,-,8,,"IOWA
(42.46942, -93.815856)",
WEST VIRGINIA,2017,4,,-,0,,2,,,-,,-,,-,0,,1,,,-,,-,1,,0,,3,,1,,3,,"WEST VIRGINIA
(38.668501, -80.709421)",
WASHINGTON,2017,4,,-,0,,1,,,-,,-,3,,0,,65,,7,,,-,5,,9,,57,,5,,7,,"WASHINGTON
(47.517368, -120.467672)",
C.N.M.I.,2017,4,,-,,-,,-,,-,,-,,-,,-,,-,,-,,-,,-,,-,,-,,-,,-,"NORTHERN MARIANA ISLANDS
(15.1834, 145.725693)",
ARKANSAS,2017,4,,-,0,,1,,,-,1,,42,,0,,248,,260,,,-,,-,1,,5,,5,,6,,"ARKANSAS
(34.748745, -92.275105)",
TENNESSEE,2017,4,,-,0,,1,,1,,,-,,-,0,,1,,1,,,-,2,,3,,5,,9,,8,,"TENNESSEE
(35.681402, -85.774444)",
PENNSYLVANIA,2017,4,,-,0,,2,,1,,,-,1,,0,,2,,1,,,-,7,,24,,77,,68,,120,,"PENNSYLVANIA
(40.789676, -77.858055)",
VERMONT,2017,4,,-,0,,0,,,-,,-,,-,0,,0,,,-,,-,6,,3,,45,,28,,16,,"VERMONT
(43.622479, -72.51927)",
ALABAMA,2017,4,,-,0,,1,,,-,1,,,-,0,,1,,,-,1,,,-,3,,7,,4,,21,,"ALABAMA
(32.839182, -86.631125)",
MISSISSIPPI,2017,4,,-,0,,0,,,-,,-,,-,0,,1,,,-,,-,,-,0,,1,,1,,1,,"MISSISSIPPI
(32.738663, -89.537312)",
KENTUCKY,2017,4,,-,0,,1,,,-,,-,,-,0,,15,,1,,,-,1,,7,,27,,8,,65,,"KENTUCKY
(37.64591, -84.774043)",
SOUTH CAROLINA,2017,4,,-,0,,2,,2,,2,,,-,0,,2,,,-,,-,3,,2,,15,,25,,16,,"SOUTH CAROLINA
(34.009286, -81.037094)",
LOUISIANA,2017,4,,-,0,,1,,1,,1,,,-,0,,0,,,-,,-,,-,1,,5,,2,,6,,"LOUISIANA
(31.2931, -92.463284)",
MONTANA,2017,4,,-,0,,1,,,-,,-,,-,0,,6,,,-,,-,,-,0,,3,,,-,2,,"MONTANA
(47.062617, -109.430168)",
CALIFORNIA,2017,4,,-,1,,6,,1,,6,,,-,1,,9,,5,,1,,3,,24,,38,,22,,68,,"CALIFORNIA
(37.640735, -121.002435)",
ILLINOIS,2017,4,,-,0,,2,,,-,2,,,-,3,,25,,5,,38,,,-,18,,37,,7,,67,,"ILLINOIS
(40.477092, -88.993221)",
MICHIGAN,2017,4,,-,0,,1,,,-,,-,1,,0,,2,,1,,3,,1,,7,,29,,15,,34,,"MICHIGAN
(44.66399, -84.711206)",
RHODE ISLAND,2017,4,,-,0,,0,,,-,,-,,-,0,,1,,,-,,-,,-,0,,16,,,-,,-,"RHODE ISLAND
(41.707447, -71.522488)",
OHIO,2017,4,1,,0,,3,,4,,1,,3,,1,,20,,3,,3,,23,,18,,38,,77,,98,,"OHIO
(40.056807, -82.405897)",
NEW YORK,2017,4,,-,0,,1,,,-,,-,2,,2,,23,,9,,1,,9,,13,,34,,26,,38,,"NEW YORK
(42.826892, -75.544286)",
TEXAS,2017,4,,-,0,,3,,,-,1,,15,,1,,54,,30,,1,,6,,21,,97,,13,,39,,"TEXAS
(31.827233, -99.423022)",
MINNESOTA,2017,4,,-,0,,1,,,-,,-,,-,0,,3,,,-,7,,,-,14,,34,,,-,49,,"MINNESOTA
(46.357661, -94.793397)",
ALASKA,2017,4,,-,0,,2,,,-,,-,,-,0,,2,,1,,,-,,-,2,,10,,1,,9,,"ALASKA
(64.836661, -147.738891)",
INDIANA,2017,4,,-,0,,2,,,-,1,,,-,2,,23,,3,,2,,,-,2,,9,,,-,19,,"INDIANA
(39.76845, -86.156212)",
UTAH,2017,4,,-,0,,1,,,-,,-,,-,0,,1,,,-,,-,,-,4,,10,,1,,21,,"UTAH
(39.359772, -111.584173)",
COLORADO,2017,4,2,,0,,1,,2,,,-,10,,0,,3,,12,,,-,9,,15,,28,,59,,69,,"COLORADO
(38.841772, -106.132562)",
MASSACHUSETTS,2017,4,,-,0,,2,,,-,2,,,-,2,,28,,2,,2,,,-,4,,9,,4,,13,,"MASSACHUSETTS
(42.268546, -72.085064)",
MARYLAND,2017,4,,-,0,,1,,,-,,-,,-,0,,3,,,-,,-,1,,2,,9,,6,,6,,"MARYLAND
(39.290443, -76.612333)",
GEORGIA,2017,4,,-,0,,3,,,-,1,,,-,0,,2,,,-,,-,,-,2,,18,,,-,20,,"GEORGIA
(32.836038, -83.631709)",
NEVADA,2017,4,,-,0,,2,,,-,1,,,-,0,,1,,1,,,-,,-,0,,3,,,-,3,,"NEVADA
(39.491833, -117.070159)",
WISCONSIN,2017,4,,-,0,,1,,,-,1,,1,,0,,13,,12,,3,,,-,23,,99,,21,,93,,"WISCONSIN
(44.395526, -89.834513)",
DELAWARE,2017,4,,-,0,,0,,,-,,-,,-,0,,0,,,-,,-,,-,0,,2,,,-,4,,"DELAWARE
(39.008676, -75.574561)",
VIRGINIA,2017,4,1,,0,,2,,2,,,-,,-,0,,2,,1,,1,,,-,3,,10,,1,,13,,"VIRGINIA
(37.542699, -78.45822)",
NORTH DAKOTA,2017,4,,-,0,,0,,,-,,-,,-,0,,3,,1,,,-,,-,0,,5,,3,,,-,"NORTH DAKOTA
(47.475879, -100.121011)",
SOUTH DAKOTA,2017,4,,-,0,,1,,,-,1,,,-,0,,2,,,-,,-,,-,0,,2,,,-,1,,"SOUTH DAKOTA
(44.35371, -100.373709)",
NEW JERSEY,2017,4,,-,0,,2,,,-,,-,,-,0,,3,,,-,1,,,-,7,,24,,1,,66,,"NEW JERSEY
(40.104655, -74.386686)",
CONNECTICUT,2017,4,,-,0,,1,,,-,,-,,-,0,,12,,,-,,-,,-,1,,6,,5,,4,,"CONNECTICUT
(41.544654, -72.651713)",
VIRGIN ISL.,2017,4,,-,0,,0,,,-,,-,,-,0,,0,,,-,,-,,-,0,,0,,,-,,-,"VIRGIN ISLANDS
(18.060868, -64.840836)",
NEW MEXICO,2017,4,,-,0,,1,,,-,,-,,-,0,,1,,,-,,-,,-,2,,9,,3,,9,,"NEW MEXICO
(34.520396, -106.244402)",
MAINE,2017,4,,-,0,,1,,,-,,-,,-,0,,4,,,-,,-,4,,4,,14,,26,,24,,"MAINE
(45.252223, -68.986647)",
MISSOURI,2017,4,,-,0,,1,,,-,,-,15,,0,,29,,71,,,-,7,,4,,27,,20,,20,,"MISSOURI
(38.636168, -92.566292)",
ARIZONA,2017,4,,-,0,,1,,2,,1,,,-,0,,2,,,-,2,,3,,4,,20,,30,,67,,"ARIZONA
(34.869712, -111.760902)",
IDAHO,2017,4,,-,0,,1,,,-,,-,,-,0,,1,,,-,,-,1,,1,,8,,2,,5,,"IDAHO
(43.680635, -114.364237)",
WYOMING,2017,4,,-,0,,0,,,-,,-,,-,0,,0,,,-,,-,,-,0,,3,,,-,3,,"WYOMING
(43.23558, -108.110518)",
GUAM,2017,4,,-,0,,0,,,-,,-,,-,0,,0,,,-,,-,,-,0,,0,,,-,,-,"GUAM
(13.3532, 144.653198)",
HAWAII,2017,4,,-,0,,1,,,-,,-,,-,0,,3,,,-,,-,,-,1,,5,,3,,7,,"HAWAII
(21.30992, -157.858158)",
FLORIDA,2017,4,,-,0,,3,,5,,1,,1,,0,,2,,2,,,-,3,,6,,16,,12,,34,,"FLORIDA
(28.915325, -81.922409)",
NEW HAMPSHIRE,2017,4,,-,0,,0,,,-,,-,,-,0,,5,,1,,,-,,-,1,,4,,,-,4,,"NEW HAMPSHIRE
(43.657736, -71.500736)",
NORTH CAROLINA,2017,4,,-,0,,1,,,-,,-,,-,0,,8,,1,,10,,,-,4,,11,,2,,34,,"NORTH CAROLINA
(35.47995, -79.180571)",
NEBRASKA,2017,4,,-,0,,1,,,-,,-,,-,0,,10,,,-,,-,1,,2,,7,,8,,30,,"NEBRASKA
(41.640503, -99.367122)",
KANSAS,2017,4,,-,0,,1,,,-,,-,,-,0,,2,,1,,2,,,-,2,,8,,,-,5,,"KANSAS
(38.345528, -98.201847)",
OKLAHOMA,2017,4,,-,0,,1,,,-,1,,13,,0,,81,,32,,,-,,-,0,,54,,,-,,-,"OKLAHOMA
(35.468494, -97.521264)",
OREGON,2017,4,,-,0,,3,,5,,3,,1,,0,,6,,5,,,-,1,,3,,13,,6,,11,,"OREGON
(44.567912, -120.156945)",
PUERTO RICO,2017,4,,-,0,,0,,,-,,-,,-,0,,1,,,-,,-,,-,0,,4,,,-,,-,"PUERTO RICO
(18.215692, -66.414655)",
DIST. OF COL.,2017,4,,-,0,,0,,,-,,-,,-,0,,2,,,-,,-,1,,0,,2,,1,,,-,"DISTRICT OF COLUMBIA
(38.892062, -77.019912)",
UNITED STATES,2017,5,2,,6,,20,,32,,37,,75,,85,,403,,611,,245,,84,,317,,469,,713,,1634,,,
NEW ENGLAND,2017,5,,-,0,,2,,,-,2,,,-,3,,38,,3,,3,,8,,15,,69,,81,,75,,,
MID. ATLANTIC,2017,5,,-,0,,4,,1,,,-,4,,6,,32,,39,,6,,12,,54,,90,,117,,323,,,
NEW YORK CITY,2017,5,,-,0,,2,,,-,,-,,-,2,,19,,22,,4,,,-,5,,14,,4,,40,,,
E.N. CENTRAL,2017,5,,-,0,,6,,4,,8,,1,,8,,55,,27,,65,,28,,70,,156,,176,,385,,,
W.N. CENTRAL,2017,5,,-,0,,1,,,-,1,,,-,15,,45,,89,,149,,1,,29,,55,,40,,142,,,
WISCONSIN,2017,5,,-,0,,1,,,-,2,,,-,0,,13,,12,,3,,2,,23,,99,,29,,110,,"WISCONSIN
(44.395526, -89.834513)",
CONNECTICUT,2017,5,,-,0,,1,,,-,,-,,-,0,,12,,,-,1,,,-,1,,6,,5,,4,,"CONNECTICUT
(41.544654, -72.651713)",
MICHIGAN,2017,5,,-,0,,1,,,-,1,,,-,0,,2,,1,,3,,,-,7,,29,,25,,41,,"MICHIGAN
(44.66399, -84.711206)",
PENNSYLVANIA,2017,5,,-,0,,2,,1,,,-,,-,0,,2,,1,,,-,4,,23,,77,,77,,158,,"PENNSYLVANIA
(40.789676, -77.858055)",
MINNESOTA,2017,5,,-,0,,1,,,-,,-,,-,0,,3,,,-,9,,,-,14,,34,,,-,58,,"MINNESOTA
(46.357661, -94.793397)",
S. ATLANTIC,2017,5,,-,1,,4,,10,,5,,1,,2,,6,,12,,11,,8,,25,,43,,68,,173,,,
E.S. CENTRAL,2017,5,,-,0,,2,,1,,1,,,-,1,,15,,2,,1,,1,,12,,33,,25,,110,,,
W.S. CENTRAL,2017,5,1,,0,,3,,2,,4,,59,,2,,333,,390,,2,,9,,27,,113,,40,,67,,,
MOUNTAIN,2017,5,1,,0,,3,,5,,2,,9,,1,,10,,22,,4,,17,,30,,49,,122,,224,,,
PACIFIC,2017,5,,-,2,,7,,9,,14,,1,,3,,71,,27,,4,,,-,43,,76,,44,,135,,,
AMER. SAMOA,2017,5,,-,0,,0,,,-,,-,,-,0,,0,,,-,,-,,-,0,,0,,,-,,-,,
GEORGIA,2017,5,,-,0,,3,,1,,1,,,-,0,,3,,5,,,-,,-,2,,18,,,-,38,,"GEORGIA
(32.836038, -83.631709)",
KENTUCKY,2017,5,,-,0,,1,,,-,,-,,-,0,,15,,1,,,-,,-,7,,27,,8,,73,,"KENTUCKY
(37.64591, -84.774043)",
WASHINGTON,2017,5,,-,0,,1,,,-,,-,,-,0,,65,,7,,,-,,-,9,,57,,5,,8,,"WASHINGTON
(47.517368, -120.467672)",
WEST VIRGINIA,2017,5,,-,0,,2,,,-,,-,,-,0,,1,,,-,,-,,-,0,,3,,1,,3,,"WEST VIRGINIA
(38.668501, -80.709421)",
RHODE ISLAND,2017,5,,-,0,,0,,,-,,-,,-,0,,1,,,-,,-,1,,0,,16,,1,,,-,"RHODE ISLAND
(41.707447, -71.522488)",
NORTH CAROLINA,2017,5,,-,0,,1,,,-,,-,,-,0,,3,,2,,10,,,-,4,,11,,9,,41,,"NORTH CAROLINA
(35.47995, -79.180571)",
UTAH,2017,5,,-,0,,1,,,-,,-,,-,0,,1,,,-,,-,,-,4,,10,,2,,30,,"UTAH
(39.359772, -111.584173)",
NEW JERSEY,2017,5,,-,0,,2,,,-,,-,,-,0,,3,,2,,1,,,-,7,,24,,2,,78,,"NEW JERSEY
(40.104655, -74.386686)",
TENNESSEE,2017,5,,-,0,,1,,1,,,-,,-,0,,1,,1,,,-,1,,3,,5,,11,,11,,"TENNESSEE
(35.681402, -85.774444)",
MONTANA,2017,5,,-,0,,1,,,-,,-,,-,0,,6,,,-,,-,,-,0,,3,,,-,2,,"MONTANA
(47.062617, -109.430168)",
CALIFORNIA,2017,5,,-,1,,6,,4,,11,,,-,1,,9,,8,,4,,,-,24,,37,,29,,92,,"CALIFORNIA
(37.640735, -121.002435)",
KANSAS,2017,5,,-,0,,1,,,-,,-,,-,0,,2,,1,,2,,,-,2,,8,,,-,5,,"KANSAS
(38.345528, -98.201847)",
SOUTH CAROLINA,2017,5,,-,0,,2,,2,,2,,,-,0,,2,,,-,,-,,-,2,,15,,26,,17,,"SOUTH CAROLINA
(34.009286, -81.037094)",
OKLAHOMA,2017,5,,-,0,,1,,,-,1,,10,,0,,81,,42,,,-,,-,0,,54,,,-,,-,"OKLAHOMA
(35.468494, -97.521264)",
VIRGINIA,2017,5,,-,0,,2,,2,,,-,1,,0,,2,,3,,1,,,-,3,,11,,2,,16,,"VIRGINIA
(37.542699, -78.45822)",
IDAHO,2017,5,1,,0,,1,,1,,,-,1,,0,,1,,1,,,-,,-,1,,8,,2,,5,,"IDAHO
(43.680635, -114.364237)",
WYOMING,2017,5,,-,0,,0,,,-,,-,,-,0,,0,,,-,,-,,-,0,,3,,,-,3,,"WYOMING
(43.23558, -108.110518)",
NEW HAMPSHIRE,2017,5,,-,0,,0,,,-,,-,,-,0,,5,,1,,,-,,-,1,,4,,,-,4,,"NEW HAMPSHIRE
(43.657736, -71.500736)",
ARKANSAS,2017,5,,-,0,,1,,,-,1,,37,,0,,248,,306,,,-,1,,1,,5,,8,,7,,"ARKANSAS
(34.748745, -92.275105)",
TEXAS,2017,5,1,,0,,3,,1,,1,,12,,1,,55,,42,,2,,8,,21,,105,,30,,54,,"TEXAS
(31.827233, -99.423022)",
FLORIDA,2017,5,,-,0,,3,,5,,2,,,-,0,,2,,2,,,-,7,,6,,16,,19,,44,,"FLORIDA
(28.915325, -81.922409)",
VERMONT,2017,5,,-,0,,0,,,-,,-,,-,0,,0,,,-,,-,1,,3,,45,,36,,18,,"VERMONT
(43.622479, -72.51927)",
DIST. OF COL.,2017,5,,-,0,,0,,,-,,-,,-,0,,2,,,-,,-,,-,0,,2,,2,,2,,"DISTRICT OF COLUMBIA
(38.892062, -77.019912)",
OREGON,2017,5,,-,0,,3,,5,,3,,1,,0,,6,,11,,,-,,-,3,,13,,6,,16,,"OREGON
(44.567912, -120.156945)",
HAWAII,2017,5,,-,0,,1,,,-,,-,,-,0,,3,,,-,,-,,-,1,,5,,3,,8,,"HAWAII
(21.30992, -157.858158)",
ALASKA,2017,5,,-,0,,2,,,-,,-,,-,0,,2,,1,,,-,,-,2,,10,,1,,11,,"ALASKA
(64.836661, -147.738891)",
NEW YORK,2017,5,,-,0,,1,,,-,,-,4,,2,,23,,14,,1,,8,,13,,35,,34,,47,,"NEW YORK
(42.826892, -75.544286)",
NEW MEXICO,2017,5,,-,0,,1,,,-,,-,,-,0,,1,,,-,,-,1,,3,,9,,9,,12,,"NEW MEXICO
(34.520396, -106.244402)",
ALABAMA,2017,5,,-,0,,1,,,-,1,,,-,0,,1,,,-,1,,,-,3,,7,,4,,25,,"ALABAMA
(32.839182, -86.631125)",
SOUTH DAKOTA,2017,5,,-,0,,0,,,-,1,,,-,0,,2,,,-,,-,,-,0,,2,,,-,2,,"SOUTH DAKOTA
(44.35371, -100.373709)",
INDIANA,2017,5,,-,0,,2,,,-,1,,,-,2,,23,,4,,3,,,-,2,,9,,3,,23,,"INDIANA
(39.76845, -86.156212)",
NEBRASKA,2017,5,,-,0,,1,,,-,,-,,-,0,,10,,,-,1,,1,,2,,6,,9,,36,,"NEBRASKA
(41.640503, -99.367122)",
MISSISSIPPI,2017,5,,-,0,,0,,,-,,-,,-,0,,1,,,-,,-,,-,0,,2,,2,,1,,"MISSISSIPPI
(32.738663, -89.537312)",
ARIZONA,2017,5,,-,0,,1,,2,,1,,,-,0,,2,,,-,3,,2,,4,,20,,36,,71,,"ARIZONA
(34.869712, -111.760902)",
OHIO,2017,5,,-,0,,3,,4,,2,,1,,1,,20,,4,,4,,26,,18,,38,,103,,120,,"OHIO
(40.056807, -82.405897)",
PUERTO RICO,2017,5,,-,0,,0,,,-,,-,,-,0,,1,,1,,,-,,-,0,,4,,,-,,-,"PUERTO RICO
(18.215692, -66.414655)",
COLORADO,2017,5,,-,0,,2,,2,,,-,7,,0,,10,,19,,1,,14,,15,,28,,73,,96,,"COLORADO
(38.841772, -106.132562)",
MASSACHUSETTS,2017,5,,-,0,,1,,,-,2,,,-,2,,28,,2,,2,,,-,3,,9,,4,,15,,"MASSACHUSETTS
(42.268546, -72.085064)",
MISSOURI,2017,5,,-,0,,1,,,-,,-,,-,0,,29,,71,,,-,,-,4,,27,,20,,29,,"MISSOURI
(38.636168, -92.566292)",
NORTH DAKOTA,2017,5,,-,0,,0,,,-,,-,,-,0,,3,,1,,,-,,-,0,,5,,9,,,-,"NORTH DAKOTA
(47.475879, -100.121011)",
MAINE,2017,5,,-,0,,1,,,-,,-,,-,0,,4,,,-,,-,6,,4,,14,,35,,34,,"MAINE
(45.252223, -68.986647)",
GUAM,2017,5,,-,0,,0,,,-,,-,,-,0,,0,,,-,,-,,-,0,,0,,,-,,-,"GUAM
(13.3532, 144.653198)",
DELAWARE,2017,5,,-,0,,0,,,-,,-,,-,0,,0,,,-,,-,,-,0,,2,,,-,4,,"DELAWARE
(39.008676, -75.574561)",
C.N.M.I.,2017,5,,-,,-,,-,,-,,-,,-,,-,,-,,-,,-,,-,,-,,-,,-,,-,"NORTHERN MARIANA ISLANDS
(15.1834, 145.725693)",
IOWA,2017,5,,-,0,,1,,,-,,-,,-,9,,40,,16,,137,,,-,2,,11,,2,,12,,"IOWA
(42.46942, -93.815856)",
ILLINOIS,2017,5,,-,0,,2,,,-,2,,,-,3,,25,,6,,52,,,-,18,,38,,16,,91,,"ILLINOIS
(40.477092, -88.993221)",
LOUISIANA,2017,5,,-,0,,1,,1,,1,,,-,0,,0,,,-,,-,,-,1,,5,,2,,6,,"LOUISIANA
(31.2931, -92.463284)",
NEVADA,2017,5,,-,0,,2,,,-,1,,1,,0,,1,,2,,,-,,-,0,,3,,,-,5,,"NEVADA
(39.491833, -117.070159)",
VIRGIN ISL.,2017,5,,-,0,,0,,,-,,-,,-,0,,0,,,-,,-,,-,0,,0,,,-,,-,"VIRGIN ISLANDS
(18.060868, -64.840836)",
MARYLAND,2017,5,,-,0,,1,,,-,,-,,-,0,,3,,,-,,-,1,,2,,9,,9,,8,,"MARYLAND
(39.290443, -76.612333)",
UNITED STATES,2017,6,3,,6,,20,,39,,45,,80,,88,,402,,767,,299,,65,,317,,471,,903,,1970,,,
NEW ENGLAND,2017,6,,-,0,,2,,,-,3,,,-,3,,38,,4,,3,,3,,15,,69,,88,,85,,,
MID. ATLANTIC,2017,6,1,,0,,4,,2,,2,,2,,6,,32,,52,,7,,18,,53,,90,,143,,402,,,
NEW YORK CITY,2017,6,,-,0,,2,,,-,2,,,-,3,,19,,30,,5,,,-,5,,14,,7,,48,,,
E.N. CENTRAL,2017,6,,-,0,,6,,5,,8,,3,,8,,55,,35,,93,,,-,69,,156,,219,,452,,,
W.N. CENTRAL,2017,6,,-,0,,1,,,-,2,,13,,14,,45,,118,,169,,2,,28,,57,,51,,161,,,
S. ATLANTIC,2017,6,1,,1,,4,,11,,7,,,-,2,,6,,14,,12,,5,,25,,38,,77,,198,,,
E.S. CENTRAL,2017,6,,-,0,,2,,1,,1,,1,,1,,15,,3,,2,,3,,12,,33,,33,,142,,,
W.S. CENTRAL,2017,6,,-,0,,3,,2,,4,,47,,2,,332,,461,,4,,8,,27,,119,,63,,85,,,
MOUNTAIN,2017,6,,-,0,,3,,5,,2,,10,,1,,10,,33,,5,,23,,30,,49,,158,,273,,,
PACIFIC,2017,6,1,,2,,7,,13,,16,,4,,3,,77,,47,,4,,3,,44,,86,,71,,172,,,
AMER. SAMOA,2017,6,,-,0,,0,,,-,,-,,-,0,,0,,,-,,-,,-,0,,0,,,-,,-,,
ILLINOIS,2017,6,,-,0,,2,,,-,2,,,-,3,,25,,8,,67,,,-,18,,40,,34,,109,,"ILLINOIS
(40.477092, -88.993221)",
MISSOURI,2017,6,,-,0,,1,,,-,1,,13,,0,,29,,94,,,-,2,,3,,27,,28,,33,,"MISSOURI
(38.636168, -92.566292)",
NEW MEXICO,2017,6,,-,0,,1,,,-,,-,,-,0,,1,,,-,,-,,-,3,,9,,17,,14,,"NEW MEXICO
(34.520396, -106.244402)",
MAINE,2017,6,,-,0,,1,,,-,,-,,-,0,,4,,,-,,-,1,,4,,14,,37,,36,,"MAINE
(45.252223, -68.986647)",
MARYLAND,2017,6,,-,0,,1,,,-,,-,,-,0,,3,,,-,,-,,-,2,,9,,9,,10,,"MARYLAND
(39.290443, -76.612333)",
MISSISSIPPI,2017,6,,-,0,,0,,,-,,-,,-,0,,1,,,-,,-,,-,0,,2,,3,,1,,"MISSISSIPPI
(32.738663, -89.537312)",
GEORGIA,2017,6,,-,0,,3,,1,,2,,,-,0,,3,,5,,,-,,-,2,,7,,,-,43,,"GEORGIA
(32.836038, -83.631709)",
FLORIDA,2017,6,1,,0,,3,,6,,2,,,-,0,,2,,2,,,-,2,,6,,16,,21,,51,,"FLORIDA
(28.915325, -81.922409)",
ALABAMA,2017,6,,-,0,,1,,,-,1,,,-,0,,1,,,-,1,,,-,3,,7,,5,,30,,"ALABAMA
(32.839182, -86.631125)",
IDAHO,2017,6,,-,0,,1,,1,,,-,,-,0,,1,,1,,,-,6,,1,,8,,8,,7,,"IDAHO
(43.680635, -114.364237)",
ALASKA,2017,6,,-,0,,2,,,-,2,,,-,0,,2,,1,,,-,,-,3,,10,,7,,12,,"ALASKA
(64.836661, -147.738891)",
KANSAS,2017,6,,-,0,,1,,,-,,-,,-,0,,2,,2,,3,,,-,2,,8,,,-,6,,"KANSAS
(38.345528, -98.201847)",
INDIANA,2017,6,,-,0,,2,,,-,1,,,-,2,,23,,4,,15,,,-,2,,9,,3,,26,,"INDIANA
(39.76845, -86.156212)",
NORTH CAROLINA,2017,6,,-,0,,1,,,-,1,,,-,0,,3,,2,,10,,,-,4,,11,,9,,45,,"NORTH CAROLINA
(35.47995, -79.180571)",
MONTANA,2017,6,,-,0,,1,,,-,,-,,-,0,,6,,,-,,-,,-,0,,3,,,-,2,,"MONTANA
(47.062617, -109.430168)",
SOUTH CAROLINA,2017,6,,-,0,,2,,2,,2,,,-,0,,2,,,-,1,,2,,2,,15,,30,,17,,"SOUTH CAROLINA
(34.009286, -81.037094)",
CALIFORNIA,2017,6,,-,1,,6,,7,,11,,,-,2,,9,,11,,4,,1,,24,,40,,42,,117,,"CALIFORNIA
(37.640735, -121.002435)",
SOUTH DAKOTA,2017,6,,-,0,,0,,,-,1,,,-,0,,2,,,-,,-,,-,0,,2,,,-,3,,"SOUTH DAKOTA
(44.35371, -100.373709)",
C.N.M.I.,2017,6,,-,,-,,-,,-,,-,,-,,-,,-,,-,,-,,-,,-,,-,,-,,-,"NORTHERN MARIANA ISLANDS
(15.1834, 145.725693)",
DELAWARE,2017,6,,-,0,,0,,,-,,-,,-,0,,0,,,-,,-,,-,0,,2,,,-,4,,"DELAWARE
(39.008676, -75.574561)",
VERMONT,2017,6,,-,0,,0,,,-,,-,,-,0,,0,,,-,,-,2,,3,,45,,41,,19,,"VERMONT
(43.622479, -72.51927)",
TEXAS,2017,6,,-,0,,3,,1,,1,,12,,1,,55,,56,,4,,7,,21,,110,,43,,71,,"TEXAS
(31.827233, -99.423022)",
NEW JERSEY,2017,6,,-,0,,2,,,-,,-,,-,0,,3,,2,,1,,,-,7,,24,,2,,102,,"NEW JERSEY
(40.104655, -74.386686)",
RHODE ISLAND,2017,6,,-,0,,0,,,-,,-,,-,0,,1,,,-,,-,,-,0,,16,,1,,,-,"RHODE ISLAND
(41.707447, -71.522488)",
HAWAII,2017,6,,-,0,,1,,,-,,-,,-,0,,3,,,-,,-,,-,1,,5,,3,,9,,"HAWAII
(21.30992, -157.858158)",
COLORADO,2017,6,,-,0,,2,,2,,,-,10,,0,,10,,30,,2,,10,,15,,28,,83,,114,,"COLORADO
(38.841772, -106.132562)",
MASSACHUSETTS,2017,6,,-,0,,1,,,-,2,,,-,2,,28,,2,,2,,,-,3,,9,,4,,19,,"MASSACHUSETTS
(42.268546, -72.085064)",
IOWA,2017,6,,-,0,,1,,,-,,-,,-,8,,40,,21,,154,,,-,2,,11,,2,,14,,"IOWA
(42.46942, -93.815856)",
KENTUCKY,2017,6,,-,0,,1,,,-,,-,,-,0,,15,,1,,1,,,-,7,,27,,8,,98,,"KENTUCKY
(37.64591, -84.774043)",
MINNESOTA,2017,6,,-,0,,1,,,-,,-,,-,0,,3,,,-,11,,,-,14,,34,,,-,64,,"MINNESOTA
(46.357661, -94.793397)",
ARIZONA,2017,6,,-,0,,1,,2,,1,,,-,0,,2,,,-,3,,7,,4,,20,,46,,91,,"ARIZONA
(34.869712, -111.760902)",
NEW YORK,2017,6,1,,0,,1,,1,,,-,2,,2,,23,,16,,1,,5,,13,,27,,39,,61,,"NEW YORK
(42.826892, -75.544286)",
WEST VIRGINIA,2017,6,,-,0,,2,,,-,,-,,-,0,,1,,,-,,-,,-,0,,3,,3,,5,,"WEST VIRGINIA
(38.668501, -80.709421)",
NEBRASKA,2017,6,,-,0,,1,,,-,,-,,-,0,,10,,,-,1,,,-,2,,6,,11,,41,,"NEBRASKA
(41.640503, -99.367122)",
VIRGINIA,2017,6,,-,0,,2,,2,,,-,,-,0,,3,,5,,1,,,-,3,,11,,2,,21,,"VIRGINIA
(37.542699, -78.45822)",
NEVADA,2017,6,,-,0,,2,,,-,1,,,-,0,,1,,2,,,-,,-,0,,3,,,-,7,,"NEVADA
(39.491833, -117.070159)",
WISCONSIN,2017,6,,-,0,,1,,,-,2,,3,,0,,13,,18,,4,,,-,23,,99,,48,,125,,"WISCONSIN
(44.395526, -89.834513)",
NORTH DAKOTA,2017,6,,-,0,,0,,,-,,-,,-,0,,3,,1,,,-,,-,0,,5,,10,,,-,"NORTH DAKOTA
(47.475879, -100.121011)",
ARKANSAS,2017,6,,-,0,,1,,,-,1,,28,,0,,247,,356,,,-,1,,1,,6,,18,,7,,"ARKANSAS
(34.748745, -92.275105)",
WASHINGTON,2017,6,,-,0,,1,,,-,,-,3,,0,,69,,21,,,-,2,,9,,65,,13,,15,,"WASHINGTON
(47.517368, -120.467672)",
TENNESSEE,2017,6,,-,0,,1,,1,,,-,1,,0,,1,,2,,,-,3,,3,,5,,17,,13,,"TENNESSEE
(35.681402, -85.774444)",
NEW HAMPSHIRE,2017,6,,-,0,,0,,,-,,-,,-,0,,5,,1,,,-,,-,1,,4,,,-,5,,"NEW HAMPSHIRE
(43.657736, -71.500736)",
OREGON,2017,6,1,,0,,3,,6,,3,,1,,0,,5,,14,,,-,,-,3,,13,,6,,19,,"OREGON
(44.567912, -120.156945)",
VIRGIN ISL.,2017,6,,-,0,,0,,,-,,-,,-,0,,0,,,-,,-,,-,0,,0,,,-,,-,"VIRGIN ISLANDS
(18.060868, -64.840836)",
PENNSYLVANIA,2017,6,,-,0,,2,,1,,,-,,-,0,,2,,4,,,-,13,,23,,77,,95,,191,,"PENNSYLVANIA
(40.789676, -77.858055)",
LOUISIANA,2017,6,,-,0,,1,,1,,1,,,-,0,,0,,,-,,-,,-,1,,5,,2,,7,,"LOUISIANA
(31.2931, -92.463284)",
OKLAHOMA,2017,6,,-,0,,1,,,-,1,,7,,0,,81,,49,,,-,,-,0,,54,,,-,,-,"OKLAHOMA
(35.468494, -97.521264)",
WYOMING,2017,6,,-,0,,0,,,-,,-,,-,0,,0,,,-,,-,,-,0,,3,,,-,3,,"WYOMING
(43.23558, -108.110518)",
CONNECTICUT,2017,6,,-,0,,1,,,-,1,,,-,0,,12,,1,,1,,,-,1,,6,,5,,6,,"CONNECTICUT
(41.544654, -72.651713)",
DIST. OF COL.,2017,6,,-,0,,0,,,-,,-,,-,0,,2,,,-,,-,1,,0,,2,,3,,2,,"DISTRICT OF COLUMBIA
(38.892062, -77.019912)",
UTAH,2017,6,,-,0,,1,,,-,,-,,-,0,,1,,,-,,-,,-,4,,10,,4,,35,,"UTAH
(39.359772, -111.584173)",
GUAM,2017,6,,-,0,,0,,,-,,-,,-,0,,0,,,-,,-,,-,0,,0,,,-,,-,"GUAM
(13.3532, 144.653198)",
MICHIGAN,2017,6,,-,0,,1,,1,,1,,,-,0,,2,,1,,3,,,-,7,,29,,31,,46,,"MICHIGAN
(44.66399, -84.711206)",
PUERTO RICO,2017,6,,-,0,,0,,,-,,-,,-,0,,1,,1,,,-,,-,0,,4,,,-,,-,"PUERTO RICO
(18.215692, -66.414655)",
OHIO,2017,6,,-,0,,3,,4,,2,,,-,1,,20,,4,,4,,,-,18,,38,,103,,146,,"OHIO
(40.056807, -82.405897)",
UNITED STATES,2017,7,1,,6,,20,,48,,51,,80,,96,,401,,910,,355,,92,,316,,475,,1130,,2295,,,
NEW ENGLAND,2017,7,,-,0,,2,,,-,4,,,-,3,,38,,5,,6,,4,,16,,69,,100,,98,,,
MID. ATLANTIC,2017,7,,-,0,,4,,2,,2,,9,,6,,32,,62,,8,,18,,53,,91,,171,,467,,,
NEW YORK CITY,2017,7,,-,0,,1,,,-,2,,,-,3,,19,,30,,6,,,-,5,,14,,7,,52,,,
E.N. CENTRAL,2017,7,,-,0,,6,,6,,9,,6,,8,,55,,56,,116,,16,,69,,156,,290,,505,,,
W.N. CENTRAL,2017,7,,-,0,,1,,,-,3,,8,,15,,45,,147,,187,,4,,28,,58,,61,,197,,,
S. ATLANTIC,2017,7,1,,1,,5,,13,,7,,,-,2,,6,,16,,14,,10,,25,,38,,93,,232,,,
E.S. CENTRAL,2017,7,,-,0,,2,,1,,1,,,-,1,,15,,4,,5,,12,,12,,33,,53,,157,,,
W.S. CENTRAL,2017,7,,-,0,,3,,2,,4,,24,,3,,331,,507,,5,,,-,27,,125,,75,,104,,,
MOUNTAIN,2017,7,,-,0,,3,,5,,3,,7,,1,,10,,40,,8,,27,,30,,48,,195,,314,,,
PACIFIC,2017,7,,-,2,,7,,19,,18,,26,,3,,120,,73,,6,,1,,44,,94,,92,,221,,,
AMER. SAMOA,2017,7,,-,0,,0,,,-,,-,,-,0,,0,,,-,,-,,-,0,,0,,,-,,-,,
ARKANSAS,2017,7,,-,0,,1,,,-,1,,10,,0,,247,,378,,,-,,-,1,,6,,18,,7,,"ARKANSAS
(34.748745, -92.275105)",
IDAHO,2017,7,,-,0,,1,,1,,,-,1,,0,,1,,2,,,-,,-,1,,8,,8,,9,,"IDAHO
(43.680635, -114.364237)",
MAINE,2017,7,,-,0,,1,,,-,,-,,-,0,,4,,1,,,-,4,,4,,14,,45,,43,,"MAINE
(45.252223, -68.986647)",
IOWA,2017,7,,-,0,,1,,,-,1,,,-,8,,40,,21,,170,,,-,2,,11,,2,,15,,"IOWA
(42.46942, -93.815856)",
SOUTH CAROLINA,2017,7,,-,0,,2,,2,,2,,,-,0,,2,,,-,1,,1,,3,,15,,33,,18,,"SOUTH CAROLINA
(34.009286, -81.037094)",
NEW HAMPSHIRE,2017,7,,-,0,,0,,,-,,-,,-,0,,5,,1,,1,,,-,1,,4,,1,,5,,"NEW HAMPSHIRE
(43.657736, -71.500736)",
MONTANA,2017,7,,-,0,,1,,,-,,-,,-,0,,6,,,-,,-,,-,0,,3,,,-,2,,"MONTANA
(47.062617, -109.430168)",
RHODE ISLAND,2017,7,,-,0,,0,,,-,,-,,-,0,,1,,,-,,-,,-,0,,16,,4,,,-,"RHODE ISLAND
(41.707447, -71.522488)",
KANSAS,2017,7,,-,0,,1,,,-,,-,,-,0,,5,,12,,5,,,-,2,,8,,,-,8,,"KANSAS
(38.345528, -98.201847)",
HAWAII,2017,7,,-,0,,1,,,-,,-,,-,0,,3,,1,,,-,,-,1,,5,,3,,9,,"HAWAII
(21.30992, -157.858158)",
WEST VIRGINIA,2017,7,,-,0,,2,,,-,,-,,-,0,,1,,,-,,-,,-,0,,3,,3,,5,,"WEST VIRGINIA
(38.668501, -80.709421)",
NORTH CAROLINA,2017,7,,-,0,,1,,,-,1,,,-,0,,3,,2,,12,,,-,4,,11,,10,,54,,"NORTH CAROLINA
(35.47995, -79.180571)",
COLORADO,2017,7,,-,0,,2,,2,,,-,6,,0,,10,,36,,5,,26,,15,,28,,109,,138,,"COLORADO
(38.841772, -106.132562)",
MARYLAND,2017,7,1,,0,,1,,1,,,-,,-,0,,3,,,-,,-,1,,2,,9,,10,,11,,"MARYLAND
(39.290443, -76.612333)",
ARIZONA,2017,7,,-,0,,1,,2,,1,,,-,0,,2,,,-,3,,1,,4,,13,,50,,98,,"ARIZONA
(34.869712, -111.760902)",
GUAM,2017,7,,-,0,,0,,,-,,-,,-,0,,0,,,-,,-,,-,0,,0,,,-,,-,"GUAM
(13.3532, 144.653198)",
NEW YORK,2017,7,,-,0,,1,,1,,,-,7,,2,,23,,23,,1,,3,,12,,27,,42,,85,,"NEW YORK
(42.826892, -75.544286)",
NORTH DAKOTA,2017,7,,-,0,,0,,,-,,-,,-,0,,3,,1,,,-,,-,0,,5,,11,,,-,"NORTH DAKOTA
(47.475879, -100.121011)",
ILLINOIS,2017,7,,-,0,,2,,,-,2,,,-,3,,25,,12,,78,,,-,18,,41,,48,,124,,"ILLINOIS
(40.477092, -88.993221)",
NEBRASKA,2017,7,,-,0,,1,,,-,,-,,-,0,,10,,,-,1,,1,,2,,6,,14,,47,,"NEBRASKA
(41.640503, -99.367122)",
ALASKA,2017,7,,-,0,,1,,,-,2,,,-,0,,2,,1,,,-,,-,3,,10,,8,,12,,"ALASKA
(64.836661, -147.738891)",
VIRGIN ISL.,2017,7,,-,0,,0,,,-,,-,,-,0,,0,,,-,,-,,-,0,,0,,,-,,-,"VIRGIN ISLANDS
(18.060868, -64.840836)",
C.N.M.I.,2017,7,,-,,-,,-,,-,,-,,-,,-,,-,,-,,-,,-,,-,,-,,-,,-,"NORTHERN MARIANA ISLANDS
(15.1834, 145.725693)",
TEXAS,2017,7,,-,0,,3,,1,,1,,11,,1,,55,,77,,5,,,-,21,,116,,55,,89,,"TEXAS
(31.827233, -99.423022)",
MISSISSIPPI,2017,7,,-,0,,0,,,-,,-,,-,0,,1,,1,,,-,,-,0,,2,,3,,1,,"MISSISSIPPI
(32.738663, -89.537312)",
DIST. OF COL.,2017,7,,-,0,,0,,,-,,-,,-,0,,2,,1,,,-,,-,0,,2,,4,,2,,"DISTRICT OF COLUMBIA
(38.892062, -77.019912)",
INDIANA,2017,7,,-,0,,2,,,-,1,,,-,2,,23,,7,,26,,,-,2,,9,,8,,27,,"INDIANA
(39.76845, -86.156212)",
MINNESOTA,2017,7,,-,0,,1,,,-,,-,,-,0,,3,,,-,11,,,-,16,,38,,,-,83,,"MINNESOTA
(46.357661, -94.793397)",
NEW JERSEY,2017,7,,-,0,,2,,,-,,-,,-,0,,3,,2,,1,,,-,7,,17,,5,,117,,"NEW JERSEY
(40.104655, -74.386686)",
VIRGINIA,2017,7,,-,0,,2,,2,,,-,,-,0,,4,,6,,1,,,-,3,,12,,4,,29,,"VIRGINIA
(37.542699, -78.45822)",
DELAWARE,2017,7,,-,0,,0,,,-,,-,,-,0,,0,,,-,,-,,-,0,,2,,,-,4,,"DELAWARE
(39.008676, -75.574561)",
WISCONSIN,2017,7,,-,0,,1,,,-,2,,1,,0,,14,,24,,4,,1,,23,,99,,69,,144,,"WISCONSIN
(44.395526, -89.834513)",
LOUISIANA,2017,7,,-,0,,1,,1,,1,,,-,0,,0,,,-,,-,,-,1,,5,,2,,8,,"LOUISIANA
(31.2931, -92.463284)",
OHIO,2017,7,,-,0,,3,,4,,2,,5,,1,,20,,12,,5,,15,,18,,38,,120,,160,,"OHIO
(40.056807, -82.405897)",
MASSACHUSETTS,2017,7,,-,0,,1,,,-,3,,,-,2,,28,,2,,4,,,-,3,,9,,4,,20,,"MASSACHUSETTS
(42.268546, -72.085064)",
UTAH,2017,7,,-,0,,1,,,-,1,,,-,0,,1,,,-,,-,,-,4,,9,,5,,37,,"UTAH
(39.359772, -111.584173)",
MICHIGAN,2017,7,,-,0,,2,,2,,2,,,-,0,,2,,1,,3,,,-,7,,29,,45,,50,,"MICHIGAN
(44.66399, -84.711206)",
NEVADA,2017,7,,-,0,,2,,,-,1,,,-,0,,1,,2,,,-,,-,0,,3,,1,,7,,"NEVADA
(39.491833, -117.070159)",
MISSOURI,2017,7,,-,0,,1,,,-,1,,8,,0,,29,,113,,,-,3,,3,,27,,34,,39,,"MISSOURI
(38.636168, -92.566292)",
PUERTO RICO,2017,7,,-,0,,0,,,-,,-,,-,0,,1,,1,,,-,,-,0,,4,,,-,1,,"PUERTO RICO
(18.215692, -66.414655)",
GEORGIA,2017,7,,-,0,,3,,1,,2,,,-,0,,3,,5,,,-,,-,2,,7,,,-,48,,"GEORGIA
(32.836038, -83.631709)",
PENNSYLVANIA,2017,7,,-,0,,2,,1,,,-,2,,0,,2,,7,,,-,15,,22,,78,,117,,213,,"PENNSYLVANIA
(40.789676, -77.858055)",
CALIFORNIA,2017,7,,-,1,,6,,13,,12,,,-,1,,9,,11,,6,,1,,24,,41,,62,,145,,"CALIFORNIA
(37.640735, -121.002435)",
CONNECTICUT,2017,7,,-,0,,0,,,-,1,,,-,0,,12,,1,,1,,,-,1,,6,,5,,8,,"CONNECTICUT
(41.544654, -72.651713)",
SOUTH DAKOTA,2017,7,,-,0,,0,,,-,1,,,-,0,,2,,,-,,-,,-,0,,2,,,-,5,,"SOUTH DAKOTA
(44.35371, -100.373709)",
OKLAHOMA,2017,7,,-,0,,1,,,-,1,,3,,0,,81,,52,,,-,,-,0,,54,,,-,,-,"OKLAHOMA
(35.468494, -97.521264)",
OREGON,2017,7,,-,0,,3,,6,,4,,,-,0,,5,,14,,,-,,-,3,,13,,6,,26,,"OREGON
(44.567912, -120.156945)",
VERMONT,2017,7,,-,0,,0,,,-,,-,,-,0,,0,,,-,,-,,-,3,,45,,41,,22,,"VERMONT
(43.622479, -72.51927)",
KENTUCKY,2017,7,,-,0,,1,,,-,,-,,-,0,,15,,1,,4,,5,,6,,27,,21,,109,,"KENTUCKY
(37.64591, -84.774043)",
ALABAMA,2017,7,,-,0,,1,,,-,1,,,-,0,,1,,,-,1,,,-,3,,7,,5,,32,,"ALABAMA
(32.839182, -86.631125)",
NEW MEXICO,2017,7,,-,0,,1,,,-,,-,,-,0,,1,,,-,,-,,-,3,,9,,22,,18,,"NEW MEXICO
(34.520396, -106.244402)",
FLORIDA,2017,7,,-,0,,3,,7,,2,,,-,0,,2,,2,,,-,8,,6,,16,,29,,61,,"FLORIDA
(28.915325, -81.922409)",
WASHINGTON,2017,7,,-,0,,1,,,-,,-,26,,0,,112,,46,,,-,,-,9,,67,,13,,29,,"WASHINGTON
(47.517368, -120.467672)",
TENNESSEE,2017,7,,-,0,,1,,1,,,-,,-,0,,1,,2,,,-,7,,3,,5,,24,,15,,"TENNESSEE
(35.681402, -85.774444)",
WYOMING,2017,7,,-,0,,0,,,-,,-,,-,0,,0,,,-,,-,,-,0,,3,,,-,5,,"WYOMING
(43.23558, -108.110518)",
UNITED STATES,2017,8,5,,6,,20,,54,,59,,77,,101,,401,,1077,,455,,102,,313,,496,,1395,,2578,,,
NEW ENGLAND,2017,8,,-,0,,2,,,-,5,,,-,3,,38,,10,,23,,,-,16,,69,,110,,108,,,
MID. ATLANTIC,2017,8,2,,0,,4,,4,,2,,4,,7,,32,,66,,8,,19,,53,,91,,195,,526,,,
NEW YORK CITY,2017,8,,-,0,,1,,,-,2,,,-,3,,19,,30,,6,,,-,5,,14,,7,,55,,,
E.N. CENTRAL,2017,8,,-,0,,6,,6,,10,,6,,8,,55,,80,,133,,4,,69,,156,,326,,575,,,
W.N. CENTRAL,2017,8,,-,0,,1,,,-,3,,23,,15,,45,,206,,232,,10,,28,,58,,79,,213,,,
S. ATLANTIC,2017,8,,-,1,,5,,13,,8,,,-,2,,6,,16,,18,,15,,25,,38,,125,,254,,,
E.S. CENTRAL,2017,8,1,,0,,2,,3,,2,,,-,1,,15,,4,,18,,3,,13,,33,,69,,179,,,
W.S. CENTRAL,2017,8,,-,0,,3,,2,,4,,32,,3,,331,,562,,7,,13,,27,,133,,124,,118,,,
MOUNTAIN,2017,8,,-,0,,3,,5,,3,,4,,1,,10,,45,,9,,24,,30,,48,,232,,349,,,
PACIFIC,2017,8,2,,2,,7,,21,,22,,8,,3,,126,,88,,7,,14,,43,,105,,135,,256,,,
AMER. SAMOA,2017,8,,-,0,,0,,,-,,-,,-,0,,0,,,-,,-,,-,0,,0,,,-,,-,,
ARIZONA,2017,8,,-,0,,1,,2,,1,,1,,0,,2,,1,,3,,4,,4,,13,,60,,110,,"ARIZONA
(34.869712, -111.760902)",
INDIANA,2017,8,,-,0,,2,,,-,1,,,-,2,,23,,10,,29,,,-,3,,9,,11,,29,,"INDIANA
(39.76845, -86.156212)",
VERMONT,2017,8,,-,0,,0,,,-,,-,,-,0,,0,,,-,,-,,-,3,,45,,42,,23,,"VERMONT
(43.622479, -72.51927)",
C.N.M.I.,2017,8,,-,,-,,-,,-,,-,,-,,-,,-,,-,,-,,-,,-,,-,,-,,-,"NORTHERN MARIANA ISLANDS
(15.1834, 145.725693)",
LOUISIANA,2017,8,,-,0,,1,,1,,1,,,-,0,,0,,,-,,-,,-,1,,5,,5,,8,,"LOUISIANA
(31.2931, -92.463284)",
MASSACHUSETTS,2017,8,,-,0,,1,,,-,4,,,-,2,,28,,7,,14,,,-,4,,9,,8,,22,,"MASSACHUSETTS
(42.268546, -72.085064)",
DELAWARE,2017,8,,-,0,,0,,,-,,-,,-,0,,0,,,-,,-,,-,0,,2,,,-,4,,"DELAWARE
(39.008676, -75.574561)",
TEXAS,2017,8,,-,0,,3,,1,,1,,7,,1,,55,,86,,7,,11,,21,,124,,97,,102,,"TEXAS
(31.827233, -99.423022)",
MAINE,2017,8,,-,0,,1,,,-,,-,,-,0,,4,,1,,1,,,-,4,,14,,49,,47,,"MAINE
(45.252223, -68.986647)",
NORTH DAKOTA,2017,8,,-,0,,0,,,-,,-,,-,0,,3,,1,,1,,,-,0,,5,,13,,1,,"NORTH DAKOTA
(47.475879, -100.121011)",
IOWA,2017,8,,-,0,,1,,,-,1,,2,,8,,40,,33,,210,,,-,2,,11,,3,,16,,"IOWA
(42.46942, -93.815856)",
ALASKA,2017,8,,-,0,,1,,,-,2,,,-,0,,2,,1,,,-,,-,3,,10,,8,,15,,"ALASKA
(64.836661, -147.738891)",
COLORADO,2017,8,,-,0,,2,,2,,,-,2,,0,,10,,38,,6,,20,,15,,28,,129,,150,,"COLORADO
(38.841772, -106.132562)",
VIRGINIA,2017,8,,-,0,,2,,2,,,-,,-,0,,4,,6,,1,,,-,3,,12,,4,,31,,"VIRGINIA
(37.542699, -78.45822)",
MARYLAND,2017,8,,-,0,,1,,1,,,-,,-,0,,3,,,-,,-,2,,2,,9,,14,,13,,"MARYLAND
(39.290443, -76.612333)",
PUERTO RICO,2017,8,,-,0,,0,,,-,,-,,-,0,,1,,1,,,-,,-,0,,4,,,-,1,,"PUERTO RICO
(18.215692, -66.414655)",
NORTH CAROLINA,2017,8,,-,0,,1,,,-,2,,,-,0,,3,,2,,15,,,-,4,,11,,17,,58,,"NORTH CAROLINA
(35.47995, -79.180571)",
NEW HAMPSHIRE,2017,8,,-,0,,0,,,-,,-,,-,0,,5,,1,,6,,,-,1,,4,,2,,6,,"NEW HAMPSHIRE
(43.657736, -71.500736)",
WYOMING,2017,8,,-,0,,0,,,-,,-,,-,0,,0,,,-,,-,,-,0,,3,,,-,6,,"WYOMING
(43.23558, -108.110518)",
WASHINGTON,2017,8,,-,0,,1,,,-,1,,7,,0,,118,,53,,,-,13,,9,,76,,26,,38,,"WASHINGTON
(47.517368, -120.467672)",
MICHIGAN,2017,8,,-,0,,2,,2,,2,,,-,0,,2,,1,,3,,,-,7,,29,,54,,55,,"MICHIGAN
(44.66399, -84.711206)",
NEVADA,2017,8,,-,0,,2,,,-,1,,,-,0,,1,,2,,,-,,-,0,,3,,1,,7,,"NEVADA
(39.491833, -117.070159)",
VIRGIN ISL.,2017,8,,-,0,,0,,,-,,-,,-,0,,0,,,-,,-,,-,0,,0,,,-,,-,"VIRGIN ISLANDS
(18.060868, -64.840836)",
SOUTH DAKOTA,2017,8,,-,0,,0,,,-,1,,,-,0,,2,,,-,,-,,-,0,,2,,,-,5,,"SOUTH DAKOTA
(44.35371, -100.373709)",
SOUTH CAROLINA,2017,8,,-,0,,2,,2,,2,,,-,0,,2,,,-,2,,4,,3,,15,,38,,20,,"SOUTH CAROLINA
(34.009286, -81.037094)",
MONTANA,2017,8,,-,0,,1,,,-,,-,,-,0,,6,,1,,,-,,-,0,,3,,,-,2,,"MONTANA
(47.062617, -109.430168)",
ALABAMA,2017,8,,-,0,,1,,,-,1,,,-,0,,1,,,-,1,,1,,3,,7,,6,,36,,"ALABAMA
(32.839182, -86.631125)",
CALIFORNIA,2017,8,,-,1,,6,,13,,15,,1,,1,,9,,15,,7,,,-,24,,42,,89,,168,,"CALIFORNIA
(37.640735, -121.002435)",
NEW YORK,2017,8,1,,0,,1,,2,,,-,2,,2,,23,,25,,1,,8,,12,,33,,50,,104,,"NEW YORK
(42.826892, -75.544286)",
GEORGIA,2017,8,,-,0,,3,,1,,2,,,-,0,,3,,5,,,-,,-,2,,7,,6,,50,,"GEORGIA
(32.836038, -83.631709)",
GUAM,2017,8,,-,0,,0,,,-,,-,,-,0,,0,,,-,,-,,-,0,,0,,,-,,-,"GUAM
(13.3532, 144.653198)",
NEW MEXICO,2017,8,,-,0,,1,,,-,,-,,-,0,,1,,,-,,-,,-,3,,9,,28,,22,,"NEW MEXICO
(34.520396, -106.244402)",
MISSOURI,2017,8,,-,0,,1,,,-,1,,16,,0,,29,,142,,,-,9,,3,,27,,45,,41,,"MISSOURI
(38.636168, -92.566292)",
WISCONSIN,2017,8,,-,0,,1,,,-,2,,,-,0,,15,,24,,4,,,-,23,,99,,80,,167,,"WISCONSIN
(44.395526, -89.834513)",
FLORIDA,2017,8,,-,0,,3,,7,,2,,,-,0,,2,,2,,,-,9,,6,,16,,38,,68,,"FLORIDA
(28.915325, -81.922409)",
IDAHO,2017,8,,-,0,,1,,1,,,-,1,,0,,1,,3,,,-,,-,1,,8,,8,,10,,"IDAHO
(43.680635, -114.364237)",
HAWAII,2017,8,,-,0,,1,,,-,,-,,-,0,,3,,1,,,-,,-,1,,5,,3,,9,,"HAWAII
(21.30992, -157.858158)",
NEBRASKA,2017,8,,-,0,,1,,,-,,-,1,,0,,10,,1,,1,,1,,2,,6,,16,,52,,"NEBRASKA
(41.640503, -99.367122)",
MISSISSIPPI,2017,8,1,,0,,0,,1,,,-,,-,0,,1,,1,,,-,,-,0,,2,,5,,1,,"MISSISSIPPI
(32.738663, -89.537312)",
OHIO,2017,8,,-,0,,3,,4,,2,,6,,1,,20,,18,,6,,4,,18,,38,,125,,184,,"OHIO
(40.056807, -82.405897)",
UTAH,2017,8,,-,0,,1,,,-,1,,,-,0,,1,,,-,,-,,-,4,,9,,6,,42,,"UTAH
(39.359772, -111.584173)",
OKLAHOMA,2017,8,,-,0,,1,,,-,1,,8,,0,,81,,60,,,-,,-,0,,54,,,-,,-,"OKLAHOMA
(35.468494, -97.521264)",
PENNSYLVANIA,2017,8,1,,0,,2,,2,,,-,2,,0,,2,,9,,,-,11,,22,,78,,131,,240,,"PENNSYLVANIA
(40.789676, -77.858055)",
KENTUCKY,2017,8,,-,0,,1,,,-,,-,,-,0,,15,,1,,17,,2,,6,,27,,31,,126,,"KENTUCKY
(37.64591, -84.774043)",
NEW JERSEY,2017,8,,-,0,,2,,,-,,-,,-,0,,3,,2,,1,,,-,7,,17,,7,,127,,"NEW JERSEY
(40.104655, -74.386686)",
KANSAS,2017,8,,-,0,,1,,,-,,-,4,,0,,9,,29,,6,,,-,2,,8,,2,,11,,"KANSAS
(38.345528, -98.201847)",
TENNESSEE,2017,8,,-,0,,1,,2,,1,,,-,0,,1,,2,,,-,,-,3,,10,,27,,16,,"TENNESSEE
(35.681402, -85.774444)",
OREGON,2017,8,2,,0,,3,,8,,4,,,-,0,,5,,18,,,-,1,,3,,13,,9,,26,,"OREGON
(44.567912, -120.156945)",
ILLINOIS,2017,8,,-,0,,2,,,-,3,,,-,3,,25,,27,,91,,,-,18,,41,,56,,140,,"ILLINOIS
(40.477092, -88.993221)",
CONNECTICUT,2017,8,,-,0,,0,,,-,1,,,-,0,,12,,1,,2,,,-,1,,6,,5,,9,,"CONNECTICUT
(41.544654, -72.651713)",
DIST. OF COL.,2017,8,,-,0,,0,,,-,,-,,-,0,,2,,1,,,-,,-,0,,2,,5,,2,,"DISTRICT OF COLUMBIA
(38.892062, -77.019912)",
WEST VIRGINIA,2017,8,,-,0,,2,,,-,,-,,-,0,,1,,,-,,-,,-,0,,3,,3,,8,,"WEST VIRGINIA
(38.668501, -80.709421)",
MINNESOTA,2017,8,,-,0,,1,,,-,,-,,-,0,,3,,,-,14,,,-,16,,38,,,-,87,,"MINNESOTA
(46.357661, -94.793397)",
ARKANSAS,2017,8,,-,0,,1,,,-,1,,17,,1,,247,,416,,,-,2,,1,,6,,22,,8,,"ARKANSAS
(34.748745, -92.275105)",
RHODE ISLAND,2017,8,,-,0,,0,,,-,,-,,-,0,,1,,,-,,-,,-,0,,16,,4,,1,,"RHODE ISLAND
(41.707447, -71.522488)",
UNITED STATES,2017,9,4,,6,,20,,62,,70,,62,,104,,401,,1242,,541,,88,,313,,508,,1645,,2897,,,
NEW ENGLAND,2017,9,,-,0,,2,,,-,7,,1,,3,,38,,13,,39,,4,,16,,70,,127,,118,,,
MID. ATLANTIC,2017,9,1,,1,,4,,6,,2,,16,,8,,32,,112,,9,,16,,52,,94,,234,,596,,,
NEW YORK CITY,2017,9,,-,0,,1,,,-,2,,,-,3,,19,,47,,6,,,-,5,,14,,16,,63,,,
E.N. CENTRAL,2017,9,,-,0,,6,,6,,11,,6,,8,,55,,93,,171,,34,,69,,156,,398,,645,,,
W.N. CENTRAL,2017,9,,-,0,,1,,2,,3,,23,,15,,43,,256,,246,,6,,28,,58,,101,,227,,,
S. ATLANTIC,2017,9,,-,1,,5,,13,,10,,3,,2,,7,,21,,20,,5,,25,,38,,142,,276,,,
E.S. CENTRAL,2017,9,,-,0,,2,,3,,4,,,-,1,,15,,4,,24,,6,,12,,33,,83,,198,,,
W.S. CENTRAL,2017,9,1,,0,,3,,3,,4,,10,,13,,331,,594,,9,,11,,27,,140,,145,,147,,,
MOUNTAIN,2017,9,,-,0,,3,,5,,4,,1,,1,,11,,55,,15,,4,,29,,48,,245,,392,,,
PACIFIC,2017,9,2,,2,,7,,24,,25,,2,,3,,126,,94,,8,,2,,44,,109,,170,,298,,,
AMER. SAMOA,2017,9,,-,0,,0,,,-,,-,,-,0,,0,,,-,,-,,-,0,,0,,,-,,-,,
HAWAII,2017,9,,-,0,,1,,,-,,-,,-,0,,3,,1,,,-,,-,1,,5,,3,,10,,"HAWAII
(21.30992, -157.858158)",
OREGON,2017,9,,-,0,,3,,8,,5,,2,,0,,5,,21,,,-,,-,3,,13,,12,,29,,"OREGON
(44.567912, -120.156945)",
KENTUCKY,2017,9,,-,0,,1,,,-,1,,,-,0,,15,,1,,22,,1,,6,,27,,37,,136,,"KENTUCKY
(37.64591, -84.774043)",
CONNECTICUT,2017,9,,-,0,,0,,,-,1,,,-,0,,12,,1,,3,,,-,1,,6,,5,,9,,"CONNECTICUT
(41.544654, -72.651713)",
MAINE,2017,9,,-,0,,1,,,-,1,,,-,0,,4,,1,,1,,3,,4,,14,,55,,49,,"MAINE
(45.252223, -68.986647)",
COLORADO,2017,9,,-,0,,2,,2,,,-,,-,0,,10,,38,,7,,,-,15,,28,,129,,175,,"COLORADO
(38.841772, -106.132562)",
IDAHO,2017,9,,-,0,,1,,1,,,-,,-,0,,2,,4,,,-,,-,1,,8,,8,,10,,"IDAHO
(43.680635, -114.364237)",
GEORGIA,2017,9,,-,0,,3,,1,,2,,,-,0,,4,,6,,,-,,-,2,,7,,7,,54,,"GEORGIA
(32.836038, -83.631709)",
ILLINOIS,2017,9,,-,0,,2,,,-,4,,,-,3,,25,,32,,116,,,-,18,,40,,67,,157,,"ILLINOIS
(40.477092, -88.993221)",
NEVADA,2017,9,,-,0,,2,,,-,2,,,-,0,,1,,2,,,-,,-,0,,3,,1,,8,,"NEVADA
(39.491833, -117.070159)",
INDIANA,2017,9,,-,0,,2,,,-,1,,,-,2,,23,,12,,41,,,-,3,,9,,15,,32,,"INDIANA
(39.76845, -86.156212)",
IOWA,2017,9,,-,0,,1,,,-,1,,,-,8,,35,,38,,221,,,-,2,,11,,7,,18,,"IOWA
(42.46942, -93.815856)",
MINNESOTA,2017,9,,-,0,,1,,,-,,-,3,,0,,2,,6,,16,,,-,16,,38,,9,,96,,"MINNESOTA
(46.357661, -94.793397)",
NORTH CAROLINA,2017,9,,-,0,,1,,,-,2,,,-,0,,3,,2,,16,,,-,4,,11,,18,,65,,"NORTH CAROLINA
(35.47995, -79.180571)",
GUAM,2017,9,,-,0,,0,,,-,,-,,-,0,,0,,,-,,-,,-,0,,0,,,-,,-,"GUAM
(13.3532, 144.653198)",
CALIFORNIA,2017,9,2,,1,,6,,16,,17,,,-,1,,9,,18,,8,,2,,26,,42,,121,,198,,"CALIFORNIA
(37.640735, -121.002435)",
UTAH,2017,9,,-,0,,1,,,-,1,,,-,0,,3,,8,,,-,,-,4,,9,,8,,47,,"UTAH
(39.359772, -111.584173)",
ARKANSAS,2017,9,,-,0,,1,,,-,1,,,-,11,,247,,424,,,-,,-,1,,6,,22,,10,,"ARKANSAS
(34.748745, -92.275105)",
NEW JERSEY,2017,9,,-,0,,2,,,-,,-,,-,0,,3,,2,,2,,,-,7,,17,,14,,139,,"NEW JERSEY
(40.104655, -74.386686)",
PENNSYLVANIA,2017,9,,-,0,,2,,2,,,-,14,,0,,13,,36,,,-,7,,22,,81,,145,,277,,"PENNSYLVANIA
(40.789676, -77.858055)",
PUERTO RICO,2017,9,,-,0,,0,,,-,,-,,-,0,,1,,1,,,-,,-,0,,4,,,-,1,,"PUERTO RICO
(18.215692, -66.414655)",
TEXAS,2017,9,,-,0,,3,,1,,1,,10,,1,,55,,110,,9,,10,,21,,131,,114,,128,,"TEXAS
(31.827233, -99.423022)",
NEW MEXICO,2017,9,,-,0,,1,,,-,,-,,-,0,,1,,,-,,-,,-,3,,10,,31,,25,,"NEW MEXICO
(34.520396, -106.244402)",
KANSAS,2017,9,,-,0,,1,,,-,,-,3,,0,,11,,40,,6,,,-,2,,8,,2,,12,,"KANSAS
(38.345528, -98.201847)",
WYOMING,2017,9,,-,0,,0,,,-,,-,,-,0,,0,,,-,,-,,-,0,,3,,,-,6,,"WYOMING
(43.23558, -108.110518)",
C.N.M.I.,2017,9,,-,,-,,-,,-,,-,,-,,-,,-,,-,,-,,-,,-,,-,,-,,-,"NORTHERN MARIANA ISLANDS
(15.1834, 145.725693)",
ARIZONA,2017,9,,-,0,,1,,2,,1,,1,,0,,2,,2,,3,,4,,4,,13,,68,,118,,"ARIZONA
(34.869712, -111.760902)",
WISCONSIN,2017,9,,-,0,,1,,,-,2,,,-,0,,15,,24,,4,,,-,22,,99,,80,,193,,"WISCONSIN
(44.395526, -89.834513)",
TENNESSEE,2017,9,,-,0,,1,,2,,1,,,-,0,,1,,2,,1,,5,,3,,10,,32,,19,,"TENNESSEE
(35.681402, -85.774444)",
RHODE ISLAND,2017,9,,-,0,,0,,,-,,-,,-,0,,1,,,-,,-,,-,0,,16,,4,,2,,"RHODE ISLAND
(41.707447, -71.522488)",
MONTANA,2017,9,,-,0,,1,,,-,,-,,-,0,,6,,1,,5,,,-,0,,3,,,-,3,,"MONTANA
(47.062617, -109.430168)",
VIRGIN ISL.,2017,9,,-,0,,0,,,-,,-,,-,0,,0,,,-,,-,,-,0,,0,,,-,,-,"VIRGIN ISLANDS
(18.060868, -64.840836)",
MICHIGAN,2017,9,,-,0,,2,,2,,2,,,-,0,,2,,1,,3,,,-,7,,29,,75,,59,,"MICHIGAN
(44.66399, -84.711206)",
ALASKA,2017,9,,-,0,,1,,,-,2,,,-,0,,2,,1,,,-,,-,3,,10,,8,,18,,"ALASKA
(64.836661, -147.738891)",
OKLAHOMA,2017,9,,-,0,,1,,,-,1,,,-,0,,81,,60,,,-,,-,0,,54,,,-,,-,"OKLAHOMA
(35.468494, -97.521264)",
FLORIDA,2017,9,,-,0,,3,,7,,2,,2,,0,,2,,4,,1,,4,,6,,16,,42,,69,,"FLORIDA
(28.915325, -81.922409)",
MASSACHUSETTS,2017,9,,-,0,,1,,,-,5,,1,,2,,28,,10,,29,,,-,4,,10,,13,,25,,"MASSACHUSETTS
(42.268546, -72.085064)",
OHIO,2017,9,,-,0,,3,,4,,2,,6,,1,,20,,24,,7,,34,,18,,38,,161,,204,,"OHIO
(40.056807, -82.405897)",
SOUTH CAROLINA,2017,9,,-,0,,2,,2,,2,,,-,0,,2,,,-,2,,1,,3,,15,,48,,22,,"SOUTH CAROLINA
(34.009286, -81.037094)",
SOUTH DAKOTA,2017,9,,-,0,,0,,,-,1,,,-,0,,2,,,-,,-,,-,0,,2,,,-,5,,"SOUTH DAKOTA
(44.35371, -100.373709)",
MARYLAND,2017,9,,-,0,,1,,1,,,-,,-,0,,3,,,-,,-,,-,2,,9,,15,,14,,"MARYLAND
(39.290443, -76.612333)",
DIST. OF COL.,2017,9,,-,0,,0,,,-,,-,1,,0,,2,,3,,,-,,-,0,,2,,5,,3,,"DISTRICT OF COLUMBIA
(38.892062, -77.019912)",
MISSOURI,2017,9,,-,0,,1,,1,,1,,16,,0,,29,,169,,1,,3,,4,,27,,50,,42,,"MISSOURI
(38.636168, -92.566292)",
WASHINGTON,2017,9,,-,0,,1,,,-,1,,,-,0,,118,,53,,,-,,-,9,,76,,26,,43,,"WASHINGTON
(47.517368, -120.467672)",
WEST VIRGINIA,2017,9,,-,0,,2,,,-,,-,,-,0,,1,,,-,,-,,-,0,,2,,3,,10,,"WEST VIRGINIA
(38.668501, -80.709421)",
VIRGINIA,2017,9,,-,0,,2,,2,,2,,,-,0,,4,,6,,1,,,-,3,,12,,4,,35,,"VIRGINIA
(37.542699, -78.45822)",
NEW YORK,2017,9,1,,0,,2,,4,,,-,2,,2,,23,,27,,1,,9,,12,,33,,59,,117,,"NEW YORK
(42.826892, -75.544286)",
LOUISIANA,2017,9,1,,0,,1,,2,,1,,,-,0,,0,,,-,,-,1,,1,,5,,9,,9,,"LOUISIANA
(31.2931, -92.463284)",
MISSISSIPPI,2017,9,,-,0,,1,,1,,,-,,-,0,,1,,1,,,-,,-,0,,2,,6,,1,,"MISSISSIPPI
(32.738663, -89.537312)",
VERMONT,2017,9,,-,0,,0,,,-,,-,,-,0,,0,,,-,,-,1,,3,,45,,45,,26,,"VERMONT
(43.622479, -72.51927)",
DELAWARE,2017,9,,-,0,,0,,,-,,-,,-,0,,0,,,-,,-,,-,0,,2,,,-,4,,"DELAWARE
(39.008676, -75.574561)",
NEBRASKA,2017,9,,-,0,,1,,1,,,-,,-,0,,10,,1,,1,,3,,2,,6,,19,,53,,"NEBRASKA
(41.640503, -99.367122)",
NEW HAMPSHIRE,2017,9,,-,0,,0,,,-,,-,,-,0,,1,,1,,6,,,-,1,,4,,5,,7,,"NEW HAMPSHIRE
(43.657736, -71.500736)",
ALABAMA,2017,9,,-,0,,1,,,-,2,,,-,0,,1,,,-,1,,,-,3,,7,,8,,42,,"ALABAMA
(32.839182, -86.631125)",
NORTH DAKOTA,2017,9,,-,0,,0,,,-,,-,1,,0,,3,,2,,1,,,-,0,,5,,14,,1,,"NORTH DAKOTA
(47.475879, -100.121011)",
UNITED STATES,2017,10,2,,6,,20,,68,,75,,100,,103,,401,,1429,,612,,81,,311,,524,,1833,,3178,,,
NEW ENGLAND,2017,10,,-,0,,1,,,-,7,,,-,2,,38,,14,,63,,2,,16,,70,,134,,132,,,
MID. ATLANTIC,2017,10,,-,1,,4,,7,,2,,2,,9,,32,,121,,9,,2,,51,,94,,238,,653,,,
NEW YORK CITY,2017,10,,-,0,,1,,,-,2,,,-,3,,19,,49,,6,,,-,5,,14,,17,,74,,,
E.N. CENTRAL,2017,10,,-,0,,6,,6,,12,,3,,8,,55,,101,,191,,14,,68,,156,,420,,688,,,
W.N. CENTRAL,2017,10,,-,0,,1,,2,,4,,5,,15,,46,,273,,261,,1,,28,,58,,105,,241,,,
S. ATLANTIC,2017,10,,-,1,,5,,14,,11,,1,,2,,7,,25,,20,,12,,25,,38,,173,,297,,,
E.S. CENTRAL,2017,10,,-,0,,1,,3,,4,,1,,1,,15,,8,,26,,5,,12,,33,,115,,225,,,
W.S. CENTRAL,2017,10,,-,0,,3,,3,,4,,42,,24,,331,,686,,9,,18,,27,,140,,175,,167,,,
MOUNTAIN,2017,10,,-,0,,3,,5,,4,,1,,1,,12,,57,,16,,11,,29,,47,,267,,432,,,
PACIFIC,2017,10,2,,2,,7,,28,,27,,45,,3,,131,,144,,17,,16,,44,,121,,206,,343,,,
AMER. SAMOA,2017,10,,-,0,,0,,,-,,-,,-,0,,0,,,-,,-,,-,0,,0,,,-,,-,,
MONTANA,2017,10,,-,0,,1,,,-,,-,,-,0,,6,,2,,5,,,-,0,,3,,,-,3,,"MONTANA
(47.062617, -109.430168)",
MASSACHUSETTS,2017,10,,-,0,,1,,,-,5,,,-,2,,28,,10,,51,,,-,4,,10,,13,,27,,"MASSACHUSETTS
(42.268546, -72.085064)",
TEXAS,2017,10,,-,0,,3,,1,,1,,12,,1,,56,,136,,9,,16,,21,,131,,139,,143,,"TEXAS
(31.827233, -99.423022)",
COLORADO,2017,10,,-,0,,2,,2,,,-,,-,0,,10,,38,,8,,,-,15,,28,,129,,200,,"COLORADO
(38.841772, -106.132562)",
HAWAII,2017,10,,-,0,,1,,,-,,-,,-,0,,3,,1,,,-,,-,1,,5,,4,,12,,"HAWAII
(21.30992, -157.858158)",
INDIANA,2017,10,,-,0,,2,,,-,1,,,-,2,,23,,13,,52,,,-,2,,9,,17,,34,,"INDIANA
(39.76845, -86.156212)",
ARKANSAS,2017,10,,-,0,,1,,,-,1,,7,,18,,247,,467,,,-,2,,1,,6,,26,,11,,"ARKANSAS
(34.748745, -92.275105)",
NEBRASKA,2017,10,,-,0,,1,,1,,,-,,-,0,,10,,1,,1,,1,,2,,8,,21,,54,,"NEBRASKA
(41.640503, -99.367122)",
KENTUCKY,2017,10,,-,0,,1,,,-,1,,1,,0,,15,,2,,24,,4,,6,,27,,61,,156,,"KENTUCKY
(37.64591, -84.774043)",
NEVADA,2017,10,,-,0,,2,,,-,2,,,-,0,,1,,2,,,-,,-,0,,3,,1,,8,,"NEVADA
(39.491833, -117.070159)",
CONNECTICUT,2017,10,,-,0,,0,,,-,1,,,-,0,,12,,2,,3,,,-,1,,6,,8,,12,,"CONNECTICUT
(41.544654, -72.651713)",
FLORIDA,2017,10,,-,0,,3,,7,,3,,,-,0,,2,,4,,1,,9,,6,,16,,51,,76,,"FLORIDA
(28.915325, -81.922409)",
DELAWARE,2017,10,,-,0,,0,,,-,,-,,-,0,,0,,,-,,-,,-,0,,2,,,-,4,,"DELAWARE
(39.008676, -75.574561)",
VIRGIN ISL.,2017,10,,-,0,,0,,,-,,-,,-,0,,0,,,-,,-,,-,0,,0,,,-,,-,"VIRGIN ISLANDS
(18.060868, -64.840836)",
NEW HAMPSHIRE,2017,10,,-,0,,0,,,-,,-,,-,0,,1,,1,,7,,,-,1,,4,,5,,9,,"NEW HAMPSHIRE
(43.657736, -71.500736)",
GUAM,2017,10,,-,0,,0,,,-,,-,,-,0,,0,,,-,,-,,-,0,,0,,,-,,-,"GUAM
(13.3532, 144.653198)",
UTAH,2017,10,,-,0,,1,,,-,1,,,-,0,,3,,8,,,-,,-,4,,9,,13,,52,,"UTAH
(39.359772, -111.584173)",
IOWA,2017,10,,-,0,,1,,,-,1,,,-,7,,35,,38,,234,,,-,2,,11,,7,,18,,"IOWA
(42.46942, -93.815856)",
WASHINGTON,2017,10,,-,0,,1,,,-,1,,45,,0,,123,,96,,,-,13,,9,,87,,39,,57,,"WASHINGTON
(47.517368, -120.467672)",
VERMONT,2017,10,,-,0,,0,,,-,,-,,-,0,,0,,,-,,-,,-,3,,45,,46,,29,,"VERMONT
(43.622479, -72.51927)",
WYOMING,2017,10,,-,0,,0,,,-,,-,,-,0,,0,,,-,,-,,-,0,,3,,,-,7,,"WYOMING
(43.23558, -108.110518)",
SOUTH DAKOTA,2017,10,,-,0,,0,,,-,1,,,-,0,,2,,,-,,-,,-,0,,2,,,-,5,,"SOUTH DAKOTA
(44.35371, -100.373709)",
MARYLAND,2017,10,,-,0,,1,,1,,,-,,-,0,,3,,,-,,-,3,,3,,12,,21,,18,,"MARYLAND
(39.290443, -76.612333)",
SOUTH CAROLINA,2017,10,,-,0,,2,,2,,2,,,-,0,,2,,,-,2,,,-,3,,15,,53,,22,,"SOUTH CAROLINA
(34.009286, -81.037094)",
NORTH CAROLINA,2017,10,,-,0,,1,,,-,2,,,-,0,,3,,2,,16,,,-,4,,11,,23,,67,,"NORTH CAROLINA
(35.47995, -79.180571)",
MISSOURI,2017,10,,-,0,,1,,1,,2,,,-,0,,29,,169,,1,,,-,4,,27,,50,,43,,"MISSOURI
(38.636168, -92.566292)",
PENNSYLVANIA,2017,10,,-,0,,2,,2,,,-,,-,0,,14,,36,,,-,,-,22,,81,,145,,296,,"PENNSYLVANIA
(40.789676, -77.858055)",
ILLINOIS,2017,10,,-,0,,2,,,-,5,,,-,3,,23,,35,,123,,,-,18,,40,,68,,171,,"ILLINOIS
(40.477092, -88.993221)",
ALABAMA,2017,10,,-,0,,1,,,-,2,,,-,0,,1,,3,,1,,1,,3,,7,,15,,48,,"ALABAMA
(32.839182, -86.631125)",
MAINE,2017,10,,-,0,,0,,,-,1,,,-,0,,4,,1,,2,,,-,4,,14,,55,,53,,"MAINE
(45.252223, -68.986647)",
LOUISIANA,2017,10,,-,0,,1,,2,,1,,,-,0,,0,,,-,,-,,-,1,,5,,10,,13,,"LOUISIANA
(31.2931, -92.463284)",
MISSISSIPPI,2017,10,,-,0,,1,,1,,,-,,-,0,,1,,1,,,-,,-,0,,2,,6,,1,,"MISSISSIPPI
(32.738663, -89.537312)",
MINNESOTA,2017,10,,-,0,,1,,,-,,-,,-,0,,3,,6,,16,,,-,16,,38,,9,,106,,"MINNESOTA
(46.357661, -94.793397)",
NORTH DAKOTA,2017,10,,-,0,,0,,,-,,-,,-,0,,3,,2,,3,,,-,0,,5,,14,,1,,"NORTH DAKOTA
(47.475879, -100.121011)",
OHIO,2017,10,,-,0,,3,,4,,2,,3,,1,,20,,27,,7,,14,,18,,38,,176,,214,,"OHIO
(40.056807, -82.405897)",
VIRGINIA,2017,10,,-,0,,1,,2,,2,,,-,0,,4,,6,,1,,,-,3,,12,,9,,36,,"VIRGINIA
(37.542699, -78.45822)",
ALASKA,2017,10,,-,0,,1,,,-,2,,,-,0,,2,,1,,,-,1,,3,,10,,10,,24,,"ALASKA
(64.836661, -147.738891)",
WISCONSIN,2017,10,,-,0,,1,,,-,2,,,-,0,,15,,25,,4,,,-,22,,99,,80,,209,,"WISCONSIN
(44.395526, -89.834513)",
GEORGIA,2017,10,,-,0,,3,,2,,2,,1,,0,,4,,10,,,-,,-,2,,7,,7,,58,,"GEORGIA
(32.836038, -83.631709)",
TENNESSEE,2017,10,,-,0,,1,,2,,1,,,-,0,,1,,2,,1,,,-,3,,10,,33,,20,,"TENNESSEE
(35.681402, -85.774444)",
KANSAS,2017,10,,-,0,,1,,,-,,-,5,,0,,14,,57,,6,,,-,2,,8,,4,,14,,"KANSAS
(38.345528, -98.201847)",
OKLAHOMA,2017,10,,-,0,,1,,,-,1,,23,,0,,81,,83,,,-,,-,0,,54,,,-,,-,"OKLAHOMA
(35.468494, -97.521264)",
MICHIGAN,2017,10,,-,0,,2,,2,,2,,,-,0,,2,,1,,5,,,-,7,,29,,79,,60,,"MICHIGAN
(44.66399, -84.711206)",
CALIFORNIA,2017,10,1,,1,,6,,18,,19,,,-,1,,9,,22,,17,,2,,25,,44,,139,,219,,"CALIFORNIA
(37.640735, -121.002435)",
PUERTO RICO,2017,10,,-,0,,0,,,-,,-,,-,0,,1,,1,,,-,,-,0,,4,,,-,2,,"PUERTO RICO
(18.215692, -66.414655)",
NEW YORK,2017,10,,-,0,,2,,4,,,-,2,,2,,23,,29,,1,,2,,12,,33,,57,,134,,"NEW YORK
(42.826892, -75.544286)",
C.N.M.I.,2017,10,,-,,-,,-,,-,,-,,-,,-,,-,,-,,-,,-,,-,,-,,-,,-,"NORTHERN MARIANA ISLANDS
(15.1834, 145.725693)",
NEW MEXICO,2017,10,,-,0,,1,,,-,,-,,-,0,,1,,,-,,-,,-,3,,10,,31,,27,,"NEW MEXICO
(34.520396, -106.244402)",
RHODE ISLAND,2017,10,,-,0,,0,,,-,,-,,-,0,,1,,,-,,-,2,,0,,16,,7,,2,,"RHODE ISLAND
(41.707447, -71.522488)",
WEST VIRGINIA,2017,10,,-,0,,2,,,-,,-,,-,0,,1,,,-,,-,,-,0,,2,,3,,12,,"WEST VIRGINIA
(38.668501, -80.709421)",
IDAHO,2017,10,,-,0,,1,,1,,,-,,-,0,,2,,4,,,-,,-,1,,8,,8,,13,,"IDAHO
(43.680635, -114.364237)",
DIST. OF COL.,2017,10,,-,0,,0,,,-,,-,,-,0,,2,,3,,,-,,-,0,,2,,6,,4,,"DISTRICT OF COLUMBIA
(38.892062, -77.019912)",
NEW JERSEY,2017,10,,-,0,,2,,1,,,-,,-,1,,3,,7,,2,,,-,7,,17,,19,,149,,"NEW JERSEY
(40.104655, -74.386686)",
ARIZONA,2017,10,,-,0,,1,,2,,1,,1,,0,,2,,3,,3,,11,,4,,13,,85,,122,,"ARIZONA
(34.869712, -111.760902)",
OREGON,2017,10,1,,0,,3,,10,,5,,,-,0,,5,,24,,,-,,-,3,,13,,14,,31,,"OREGON
(44.567912, -120.156945)",
UNITED STATES,2017,11,8,,6,,21,,81,,88,,99,,107,,402,,1690,,697,,43,,329,,556,,2196,,3720,,,
NEW ENGLAND,2017,11,,-,0,,1,,,-,7,,1,,2,,38,,19,,81,,3,,16,,71,,154,,139,,,
MASSACHUSETTS,2017,11,,-,0,,1,,,-,5,,1,,2,,28,,15,,67,,,-,4,,11,,19,,27,,"MASSACHUSETTS
(42.268546, -72.085064)",
MID. ATLANTIC,2017,11,1,,1,,4,,10,,6,,10,,10,,33,,173,,15,,17,,70,,175,,423,,951,,,
NEW YORK CITY,2017,11,,-,0,,1,,,-,2,,,-,3,,19,,51,,7,,,-,5,,14,,20,,80,,,
E.N. CENTRAL,2017,11,,-,0,,6,,6,,13,,,-,8,,55,,117,,217,,,-,68,,156,,467,,752,,,
W.N. CENTRAL,2017,11,,-,0,,1,,3,,5,,20,,15,,52,,371,,276,,,-,28,,58,,127,,269,,,
S. ATLANTIC,2017,11,2,,1,,5,,17,,13,,,-,2,,7,,28,,23,,8,,26,,38,,196,,318,,,
E.S. CENTRAL,2017,11,,-,0,,1,,3,,4,,,-,1,,15,,9,,36,,,-,12,,33,,133,,244,,,
NEW JERSEY,2017,11,,-,0,,2,,1,,2,,,-,1,,3,,7,,3,,,-,7,,17,,19,,159,,"NEW JERSEY
(40.104655, -74.386686)",
NEBRASKA,2017,11,,-,0,,1,,1,,,-,,-,0,,10,,1,,1,,,-,2,,8,,24,,57,,"NEBRASKA
(41.640503, -99.367122)",
GEORGIA,2017,11,,-,0,,3,,2,,2,,,-,0,,4,,10,,,-,,-,2,,7,,7,,60,,"GEORGIA
(32.836038, -83.631709)",
NORTH CAROLINA,2017,11,,-,0,,1,,,-,2,,,-,0,,3,,2,,18,,,-,5,,11,,28,,70,,"NORTH CAROLINA
(35.47995, -79.180571)",
MARYLAND,2017,11,,-,0,,1,,1,,,-,,-,0,,3,,,-,,-,,-,3,,11,,21,,21,,"MARYLAND
(39.290443, -76.612333)",
DIST. OF COL.,2017,11,,-,0,,0,,,-,,-,,-,0,,2,,3,,,-,,-,0,,2,,6,,4,,"DISTRICT OF COLUMBIA
(38.892062, -77.019912)",
SOUTH DAKOTA,2017,11,,-,0,,0,,,-,1,,,-,0,,2,,,-,,-,,-,0,,2,,,-,5,,"SOUTH DAKOTA
(44.35371, -100.373709)",
WISCONSIN,2017,11,,-,0,,1,,,-,2,,,-,0,,15,,25,,4,,,-,22,,99,,80,,227,,"WISCONSIN
(44.395526, -89.834513)",
DELAWARE,2017,11,,-,0,,0,,,-,,-,,-,0,,0,,,-,,-,,-,0,,2,,,-,4,,"DELAWARE
(39.008676, -75.574561)",
OHIO,2017,11,,-,0,,3,,4,,2,,,-,1,,20,,27,,7,,,-,18,,38,,194,,232,,"OHIO
(40.056807, -82.405897)",
NORTH DAKOTA,2017,11,,-,0,,0,,,-,,-,,-,0,,3,,2,,3,,,-,0,,5,,14,,1,,"NORTH DAKOTA
(47.475879, -100.121011)",
W.S. CENTRAL,2017,11,,-,0,,3,,4,,7,,30,,30,,331,,733,,9,,5,,27,,141,,189,,197,,,
MOUNTAIN,2017,11,,-,0,,3,,5,,4,,,-,1,,12,,59,,22,,,-,29,,47,,292,,477,,,
PACIFIC,2017,11,5,,2,,8,,33,,29,,38,,3,,141,,181,,18,,10,,42,,125,,215,,373,,,
AMER. SAMOA,2017,11,,-,0,,0,,,-,,-,,-,0,,0,,,-,,-,,-,0,,0,,,-,,-,,
VERMONT,2017,11,,-,0,,0,,,-,,-,,-,0,,0,,,-,,-,,-,3,,45,,47,,31,,"VERMONT
(43.622479, -72.51927)",
ARIZONA,2017,11,,-,0,,1,,2,,1,,,-,0,,2,,3,,3,,,-,4,,13,,85,,131,,"ARIZONA
(34.869712, -111.760902)",
VIRGINIA,2017,11,,-,0,,1,,3,,2,,,-,0,,4,,9,,1,,,-,3,,13,,18,,39,,"VIRGINIA
(37.542699, -78.45822)",
WYOMING,2017,11,,-,0,,0,,,-,,-,,-,0,,0,,,-,,-,,-,0,,3,,,-,8,,"WYOMING
(43.23558, -108.110518)",
COLORADO,2017,11,,-,0,,2,,2,,,-,,-,0,,10,,38,,8,,,-,15,,28,,146,,224,,"COLORADO
(38.841772, -106.132562)",
HAWAII,2017,11,,-,0,,1,,,-,,-,,-,0,,3,,3,,,-,,-,1,,5,,4,,12,,"HAWAII
(21.30992, -157.858158)",
MISSISSIPPI,2017,11,,-,0,,1,,1,,,-,,-,0,,1,,1,,,-,,-,0,,2,,6,,1,,"MISSISSIPPI
(32.738663, -89.537312)",
PUERTO RICO,2017,11,,-,0,,0,,,-,,-,,-,0,,1,,1,,1,,,-,0,,4,,,-,2,,"PUERTO RICO
(18.215692, -66.414655)",
TENNESSEE,2017,11,,-,0,,1,,2,,1,,,-,0,,1,,2,,1,,,-,3,,10,,33,,22,,"TENNESSEE
(35.681402, -85.774444)",
KENTUCKY,2017,11,,-,0,,1,,,-,1,,,-,0,,15,,2,,34,,,-,7,,27,,73,,170,,"KENTUCKY
(37.64591, -84.774043)",
TEXAS,2017,11,,-,0,,3,,2,,4,,14,,1,,56,,154,,9,,4,,21,,132,,149,,173,,"TEXAS
(31.827233, -99.423022)",
WASHINGTON,2017,11,4,,0,,6,,4,,1,,38,,0,,133,,129,,,-,10,,9,,91,,47,,63,,"WASHINGTON
(47.517368, -120.467672)",
VIRGIN ISL.,2017,11,,-,0,,0,,,-,,-,,-,0,,0,,,-,,-,,-,0,,0,,,-,,-,"VIRGIN ISLANDS
(18.060868, -64.840836)",
IDAHO,2017,11,,-,0,,1,,1,,,-,,-,0,,2,,4,,,-,,-,1,,8,,8,,15,,"IDAHO
(43.680635, -114.364237)",
ARKANSAS,2017,11,,-,0,,1,,,-,1,,5,,19,,247,,483,,,-,1,,1,,6,,29,,11,,"ARKANSAS
(34.748745, -92.275105)",
ALABAMA,2017,11,,-,0,,1,,,-,2,,,-,0,,2,,4,,1,,,-,3,,7,,21,,51,,"ALABAMA
(32.839182, -86.631125)",
NEW YORK,2017,11,1,,0,,2,,5,,,-,,-,2,,23,,29,,5,,6,,11,,33,,63,,146,,"NEW YORK
(42.826892, -75.544286)",
MISSOURI,2017,11,,-,0,,1,,2,,3,,15,,0,,36,,249,,1,,,-,4,,27,,65,,44,,"MISSOURI
(38.636168, -92.566292)",
CALIFORNIA,2017,11,,-,1,,6,,18,,21,,,-,1,,7,,22,,18,,,-,25,,44,,139,,238,,"CALIFORNIA
(37.640735, -121.002435)",
GUAM,2017,11,,-,0,,0,,,-,,-,,-,0,,0,,,-,,-,,-,0,,0,,,-,,-,"GUAM
(13.3532, 144.653198)",
MINNESOTA,2017,11,,-,0,,1,,,-,,-,,-,0,,3,,6,,16,,,-,16,,38,,9,,120,,"MINNESOTA
(46.357661, -94.793397)",
IOWA,2017,11,,-,0,,1,,,-,1,,,-,7,,35,,41,,249,,,-,2,,11,,8,,20,,"IOWA
(42.46942, -93.815856)",
KANSAS,2017,11,,-,0,,1,,,-,,-,5,,0,,13,,72,,6,,,-,2,,8,,7,,22,,"KANSAS
(38.345528, -98.201847)",
NEVADA,2017,11,,-,0,,2,,,-,2,,,-,0,,1,,2,,,-,,-,0,,3,,2,,10,,"NEVADA
(39.491833, -117.070159)",
UTAH,2017,11,,-,0,,1,,,-,1,,,-,0,,3,,10,,,-,,-,4,,9,,15,,56,,"UTAH
(39.359772, -111.584173)",
LOUISIANA,2017,11,,-,0,,1,,2,,1,,1,,0,,1,,1,,,-,,-,1,,5,,11,,13,,"LOUISIANA
(31.2931, -92.463284)",
FLORIDA,2017,11,,-,0,,3,,7,,5,,,-,0,,2,,4,,2,,7,,6,,16,,58,,84,,"FLORIDA
(28.915325, -81.922409)",
OREGON,2017,11,,-,0,,3,,10,,5,,,-,0,,5,,26,,,-,,-,3,,13,,14,,33,,"OREGON
(44.567912, -120.156945)",
C.N.M.I.,2017,11,,-,,-,,-,,-,,-,,-,,-,,-,,-,,-,,-,,-,,-,,-,,-,"NORTHERN MARIANA ISLANDS
(15.1834, 145.725693)",
CONNECTICUT,2017,11,,-,0,,0,,,-,1,,,-,0,,12,,2,,4,,,-,1,,7,,9,,15,,"CONNECTICUT
(41.544654, -72.651713)",
NEW HAMPSHIRE,2017,11,,-,0,,0,,,-,,-,,-,0,,1,,1,,7,,,-,1,,4,,5,,10,,"NEW HAMPSHIRE
(43.657736, -71.500736)",
INDIANA,2017,11,,-,0,,2,,,-,2,,,-,2,,23,,14,,64,,,-,2,,9,,20,,38,,"INDIANA
(39.76845, -86.156212)",
ILLINOIS,2017,11,,-,0,,2,,,-,5,,,-,3,,23,,49,,137,,,-,19,,40,,76,,184,,"ILLINOIS
(40.477092, -88.993221)",
SOUTH CAROLINA,2017,11,2,,0,,2,,4,,2,,,-,0,,2,,,-,2,,1,,4,,16,,55,,24,,"SOUTH CAROLINA
(34.009286, -81.037094)",
MICHIGAN,2017,11,,-,0,,2,,2,,2,,,-,0,,2,,2,,5,,,-,8,,29,,97,,71,,"MICHIGAN
(44.66399, -84.711206)",
RHODE ISLAND,2017,11,,-,0,,0,,,-,,-,,-,0,,1,,,-,,-,,-,0,,17,,7,,2,,"RHODE ISLAND
(41.707447, -71.522488)",
ALASKA,2017,11,1,,0,,1,,1,,2,,,-,0,,2,,1,,,-,,-,3,,10,,11,,27,,"ALASKA
(64.836661, -147.738891)",
PENNSYLVANIA,2017,11,,-,0,,2,,4,,2,,10,,0,,29,,86,,,-,11,,42,,162,,321,,566,,"PENNSYLVANIA
(40.789676, -77.858055)",
OKLAHOMA,2017,11,,-,0,,1,,,-,1,,10,,1,,81,,95,,,-,,-,0,,54,,,-,,-,"OKLAHOMA
(35.468494, -97.521264)",
MONTANA,2017,11,,-,0,,1,,,-,,-,,-,0,,6,,2,,11,,,-,0,,3,,,-,3,,"MONTANA
(47.062617, -109.430168)",
MAINE,2017,11,,-,0,,0,,,-,1,,,-,0,,4,,1,,3,,3,,5,,14,,67,,54,,"MAINE
(45.252223, -68.986647)",
WEST VIRGINIA,2017,11,,-,0,,2,,,-,,-,,-,0,,1,,,-,,-,,-,0,,2,,3,,12,,"WEST VIRGINIA
(38.668501, -80.709421)",
NEW MEXICO,2017,11,,-,0,,1,,,-,,-,,-,0,,1,,,-,,-,,-,3,,11,,36,,30,,"NEW MEXICO
(34.520396, -106.244402)",
UNITED STATES,2017,12,1,,6,,21,,83,,91,,182,,120,,402,,1965,,754,,110,,336,,578,,2474,,4050,,,
NEW ENGLAND,2017,12,,-,0,,1,,,-,7,,,-,2,,38,,20,,89,,11,,16,,73,,174,,151,,,
MID. ATLANTIC,2017,12,,-,1,,4,,10,,6,,9,,10,,34,,186,,21,,16,,70,,177,,453,,1018,,,
NEW YORK CITY,2017,12,,-,0,,1,,,-,2,,,-,3,,19,,51,,8,,,-,5,,14,,20,,86,,,
E.N. CENTRAL,2017,12,,-,0,,6,,8,,13,,8,,8,,55,,146,,231,,13,,69,,188,,516,,876,,,
W.N. CENTRAL,2017,12,,-,0,,1,,3,,6,,19,,15,,55,,411,,289,,5,,28,,58,,135,,286,,,
S. ATLANTIC,2017,12,,-,1,,5,,17,,14,,,-,2,,7,,30,,28,,4,,27,,38,,209,,335,,,
E.S. CENTRAL,2017,12,,-,0,,1,,3,,4,,,-,1,,15,,16,,41,,1,,12,,33,,143,,256,,,
W.S. CENTRAL,2017,12,,-,0,,2,,4,,7,,20,,40,,331,,769,,12,,20,,27,,148,,218,,207,,,
MOUNTAIN,2017,12,,-,0,,3,,5,,4,,3,,1,,12,,77,,24,,36,,30,,45,,346,,498,,,
PACIFIC,2017,12,1,,2,,9,,33,,30,,123,,3,,143,,310,,19,,4,,42,,134,,280,,423,,,
AMER. SAMOA,2017,12,,-,0,,0,,,-,,-,,-,0,,0,,,-,,-,,-,0,,0,,,-,,-,,
VIRGIN ISL.,2017,12,,-,0,,0,,,-,,-,,-,0,,0,,,-,,-,,-,0,,0,,,-,,-,"VIRGIN ISLANDS
(18.060868, -64.840836)",
NORTH DAKOTA,2017,12,,-,0,,0,,,-,,-,,-,0,,3,,4,,3,,,-,0,,5,,14,,1,,"NORTH DAKOTA
(47.475879, -100.121011)",
DIST. OF COL.,2017,12,,-,0,,0,,,-,,-,,-,0,,2,,3,,,-,1,,0,,2,,7,,4,,"DISTRICT OF COLUMBIA
(38.892062, -77.019912)",
VIRGINIA,2017,12,,-,0,,1,,3,,3,,,-,0,,4,,10,,3,,,-,3,,16,,19,,36,,"VIRGINIA
(37.542699, -78.45822)",
NEVADA,2017,12,,-,0,,2,,,-,2,,,-,0,,1,,3,,,-,,-,0,,5,,8,,12,,"NEVADA
(39.491833, -117.070159)",
MINNESOTA,2017,12,,-,0,,1,,,-,,-,,-,0,,3,,6,,16,,,-,16,,38,,9,,130,,"MINNESOTA
(46.357661, -94.793397)",
ARKANSAS,2017,12,,-,0,,1,,,-,1,,4,,19,,247,,495,,,-,2,,1,,6,,34,,12,,"ARKANSAS
(34.748745, -92.275105)",
SOUTH CAROLINA,2017,12,,-,0,,2,,4,,2,,,-,0,,2,,,-,2,,,-,4,,16,,56,,26,,"SOUTH CAROLINA
(34.009286, -81.037094)",
IOWA,2017,12,,-,0,,1,,,-,2,,1,,7,,35,,43,,262,,,-,2,,11,,9,,21,,"IOWA
(42.46942, -93.815856)",
OHIO,2017,12,,-,0,,3,,5,,2,,7,,1,,20,,37,,7,,13,,18,,38,,208,,245,,"OHIO
(40.056807, -82.405897)",
PUERTO RICO,2017,12,,-,0,,0,,,-,,-,,-,0,,1,,1,,1,,,-,0,,4,,,-,2,,"PUERTO RICO
(18.215692, -66.414655)",
GEORGIA,2017,12,,-,0,,3,,2,,2,,,-,0,,4,,10,,,-,,-,2,,7,,8,,60,,"GEORGIA
(32.836038, -83.631709)",
ALASKA,2017,12,,-,0,,1,,1,,2,,,-,0,,2,,1,,,-,,-,2,,10,,11,,31,,"ALASKA
(64.836661, -147.738891)",
NORTH CAROLINA,2017,12,,-,0,,1,,,-,2,,,-,0,,3,,2,,20,,,-,5,,11,,33,,78,,"NORTH CAROLINA
(35.47995, -79.180571)",
COLORADO,2017,12,,-,0,,2,,2,,,-,3,,0,,10,,42,,8,,28,,14,,28,,187,,236,,"COLORADO
(38.841772, -106.132562)",
MARYLAND,2017,12,,-,0,,1,,1,,,-,,-,0,,3,,1,,,-,2,,3,,12,,24,,24,,"MARYLAND
(39.290443, -76.612333)",
MAINE,2017,12,,-,0,,0,,,-,1,,,-,0,,4,,1,,3,,7,,5,,14,,76,,56,,"MAINE
(45.252223, -68.986647)",
VERMONT,2017,12,,-,0,,0,,,-,,-,,-,0,,0,,,-,,-,,-,3,,47,,51,,32,,"VERMONT
(43.622479, -72.51927)",
KANSAS,2017,12,,-,0,,1,,,-,,-,8,,0,,15,,89,,6,,,-,2,,6,,7,,25,,"KANSAS
(38.345528, -98.201847)",
NEW YORK,2017,12,,-,0,,2,,5,,,-,3,,2,,23,,33,,8,,11,,11,,33,,72,,156,,"NEW YORK
(42.826892, -75.544286)",
SOUTH DAKOTA,2017,12,,-,0,,0,,,-,1,,,-,0,,2,,,-,,-,,-,0,,2,,1,,5,,"SOUTH DAKOTA
(44.35371, -100.373709)",
OKLAHOMA,2017,12,,-,0,,1,,,-,1,,4,,1,,81,,99,,,-,,-,0,,54,,,-,,-,"OKLAHOMA
(35.468494, -97.521264)",
FLORIDA,2017,12,,-,0,,3,,7,,5,,,-,0,,2,,4,,3,,1,,6,,16,,59,,90,,"FLORIDA
(28.915325, -81.922409)",
GUAM,2017,12,,-,0,,0,,,-,,-,,-,0,,0,,,-,,-,,-,0,,0,,,-,,-,"GUAM
(13.3532, 144.653198)",
RHODE ISLAND,2017,12,,-,0,,0,,,-,,-,,-,0,,1,,,-,,-,4,,0,,17,,12,,6,,"RHODE ISLAND
(41.707447, -71.522488)",
PENNSYLVANIA,2017,12,,-,0,,2,,4,,2,,6,,0,,29,,95,,2,,5,,42,,164,,330,,611,,"PENNSYLVANIA
(40.789676, -77.858055)",
UTAH,2017,12,,-,0,,1,,,-,1,,,-,0,,8,,22,,1,,,-,4,,9,,18,,56,,"UTAH
(39.359772, -111.584173)",
NEW HAMPSHIRE,2017,12,,-,0,,0,,,-,,-,,-,0,,1,,2,,7,,,-,1,,4,,6,,11,,"NEW HAMPSHIRE
(43.657736, -71.500736)",
MISSISSIPPI,2017,12,,-,0,,1,,1,,,-,,-,0,,1,,1,,,-,,-,0,,2,,6,,1,,"MISSISSIPPI
(32.738663, -89.537312)",
NEW JERSEY,2017,12,,-,0,,2,,1,,2,,,-,0,,3,,7,,3,,,-,7,,17,,31,,165,,"NEW JERSEY
(40.104655, -74.386686)",
WEST VIRGINIA,2017,12,,-,0,,2,,,-,,-,,-,0,,1,,,-,,-,,-,0,,2,,3,,13,,"WEST VIRGINIA
(38.668501, -80.709421)",
ALABAMA,2017,12,,-,0,,1,,,-,2,,,-,0,,4,,8,,1,,,-,3,,7,,21,,52,,"ALABAMA
(32.839182, -86.631125)",
DELAWARE,2017,12,,-,0,,0,,,-,,-,,-,0,,0,,,-,,-,,-,0,,2,,,-,4,,"DELAWARE
(39.008676, -75.574561)",
IDAHO,2017,12,,-,0,,1,,1,,,-,,-,0,,2,,4,,,-,,-,1,,8,,8,,15,,"IDAHO
(43.680635, -114.364237)",
WYOMING,2017,12,,-,0,,0,,,-,,-,,-,0,,0,,,-,,-,,-,0,,3,,,-,11,,"WYOMING
(43.23558, -108.110518)",
NEBRASKA,2017,12,,-,0,,1,,1,,,-,,-,0,,10,,1,,1,,1,,2,,8,,25,,59,,"NEBRASKA
(41.640503, -99.367122)",
CONNECTICUT,2017,12,,-,0,,0,,,-,1,,,-,0,,12,,2,,5,,,-,1,,7,,10,,17,,"CONNECTICUT
(41.544654, -72.651713)",
HAWAII,2017,12,,-,0,,1,,,-,,-,1,,0,,3,,5,,,-,,-,1,,5,,5,,14,,"HAWAII
(21.30992, -157.858158)",
WISCONSIN,2017,12,,-,0,,1,,,-,2,,,-,0,,15,,27,,4,,,-,22,,128,,102,,313,,"WISCONSIN
(44.395526, -89.834513)",
CALIFORNIA,2017,12,1,,1,,6,,18,,21,,1,,2,,7,,28,,19,,1,,26,,44,,194,,259,,"CALIFORNIA
(37.640735, -121.002435)",
INDIANA,2017,12,,-,0,,2,,1,,2,,1,,2,,23,,18,,67,,,-,2,,9,,20,,40,,"INDIANA
(39.76845, -86.156212)",
MONTANA,2017,12,,-,0,,1,,,-,,-,,-,0,,3,,2,,12,,,-,0,,3,,,-,4,,"MONTANA
(47.062617, -109.430168)",
LOUISIANA,2017,12,,-,0,,1,,2,,1,,,-,0,,1,,1,,,-,,-,1,,5,,11,,13,,"LOUISIANA
(31.2931, -92.463284)",
MISSOURI,2017,12,,-,0,,1,,2,,3,,10,,0,,37,,268,,1,,4,,4,,27,,70,,45,,"MISSOURI
(38.636168, -92.566292)",
MASSACHUSETTS,2017,12,,-,0,,1,,,-,5,,,-,2,,28,,15,,74,,,-,4,,11,,19,,29,,"MASSACHUSETTS
(42.268546, -72.085064)",
ARIZONA,2017,12,,-,0,,1,,2,,1,,,-,0,,2,,4,,3,,8,,4,,15,,89,,133,,"ARIZONA
(34.869712, -111.760902)",
OREGON,2017,12,,-,0,,3,,10,,5,,1,,0,,5,,28,,,-,,-,3,,13,,20,,34,,"OREGON
(44.567912, -120.156945)",
NEW MEXICO,2017,12,,-,0,,1,,,-,,-,,-,0,,1,,,-,,-,,-,3,,11,,36,,31,,"NEW MEXICO
(34.520396, -106.244402)",
C.N.M.I.,2017,12,,-,,-,,-,,-,,-,,-,,-,,-,,-,,-,,-,,-,,-,,-,,-,"NORTHERN MARIANA ISLANDS
(15.1834, 145.725693)",
MICHIGAN,2017,12,,-,0,,2,,2,,2,,,-,0,,2,,4,,5,,,-,8,,29,,101,,81,,"MICHIGAN
(44.66399, -84.711206)",
KENTUCKY,2017,12,,-,0,,1,,,-,1,,,-,0,,15,,5,,39,,,-,6,,27,,80,,178,,"KENTUCKY
(37.64591, -84.774043)",
TENNESSEE,2017,12,,-,0,,1,,2,,1,,,-,0,,1,,2,,1,,1,,3,,10,,36,,25,,"TENNESSEE
(35.681402, -85.774444)",
TEXAS,2017,12,,-,0,,2,,2,,4,,12,,1,,55,,174,,12,,18,,21,,139,,173,,182,,"TEXAS
(31.827233, -99.423022)",
ILLINOIS,2017,12,,-,0,,2,,,-,5,,,-,3,,23,,60,,148,,,-,19,,40,,85,,197,,"ILLINOIS
(40.477092, -88.993221)",
WASHINGTON,2017,12,,-,0,,6,,4,,2,,120,,0,,135,,248,,,-,3,,9,,100,,50,,85,,"WASHINGTON
(47.517368, -120.467672)",
UNITED STATES,2017,13,6,,6,,21,,93,,112,,71,,134,,402,,2126,,832,,110,,332,,595,,2698,,4343,,,
NEW ENGLAND,2017,13,,-,0,,1,,,-,8,,,-,2,,38,,19,,101,,6,,17,,73,,195,,163,,,
MID. ATLANTIC,2017,13,3,,1,,4,,13,,9,,2,,11,,36,,202,,20,,11,,69,,177,,472,,1076,,,
NEW YORK CITY,2017,13,3,,0,,1,,3,,2,,,-,4,,19,,64,,8,,,-,4,,14,,25,,91,,,
E.N. CENTRAL,2017,13,,-,0,,6,,7,,15,,1,,8,,55,,182,,261,,18,,68,,186,,565,,922,,,
W.N. CENTRAL,2017,13,,-,0,,1,,3,,7,,11,,16,,56,,435,,318,,1,,28,,58,,136,,313,,,
S. ATLANTIC,2017,13,,-,1,,5,,19,,15,,,-,2,,7,,30,,30,,19,,26,,38,,232,,366,,,
E.S. CENTRAL,2017,13,,-,0,,1,,3,,5,,3,,1,,15,,34,,43,,7,,12,,33,,164,,267,,,
W.S. CENTRAL,2017,13,1,,0,,2,,5,,9,,19,,40,,331,,795,,13,,11,,27,,148,,236,,226,,,
MOUNTAIN,2017,13,,-,0,,3,,7,,7,,4,,1,,12,,82,,24,,24,,30,,45,,386,,525,,,
PACIFIC,2017,13,2,,2,,9,,36,,37,,31,,3,,148,,347,,22,,13,,40,,135,,312,,485,,,
AMER. SAMOA,2017,13,,-,0,,0,,,-,,-,,-,0,,0,,,-,,-,,-,0,,0,,,-,,-,,
FLORIDA,2017,13,,-,0,,3,,8,,5,,,-,0,,2,,3,,4,,19,,6,,16,,78,,96,,"FLORIDA
(28.915325, -81.922409)",
PUERTO RICO,2017,13,,-,0,,0,,,-,,-,,-,0,,1,,1,,1,,,-,0,,4,,,-,2,,"PUERTO RICO
(18.215692, -66.414655)",
MICHIGAN,2017,13,,-,0,,1,,1,,2,,,-,0,,2,,7,,6,,,-,7,,20,,98,,75,,"MICHIGAN
(44.66399, -84.711206)",
MISSOURI,2017,13,,-,0,,1,,2,,3,,9,,1,,38,,282,,1,,1,,4,,27,,71,,48,,"MISSOURI
(38.636168, -92.566292)",
ALASKA,2017,13,,-,0,,1,,1,,2,,,-,0,,2,,1,,,-,,-,2,,10,,11,,32,,"ALASKA
(64.836661, -147.738891)",
ILLINOIS,2017,13,,-,0,,2,,,-,6,,,-,3,,23,,91,,166,,,-,19,,40,,106,,215,,"ILLINOIS
(40.477092, -88.993221)",
NEW MEXICO,2017,13,,-,0,,1,,1,,1,,,-,0,,1,,,-,,-,1,,3,,11,,42,,34,,"NEW MEXICO
(34.520396, -106.244402)",
MASSACHUSETTS,2017,13,,-,0,,1,,,-,6,,,-,1,,28,,15,,85,,,-,4,,11,,19,,31,,"MASSACHUSETTS
(42.268546, -72.085064)",
NORTH DAKOTA,2017,13,,-,0,,0,,,-,,-,,-,0,,3,,4,,6,,,-,0,,5,,14,,2,,"NORTH DAKOTA
(47.475879, -100.121011)",
OREGON,2017,13,,-,0,,3,,10,,6,,,-,0,,5,,33,,,-,,-,3,,13,,23,,39,,"OREGON
(44.567912, -120.156945)",
UTAH,2017,13,,-,0,,1,,1,,2,,1,,0,,8,,24,,1,,,-,4,,10,,22,,62,,"UTAH
(39.359772, -111.584173)",
WASHINGTON,2017,13,1,,0,,6,,5,,2,,30,,0,,140,,278,,,-,12,,9,,102,,62,,94,,"WASHINGTON
(47.517368, -120.467672)",
INDIANA,2017,13,,-,0,,2,,1,,2,,,-,2,,23,,19,,78,,,-,2,,9,,20,,43,,"INDIANA
(39.76845, -86.156212)",
KENTUCKY,2017,13,,-,0,,1,,,-,1,,,-,0,,15,,6,,41,,4,,6,,27,,95,,184,,"KENTUCKY
(37.64591, -84.774043)",
ARKANSAS,2017,13,,-,0,,1,,,-,1,,3,,19,,247,,501,,,-,,-,1,,6,,35,,12,,"ARKANSAS
(34.748745, -92.275105)",
IDAHO,2017,13,,-,0,,1,,1,,,-,,-,0,,2,,4,,,-,1,,1,,8,,12,,16,,"IDAHO
(43.680635, -114.364237)",
MAINE,2017,13,,-,0,,0,,,-,1,,,-,0,,4,,1,,3,,5,,5,,14,,88,,57,,"MAINE
(45.252223, -68.986647)",
COLORADO,2017,13,,-,0,,2,,2,,,-,3,,0,,10,,45,,8,,12,,15,,28,,198,,246,,"COLORADO
(38.841772, -106.132562)",
TENNESSEE,2017,13,,-,0,,1,,2,,2,,3,,0,,6,,18,,1,,3,,3,,10,,40,,29,,"TENNESSEE
(35.681402, -85.774444)",
ARIZONA,2017,13,,-,0,,1,,2,,1,,,-,0,,2,,4,,3,,10,,4,,15,,103,,137,,"ARIZONA
(34.869712, -111.760902)",
WISCONSIN,2017,13,,-,0,,1,,,-,2,,,-,0,,15,,27,,4,,,-,22,,129,,112,,335,,"WISCONSIN
(44.395526, -89.834513)",
MARYLAND,2017,13,,-,0,,1,,1,,1,,,-,0,,3,,1,,,-,,-,2,,10,,25,,25,,"MARYLAND
(39.290443, -76.612333)",
IOWA,2017,13,,-,0,,0,,,-,2,,,-,7,,35,,50,,287,,,-,2,,11,,9,,24,,"IOWA
(42.46942, -93.815856)",
PENNSYLVANIA,2017,13,,-,0,,2,,4,,4,,1,,0,,29,,96,,2,,2,,42,,164,,332,,660,,"PENNSYLVANIA
(40.789676, -77.858055)",
GEORGIA,2017,13,,-,0,,3,,2,,2,,,-,0,,4,,12,,,-,,-,2,,7,,8,,64,,"GEORGIA
(32.836038, -83.631709)",
NEBRASKA,2017,13,,-,0,,1,,1,,,-,,-,0,,10,,1,,2,,,-,2,,8,,25,,62,,"NEBRASKA
(41.640503, -99.367122)",
RHODE ISLAND,2017,13,,-,0,,0,,,-,,-,,-,0,,1,,,-,,-,,-,0,,17,,12,,9,,"RHODE ISLAND
(41.707447, -71.522488)",
TEXAS,2017,13,1,,0,,2,,3,,5,,14,,1,,55,,190,,13,,11,,22,,139,,190,,197,,"TEXAS
(31.827233, -99.423022)",
CALIFORNIA,2017,13,1,,1,,6,,20,,27,,1,,2,,7,,30,,22,,1,,26,,44,,211,,305,,"CALIFORNIA
(37.640735, -121.002435)",
VERMONT,2017,13,,-,0,,0,,,-,,-,,-,0,,0,,,-,,-,1,,3,,47,,53,,34,,"VERMONT
(43.622479, -72.51927)",
NORTH CAROLINA,2017,13,,-,0,,1,,1,,2,,,-,0,,3,,2,,20,,,-,5,,11,,34,,88,,"NORTH CAROLINA
(35.47995, -79.180571)",
CONNECTICUT,2017,13,,-,0,,0,,,-,1,,,-,0,,12,,2,,6,,,-,1,,7,,14,,19,,"CONNECTICUT
(41.544654, -72.651713)",
LOUISIANA,2017,13,,-,0,,1,,2,,2,,,-,0,,3,,3,,,-,,-,1,,6,,11,,17,,"LOUISIANA
(31.2931, -92.463284)",
NEW HAMPSHIRE,2017,13,,-,0,,0,,,-,,-,,-,0,,1,,1,,7,,,-,1,,4,,9,,13,,"NEW HAMPSHIRE
(43.657736, -71.500736)",
KANSAS,2017,13,,-,0,,1,,,-,1,,2,,0,,15,,92,,6,,,-,2,,6,,7,,28,,"KANSAS
(38.345528, -98.201847)",
ALABAMA,2017,13,,-,0,,1,,,-,2,,,-,0,,4,,9,,1,,,-,3,,7,,23,,53,,"ALABAMA
(32.839182, -86.631125)",
MISSISSIPPI,2017,13,,-,0,,1,,1,,,-,,-,0,,1,,1,,,-,,-,0,,2,,6,,1,,"MISSISSIPPI
(32.738663, -89.537312)",
DIST. OF COL.,2017,13,,-,0,,0,,,-,,-,,-,0,,2,,3,,,-,,-,0,,3,,9,,4,,"DISTRICT OF COLUMBIA
(38.892062, -77.019912)",
VIRGINIA,2017,13,,-,0,,1,,3,,3,,,-,0,,4,,9,,4,,,-,3,,17,,19,,45,,"VIRGINIA
(37.542699, -78.45822)",
MONTANA,2017,13,,-,0,,1,,,-,,-,,-,0,,3,,2,,12,,,-,0,,3,,,-,4,,"MONTANA
(47.062617, -109.430168)",
SOUTH DAKOTA,2017,13,,-,0,,0,,,-,1,,,-,0,,2,,,-,,-,,-,0,,2,,1,,5,,"SOUTH DAKOTA
(44.35371, -100.373709)",
NEW YORK,2017,13,,-,0,,2,,5,,1,,1,,2,,23,,34,,8,,9,,11,,33,,81,,169,,"NEW YORK
(42.826892, -75.544286)",
WEST VIRGINIA,2017,13,,-,0,,2,,,-,,-,,-,0,,1,,,-,,-,,-,0,,2,,3,,13,,"WEST VIRGINIA
(38.668501, -80.709421)",
OKLAHOMA,2017,13,,-,0,,1,,,-,1,,2,,2,,81,,101,,,-,,-,0,,54,,,-,,-,"OKLAHOMA
(35.468494, -97.521264)",
DELAWARE,2017,13,,-,0,,0,,,-,,-,,-,0,,0,,,-,,-,,-,0,,2,,,-,4,,"DELAWARE
(39.008676, -75.574561)",
GUAM,2017,13,,-,0,,0,,,-,,-,,-,0,,0,,,-,,-,,-,0,,0,,,-,,-,"GUAM
(13.3532, 144.653198)",
HAWAII,2017,13,,-,0,,1,,,-,,-,,-,0,,3,,5,,,-,,-,1,,5,,5,,15,,"HAWAII
(21.30992, -157.858158)",
OHIO,2017,13,,-,0,,3,,5,,3,,1,,1,,20,,38,,7,,18,,18,,38,,229,,254,,"OHIO
(40.056807, -82.405897)",
NEVADA,2017,13,,-,0,,2,,,-,3,,,-,0,,1,,3,,,-,,-,0,,5,,9,,13,,"NEVADA
(39.491833, -117.070159)",
MINNESOTA,2017,13,,-,0,,1,,,-,,-,,-,0,,3,,6,,16,,,-,16,,38,,9,,144,,"MINNESOTA
(46.357661, -94.793397)",
WYOMING,2017,13,,-,0,,0,,,-,,-,,-,0,,0,,,-,,-,,-,0,,3,,,-,13,,"WYOMING
(43.23558, -108.110518)",
VIRGIN ISL.,2017,13,,-,0,,0,,,-,,-,,-,0,,0,,,-,,-,,-,0,,0,,,-,,-,"VIRGIN ISLANDS
(18.060868, -64.840836)",
NEW JERSEY,2017,13,,-,0,,2,,1,,2,,,-,0,,3,,8,,2,,,-,7,,17,,34,,156,,"NEW JERSEY
(40.104655, -74.386686)",
SOUTH CAROLINA,2017,13,,-,0,,2,,4,,2,,,-,0,,2,,,-,2,,,-,4,,16,,56,,27,,"SOUTH CAROLINA
(34.009286, -81.037094)",
C.N.M.I.,2017,13,,-,,-,,-,,-,,-,,-,,-,,-,,-,,-,,-,,-,,-,,-,,-,"NORTHERN MARIANA ISLANDS
(15.1834, 145.725693)",
UNITED STATES,2017,14,4,,6,,14,,103,,117,,90,,134,,404,,2305,,898,,109,,332,,608,,2965,,4644,,,
NEW ENGLAND,2017,14,,-,0,,1,,,-,8,,1,,2,,38,,35,,110,,5,,17,,73,,211,,173,,,
MID. ATLANTIC,2017,14,,-,1,,4,,13,,10,,4,,12,,36,,218,,21,,14,,69,,177,,495,,1142,,,
NEW YORK CITY,2017,14,,-,0,,3,,3,,3,,,-,4,,19,,69,,9,,,-,4,,14,,28,,94,,,
E.N. CENTRAL,2017,14,2,,0,,6,,9,,15,,4,,8,,55,,200,,283,,13,,68,,186,,624,,963,,,
W.N. CENTRAL,2017,14,,-,0,,2,,5,,7,,10,,16,,57,,464,,340,,4,,28,,63,,155,,329,,,
S. ATLANTIC,2017,14,1,,1,,5,,22,,16,,,-,2,,7,,31,,32,,12,,27,,45,,258,,393,,,
E.S. CENTRAL,2017,14,,-,0,,1,,3,,5,,2,,1,,15,,41,,44,,2,,12,,33,,182,,300,,,
W.S. CENTRAL,2017,14,,-,0,,2,,5,,11,,24,,40,,333,,832,,15,,37,,27,,148,,286,,250,,,
VERMONT,2017,14,,-,0,,0,,,-,,-,,-,0,,0,,,-,,-,1,,3,,47,,55,,34,,"VERMONT
(43.622479, -72.51927)",
MOUNTAIN,2017,14,,-,0,,2,,7,,7,,1,,1,,12,,83,,27,,16,,30,,46,,418,,570,,,
PACIFIC,2017,14,1,,2,,8,,39,,38,,44,,3,,148,,401,,26,,6,,39,,135,,336,,524,,,
AMER. SAMOA,2017,14,,-,0,,0,,,-,,-,,-,0,,0,,,-,,-,,-,0,,0,,,-,,-,,
ALABAMA,2017,14,,-,0,,1,,,-,2,,,-,0,,4,,12,,1,,,-,3,,7,,25,,56,,"ALABAMA
(32.839182, -86.631125)",
WISCONSIN,2017,14,,-,0,,1,,,-,2,,,-,0,,15,,27,,4,,2,,22,,129,,120,,349,,"WISCONSIN
(44.395526, -89.834513)",
MISSOURI,2017,14,,-,0,,1,,2,,3,,8,,1,,39,,296,,1,,4,,4,,27,,78,,48,,"MISSOURI
(38.636168, -92.566292)",
OREGON,2017,14,,-,0,,3,,10,,6,,1,,1,,5,,36,,,-,,-,3,,13,,25,,45,,"OREGON
(44.567912, -120.156945)",
MONTANA,2017,14,,-,0,,1,,,-,,-,,-,0,,3,,2,,15,,1,,0,,3,,1,,4,,"MONTANA
(47.062617, -109.430168)",
NEVADA,2017,14,,-,0,,2,,,-,3,,,-,0,,1,,3,,,-,,-,0,,5,,14,,13,,"NEVADA
(39.491833, -117.070159)",
PUERTO RICO,2017,14,,-,0,,0,,,-,,-,,-,0,,1,,1,,1,,,-,0,,4,,,-,2,,"PUERTO RICO
(18.215692, -66.414655)",
VIRGINIA,2017,14,,-,0,,1,,3,,3,,,-,0,,4,,9,,4,,,-,3,,24,,26,,52,,"VIRGINIA
(37.542699, -78.45822)",
MASSACHUSETTS,2017,14,,-,0,,1,,,-,6,,1,,2,,28,,30,,87,,,-,4,,11,,23,,37,,"MASSACHUSETTS
(42.268546, -72.085064)",
RHODE ISLAND,2017,14,,-,0,,0,,,-,,-,,-,0,,1,,,-,,-,,-,0,,18,,12,,10,,"RHODE ISLAND
(41.707447, -71.522488)",
NEBRASKA,2017,14,,-,0,,1,,2,,,-,,-,0,,10,,1,,2,,,-,2,,8,,25,,65,,"NEBRASKA
(41.640503, -99.367122)",
TEXAS,2017,14,,-,0,,2,,3,,7,,15,,2,,55,,213,,15,,29,,22,,139,,230,,220,,"TEXAS
(31.827233, -99.423022)",
DIST. OF COL.,2017,14,,-,0,,0,,,-,,-,,-,0,,2,,3,,,-,,-,0,,3,,9,,4,,"DISTRICT OF COLUMBIA
(38.892062, -77.019912)",
NORTH DAKOTA,2017,14,,-,0,,0,,,-,,-,,-,0,,3,,6,,9,,,-,0,,5,,15,,2,,"NORTH DAKOTA
(47.475879, -100.121011)",
MICHIGAN,2017,14,,-,0,,1,,1,,2,,,-,0,,2,,7,,6,,,-,7,,20,,104,,76,,"MICHIGAN
(44.66399, -84.711206)",
WASHINGTON,2017,14,1,,0,,5,,6,,3,,43,,0,,140,,321,,,-,5,,9,,102,,66,,98,,"WASHINGTON
(47.517368, -120.467672)",
KANSAS,2017,14,,-,0,,1,,1,,1,,2,,0,,15,,101,,6,,,-,2,,10,,8,,33,,"KANSAS
(38.345528, -98.201847)",
WEST VIRGINIA,2017,14,,-,0,,2,,,-,,-,,-,0,,1,,,-,,-,,-,0,,2,,3,,13,,"WEST VIRGINIA
(38.668501, -80.709421)",
DELAWARE,2017,14,,-,0,,0,,,-,,-,,-,0,,0,,,-,,-,,-,0,,2,,,-,6,,"DELAWARE
(39.008676, -75.574561)",
COLORADO,2017,14,,-,0,,2,,2,,,-,,-,0,,10,,45,,8,,8,,15,,28,,206,,260,,"COLORADO
(38.841772, -106.132562)",
NEW MEXICO,2017,14,,-,0,,1,,1,,1,,,-,0,,1,,,-,,-,,-,3,,11,,46,,39,,"NEW MEXICO
(34.520396, -106.244402)",
GUAM,2017,14,,-,0,,0,,,-,,-,,-,0,,0,,,-,,-,,-,0,,0,,,-,,-,"GUAM
(13.3532, 144.653198)",
ARIZONA,2017,14,,-,0,,1,,2,,1,,1,,0,,2,,5,,3,,7,,4,,15,,114,,142,,"ARIZONA
(34.869712, -111.760902)",
TENNESSEE,2017,14,,-,0,,1,,2,,2,,,-,0,,6,,18,,1,,,-,3,,10,,40,,32,,"TENNESSEE
(35.681402, -85.774444)",
NORTH CAROLINA,2017,14,,-,0,,1,,2,,2,,,-,0,,3,,2,,22,,,-,4,,11,,35,,95,,"NORTH CAROLINA
(35.47995, -79.180571)",
NEW YORK,2017,14,,-,0,,2,,5,,1,,,-,2,,23,,34,,8,,8,,11,,33,,89,,173,,"NEW YORK
(42.826892, -75.544286)",
SOUTH DAKOTA,2017,14,,-,0,,0,,,-,1,,,-,0,,2,,,-,,-,,-,0,,2,,1,,5,,"SOUTH DAKOTA
(44.35371, -100.373709)",
KENTUCKY,2017,14,,-,0,,1,,,-,1,,,-,0,,15,,6,,42,,2,,6,,27,,111,,211,,"KENTUCKY
(37.64591, -84.774043)",
UTAH,2017,14,,-,0,,1,,1,,2,,,-,0,,8,,24,,1,,,-,4,,11,,25,,79,,"UTAH
(39.359772, -111.584173)",
CONNECTICUT,2017,14,,-,0,,0,,,-,1,,,-,0,,12,,3,,12,,,-,1,,7,,16,,21,,"CONNECTICUT
(41.544654, -72.651713)",
NEW JERSEY,2017,14,,-,0,,2,,1,,2,,,-,0,,3,,10,,2,,,-,7,,17,,34,,163,,"NEW JERSEY
(40.104655, -74.386686)",
LOUISIANA,2017,14,,-,0,,1,,2,,2,,,-,0,,3,,3,,,-,,-,1,,6,,11,,17,,"LOUISIANA
(31.2931, -92.463284)",
INDIANA,2017,14,,-,0,,2,,1,,2,,,-,2,,23,,22,,82,,,-,2,,9,,24,,44,,"INDIANA
(39.76845, -86.156212)",
ILLINOIS,2017,14,,-,0,,2,,,-,6,,2,,3,,23,,104,,183,,,-,19,,41,,114,,234,,"ILLINOIS
(40.477092, -88.993221)",
MISSISSIPPI,2017,14,,-,0,,1,,1,,,-,2,,0,,2,,5,,,-,,-,0,,2,,6,,1,,"MISSISSIPPI
(32.738663, -89.537312)",
MARYLAND,2017,14,,-,0,,1,,1,,1,,,-,0,,3,,1,,,-,1,,2,,10,,27,,29,,"MARYLAND
(39.290443, -76.612333)",
GEORGIA,2017,14,,-,0,,3,,2,,2,,,-,0,,4,,13,,,-,,-,2,,7,,11,,65,,"GEORGIA
(32.836038, -83.631709)",
MAINE,2017,14,,-,0,,0,,,-,1,,,-,0,,4,,1,,4,,4,,6,,14,,96,,57,,"MAINE
(45.252223, -68.986647)",
FLORIDA,2017,14,1,,0,,3,,10,,5,,,-,0,,2,,3,,4,,10,,6,,19,,88,,99,,"FLORIDA
(28.915325, -81.922409)",
IDAHO,2017,14,,-,0,,1,,1,,,-,,-,0,,2,,4,,,-,,-,1,,8,,12,,20,,"IDAHO
(43.680635, -114.364237)",
WYOMING,2017,14,,-,0,,0,,,-,,-,,-,0,,0,,,-,,-,,-,0,,3,,,-,13,,"WYOMING
(43.23558, -108.110518)",
MINNESOTA,2017,14,,-,0,,1,,,-,,-,,-,0,,3,,6,,17,,,-,16,,38,,19,,150,,"MINNESOTA
(46.357661, -94.793397)",
IOWA,2017,14,,-,0,,0,,,-,2,,,-,7,,35,,54,,305,,,-,2,,11,,9,,26,,"IOWA
(42.46942, -93.815856)",
C.N.M.I.,2017,14,,-,,-,,-,,-,,-,,-,,-,,-,,-,,-,,-,,-,,-,,-,,-,"NORTHERN MARIANA ISLANDS
(15.1834, 145.725693)",
ALASKA,2017,14,,-,0,,1,,1,,2,,,-,0,,2,,1,,,-,,-,2,,10,,11,,33,,"ALASKA
(64.836661, -147.738891)",
SOUTH CAROLINA,2017,14,,-,0,,2,,4,,3,,,-,0,,2,,,-,2,,1,,4,,16,,59,,30,,"SOUTH CAROLINA
(34.009286, -81.037094)",
ARKANSAS,2017,14,,-,0,,1,,,-,1,,,-,19,,249,,506,,,-,1,,1,,6,,38,,13,,"ARKANSAS
(34.748745, -92.275105)",
PENNSYLVANIA,2017,14,,-,0,,2,,4,,4,,4,,0,,29,,105,,2,,6,,42,,164,,344,,712,,"PENNSYLVANIA
(40.789676, -77.858055)",
HAWAII,2017,14,,-,0,,1,,,-,,-,,-,0,,3,,6,,,-,1,,1,,5,,6,,16,,"HAWAII
(21.30992, -157.858158)",
OHIO,2017,14,2,,0,,3,,7,,3,,2,,1,,20,,40,,8,,11,,18,,38,,262,,260,,"OHIO
(40.056807, -82.405897)",
NEW HAMPSHIRE,2017,14,,-,0,,0,,,-,,-,,-,0,,1,,1,,7,,,-,1,,4,,9,,14,,"NEW HAMPSHIRE
(43.657736, -71.500736)",
VIRGIN ISL.,2017,14,,-,0,,0,,,-,,-,,-,0,,0,,,-,,-,,-,0,,0,,,-,,-,"VIRGIN ISLANDS
(18.060868, -64.840836)",
CALIFORNIA,2017,14,,-,1,,6,,22,,27,,,-,2,,7,,37,,26,,,-,26,,44,,228,,332,,"CALIFORNIA
(37.640735, -121.002435)",
OKLAHOMA,2017,14,,-,0,,1,,,-,1,,9,,2,,81,,110,,,-,7,,0,,54,,7,,,-,"OKLAHOMA
(35.468494, -97.521264)",
UNITED STATES,2017,15,1,,6,,14,,108,,122,,112,,134,,404,,2481,,962,,102,,332,,620,,3250,,4988,,,
NEW ENGLAND,2017,15,,-,0,,1,,,-,8,,,-,2,,38,,35,,115,,3,,17,,73,,220,,182,,,
MID. ATLANTIC,2017,15,,-,1,,4,,13,,10,,15,,12,,36,,243,,23,,11,,69,,177,,545,,1224,,,
NEW YORK CITY,2017,15,,-,0,,3,,3,,3,,,-,4,,19,,77,,9,,,-,4,,14,,32,,100,,,
E.N. CENTRAL,2017,15,,-,0,,6,,9,,15,,4,,9,,56,,226,,316,,17,,69,,187,,661,,1027,,,
W.N. CENTRAL,2017,15,,-,0,,2,,5,,7,,22,,15,,57,,500,,355,,6,,29,,64,,196,,357,,,
S. ATLANTIC,2017,15,,-,1,,5,,26,,17,,,-,2,,7,,34,,33,,7,,27,,46,,268,,421,,,
E.S. CENTRAL,2017,15,,-,0,,1,,3,,6,,,-,1,,15,,39,,46,,4,,12,,29,,199,,327,,,
W.S. CENTRAL,2017,15,,-,0,,2,,5,,12,,11,,40,,333,,855,,18,,9,,28,,153,,313,,272,,,
MOUNTAIN,2017,15,,-,0,,2,,7,,7,,5,,1,,12,,88,,29,,25,,30,,53,,463,,600,,,
PACIFIC,2017,15,1,,2,,8,,40,,40,,55,,3,,155,,461,,27,,20,,40,,137,,385,,578,,,
AMER. SAMOA,2017,15,,-,0,,0,,,-,,-,,-,0,,0,,,-,,-,,-,0,,0,,,-,,-,,
WASHINGTON,2017,15,,-,0,,5,,6,,4,,54,,0,,147,,374,,,-,19,,8,,103,,80,,110,,"WASHINGTON
(47.517368, -120.467672)",
ILLINOIS,2017,15,,-,0,,2,,,-,6,,1,,3,,23,,123,,206,,,-,18,,41,,124,,252,,"ILLINOIS
(40.477092, -88.993221)",
MINNESOTA,2017,15,,-,0,,1,,,-,,-,,-,0,,3,,7,,17,,,-,16,,38,,52,,166,,"MINNESOTA
(46.357661, -94.793397)",
SOUTH CAROLINA,2017,15,,-,0,,2,,6,,3,,,-,0,,2,,,-,2,,,-,4,,16,,59,,32,,"SOUTH CAROLINA
(34.009286, -81.037094)",
NORTH CAROLINA,2017,15,,-,0,,1,,2,,2,,,-,0,,3,,2,,23,,,-,4,,11,,37,,106,,"NORTH CAROLINA
(35.47995, -79.180571)",
DIST. OF COL.,2017,15,,-,0,,0,,,-,,-,,-,0,,2,,3,,,-,,-,0,,3,,9,,5,,"DISTRICT OF COLUMBIA
(38.892062, -77.019912)",
KANSAS,2017,15,,-,0,,1,,1,,1,,8,,0,,17,,117,,6,,,-,2,,10,,8,,35,,"KANSAS
(38.345528, -98.201847)",
WISCONSIN,2017,15,,-,0,,1,,,-,2,,,-,0,,15,,27,,4,,,-,22,,129,,120,,371,,"WISCONSIN
(44.395526, -89.834513)",
DELAWARE,2017,15,,-,0,,0,,,-,,-,,-,0,,0,,,-,,-,,-,0,,1,,1,,6,,"DELAWARE
(39.008676, -75.574561)",
NORTH DAKOTA,2017,15,,-,0,,0,,,-,,-,,-,0,,1,,6,,9,,,-,1,,5,,15,,2,,"NORTH DAKOTA
(47.475879, -100.121011)",
SOUTH DAKOTA,2017,15,,-,0,,0,,,-,1,,,-,0,,2,,,-,,-,,-,0,,2,,1,,5,,"SOUTH DAKOTA
(44.35371, -100.373709)",
INDIANA,2017,15,,-,0,,2,,1,,2,,,-,2,,25,,25,,90,,,-,3,,10,,26,,47,,"INDIANA
(39.76845, -86.156212)",
LOUISIANA,2017,15,,-,0,,1,,2,,2,,3,,0,,3,,9,,,-,,-,1,,6,,19,,18,,"LOUISIANA
(31.2931, -92.463284)",
FLORIDA,2017,15,,-,0,,3,,10,,5,,,-,0,,2,,3,,4,,7,,6,,19,,95,,103,,"FLORIDA
(28.915325, -81.922409)",
NEW YORK,2017,15,,-,0,,2,,5,,1,,,-,2,,23,,34,,9,,,-,11,,33,,89,,188,,"NEW YORK
(42.826892, -75.544286)",
C.N.M.I.,2017,15,,-,,-,,-,,-,,-,,-,,-,,-,,-,,-,,-,,-,,-,,-,,-,"NORTHERN MARIANA ISLANDS
(15.1834, 145.725693)",
NEW HAMPSHIRE,2017,15,,-,0,,0,,,-,,-,,-,0,,1,,1,,7,,,-,1,,4,,13,,14,,"NEW HAMPSHIRE
(43.657736, -71.500736)",
HAWAII,2017,15,,-,0,,1,,,-,1,,,-,0,,3,,7,,,-,1,,1,,5,,7,,17,,"HAWAII
(21.30992, -157.858158)",
MONTANA,2017,15,,-,0,,1,,,-,,-,,-,0,,3,,2,,15,,,-,0,,3,,1,,4,,"MONTANA
(47.062617, -109.430168)",
UTAH,2017,15,,-,0,,1,,1,,2,,,-,0,,8,,24,,1,,,-,4,,11,,30,,81,,"UTAH
(39.359772, -111.584173)",
MISSOURI,2017,15,,-,0,,1,,2,,3,,14,,1,,39,,315,,2,,3,,5,,27,,83,,50,,"MISSOURI
(38.636168, -92.566292)",
MAINE,2017,15,,-,0,,0,,,-,1,,,-,0,,4,,1,,4,,,-,6,,14,,96,,57,,"MAINE
(45.252223, -68.986647)",
TEXAS,2017,15,,-,0,,2,,3,,8,,3,,2,,55,,218,,18,,9,,22,,139,,248,,240,,"TEXAS
(31.827233, -99.423022)",
VIRGIN ISL.,2017,15,,-,0,,0,,,-,,-,,-,0,,0,,,-,,-,,-,0,,0,,,-,,-,"VIRGIN ISLANDS
(18.060868, -64.840836)",
NEVADA,2017,15,,-,0,,2,,,-,3,,,-,0,,1,,3,,1,,,-,0,,6,,21,,14,,"NEVADA
(39.491833, -117.070159)",
IOWA,2017,15,,-,0,,0,,,-,2,,,-,7,,35,,54,,319,,,-,2,,11,,9,,31,,"IOWA
(42.46942, -93.815856)",
MICHIGAN,2017,15,,-,0,,1,,1,,2,,,-,0,,2,,8,,6,,,-,7,,20,,112,,79,,"MICHIGAN
(44.66399, -84.711206)",
NEBRASKA,2017,15,,-,0,,1,,2,,,-,,-,0,,10,,1,,2,,3,,2,,8,,28,,68,,"NEBRASKA
(41.640503, -99.367122)",
RHODE ISLAND,2017,15,,-,0,,0,,,-,,-,,-,0,,1,,,-,,-,,-,0,,18,,12,,10,,"RHODE ISLAND
(41.707447, -71.522488)",
NEW JERSEY,2017,15,,-,0,,2,,1,,2,,,-,0,,3,,10,,3,,,-,6,,17,,43,,169,,"NEW JERSEY
(40.104655, -74.386686)",
IDAHO,2017,15,,-,0,,1,,1,,,-,,-,0,,2,,4,,,-,2,,1,,8,,14,,20,,"IDAHO
(43.680635, -114.364237)",
OHIO,2017,15,,-,0,,3,,7,,3,,3,,1,,20,,43,,10,,17,,18,,38,,279,,278,,"OHIO
(40.056807, -82.405897)",
CALIFORNIA,2017,15,,-,1,,6,,22,,27,,,-,2,,7,,43,,27,,,-,26,,44,,258,,365,,"CALIFORNIA
(37.640735, -121.002435)",
ARIZONA,2017,15,,-,0,,1,,2,,1,,2,,0,,2,,7,,3,,8,,4,,15,,129,,154,,"ARIZONA
(34.869712, -111.760902)",
CONNECTICUT,2017,15,,-,0,,0,,,-,1,,,-,0,,12,,3,,13,,,-,1,,7,,16,,21,,"CONNECTICUT
(41.544654, -72.651713)",
WYOMING,2017,15,,-,0,,0,,,-,,-,,-,0,,0,,,-,,-,,-,0,,3,,,-,13,,"WYOMING
(43.23558, -108.110518)",
GUAM,2017,15,,-,0,,0,,,-,,-,,-,0,,0,,,-,,-,,-,0,,0,,,-,,-,"GUAM
(13.3532, 144.653198)",
MASSACHUSETTS,2017,15,,-,0,,1,,,-,6,,,-,1,,28,,30,,91,,,-,4,,11,,23,,42,,"MASSACHUSETTS
(42.268546, -72.085064)",
COLORADO,2017,15,,-,0,,2,,2,,,-,3,,0,,10,,48,,9,,15,,15,,28,,221,,270,,"COLORADO
(38.841772, -106.132562)",
MISSISSIPPI,2017,15,,-,0,,1,,1,,,-,,-,0,,2,,4,,,-,,-,0,,2,,7,,1,,"MISSISSIPPI
(32.738663, -89.537312)",
VIRGINIA,2017,15,,-,0,,3,,5,,3,,,-,0,,4,,11,,4,,,-,3,,24,,26,,53,,"VIRGINIA
(37.542699, -78.45822)",
TENNESSEE,2017,15,,-,0,,1,,2,,2,,,-,0,,6,,17,,2,,,-,3,,10,,41,,35,,"TENNESSEE
(35.681402, -85.774444)",
ALASKA,2017,15,,-,0,,1,,1,,2,,,-,0,,2,,1,,,-,,-,2,,10,,12,,38,,"ALASKA
(64.836661, -147.738891)",
PUERTO RICO,2017,15,,-,0,,0,,,-,,-,,-,0,,1,,1,,1,,,-,0,,4,,,-,2,,"PUERTO RICO
(18.215692, -66.414655)",
GEORGIA,2017,15,,-,0,,3,,2,,3,,,-,0,,4,,13,,,-,,-,2,,7,,11,,72,,"GEORGIA
(32.836038, -83.631709)",
VERMONT,2017,15,,-,0,,0,,,-,,-,,-,0,,0,,,-,,-,3,,3,,47,,60,,38,,"VERMONT
(43.622479, -72.51927)",
ARKANSAS,2017,15,,-,0,,1,,,-,1,,2,,19,,249,,514,,,-,,-,1,,11,,39,,14,,"ARKANSAS
(34.748745, -92.275105)",
NEW MEXICO,2017,15,,-,0,,1,,1,,1,,,-,0,,1,,,-,,-,,-,3,,11,,47,,44,,"NEW MEXICO
(34.520396, -106.244402)",
OKLAHOMA,2017,15,,-,0,,1,,,-,1,,3,,3,,81,,114,,,-,,-,0,,54,,7,,,-,"OKLAHOMA
(35.468494, -97.521264)",
OREGON,2017,15,1,,0,,3,,11,,6,,1,,1,,5,,36,,,-,,-,3,,13,,28,,48,,"OREGON
(44.567912, -120.156945)",
WEST VIRGINIA,2017,15,,-,0,,2,,,-,,-,,-,0,,1,,,-,,-,,-,0,,2,,3,,13,,"WEST VIRGINIA
(38.668501, -80.709421)",
PENNSYLVANIA,2017,15,,-,0,,2,,4,,4,,15,,0,,29,,122,,2,,11,,41,,164,,381,,767,,"PENNSYLVANIA
(40.789676, -77.858055)",
MARYLAND,2017,15,,-,0,,1,,1,,1,,,-,0,,3,,2,,,-,,-,2,,10,,27,,31,,"MARYLAND
(39.290443, -76.612333)",
KENTUCKY,2017,15,,-,0,,1,,,-,1,,,-,0,,15,,6,,43,,4,,7,,20,,126,,230,,"KENTUCKY
(37.64591, -84.774043)",
ALABAMA,2017,15,,-,0,,1,,,-,3,,,-,0,,4,,12,,1,,,-,3,,7,,25,,61,,"ALABAMA
(32.839182, -86.631125)",
