 Reporting Area,MMWR Year,MMWR Week,"Rabies, animal, Current week","Rabies, animal, Current week, flag","Rabies, animal, Previous 52 weeks Med","Rabies, animal, Previous 52 weeks Med, flag","Rabies, animal, Previous 52 weeks Max","Rabies, animal, Previous 52 weeks Max, flag","Rabies, animal, Cum 2017","Rabies, animal, Cum 2017, flag","Rabies, animal, Cum 2016","Rabies, animal, Cum 2016, flag","Rubella, Current week","Rubella, Current week, flag","Rubella, Previous 52 weeks Med","Rubella, Previous 52 weeks Med, flag","Rubella, Previous 52 weeks Max","Rubella, Previous 52 weeks Max, flag","Rubella, Cum 2017","Rubella, Cum 2017, flag","Rubella, Cum 2016","Rubella, Cum 2016, flag","Rubella, congenital syndrome, Current week","Rubella, congenital syndrome, Current week, flag","Rubella, congenital syndrome, Previous 52 weeks Med","Rubella, congenital syndrome, Previous 52 weeks Med, flag","Rubella, congenital syndrome, Previous 52 weeks Max","Rubella, congenital syndrome, Previous 52 weeks Max, flag","Rubella, congenital syndrome, Cum 2017","Rubella, congenital syndrome, Cum 2017, flag","Rubella, congenital syndrome, Cum 2016","Rubella, congenital syndrome, Cum 2016, flag",Location 1,Location 2
UNITED STATES,2017,1,11,,52,,112,,11,,34,,,-,0,,2,,,-,,-,,-,0,,1,,,-,,-,,
NEW ENGLAND,2017,1,,-,4,,13,,,-,,-,,-,0,,0,,,-,,-,,-,0,,0,,,-,,-,,
MID. ATLANTIC,2017,1,7,,8,,33,,7,,5,,,-,0,,0,,,-,,-,,-,0,,0,,,-,,-,,
NEW YORK CITY,2017,1,,-,0,,0,,,-,,-,,-,0,,0,,,-,,-,,-,0,,0,,,-,,-,,
E.N. CENTRAL,2017,1,,-,2,,11,,,-,,-,,-,0,,0,,,-,,-,,-,0,,0,,,-,,-,,
W.N. CENTRAL,2017,1,,-,2,,8,,,-,,-,,-,0,,0,,,-,,-,,-,0,,0,,,-,,-,,
S. ATLANTIC,2017,1,1,,13,,27,,1,,21,,,-,0,,2,,,-,,-,,-,0,,1,,,-,,-,,
E.S. CENTRAL,2017,1,1,,1,,7,,1,,2,,,-,0,,0,,,-,,-,,-,0,,0,,,-,,-,,
W.S. CENTRAL,2017,1,1,,13,,41,,1,,6,,,-,0,,0,,,-,,-,,-,0,,0,,,-,,-,,
MOUNTAIN,2017,1,,-,0,,6,,,-,,-,,-,0,,0,,,-,,-,,-,0,,0,,,-,,-,,
PACIFIC,2017,1,1,,1,,11,,1,,,-,,-,0,,0,,,-,,-,,-,0,,0,,,-,,-,,
AMER. SAMOA,2017,1,,U,0,,0,,,U,,U,,-,0,,0,,,-,,-,,-,0,,0,,,-,,-,,
WYOMING,2017,1,,-,0,,0,,,-,,-,,-,0,,0,,,-,,-,,-,0,,0,,,-,,-,"WYOMING
(43.23558, -108.110518)",
CALIFORNIA,2017,1,,-,0,,8,,,-,,-,,-,0,,0,,,-,,-,,-,0,,0,,,-,,-,"CALIFORNIA
(37.640735, -121.002435)",
KANSAS,2017,1,,-,1,,8,,,-,,-,,-,0,,0,,,-,,-,,-,0,,0,,,-,,-,"KANSAS
(38.345528, -98.201847)",
C.N.M.I.,2017,1,,-,,-,,-,,-,,-,,-,,-,,-,,-,,-,,-,,-,,-,,-,,-,"NORTHERN MARIANA ISLANDS
(15.1834, 145.725693)",
MISSOURI,2017,1,,-,0,,4,,,-,,-,,-,0,,0,,,-,,-,,-,0,,0,,,-,,-,"MISSOURI
(38.636168, -92.566292)",
IDAHO,2017,1,,-,0,,5,,,-,,-,,-,0,,0,,,-,,-,,-,0,,0,,,-,,-,"IDAHO
(43.680635, -114.364237)",
LOUISIANA,2017,1,,-,0,,0,,,-,,-,,-,0,,0,,,-,,-,,-,0,,0,,,-,,-,"LOUISIANA
(31.2931, -92.463284)",
MISSISSIPPI,2017,1,,-,0,,1,,,-,,-,,-,0,,0,,,-,,-,,-,0,,0,,,-,,-,"MISSISSIPPI
(32.738663, -89.537312)",
UTAH,2017,1,,-,0,,3,,,-,,-,,-,0,,0,,,-,,-,,-,0,,0,,,-,,-,"UTAH
(39.359772, -111.584173)",
GEORGIA,2017,1,,-,0,,0,,,-,,-,,-,0,,0,,,-,,-,,-,0,,0,,,-,,-,"GEORGIA
(32.836038, -83.631709)",
NEW MEXICO,2017,1,,-,0,,1,,,-,,-,,-,0,,0,,,-,,-,,-,0,,0,,,-,,-,"NEW MEXICO
(34.520396, -106.244402)",
NEW JERSEY,2017,1,,-,0,,0,,,-,,-,,-,0,,0,,,-,,-,,-,0,,0,,,-,,-,"NEW JERSEY
(40.104655, -74.386686)",
DELAWARE,2017,1,,-,0,,0,,,-,,-,,-,0,,0,,,-,,-,,-,0,,0,,,-,,-,"DELAWARE
(39.008676, -75.574561)",
ALABAMA,2017,1,1,,1,,7,,1,,2,,,-,0,,0,,,-,,-,,-,0,,0,,,-,,-,"ALABAMA
(32.839182, -86.631125)",
VIRGIN ISL.,2017,1,,-,0,,0,,,-,,-,,-,0,,0,,,-,,-,,-,0,,0,,,-,,-,"VIRGIN ISLANDS
(18.060868, -64.840836)",
DIST. OF COL.,2017,1,,-,0,,0,,,-,,-,,-,0,,0,,,-,,-,,-,0,,0,,,-,,-,"DISTRICT OF COLUMBIA
(38.892062, -77.019912)",
ARKANSAS,2017,1,,-,0,,4,,,-,,-,,-,0,,0,,,-,,-,,-,0,,0,,,-,,-,"ARKANSAS
(34.748745, -92.275105)",
ILLINOIS,2017,1,,-,0,,7,,,-,,-,,-,0,,0,,,-,,-,,-,0,,0,,,-,,-,"ILLINOIS
(40.477092, -88.993221)",
WASHINGTON,2017,1,,-,0,,0,,,-,,-,,-,0,,0,,,-,,-,,-,0,,0,,,-,,-,"WASHINGTON
(47.517368, -120.467672)",
SOUTH CAROLINA,2017,1,,N,0,,0,,,N,,N,,-,0,,0,,,-,,-,,-,0,,0,,,-,,-,"SOUTH CAROLINA
(34.009286, -81.037094)",
NEW YORK,2017,1,7,,8,,33,,7,,5,,,-,0,,0,,,-,,-,,-,0,,0,,,-,,-,"NEW YORK
(42.826892, -75.544286)",
NORTH DAKOTA,2017,1,,-,0,,0,,,-,,-,,-,0,,0,,,-,,-,,-,0,,0,,,-,,-,"NORTH DAKOTA
(47.475879, -100.121011)",
ARIZONA,2017,1,,N,0,,0,,,N,,N,,-,0,,0,,,-,,-,,-,0,,0,,,-,,-,"ARIZONA
(34.869712, -111.760902)",
MONTANA,2017,1,,-,0,,0,,,-,,-,,-,0,,0,,,-,,-,,-,0,,0,,,-,,-,"MONTANA
(47.062617, -109.430168)",
VIRGINIA,2017,1,,-,0,,0,,,-,,-,,-,0,,0,,,-,,-,,-,0,,0,,,-,,-,"VIRGINIA
(37.542699, -78.45822)",
MINNESOTA,2017,1,,-,0,,0,,,-,,-,,-,0,,0,,,-,,-,,-,0,,0,,,-,,-,"MINNESOTA
(46.357661, -94.793397)",
MARYLAND,2017,1,,-,5,,21,,,-,4,,,-,0,,1,,,-,,-,,-,0,,1,,,-,,-,"MARYLAND
(39.290443, -76.612333)",
TENNESSEE,2017,1,,-,0,,0,,,-,,-,,-,0,,0,,,-,,-,,-,0,,0,,,-,,-,"TENNESSEE
(35.681402, -85.774444)",
MAINE,2017,1,,-,1,,6,,,-,,-,,-,0,,0,,,-,,-,,-,0,,0,,,-,,-,"MAINE
(45.252223, -68.986647)",
VERMONT,2017,1,,-,1,,3,,,-,,-,,-,0,,0,,,-,,-,,-,0,,0,,,-,,-,"VERMONT
(43.622479, -72.51927)",
KENTUCKY,2017,1,,-,0,,5,,,-,,-,,-,0,,0,,,-,,-,,-,0,,0,,,-,,-,"KENTUCKY
(37.64591, -84.774043)",
HAWAII,2017,1,,-,0,,0,,,-,,-,,-,0,,0,,,-,,-,,-,0,,0,,,-,,-,"HAWAII
(21.30992, -157.858158)",
PENNSYLVANIA,2017,1,,-,0,,0,,,-,,-,,-,0,,0,,,-,,-,,-,0,,0,,,-,,-,"PENNSYLVANIA
(40.789676, -77.858055)",
MICHIGAN,2017,1,,-,0,,3,,,-,,-,,-,0,,0,,,-,,-,,-,0,,0,,,-,,-,"MICHIGAN
(44.66399, -84.711206)",
CONNECTICUT,2017,1,,-,1,,6,,,-,,-,,-,0,,0,,,-,,-,,-,0,,0,,,-,,-,"CONNECTICUT
(41.544654, -72.651713)",
PUERTO RICO,2017,1,,-,0,,0,,,-,,-,,-,0,,0,,,-,,-,,-,0,,0,,,-,,-,"PUERTO RICO
(18.215692, -66.414655)",
RHODE ISLAND,2017,1,,-,0,,4,,,-,,-,,-,0,,0,,,-,,-,,-,0,,0,,,-,,-,"RHODE ISLAND
(41.707447, -71.522488)",
COLORADO,2017,1,,-,0,,0,,,-,,-,,-,0,,0,,,-,,-,,-,0,,0,,,-,,-,"COLORADO
(38.841772, -106.132562)",
OKLAHOMA,2017,1,,-,0,,23,,,-,,-,,-,0,,0,,,-,,-,,-,0,,0,,,-,,-,"OKLAHOMA
(35.468494, -97.521264)",
NEVADA,2017,1,,-,0,,2,,,-,,-,,-,0,,0,,,-,,-,,-,0,,0,,,-,,-,"NEVADA
(39.491833, -117.070159)",
NEBRASKA,2017,1,,-,0,,2,,,-,,-,,-,0,,0,,,-,,-,,-,0,,0,,,-,,-,"NEBRASKA
(41.640503, -99.367122)",
INDIANA,2017,1,,-,0,,0,,,-,,-,,-,0,,0,,,-,,-,,-,0,,0,,,-,,-,"INDIANA
(39.76845, -86.156212)",
ALASKA,2017,1,1,,0,,3,,1,,,-,,-,0,,0,,,-,,-,,-,0,,0,,,-,,-,"ALASKA
(64.836661, -147.738891)",
OREGON,2017,1,,-,0,,2,,,-,,-,,-,0,,0,,,-,,-,,-,0,,0,,,-,,-,"OREGON
(44.567912, -120.156945)",
MASSACHUSETTS,2017,1,,-,0,,0,,,-,,-,,-,0,,0,,,-,,-,,-,0,,0,,,-,,-,"MASSACHUSETTS
(42.268546, -72.085064)",
SOUTH DAKOTA,2017,1,,-,0,,3,,,-,,-,,-,0,,0,,,-,,-,,-,0,,0,,,-,,-,"SOUTH DAKOTA
(44.35371, -100.373709)",
FLORIDA,2017,1,1,,0,,21,,1,,15,,,-,0,,2,,,-,,-,,-,0,,0,,,-,,-,"FLORIDA
(28.915325, -81.922409)",
NEW HAMPSHIRE,2017,1,,-,0,,2,,,-,,-,,-,0,,0,,,-,,-,,-,0,,0,,,-,,-,"NEW HAMPSHIRE
(43.657736, -71.500736)",
WEST VIRGINIA,2017,1,,-,0,,3,,,-,,-,,-,0,,0,,,-,,-,,-,0,,0,,,-,,-,"WEST VIRGINIA
(38.668501, -80.709421)",
IOWA,2017,1,,-,0,,0,,,-,,-,,-,0,,0,,,-,,-,,-,0,,0,,,-,,-,"IOWA
(42.46942, -93.815856)",
NORTH CAROLINA,2017,1,,-,5,,10,,,-,2,,,-,0,,0,,,-,,-,,-,0,,0,,,-,,-,"NORTH CAROLINA
(35.47995, -79.180571)",
TEXAS,2017,1,1,,12,,41,,1,,6,,,-,0,,0,,,-,,-,,-,0,,0,,,-,,-,"TEXAS
(31.827233, -99.423022)",
GUAM,2017,1,,-,0,,0,,,-,,-,,-,0,,0,,,-,,-,,-,0,,0,,,-,,-,"GUAM
(13.3532, 144.653198)",
OHIO,2017,1,,-,0,,8,,,-,,-,,-,0,,0,,,-,,-,,-,0,,0,,,-,,-,"OHIO
(40.056807, -82.405897)",
WISCONSIN,2017,1,,N,0,,0,,,N,,N,,-,0,,0,,,-,,-,,-,0,,0,,,-,,-,"WISCONSIN
(44.395526, -89.834513)",
UNITED STATES,2017,2,14,,52,,113,,26,,82,,,-,0,,2,,,-,,-,,-,0,,1,,,-,,-,,
NEW ENGLAND,2017,2,1,,4,,13,,1,,6,,,-,0,,0,,,-,,-,,-,0,,0,,,-,,-,,
MID. ATLANTIC,2017,2,4,,8,,33,,11,,12,,,-,0,,0,,,-,,-,,-,0,,0,,,-,,-,,
NEW YORK CITY,2017,2,,-,0,,0,,,-,,-,,-,0,,0,,,-,,-,,-,0,,0,,,-,,-,,
E.N. CENTRAL,2017,2,1,,2,,11,,1,,,-,,-,0,,0,,,-,,-,,-,0,,0,,,-,,-,,
W.N. CENTRAL,2017,2,,-,2,,8,,,-,1,,,-,0,,0,,,-,,-,,-,0,,0,,,-,,-,,
S. ATLANTIC,2017,2,7,,12,,27,,9,,48,,,-,0,,2,,,-,,-,,-,0,,1,,,-,,-,,
E.S. CENTRAL,2017,2,,-,2,,7,,1,,3,,,-,0,,0,,,-,,-,,-,0,,0,,,-,,-,,
W.S. CENTRAL,2017,2,1,,13,,41,,2,,12,,,-,0,,0,,,-,,-,,-,0,,0,,,-,,-,,
MOUNTAIN,2017,2,,-,0,,6,,,-,,-,,-,0,,0,,,-,,-,,-,0,,0,,,-,,-,,
PACIFIC,2017,2,,-,1,,11,,1,,,-,,-,0,,0,,,-,,-,,-,0,,0,,,-,,-,,
AMER. SAMOA,2017,2,,U,0,,0,,,U,,U,,-,0,,0,,,-,,-,,-,0,,0,,,-,,-,,
ARIZONA,2017,2,,N,0,,0,,,N,,N,,-,0,,0,,,-,,-,,-,0,,0,,,-,,-,"ARIZONA
(34.869712, -111.760902)",
TEXAS,2017,2,1,,12,,41,,2,,12,,,-,0,,0,,,-,,-,,-,0,,0,,,-,,-,"TEXAS
(31.827233, -99.423022)",
SOUTH CAROLINA,2017,2,,N,0,,0,,,N,,N,,-,0,,0,,,-,,-,,-,0,,0,,,-,,-,"SOUTH CAROLINA
(34.009286, -81.037094)",
IOWA,2017,2,,-,0,,0,,,-,,-,,-,0,,0,,,-,,-,,-,0,,0,,,-,,-,"IOWA
(42.46942, -93.815856)",
GEORGIA,2017,2,,-,0,,0,,,-,,-,,-,0,,0,,,-,,-,,-,0,,0,,,-,,-,"GEORGIA
(32.836038, -83.631709)",
MARYLAND,2017,2,,-,5,,21,,,-,8,,,-,0,,1,,,-,,-,,-,0,,1,,,-,,-,"MARYLAND
(39.290443, -76.612333)",
KANSAS,2017,2,,-,1,,8,,,-,1,,,-,0,,0,,,-,,-,,-,0,,0,,,-,,-,"KANSAS
(38.345528, -98.201847)",
OHIO,2017,2,1,,0,,8,,1,,,-,,-,0,,0,,,-,,-,,-,0,,0,,,-,,-,"OHIO
(40.056807, -82.405897)",
DIST. OF COL.,2017,2,,-,0,,0,,,-,,-,,-,0,,0,,,-,,-,,-,0,,0,,,-,,-,"DISTRICT OF COLUMBIA
(38.892062, -77.019912)",
OKLAHOMA,2017,2,,-,0,,23,,,-,,-,,-,0,,0,,,-,,-,,-,0,,0,,,-,,-,"OKLAHOMA
(35.468494, -97.521264)",
WASHINGTON,2017,2,,-,0,,0,,,-,,-,,-,0,,0,,,-,,-,,-,0,,0,,,-,,-,"WASHINGTON
(47.517368, -120.467672)",
COLORADO,2017,2,,-,0,,0,,,-,,-,,-,0,,0,,,-,,-,,-,0,,0,,,-,,-,"COLORADO
(38.841772, -106.132562)",
KENTUCKY,2017,2,,-,0,,5,,,-,,-,,-,0,,0,,,-,,-,,-,0,,0,,,-,,-,"KENTUCKY
(37.64591, -84.774043)",
MINNESOTA,2017,2,,-,0,,0,,,-,,-,,-,0,,0,,,-,,-,,-,0,,0,,,-,,-,"MINNESOTA
(46.357661, -94.793397)",
UTAH,2017,2,,-,0,,3,,,-,,-,,-,0,,0,,,-,,-,,-,0,,0,,,-,,-,"UTAH
(39.359772, -111.584173)",
DELAWARE,2017,2,,-,0,,0,,,-,,-,,-,0,,0,,,-,,-,,-,0,,0,,,-,,-,"DELAWARE
(39.008676, -75.574561)",
VIRGINIA,2017,2,,-,0,,0,,,-,,-,,-,0,,0,,,-,,-,,-,0,,0,,,-,,-,"VIRGINIA
(37.542699, -78.45822)",
INDIANA,2017,2,,-,0,,0,,,-,,-,,-,0,,0,,,-,,-,,-,0,,0,,,-,,-,"INDIANA
(39.76845, -86.156212)",
MASSACHUSETTS,2017,2,,-,0,,0,,,-,,-,,-,0,,0,,,-,,-,,-,0,,0,,,-,,-,"MASSACHUSETTS
(42.268546, -72.085064)",
MONTANA,2017,2,,-,0,,0,,,-,,-,,-,0,,0,,,-,,-,,-,0,,0,,,-,,-,"MONTANA
(47.062617, -109.430168)",
NORTH DAKOTA,2017,2,,-,0,,0,,,-,,-,,-,0,,0,,,-,,-,,-,0,,0,,,-,,-,"NORTH DAKOTA
(47.475879, -100.121011)",
NEVADA,2017,2,,-,0,,2,,,-,,-,,-,0,,0,,,-,,-,,-,0,,0,,,-,,-,"NEVADA
(39.491833, -117.070159)",
WISCONSIN,2017,2,,N,0,,0,,,N,,N,,-,0,,0,,,-,,-,,-,0,,0,,,-,,-,"WISCONSIN
(44.395526, -89.834513)",
NEW MEXICO,2017,2,,-,0,,1,,,-,,-,,-,0,,0,,,-,,-,,-,0,,0,,,-,,-,"NEW MEXICO
(34.520396, -106.244402)",
ARKANSAS,2017,2,,-,0,,4,,,-,,-,,-,0,,0,,,-,,-,,-,0,,0,,,-,,-,"ARKANSAS
(34.748745, -92.275105)",
PUERTO RICO,2017,2,,-,0,,0,,,-,,-,,-,0,,0,,,-,,-,,-,0,,0,,,-,,-,"PUERTO RICO
(18.215692, -66.414655)",
ALABAMA,2017,2,,-,1,,7,,1,,3,,,-,0,,0,,,-,,-,,-,0,,0,,,-,,-,"ALABAMA
(32.839182, -86.631125)",
OREGON,2017,2,,-,0,,2,,,-,,-,,-,0,,0,,,-,,-,,-,0,,0,,,-,,-,"OREGON
(44.567912, -120.156945)",
FLORIDA,2017,2,3,,0,,21,,4,,33,,,-,0,,2,,,-,,-,,-,0,,0,,,-,,-,"FLORIDA
(28.915325, -81.922409)",
NEBRASKA,2017,2,,-,0,,2,,,-,,-,,-,0,,0,,,-,,-,,-,0,,0,,,-,,-,"NEBRASKA
(41.640503, -99.367122)",
LOUISIANA,2017,2,,-,0,,0,,,-,,-,,-,0,,0,,,-,,-,,-,0,,0,,,-,,-,"LOUISIANA
(31.2931, -92.463284)",
VERMONT,2017,2,,-,1,,3,,,-,,-,,-,0,,0,,,-,,-,,-,0,,0,,,-,,-,"VERMONT
(43.622479, -72.51927)",
SOUTH DAKOTA,2017,2,,-,0,,3,,,-,,-,,-,0,,0,,,-,,-,,-,0,,0,,,-,,-,"SOUTH DAKOTA
(44.35371, -100.373709)",
MICHIGAN,2017,2,,-,0,,3,,,-,,-,,-,0,,0,,,-,,-,,-,0,,0,,,-,,-,"MICHIGAN
(44.66399, -84.711206)",
PENNSYLVANIA,2017,2,,-,0,,0,,,-,,-,,-,0,,0,,,-,,-,,-,0,,0,,,-,,-,"PENNSYLVANIA
(40.789676, -77.858055)",
NEW YORK,2017,2,4,,8,,33,,11,,12,,,-,0,,0,,,-,,-,,-,0,,0,,,-,,-,"NEW YORK
(42.826892, -75.544286)",
CALIFORNIA,2017,2,,-,0,,8,,,-,,-,,-,0,,0,,,-,,-,,-,0,,0,,,-,,-,"CALIFORNIA
(37.640735, -121.002435)",
NEW HAMPSHIRE,2017,2,,-,0,,2,,,-,,-,,-,0,,0,,,-,,-,,-,0,,0,,,-,,-,"NEW HAMPSHIRE
(43.657736, -71.500736)",
MISSISSIPPI,2017,2,,-,0,,1,,,-,,-,,-,0,,0,,,-,,-,,-,0,,0,,,-,,-,"MISSISSIPPI
(32.738663, -89.537312)",
MAINE,2017,2,1,,1,,6,,1,,3,,,-,0,,0,,,-,,-,,-,0,,0,,,-,,-,"MAINE
(45.252223, -68.986647)",
NORTH CAROLINA,2017,2,4,,5,,10,,5,,5,,,-,0,,0,,,-,,-,,-,0,,0,,,-,,-,"NORTH CAROLINA
(35.47995, -79.180571)",
MISSOURI,2017,2,,-,0,,4,,,-,,-,,-,0,,0,,,-,,-,,-,0,,0,,,-,,-,"MISSOURI
(38.636168, -92.566292)",
VIRGIN ISL.,2017,2,,-,0,,0,,,-,,-,,-,0,,0,,,-,,-,,-,0,,0,,,-,,-,"VIRGIN ISLANDS
(18.060868, -64.840836)",
TENNESSEE,2017,2,,-,0,,0,,,-,,-,,-,0,,0,,,-,,-,,-,0,,0,,,-,,-,"TENNESSEE
(35.681402, -85.774444)",
NEW JERSEY,2017,2,,-,0,,0,,,-,,-,,-,0,,0,,,-,,-,,-,0,,0,,,-,,-,"NEW JERSEY
(40.104655, -74.386686)",
C.N.M.I.,2017,2,,-,,-,,-,,-,,-,,-,,-,,-,,-,,-,,-,,-,,-,,-,,-,"NORTHERN MARIANA ISLANDS
(15.1834, 145.725693)",
ILLINOIS,2017,2,,-,0,,7,,,-,,-,,-,0,,0,,,-,,-,,-,0,,0,,,-,,-,"ILLINOIS
(40.477092, -88.993221)",
WYOMING,2017,2,,-,0,,0,,,-,,-,,-,0,,0,,,-,,-,,-,0,,0,,,-,,-,"WYOMING
(43.23558, -108.110518)",
RHODE ISLAND,2017,2,,-,0,,4,,,-,1,,,-,0,,0,,,-,,-,,-,0,,0,,,-,,-,"RHODE ISLAND
(41.707447, -71.522488)",
HAWAII,2017,2,,-,0,,0,,,-,,-,,-,0,,0,,,-,,-,,-,0,,0,,,-,,-,"HAWAII
(21.30992, -157.858158)",
IDAHO,2017,2,,-,0,,5,,,-,,-,,-,0,,0,,,-,,-,,-,0,,0,,,-,,-,"IDAHO
(43.680635, -114.364237)",
ALASKA,2017,2,,-,0,,3,,1,,,-,,-,0,,0,,,-,,-,,-,0,,0,,,-,,-,"ALASKA
(64.836661, -147.738891)",
GUAM,2017,2,,-,0,,0,,,-,,-,,-,0,,0,,,-,,-,,-,0,,0,,,-,,-,"GUAM
(13.3532, 144.653198)",
CONNECTICUT,2017,2,,-,1,,6,,,-,2,,,-,0,,0,,,-,,-,,-,0,,0,,,-,,-,"CONNECTICUT
(41.544654, -72.651713)",
WEST VIRGINIA,2017,2,,-,0,,3,,,-,2,,,-,0,,0,,,-,,-,,-,0,,0,,,-,,-,"WEST VIRGINIA
(38.668501, -80.709421)",
UNITED STATES,2017,3,12,,52,,113,,38,,115,,,-,0,,2,,,-,,-,,-,0,,1,,,-,,-,,
NEW ENGLAND,2017,3,1,,4,,13,,2,,7,,,-,0,,0,,,-,,-,,-,0,,0,,,-,,-,,
MID. ATLANTIC,2017,3,8,,8,,33,,19,,16,,,-,0,,0,,,-,,-,,-,0,,0,,,-,,-,,
NEW YORK CITY,2017,3,,-,0,,0,,,-,,-,,-,0,,0,,,-,,-,,-,0,,0,,,-,,-,,
E.N. CENTRAL,2017,3,,-,2,,11,,1,,,-,,-,0,,0,,,-,,-,,-,0,,1,,,-,,-,,
W.N. CENTRAL,2017,3,,-,2,,8,,,-,1,,,-,0,,0,,,-,,-,,-,0,,0,,,-,,-,,
S. ATLANTIC,2017,3,2,,12,,24,,11,,68,,,-,0,,2,,,-,,-,,-,0,,1,,,-,,-,,
E.S. CENTRAL,2017,3,1,,2,,7,,2,,4,,,-,0,,0,,,-,,-,,-,0,,0,,,-,,-,,
W.S. CENTRAL,2017,3,,-,13,,41,,2,,16,,,-,0,,0,,,-,,-,,-,0,,0,,,-,,-,,
MOUNTAIN,2017,3,,-,0,,6,,,-,,-,,-,0,,0,,,-,,-,,-,0,,0,,,-,,-,,
PACIFIC,2017,3,,-,1,,11,,1,,3,,,-,0,,0,,,-,,-,,-,0,,0,,,-,,-,,
AMER. SAMOA,2017,3,,U,0,,0,,,U,,U,,-,0,,0,,,-,,-,,-,0,,0,,,-,,-,,
WASHINGTON,2017,3,,-,0,,0,,,-,,-,,-,0,,0,,,-,,-,,-,0,,0,,,-,,-,"WASHINGTON
(47.517368, -120.467672)",
IDAHO,2017,3,,-,0,,5,,,-,,-,,-,0,,0,,,-,,-,,-,0,,0,,,-,,-,"IDAHO
(43.680635, -114.364237)",
TENNESSEE,2017,3,,-,0,,0,,,-,,-,,-,0,,0,,,-,,-,,-,0,,0,,,-,,-,"TENNESSEE
(35.681402, -85.774444)",
NORTH DAKOTA,2017,3,,-,0,,0,,,-,,-,,-,0,,0,,,-,,-,,-,0,,0,,,-,,-,"NORTH DAKOTA
(47.475879, -100.121011)",
PUERTO RICO,2017,3,,-,0,,0,,,-,,-,,-,0,,0,,,-,,-,,-,0,,0,,,-,,-,"PUERTO RICO
(18.215692, -66.414655)",
GUAM,2017,3,,-,0,,0,,,-,,-,,-,0,,0,,,-,,-,,-,0,,0,,,-,,-,"GUAM
(13.3532, 144.653198)",
CALIFORNIA,2017,3,,-,0,,8,,,-,3,,,-,0,,0,,,-,,-,,-,0,,0,,,-,,-,"CALIFORNIA
(37.640735, -121.002435)",
CONNECTICUT,2017,3,1,,1,,6,,1,,2,,,-,0,,0,,,-,,-,,-,0,,0,,,-,,-,"CONNECTICUT
(41.544654, -72.651713)",
ALABAMA,2017,3,1,,1,,7,,2,,4,,,-,0,,0,,,-,,-,,-,0,,0,,,-,,-,"ALABAMA
(32.839182, -86.631125)",
ARIZONA,2017,3,,N,0,,0,,,N,,N,,-,0,,0,,,-,,-,,-,0,,0,,,-,,-,"ARIZONA
(34.869712, -111.760902)",
LOUISIANA,2017,3,,-,0,,0,,,-,,-,,-,0,,0,,,-,,-,,-,0,,0,,,-,,-,"LOUISIANA
(31.2931, -92.463284)",
DELAWARE,2017,3,,-,0,,0,,,-,,-,,-,0,,0,,,-,,-,,-,0,,0,,,-,,-,"DELAWARE
(39.008676, -75.574561)",
KANSAS,2017,3,,-,0,,8,,,-,1,,,-,0,,0,,,-,,-,,-,0,,0,,,-,,-,"KANSAS
(38.345528, -98.201847)",
WISCONSIN,2017,3,,N,0,,0,,,N,,N,,-,0,,0,,,-,,-,,-,0,,0,,,-,,-,"WISCONSIN
(44.395526, -89.834513)",
UTAH,2017,3,,-,0,,3,,,-,,-,,-,0,,0,,,-,,-,,-,0,,0,,,-,,-,"UTAH
(39.359772, -111.584173)",
COLORADO,2017,3,,-,0,,0,,,-,,-,,-,0,,0,,,-,,-,,-,0,,0,,,-,,-,"COLORADO
(38.841772, -106.132562)",
ARKANSAS,2017,3,,-,0,,4,,,-,,-,,-,0,,0,,,-,,-,,-,0,,0,,,-,,-,"ARKANSAS
(34.748745, -92.275105)",
WEST VIRGINIA,2017,3,,-,0,,3,,,-,2,,,-,0,,0,,,-,,-,,-,0,,0,,,-,,-,"WEST VIRGINIA
(38.668501, -80.709421)",
NORTH CAROLINA,2017,3,1,,5,,10,,6,,7,,,-,0,,0,,,-,,-,,-,0,,0,,,-,,-,"NORTH CAROLINA
(35.47995, -79.180571)",
C.N.M.I.,2017,3,,-,,-,,-,,-,,-,,-,,-,,-,,-,,-,,-,,-,,-,,-,,-,"NORTHERN MARIANA ISLANDS
(15.1834, 145.725693)",
NEBRASKA,2017,3,,-,0,,2,,,-,,-,,-,0,,0,,,-,,-,,-,0,,0,,,-,,-,"NEBRASKA
(41.640503, -99.367122)",
FLORIDA,2017,3,1,,0,,21,,5,,47,,,-,0,,2,,,-,,-,,-,0,,0,,,-,,-,"FLORIDA
(28.915325, -81.922409)",
NEW HAMPSHIRE,2017,3,,-,0,,2,,,-,1,,,-,0,,0,,,-,,-,,-,0,,0,,,-,,-,"NEW HAMPSHIRE
(43.657736, -71.500736)",
MISSOURI,2017,3,,-,0,,4,,,-,,-,,-,0,,0,,,-,,-,,-,0,,0,,,-,,-,"MISSOURI
(38.636168, -92.566292)",
SOUTH CAROLINA,2017,3,,N,0,,0,,,N,,N,,-,0,,0,,,-,,-,,-,0,,0,,,-,,-,"SOUTH CAROLINA
(34.009286, -81.037094)",
OKLAHOMA,2017,3,,-,0,,23,,,-,,-,,-,0,,0,,,-,,-,,-,0,,0,,,-,,-,"OKLAHOMA
(35.468494, -97.521264)",
VERMONT,2017,3,,-,1,,3,,,-,,-,,-,0,,0,,,-,,-,,-,0,,0,,,-,,-,"VERMONT
(43.622479, -72.51927)",
INDIANA,2017,3,,-,0,,0,,,-,,-,,-,0,,0,,,-,,-,,-,0,,0,,,-,,-,"INDIANA
(39.76845, -86.156212)",
TEXAS,2017,3,,-,12,,41,,2,,16,,,-,0,,0,,,-,,-,,-,0,,0,,,-,,-,"TEXAS
(31.827233, -99.423022)",
MASSACHUSETTS,2017,3,,-,0,,0,,,-,,-,,-,0,,0,,,-,,-,,-,0,,0,,,-,,-,"MASSACHUSETTS
(42.268546, -72.085064)",
MISSISSIPPI,2017,3,,-,0,,1,,,-,,-,,-,0,,0,,,-,,-,,-,0,,0,,,-,,-,"MISSISSIPPI
(32.738663, -89.537312)",
MICHIGAN,2017,3,,-,0,,3,,,-,,-,,-,0,,0,,,-,,-,,-,0,,0,,,-,,-,"MICHIGAN
(44.66399, -84.711206)",
PENNSYLVANIA,2017,3,,-,0,,0,,,-,,-,,-,0,,0,,,-,,-,,-,0,,0,,,-,,-,"PENNSYLVANIA
(40.789676, -77.858055)",
NEVADA,2017,3,,-,0,,2,,,-,,-,,-,0,,0,,,-,,-,,-,0,,0,,,-,,-,"NEVADA
(39.491833, -117.070159)",
OREGON,2017,3,,-,0,,2,,,-,,-,,-,0,,0,,,-,,-,,-,0,,0,,,-,,-,"OREGON
(44.567912, -120.156945)",
OHIO,2017,3,,-,0,,8,,1,,,-,,-,0,,0,,,-,,-,,-,0,,0,,,-,,-,"OHIO
(40.056807, -82.405897)",
GEORGIA,2017,3,,-,0,,0,,,-,,-,,-,0,,0,,,-,,-,,-,0,,0,,,-,,-,"GEORGIA
(32.836038, -83.631709)",
HAWAII,2017,3,,-,0,,0,,,-,,-,,-,0,,0,,,-,,-,,-,0,,0,,,-,,-,"HAWAII
(21.30992, -157.858158)",
KENTUCKY,2017,3,,-,0,,5,,,-,,-,,-,0,,0,,,-,,-,,-,0,,0,,,-,,-,"KENTUCKY
(37.64591, -84.774043)",
VIRGINIA,2017,3,,-,0,,0,,,-,,-,,-,0,,0,,,-,,-,,-,0,,0,,,-,,-,"VIRGINIA
(37.542699, -78.45822)",
WYOMING,2017,3,,-,0,,0,,,-,,-,,-,0,,0,,,-,,-,,-,0,,0,,,-,,-,"WYOMING
(43.23558, -108.110518)",
VIRGIN ISL.,2017,3,,-,0,,0,,,-,,-,,-,0,,0,,,-,,-,,-,0,,0,,,-,,-,"VIRGIN ISLANDS
(18.060868, -64.840836)",
MONTANA,2017,3,,-,0,,0,,,-,,-,,-,0,,0,,,-,,-,,-,0,,0,,,-,,-,"MONTANA
(47.062617, -109.430168)",
RHODE ISLAND,2017,3,,-,0,,4,,,-,1,,,-,0,,0,,,-,,-,,-,0,,0,,,-,,-,"RHODE ISLAND
(41.707447, -71.522488)",
ALASKA,2017,3,,-,0,,3,,1,,,-,,-,0,,0,,,-,,-,,-,0,,0,,,-,,-,"ALASKA
(64.836661, -147.738891)",
MAINE,2017,3,,-,1,,6,,1,,3,,,-,0,,0,,,-,,-,,-,0,,0,,,-,,-,"MAINE
(45.252223, -68.986647)",
NEW JERSEY,2017,3,,-,0,,0,,,-,,-,,-,0,,0,,,-,,-,,-,0,,0,,,-,,-,"NEW JERSEY
(40.104655, -74.386686)",
MINNESOTA,2017,3,,-,0,,0,,,-,,-,,-,0,,0,,,-,,-,,-,0,,0,,,-,,-,"MINNESOTA
(46.357661, -94.793397)",
DIST. OF COL.,2017,3,,-,0,,0,,,-,,-,,-,0,,0,,,-,,-,,-,0,,0,,,-,,-,"DISTRICT OF COLUMBIA
(38.892062, -77.019912)",
IOWA,2017,3,,-,0,,0,,,-,,-,,-,0,,0,,,-,,-,,-,0,,0,,,-,,-,"IOWA
(42.46942, -93.815856)",
MARYLAND,2017,3,,-,5,,21,,,-,12,,,-,0,,1,,,-,,-,,-,0,,1,,,-,,-,"MARYLAND
(39.290443, -76.612333)",
NEW MEXICO,2017,3,,-,0,,1,,,-,,-,,-,0,,0,,,-,,-,,-,0,,0,,,-,,-,"NEW MEXICO
(34.520396, -106.244402)",
ILLINOIS,2017,3,,-,0,,7,,,-,,-,,-,0,,0,,,-,,-,,-,0,,1,,,-,,-,"ILLINOIS
(40.477092, -88.993221)",
SOUTH DAKOTA,2017,3,,-,0,,3,,,-,,-,,-,0,,0,,,-,,-,,-,0,,0,,,-,,-,"SOUTH DAKOTA
(44.35371, -100.373709)",
NEW YORK,2017,3,8,,8,,33,,19,,16,,,-,0,,0,,,-,,-,,-,0,,0,,,-,,-,"NEW YORK
(42.826892, -75.544286)",
UNITED STATES,2017,4,16,,52,,113,,62,,164,,,-,0,,2,,,-,2,,,-,0,,1,,,-,,-,,
NEW ENGLAND,2017,4,1,,4,,13,,3,,12,,,-,0,,0,,,-,,-,,-,0,,0,,,-,,-,,
MID. ATLANTIC,2017,4,1,,8,,33,,20,,24,,,-,0,,0,,,-,,-,,-,0,,0,,,-,,-,,
NEW YORK CITY,2017,4,,-,0,,0,,,-,,-,,-,0,,0,,,-,,-,,-,0,,0,,,-,,-,,
E.N. CENTRAL,2017,4,,-,2,,11,,1,,,-,,-,0,,0,,,-,,-,,-,0,,1,,,-,,-,,
W.N. CENTRAL,2017,4,,-,2,,8,,,-,5,,,-,0,,0,,,-,,-,,-,0,,0,,,-,,-,,
S. ATLANTIC,2017,4,12,,12,,24,,30,,92,,,-,0,,2,,,-,2,,,-,0,,1,,,-,,-,,
E.S. CENTRAL,2017,4,,-,2,,7,,2,,6,,,-,0,,0,,,-,,-,,-,0,,0,,,-,,-,,
W.S. CENTRAL,2017,4,1,,13,,41,,4,,21,,,-,0,,0,,,-,,-,,-,0,,0,,,-,,-,,
MOUNTAIN,2017,4,,-,0,,6,,,-,,-,,-,0,,0,,,-,,-,,-,0,,0,,,-,,-,,
PACIFIC,2017,4,1,,1,,11,,2,,4,,,-,0,,0,,,-,,-,,-,0,,0,,,-,,-,,
AMER. SAMOA,2017,4,,U,0,,0,,,U,,U,,-,0,,0,,,-,,-,,-,0,,0,,,-,,-,,
GEORGIA,2017,4,,-,0,,0,,,-,,-,,-,0,,0,,,-,,-,,-,0,,0,,,-,,-,"GEORGIA
(32.836038, -83.631709)",
TEXAS,2017,4,,-,12,,41,,2,,20,,,-,0,,0,,,-,,-,,-,0,,0,,,-,,-,"TEXAS
(31.827233, -99.423022)",
ARKANSAS,2017,4,,-,0,,4,,,-,,-,,-,0,,0,,,-,,-,,-,0,,0,,,-,,-,"ARKANSAS
(34.748745, -92.275105)",
CALIFORNIA,2017,4,,-,0,,8,,,-,3,,,-,0,,0,,,-,,-,,-,0,,0,,,-,,-,"CALIFORNIA
(37.640735, -121.002435)",
VIRGIN ISL.,2017,4,,-,0,,0,,,-,,-,,-,0,,0,,,-,,-,,-,0,,0,,,-,,-,"VIRGIN ISLANDS
(18.060868, -64.840836)",
NORTH DAKOTA,2017,4,,-,0,,0,,,-,,-,,-,0,,0,,,-,,-,,-,0,,0,,,-,,-,"NORTH DAKOTA
(47.475879, -100.121011)",
UTAH,2017,4,,-,0,,3,,,-,,-,,-,0,,0,,,-,,-,,-,0,,0,,,-,,-,"UTAH
(39.359772, -111.584173)",
DIST. OF COL.,2017,4,,-,0,,0,,,-,,-,,-,0,,0,,,-,,-,,-,0,,0,,,-,,-,"DISTRICT OF COLUMBIA
(38.892062, -77.019912)",
ALASKA,2017,4,1,,0,,3,,2,,1,,,-,0,,0,,,-,,-,,-,0,,0,,,-,,-,"ALASKA
(64.836661, -147.738891)",
RHODE ISLAND,2017,4,,-,0,,4,,,-,1,,,-,0,,0,,,-,,-,,-,0,,0,,,-,,-,"RHODE ISLAND
(41.707447, -71.522488)",
NEW MEXICO,2017,4,,-,0,,1,,,-,,-,,-,0,,0,,,-,,-,,-,0,,0,,,-,,-,"NEW MEXICO
(34.520396, -106.244402)",
SOUTH CAROLINA,2017,4,,N,0,,0,,,N,,N,,-,0,,0,,,-,,-,,-,0,,0,,,-,,-,"SOUTH CAROLINA
(34.009286, -81.037094)",
C.N.M.I.,2017,4,,-,,-,,-,,-,,-,,-,,-,,-,,-,,-,,-,,-,,-,,-,,-,"NORTHERN MARIANA ISLANDS
(15.1834, 145.725693)",
MONTANA,2017,4,,-,0,,0,,,-,,-,,-,0,,0,,,-,,-,,-,0,,0,,,-,,-,"MONTANA
(47.062617, -109.430168)",
KANSAS,2017,4,,-,0,,8,,,-,4,,,-,0,,0,,,-,,-,,-,0,,0,,,-,,-,"KANSAS
(38.345528, -98.201847)",
LOUISIANA,2017,4,,-,0,,0,,,-,,-,,-,0,,0,,,-,,-,,-,0,,0,,,-,,-,"LOUISIANA
(31.2931, -92.463284)",
FLORIDA,2017,4,9,,0,,21,,14,,68,,,-,0,,2,,,-,1,,,-,0,,0,,,-,,-,"FLORIDA
(28.915325, -81.922409)",
WEST VIRGINIA,2017,4,1,,0,,3,,1,,2,,,-,0,,0,,,-,,-,,-,0,,0,,,-,,-,"WEST VIRGINIA
(38.668501, -80.709421)",
WYOMING,2017,4,,-,0,,0,,,-,,-,,-,0,,0,,,-,,-,,-,0,,0,,,-,,-,"WYOMING
(43.23558, -108.110518)",
PUERTO RICO,2017,4,,-,0,,0,,,-,,-,,-,0,,0,,,-,,-,,-,0,,0,,,-,,-,"PUERTO RICO
(18.215692, -66.414655)",
NEBRASKA,2017,4,,-,0,,2,,,-,1,,,-,0,,0,,,-,,-,,-,0,,0,,,-,,-,"NEBRASKA
(41.640503, -99.367122)",
ILLINOIS,2017,4,,-,0,,7,,,-,,-,,-,0,,0,,,-,,-,,-,0,,1,,,-,,-,"ILLINOIS
(40.477092, -88.993221)",
NEW JERSEY,2017,4,,-,0,,0,,,-,,-,,-,0,,0,,,-,,-,,-,0,,0,,,-,,-,"NEW JERSEY
(40.104655, -74.386686)",
OREGON,2017,4,,-,0,,2,,,-,,-,,-,0,,0,,,-,,-,,-,0,,0,,,-,,-,"OREGON
(44.567912, -120.156945)",
MAINE,2017,4,1,,1,,6,,2,,3,,,-,0,,0,,,-,,-,,-,0,,0,,,-,,-,"MAINE
(45.252223, -68.986647)",
NEW HAMPSHIRE,2017,4,,-,0,,2,,,-,1,,,-,0,,0,,,-,,-,,-,0,,0,,,-,,-,"NEW HAMPSHIRE
(43.657736, -71.500736)",
VERMONT,2017,4,,-,1,,3,,,-,1,,,-,0,,0,,,-,,-,,-,0,,0,,,-,,-,"VERMONT
(43.622479, -72.51927)",
HAWAII,2017,4,,-,0,,0,,,-,,-,,-,0,,0,,,-,,-,,-,0,,0,,,-,,-,"HAWAII
(21.30992, -157.858158)",
MISSISSIPPI,2017,4,,-,0,,1,,,-,,-,,-,0,,0,,,-,,-,,-,0,,0,,,-,,-,"MISSISSIPPI
(32.738663, -89.537312)",
TENNESSEE,2017,4,,-,0,,0,,,-,,-,,-,0,,0,,,-,,-,,-,0,,0,,,-,,-,"TENNESSEE
(35.681402, -85.774444)",
OHIO,2017,4,,-,0,,8,,1,,,-,,-,0,,0,,,-,,-,,-,0,,0,,,-,,-,"OHIO
(40.056807, -82.405897)",
MISSOURI,2017,4,,-,0,,4,,,-,,-,,-,0,,0,,,-,,-,,-,0,,0,,,-,,-,"MISSOURI
(38.636168, -92.566292)",
MICHIGAN,2017,4,,-,0,,3,,,-,,-,,-,0,,0,,,-,,-,,-,0,,0,,,-,,-,"MICHIGAN
(44.66399, -84.711206)",
MASSACHUSETTS,2017,4,,-,0,,0,,,-,,-,,-,0,,0,,,-,,-,,-,0,,0,,,-,,-,"MASSACHUSETTS
(42.268546, -72.085064)",
ARIZONA,2017,4,,N,0,,0,,,N,,N,,-,0,,0,,,-,,-,,-,0,,0,,,-,,-,"ARIZONA
(34.869712, -111.760902)",
IOWA,2017,4,,-,0,,0,,,-,,-,,-,0,,0,,,-,,-,,-,0,,0,,,-,,-,"IOWA
(42.46942, -93.815856)",
INDIANA,2017,4,,-,0,,0,,,-,,-,,-,0,,0,,,-,,-,,-,0,,0,,,-,,-,"INDIANA
(39.76845, -86.156212)",
MARYLAND,2017,4,1,,5,,21,,8,,14,,,-,0,,1,,,-,1,,,-,0,,1,,,-,,-,"MARYLAND
(39.290443, -76.612333)",
OKLAHOMA,2017,4,1,,0,,23,,2,,1,,,-,0,,0,,,-,,-,,-,0,,0,,,-,,-,"OKLAHOMA
(35.468494, -97.521264)",
SOUTH DAKOTA,2017,4,,-,0,,3,,,-,,-,,-,0,,0,,,-,,-,,-,0,,0,,,-,,-,"SOUTH DAKOTA
(44.35371, -100.373709)",
NEW YORK,2017,4,1,,8,,33,,20,,24,,,-,0,,0,,,-,,-,,-,0,,0,,,-,,-,"NEW YORK
(42.826892, -75.544286)",
KENTUCKY,2017,4,,-,0,,5,,,-,,-,,-,0,,0,,,-,,-,,-,0,,0,,,-,,-,"KENTUCKY
(37.64591, -84.774043)",
WISCONSIN,2017,4,,N,0,,0,,,N,,N,,-,0,,0,,,-,,-,,-,0,,0,,,-,,-,"WISCONSIN
(44.395526, -89.834513)",
VIRGINIA,2017,4,,-,0,,0,,,-,,-,,-,0,,0,,,-,,-,,-,0,,0,,,-,,-,"VIRGINIA
(37.542699, -78.45822)",
CONNECTICUT,2017,4,,-,1,,6,,1,,6,,,-,0,,0,,,-,,-,,-,0,,0,,,-,,-,"CONNECTICUT
(41.544654, -72.651713)",
NEVADA,2017,4,,-,0,,2,,,-,,-,,-,0,,0,,,-,,-,,-,0,,0,,,-,,-,"NEVADA
(39.491833, -117.070159)",
COLORADO,2017,4,,-,0,,0,,,-,,-,,-,0,,0,,,-,,-,,-,0,,0,,,-,,-,"COLORADO
(38.841772, -106.132562)",
MINNESOTA,2017,4,,-,0,,0,,,-,,-,,-,0,,0,,,-,,-,,-,0,,0,,,-,,-,"MINNESOTA
(46.357661, -94.793397)",
GUAM,2017,4,,-,0,,0,,,-,,-,,-,0,,0,,,-,,-,,-,0,,0,,,-,,-,"GUAM
(13.3532, 144.653198)",
NORTH CAROLINA,2017,4,1,,5,,10,,7,,8,,,-,0,,0,,,-,,-,,-,0,,0,,,-,,-,"NORTH CAROLINA
(35.47995, -79.180571)",
DELAWARE,2017,4,,-,0,,0,,,-,,-,,-,0,,0,,,-,,-,,-,0,,0,,,-,,-,"DELAWARE
(39.008676, -75.574561)",
ALABAMA,2017,4,,-,1,,7,,2,,6,,,-,0,,0,,,-,,-,,-,0,,0,,,-,,-,"ALABAMA
(32.839182, -86.631125)",
PENNSYLVANIA,2017,4,,-,0,,0,,,-,,-,,-,0,,0,,,-,,-,,-,0,,0,,,-,,-,"PENNSYLVANIA
(40.789676, -77.858055)",
WASHINGTON,2017,4,,-,0,,0,,,-,,-,,-,0,,0,,,-,,-,,-,0,,0,,,-,,-,"WASHINGTON
(47.517368, -120.467672)",
IDAHO,2017,4,,-,0,,5,,,-,,-,,-,0,,0,,,-,,-,,-,0,,0,,,-,,-,"IDAHO
(43.680635, -114.364237)",
UNITED STATES,2017,5,16,,52,,113,,90,,215,,,-,0,,2,,,-,2,,,-,0,,1,,,-,,-,,
NEW ENGLAND,2017,5,,-,4,,13,,3,,20,,,-,0,,0,,,-,,-,,-,0,,0,,,-,,-,,
MID. ATLANTIC,2017,5,7,,8,,33,,27,,32,,,-,0,,0,,,-,,-,,-,0,,0,,,-,,-,,
NEW YORK CITY,2017,5,,-,0,,0,,,-,,-,,-,0,,0,,,-,,-,,-,0,,0,,,-,,-,,
E.N. CENTRAL,2017,5,,-,2,,11,,1,,1,,,-,0,,0,,,-,,-,,-,0,,1,,,-,,-,,
W.N. CENTRAL,2017,5,2,,2,,8,,3,,8,,,-,0,,0,,,-,,-,,-,0,,0,,,-,,-,,
S. ATLANTIC,2017,5,3,,12,,24,,33,,111,,,-,0,,2,,,-,2,,,-,0,,1,,,-,,-,,
E.S. CENTRAL,2017,5,2,,1,,7,,4,,10,,,-,0,,0,,,-,,-,,-,0,,0,,,-,,-,,
W.S. CENTRAL,2017,5,2,,13,,41,,17,,26,,,-,0,,0,,,-,,-,,-,0,,0,,,-,,-,,
MOUNTAIN,2017,5,,-,1,,8,,,-,1,,,-,0,,0,,,-,,-,,-,0,,0,,,-,,-,,
PACIFIC,2017,5,,-,1,,11,,2,,6,,,-,0,,0,,,-,,-,,-,0,,0,,,-,,-,,
AMER. SAMOA,2017,5,,U,0,,0,,,U,,U,,-,0,,0,,,-,,-,,-,0,,0,,,-,,-,,
INDIANA,2017,5,,-,0,,0,,,-,,-,,-,0,,0,,,-,,-,,-,0,,0,,,-,,-,"INDIANA
(39.76845, -86.156212)",
RHODE ISLAND,2017,5,,-,0,,4,,,-,1,,,-,0,,0,,,-,,-,,-,0,,0,,,-,,-,"RHODE ISLAND
(41.707447, -71.522488)",
WYOMING,2017,5,,-,0,,5,,,-,1,,,-,0,,0,,,-,,-,,-,0,,0,,,-,,-,"WYOMING
(43.23558, -108.110518)",
WEST VIRGINIA,2017,5,,-,0,,3,,1,,2,,,-,0,,0,,,-,,-,,-,0,,0,,,-,,-,"WEST VIRGINIA
(38.668501, -80.709421)",
OKLAHOMA,2017,5,,-,0,,23,,2,,2,,,-,0,,0,,,-,,-,,-,0,,0,,,-,,-,"OKLAHOMA
(35.468494, -97.521264)",
NEW YORK,2017,5,7,,8,,33,,27,,32,,,-,0,,0,,,-,,-,,-,0,,0,,,-,,-,"NEW YORK
(42.826892, -75.544286)",
SOUTH DAKOTA,2017,5,2,,0,,3,,2,,2,,,-,0,,0,,,-,,-,,-,0,,0,,,-,,-,"SOUTH DAKOTA
(44.35371, -100.373709)",
MISSOURI,2017,5,,-,0,,4,,,-,1,,,-,0,,0,,,-,,-,,-,0,,0,,,-,,-,"MISSOURI
(38.636168, -92.566292)",
MAINE,2017,5,,-,1,,6,,2,,5,,,-,0,,0,,,-,,-,,-,0,,0,,,-,,-,"MAINE
(45.252223, -68.986647)",
LOUISIANA,2017,5,,-,0,,0,,,-,,-,,-,0,,0,,,-,,-,,-,0,,0,,,-,,-,"LOUISIANA
(31.2931, -92.463284)",
WASHINGTON,2017,5,,-,0,,0,,,-,,-,,-,0,,0,,,-,,-,,-,0,,0,,,-,,-,"WASHINGTON
(47.517368, -120.467672)",
MARYLAND,2017,5,,-,5,,21,,8,,19,,,-,0,,0,,,-,1,,,-,0,,1,,,-,,-,"MARYLAND
(39.290443, -76.612333)",
ALABAMA,2017,5,2,,1,,7,,4,,10,,,-,0,,0,,,-,,-,,-,0,,0,,,-,,-,"ALABAMA
(32.839182, -86.631125)",
UTAH,2017,5,,-,0,,3,,,-,,-,,-,0,,0,,,-,,-,,-,0,,0,,,-,,-,"UTAH
(39.359772, -111.584173)",
MISSISSIPPI,2017,5,,-,0,,1,,,-,,-,,-,0,,0,,,-,,-,,-,0,,0,,,-,,-,"MISSISSIPPI
(32.738663, -89.537312)",
TENNESSEE,2017,5,,-,0,,0,,,-,,-,,-,0,,0,,,-,,-,,-,0,,0,,,-,,-,"TENNESSEE
(35.681402, -85.774444)",
WISCONSIN,2017,5,,N,0,,0,,,N,,N,,-,0,,0,,,-,,-,,-,0,,0,,,-,,-,"WISCONSIN
(44.395526, -89.834513)",
MASSACHUSETTS,2017,5,,-,0,,0,,,-,,-,,-,0,,0,,,-,,-,,-,0,,0,,,-,,-,"MASSACHUSETTS
(42.268546, -72.085064)",
IOWA,2017,5,,-,0,,0,,,-,,-,,-,0,,0,,,-,,-,,-,0,,0,,,-,,-,"IOWA
(42.46942, -93.815856)",
CALIFORNIA,2017,5,,-,0,,8,,,-,4,,,-,0,,0,,,-,,-,,-,0,,0,,,-,,-,"CALIFORNIA
(37.640735, -121.002435)",
KENTUCKY,2017,5,,-,0,,5,,,-,,-,,-,0,,0,,,-,,-,,-,0,,0,,,-,,-,"KENTUCKY
(37.64591, -84.774043)",
VIRGINIA,2017,5,,-,0,,0,,,-,,-,,-,0,,0,,,-,,-,,-,0,,0,,,-,,-,"VIRGINIA
(37.542699, -78.45822)",
ARIZONA,2017,5,,N,0,,0,,,N,,N,,-,0,,0,,,-,,-,,-,0,,0,,,-,,-,"ARIZONA
(34.869712, -111.760902)",
MINNESOTA,2017,5,,-,0,,0,,,-,,-,,-,0,,0,,,-,,-,,-,0,,0,,,-,,-,"MINNESOTA
(46.357661, -94.793397)",
FLORIDA,2017,5,1,,0,,11,,15,,79,,,-,0,,2,,,-,1,,,-,0,,0,,,-,,-,"FLORIDA
(28.915325, -81.922409)",
DELAWARE,2017,5,,-,0,,0,,,-,,-,,-,0,,0,,,-,,-,,-,0,,0,,,-,,-,"DELAWARE
(39.008676, -75.574561)",
GEORGIA,2017,5,,-,0,,0,,,-,,-,,-,0,,0,,,-,,-,,-,0,,0,,,-,,-,"GEORGIA
(32.836038, -83.631709)",
DIST. OF COL.,2017,5,,-,0,,0,,,-,,-,,-,0,,0,,,-,,-,,-,0,,0,,,-,,-,"DISTRICT OF COLUMBIA
(38.892062, -77.019912)",
ILLINOIS,2017,5,,-,0,,7,,,-,,-,,-,0,,0,,,-,,-,,-,0,,1,,,-,,-,"ILLINOIS
(40.477092, -88.993221)",
TEXAS,2017,5,2,,12,,41,,15,,24,,,-,0,,0,,,-,,-,,-,0,,0,,,-,,-,"TEXAS
(31.827233, -99.423022)",
MICHIGAN,2017,5,,-,0,,3,,,-,,-,,-,0,,0,,,-,,-,,-,0,,0,,,-,,-,"MICHIGAN
(44.66399, -84.711206)",
OREGON,2017,5,,-,0,,2,,,-,,-,,-,0,,0,,,-,,-,,-,0,,0,,,-,,-,"OREGON
(44.567912, -120.156945)",
ARKANSAS,2017,5,,-,0,,4,,,-,,-,,-,0,,0,,,-,,-,,-,0,,0,,,-,,-,"ARKANSAS
(34.748745, -92.275105)",
PUERTO RICO,2017,5,,-,0,,0,,,-,,-,,-,0,,0,,,-,,-,,-,0,,0,,,-,,-,"PUERTO RICO
(18.215692, -66.414655)",
CONNECTICUT,2017,5,,-,1,,6,,1,,11,,,-,0,,0,,,-,,-,,-,0,,0,,,-,,-,"CONNECTICUT
(41.544654, -72.651713)",
IDAHO,2017,5,,-,0,,5,,,-,,-,,-,0,,0,,,-,,-,,-,0,,0,,,-,,-,"IDAHO
(43.680635, -114.364237)",
NEW MEXICO,2017,5,,-,0,,1,,,-,,-,,-,0,,0,,,-,,-,,-,0,,0,,,-,,-,"NEW MEXICO
(34.520396, -106.244402)",
NEBRASKA,2017,5,,-,0,,2,,,-,1,,,-,0,,0,,,-,,-,,-,0,,0,,,-,,-,"NEBRASKA
(41.640503, -99.367122)",
COLORADO,2017,5,,-,0,,0,,,-,,-,,-,0,,0,,,-,,-,,-,0,,0,,,-,,-,"COLORADO
(38.841772, -106.132562)",
NEW HAMPSHIRE,2017,5,,-,0,,2,,,-,2,,,-,0,,0,,,-,,-,,-,0,,0,,,-,,-,"NEW HAMPSHIRE
(43.657736, -71.500736)",
NORTH DAKOTA,2017,5,,-,0,,0,,,-,,-,,-,0,,0,,,-,,-,,-,0,,0,,,-,,-,"NORTH DAKOTA
(47.475879, -100.121011)",
PENNSYLVANIA,2017,5,,-,0,,0,,,-,,-,,-,0,,0,,,-,,-,,-,0,,0,,,-,,-,"PENNSYLVANIA
(40.789676, -77.858055)",
KANSAS,2017,5,,-,0,,8,,1,,4,,,-,0,,0,,,-,,-,,-,0,,0,,,-,,-,"KANSAS
(38.345528, -98.201847)",
NEW JERSEY,2017,5,,-,0,,0,,,-,,-,,-,0,,0,,,-,,-,,-,0,,0,,,-,,-,"NEW JERSEY
(40.104655, -74.386686)",
GUAM,2017,5,,-,0,,0,,,-,,-,,-,0,,0,,,-,,-,,-,0,,0,,,-,,-,"GUAM
(13.3532, 144.653198)",
C.N.M.I.,2017,5,,-,,-,,-,,-,,-,,-,,-,,-,,-,,-,,-,,-,,-,,-,,-,"NORTHERN MARIANA ISLANDS
(15.1834, 145.725693)",
OHIO,2017,5,,-,0,,8,,1,,1,,,-,0,,0,,,-,,-,,-,0,,0,,,-,,-,"OHIO
(40.056807, -82.405897)",
VERMONT,2017,5,,-,1,,3,,,-,1,,,-,0,,0,,,-,,-,,-,0,,0,,,-,,-,"VERMONT
(43.622479, -72.51927)",
MONTANA,2017,5,,-,0,,0,,,-,,-,,-,0,,0,,,-,,-,,-,0,,0,,,-,,-,"MONTANA
(47.062617, -109.430168)",
ALASKA,2017,5,,-,0,,3,,2,,2,,,-,0,,0,,,-,,-,,-,0,,0,,,-,,-,"ALASKA
(64.836661, -147.738891)",
HAWAII,2017,5,,-,0,,0,,,-,,-,,-,0,,0,,,-,,-,,-,0,,0,,,-,,-,"HAWAII
(21.30992, -157.858158)",
NEVADA,2017,5,,-,0,,2,,,-,,-,,-,0,,0,,,-,,-,,-,0,,0,,,-,,-,"NEVADA
(39.491833, -117.070159)",
SOUTH CAROLINA,2017,5,,N,0,,0,,,N,,N,,-,0,,0,,,-,,-,,-,0,,0,,,-,,-,"SOUTH CAROLINA
(34.009286, -81.037094)",
VIRGIN ISL.,2017,5,,-,0,,0,,,-,,-,,-,0,,0,,,-,,-,,-,0,,0,,,-,,-,"VIRGIN ISLANDS
(18.060868, -64.840836)",
NORTH CAROLINA,2017,5,2,,5,,10,,9,,11,,,-,0,,0,,,-,,-,,-,0,,0,,,-,,-,"NORTH CAROLINA
(35.47995, -79.180571)",
UNITED STATES,2017,6,13,,52,,113,,103,,254,,,-,0,,2,,,-,2,,,-,0,,1,,1,,,-,,
NEW ENGLAND,2017,6,,-,4,,13,,3,,24,,,-,0,,0,,,-,,-,,-,0,,0,,,-,,-,,
MID. ATLANTIC,2017,6,3,,8,,33,,30,,42,,,-,0,,0,,,-,,-,,-,0,,0,,,-,,-,,
NEW YORK CITY,2017,6,,-,0,,0,,,-,,-,,-,0,,0,,,-,,-,,-,0,,0,,,-,,-,,
E.N. CENTRAL,2017,6,,-,2,,11,,1,,1,,,-,0,,0,,,-,,-,,-,0,,1,,,-,,-,,
W.N. CENTRAL,2017,6,,-,2,,8,,3,,11,,,-,0,,0,,,-,,-,,-,0,,0,,,-,,-,,
S. ATLANTIC,2017,6,4,,11,,24,,37,,119,,,-,0,,2,,,-,2,,,-,0,,1,,,-,,-,,
E.S. CENTRAL,2017,6,,-,1,,7,,4,,11,,,-,0,,0,,,-,,-,,-,0,,0,,,-,,-,,
W.S. CENTRAL,2017,6,6,,13,,41,,23,,36,,,-,0,,0,,,-,,-,,-,0,,1,,1,,,-,,
MOUNTAIN,2017,6,,-,1,,8,,,-,2,,,-,0,,0,,,-,,-,,-,0,,0,,,-,,-,,
PACIFIC,2017,6,,-,1,,11,,2,,8,,,-,0,,0,,,-,,-,,-,0,,0,,,-,,-,,
AMER. SAMOA,2017,6,,U,0,,0,,,U,,U,,-,0,,0,,,-,,-,,-,0,,0,,,-,,-,,
OKLAHOMA,2017,6,1,,0,,23,,3,,2,,,-,0,,0,,,-,,-,,-,0,,0,,,-,,-,"OKLAHOMA
(35.468494, -97.521264)",
ALABAMA,2017,6,,-,1,,7,,4,,11,,,-,0,,0,,,-,,-,,-,0,,0,,,-,,-,"ALABAMA
(32.839182, -86.631125)",
ALASKA,2017,6,,-,0,,3,,2,,3,,,-,0,,0,,,-,,-,,-,0,,0,,,-,,-,"ALASKA
(64.836661, -147.738891)",
MICHIGAN,2017,6,,-,0,,3,,,-,,-,,-,0,,0,,,-,,-,,-,0,,0,,,-,,-,"MICHIGAN
(44.66399, -84.711206)",
TENNESSEE,2017,6,,-,0,,0,,,-,,-,,-,0,,0,,,-,,-,,-,0,,0,,,-,,-,"TENNESSEE
(35.681402, -85.774444)",
WEST VIRGINIA,2017,6,,-,0,,3,,1,,2,,,-,0,,0,,,-,,-,,-,0,,0,,,-,,-,"WEST VIRGINIA
(38.668501, -80.709421)",
TEXAS,2017,6,2,,12,,41,,17,,34,,,-,0,,0,,,-,,-,,-,0,,1,,1,,,-,"TEXAS
(31.827233, -99.423022)",
VIRGINIA,2017,6,,-,0,,0,,,-,,-,,-,0,,0,,,-,,-,,-,0,,0,,,-,,-,"VIRGINIA
(37.542699, -78.45822)",
RHODE ISLAND,2017,6,,-,0,,4,,,-,1,,,-,0,,0,,,-,,-,,-,0,,0,,,-,,-,"RHODE ISLAND
(41.707447, -71.522488)",
IDAHO,2017,6,,-,0,,5,,,-,,-,,-,0,,0,,,-,,-,,-,0,,0,,,-,,-,"IDAHO
(43.680635, -114.364237)",
DELAWARE,2017,6,,-,0,,0,,,-,,-,,-,0,,0,,,-,,-,,-,0,,0,,,-,,-,"DELAWARE
(39.008676, -75.574561)",
WYOMING,2017,6,,-,0,,5,,,-,2,,,-,0,,0,,,-,,-,,-,0,,0,,,-,,-,"WYOMING
(43.23558, -108.110518)",
MISSOURI,2017,6,,-,0,,4,,,-,2,,,-,0,,0,,,-,,-,,-,0,,0,,,-,,-,"MISSOURI
(38.636168, -92.566292)",
CONNECTICUT,2017,6,,-,1,,6,,1,,14,,,-,0,,0,,,-,,-,,-,0,,0,,,-,,-,"CONNECTICUT
(41.544654, -72.651713)",
MONTANA,2017,6,,-,0,,0,,,-,,-,,-,0,,0,,,-,,-,,-,0,,0,,,-,,-,"MONTANA
(47.062617, -109.430168)",
NEVADA,2017,6,,-,0,,2,,,-,,-,,-,0,,0,,,-,,-,,-,0,,0,,,-,,-,"NEVADA
(39.491833, -117.070159)",
C.N.M.I.,2017,6,,-,,-,,-,,-,,-,,-,,-,,-,,-,,-,,-,,-,,-,,-,,-,"NORTHERN MARIANA ISLANDS
(15.1834, 145.725693)",
IOWA,2017,6,,-,0,,0,,,-,,-,,-,0,,0,,,-,,-,,-,0,,0,,,-,,-,"IOWA
(42.46942, -93.815856)",
NORTH DAKOTA,2017,6,,-,0,,0,,,-,,-,,-,0,,0,,,-,,-,,-,0,,0,,,-,,-,"NORTH DAKOTA
(47.475879, -100.121011)",
NEBRASKA,2017,6,,-,0,,2,,,-,1,,,-,0,,0,,,-,,-,,-,0,,0,,,-,,-,"NEBRASKA
(41.640503, -99.367122)",
OREGON,2017,6,,-,0,,2,,,-,,-,,-,0,,0,,,-,,-,,-,0,,0,,,-,,-,"OREGON
(44.567912, -120.156945)",
MISSISSIPPI,2017,6,,-,0,,1,,,-,,-,,-,0,,0,,,-,,-,,-,0,,0,,,-,,-,"MISSISSIPPI
(32.738663, -89.537312)",
PUERTO RICO,2017,6,,-,0,,0,,,-,,-,,-,0,,0,,,-,,-,,-,0,,0,,,-,,-,"PUERTO RICO
(18.215692, -66.414655)",
GUAM,2017,6,,-,0,,0,,,-,,-,,-,0,,0,,,-,,-,,-,0,,0,,,-,,-,"GUAM
(13.3532, 144.653198)",
NEW MEXICO,2017,6,,-,0,,1,,,-,,-,,-,0,,0,,,-,,-,,-,0,,0,,,-,,-,"NEW MEXICO
(34.520396, -106.244402)",
COLORADO,2017,6,,-,0,,0,,,-,,-,,-,0,,0,,,-,,-,,-,0,,0,,,-,,-,"COLORADO
(38.841772, -106.132562)",
ILLINOIS,2017,6,,-,0,,7,,,-,,-,,-,0,,0,,,-,,-,,-,0,,1,,,-,,-,"ILLINOIS
(40.477092, -88.993221)",
MINNESOTA,2017,6,,-,0,,0,,,-,,-,,-,0,,0,,,-,,-,,-,0,,0,,,-,,-,"MINNESOTA
(46.357661, -94.793397)",
WASHINGTON,2017,6,,-,0,,0,,,-,,-,,-,0,,0,,,-,,-,,-,0,,0,,,-,,-,"WASHINGTON
(47.517368, -120.467672)",
HAWAII,2017,6,,-,0,,0,,,-,,-,,-,0,,0,,,-,,-,,-,0,,0,,,-,,-,"HAWAII
(21.30992, -157.858158)",
VERMONT,2017,6,,-,1,,3,,,-,2,,,-,0,,0,,,-,,-,,-,0,,0,,,-,,-,"VERMONT
(43.622479, -72.51927)",
MARYLAND,2017,6,,-,5,,21,,8,,24,,,-,0,,0,,,-,1,,,-,0,,1,,,-,,-,"MARYLAND
(39.290443, -76.612333)",
KENTUCKY,2017,6,,-,0,,5,,,-,,-,,-,0,,0,,,-,,-,,-,0,,0,,,-,,-,"KENTUCKY
(37.64591, -84.774043)",
GEORGIA,2017,6,,-,0,,0,,,-,,-,,-,0,,0,,,-,,-,,-,0,,0,,,-,,-,"GEORGIA
(32.836038, -83.631709)",
SOUTH DAKOTA,2017,6,,-,0,,3,,2,,3,,,-,0,,0,,,-,,-,,-,0,,0,,,-,,-,"SOUTH DAKOTA
(44.35371, -100.373709)",
NEW YORK,2017,6,3,,8,,33,,30,,42,,,-,0,,0,,,-,,-,,-,0,,0,,,-,,-,"NEW YORK
(42.826892, -75.544286)",
MASSACHUSETTS,2017,6,,-,0,,0,,,-,,-,,-,0,,0,,,-,,-,,-,0,,0,,,-,,-,"MASSACHUSETTS
(42.268546, -72.085064)",
FLORIDA,2017,6,2,,0,,9,,17,,79,,,-,0,,2,,,-,1,,,-,0,,0,,,-,,-,"FLORIDA
(28.915325, -81.922409)",
CALIFORNIA,2017,6,,-,0,,8,,,-,5,,,-,0,,0,,,-,,-,,-,0,,0,,,-,,-,"CALIFORNIA
(37.640735, -121.002435)",
VIRGIN ISL.,2017,6,,-,0,,0,,,-,,-,,-,0,,0,,,-,,-,,-,0,,0,,,-,,-,"VIRGIN ISLANDS
(18.060868, -64.840836)",
DIST. OF COL.,2017,6,,-,0,,0,,,-,,-,,-,0,,0,,,-,,-,,-,0,,0,,,-,,-,"DISTRICT OF COLUMBIA
(38.892062, -77.019912)",
MAINE,2017,6,,-,1,,6,,2,,5,,,-,0,,0,,,-,,-,,-,0,,0,,,-,,-,"MAINE
(45.252223, -68.986647)",
NEW JERSEY,2017,6,,-,0,,0,,,-,,-,,-,0,,0,,,-,,-,,-,0,,0,,,-,,-,"NEW JERSEY
(40.104655, -74.386686)",
PENNSYLVANIA,2017,6,,-,0,,0,,,-,,-,,-,0,,0,,,-,,-,,-,0,,0,,,-,,-,"PENNSYLVANIA
(40.789676, -77.858055)",
INDIANA,2017,6,,-,0,,0,,,-,,-,,-,0,,0,,,-,,-,,-,0,,0,,,-,,-,"INDIANA
(39.76845, -86.156212)",
NORTH CAROLINA,2017,6,2,,5,,10,,11,,14,,,-,0,,0,,,-,,-,,-,0,,0,,,-,,-,"NORTH CAROLINA
(35.47995, -79.180571)",
LOUISIANA,2017,6,,-,0,,0,,,-,,-,,-,0,,0,,,-,,-,,-,0,,0,,,-,,-,"LOUISIANA
(31.2931, -92.463284)",
ARKANSAS,2017,6,3,,0,,4,,3,,,-,,-,0,,0,,,-,,-,,-,0,,0,,,-,,-,"ARKANSAS
(34.748745, -92.275105)",
KANSAS,2017,6,,-,0,,8,,1,,5,,,-,0,,0,,,-,,-,,-,0,,0,,,-,,-,"KANSAS
(38.345528, -98.201847)",
UTAH,2017,6,,-,0,,3,,,-,,-,,-,0,,0,,,-,,-,,-,0,,0,,,-,,-,"UTAH
(39.359772, -111.584173)",
OHIO,2017,6,,-,0,,8,,1,,1,,,-,0,,0,,,-,,-,,-,0,,0,,,-,,-,"OHIO
(40.056807, -82.405897)",
WISCONSIN,2017,6,,N,0,,0,,,N,,N,,-,0,,0,,,-,,-,,-,0,,0,,,-,,-,"WISCONSIN
(44.395526, -89.834513)",
ARIZONA,2017,6,,N,0,,0,,,N,,N,,-,0,,0,,,-,,-,,-,0,,0,,,-,,-,"ARIZONA
(34.869712, -111.760902)",
SOUTH CAROLINA,2017,6,,N,0,,0,,,N,,N,,-,0,,0,,,-,,-,,-,0,,0,,,-,,-,"SOUTH CAROLINA
(34.009286, -81.037094)",
NEW HAMPSHIRE,2017,6,,-,0,,2,,,-,2,,,-,0,,0,,,-,,-,,-,0,,0,,,-,,-,"NEW HAMPSHIRE
(43.657736, -71.500736)",
UNITED STATES,2017,7,16,,52,,113,,117,,276,,,-,0,,2,,,-,2,,,-,0,,1,,1,,,-,,
NEW ENGLAND,2017,7,,-,4,,13,,3,,29,,,-,0,,0,,,-,,-,,-,0,,0,,,-,,-,,
MID. ATLANTIC,2017,7,4,,8,,33,,34,,46,,,-,0,,0,,,-,,-,,-,0,,0,,,-,,-,,
NEW YORK CITY,2017,7,,-,0,,0,,,-,,-,,-,0,,0,,,-,,-,,-,0,,0,,,-,,-,,
E.N. CENTRAL,2017,7,,-,2,,11,,1,,1,,,-,0,,0,,,-,,-,,-,0,,1,,,-,,-,,
W.N. CENTRAL,2017,7,1,,2,,8,,4,,11,,,-,0,,0,,,-,,-,,-,0,,0,,,-,,-,,
S. ATLANTIC,2017,7,9,,11,,24,,44,,125,,,-,0,,2,,,-,2,,,-,0,,1,,,-,,-,,
E.S. CENTRAL,2017,7,1,,1,,7,,5,,12,,,-,0,,0,,,-,,-,,-,0,,0,,,-,,-,,
W.S. CENTRAL,2017,7,1,,13,,41,,24,,41,,,-,0,,0,,,-,,-,,-,0,,1,,1,,,-,,
MOUNTAIN,2017,7,,-,1,,8,,,-,3,,,-,0,,0,,,-,,-,,-,0,,0,,,-,,-,,
PACIFIC,2017,7,,-,0,,11,,2,,8,,,-,0,,0,,,-,,-,,-,0,,0,,,-,,-,,
AMER. SAMOA,2017,7,,U,0,,0,,,U,,U,,-,0,,0,,,-,,-,,-,0,,0,,,-,,-,,
KENTUCKY,2017,7,,-,0,,5,,,-,,-,,-,0,,0,,,-,,-,,-,0,,0,,,-,,-,"KENTUCKY
(37.64591, -84.774043)",
PENNSYLVANIA,2017,7,,-,0,,0,,,-,,-,,-,0,,0,,,-,,-,,-,0,,0,,,-,,-,"PENNSYLVANIA
(40.789676, -77.858055)",
OREGON,2017,7,,-,0,,2,,,-,,-,,-,0,,0,,,-,,-,,-,0,,0,,,-,,-,"OREGON
(44.567912, -120.156945)",
FLORIDA,2017,7,3,,0,,9,,18,,80,,,-,0,,2,,,-,1,,,-,0,,0,,,-,,-,"FLORIDA
(28.915325, -81.922409)",
C.N.M.I.,2017,7,,-,,-,,-,,-,,-,,-,,-,,-,,-,,-,,-,,-,,-,,-,,-,"NORTHERN MARIANA ISLANDS
(15.1834, 145.725693)",
MONTANA,2017,7,,-,0,,0,,,-,,-,,-,0,,0,,,-,,-,,-,0,,0,,,-,,-,"MONTANA
(47.062617, -109.430168)",
MASSACHUSETTS,2017,7,,-,0,,0,,,-,,-,,-,0,,0,,,-,,-,,-,0,,0,,,-,,-,"MASSACHUSETTS
(42.268546, -72.085064)",
CONNECTICUT,2017,7,,-,1,,6,,1,,17,,,-,0,,0,,,-,,-,,-,0,,0,,,-,,-,"CONNECTICUT
(41.544654, -72.651713)",
ALASKA,2017,7,,-,0,,3,,2,,3,,,-,0,,0,,,-,,-,,-,0,,0,,,-,,-,"ALASKA
(64.836661, -147.738891)",
OHIO,2017,7,,-,0,,8,,1,,1,,,-,0,,0,,,-,,-,,-,0,,0,,,-,,-,"OHIO
(40.056807, -82.405897)",
WYOMING,2017,7,,-,0,,5,,,-,3,,,-,0,,0,,,-,,-,,-,0,,0,,,-,,-,"WYOMING
(43.23558, -108.110518)",
VIRGIN ISL.,2017,7,,-,0,,0,,,-,,-,,-,0,,0,,,-,,-,,-,0,,0,,,-,,-,"VIRGIN ISLANDS
(18.060868, -64.840836)",
SOUTH DAKOTA,2017,7,,-,0,,3,,2,,3,,,-,0,,0,,,-,,-,,-,0,,0,,,-,,-,"SOUTH DAKOTA
(44.35371, -100.373709)",
NEW MEXICO,2017,7,,-,0,,1,,,-,,-,,-,0,,0,,,-,,-,,-,0,,0,,,-,,-,"NEW MEXICO
(34.520396, -106.244402)",
TENNESSEE,2017,7,,-,0,,0,,,-,,-,,-,0,,0,,,-,,-,,-,0,,0,,,-,,-,"TENNESSEE
(35.681402, -85.774444)",
LOUISIANA,2017,7,,-,0,,0,,,-,,-,,-,0,,0,,,-,,-,,-,0,,0,,,-,,-,"LOUISIANA
(31.2931, -92.463284)",
RHODE ISLAND,2017,7,,-,0,,4,,,-,2,,,-,0,,0,,,-,,-,,-,0,,0,,,-,,-,"RHODE ISLAND
(41.707447, -71.522488)",
NORTH CAROLINA,2017,7,6,,5,,10,,17,,16,,,-,0,,0,,,-,,-,,-,0,,0,,,-,,-,"NORTH CAROLINA
(35.47995, -79.180571)",
IDAHO,2017,7,,-,0,,5,,,-,,-,,-,0,,0,,,-,,-,,-,0,,0,,,-,,-,"IDAHO
(43.680635, -114.364237)",
NEVADA,2017,7,,-,0,,2,,,-,,-,,-,0,,0,,,-,,-,,-,0,,0,,,-,,-,"NEVADA
(39.491833, -117.070159)",
DIST. OF COL.,2017,7,,-,0,,0,,,-,,-,,-,0,,0,,,-,,-,,-,0,,0,,,-,,-,"DISTRICT OF COLUMBIA
(38.892062, -77.019912)",
KANSAS,2017,7,,-,0,,8,,1,,5,,,-,0,,0,,,-,,-,,-,0,,0,,,-,,-,"KANSAS
(38.345528, -98.201847)",
VIRGINIA,2017,7,,-,0,,0,,,-,,-,,-,0,,0,,,-,,-,,-,0,,0,,,-,,-,"VIRGINIA
(37.542699, -78.45822)",
NEW JERSEY,2017,7,,-,0,,0,,,-,,-,,-,0,,0,,,-,,-,,-,0,,0,,,-,,-,"NEW JERSEY
(40.104655, -74.386686)",
SOUTH CAROLINA,2017,7,,N,0,,0,,,N,,N,,-,0,,0,,,-,,-,,-,0,,0,,,-,,-,"SOUTH CAROLINA
(34.009286, -81.037094)",
MISSOURI,2017,7,,-,0,,4,,,-,2,,,-,0,,0,,,-,,-,,-,0,,0,,,-,,-,"MISSOURI
(38.636168, -92.566292)",
WASHINGTON,2017,7,,-,0,,0,,,-,,-,,-,0,,0,,,-,,-,,-,0,,0,,,-,,-,"WASHINGTON
(47.517368, -120.467672)",
NEBRASKA,2017,7,1,,0,,2,,1,,1,,,-,0,,0,,,-,,-,,-,0,,0,,,-,,-,"NEBRASKA
(41.640503, -99.367122)",
GUAM,2017,7,,-,0,,0,,,-,,-,,-,0,,0,,,-,,-,,-,0,,0,,,-,,-,"GUAM
(13.3532, 144.653198)",
PUERTO RICO,2017,7,,-,0,,0,,,-,,-,,-,0,,0,,,-,,-,,-,0,,0,,,-,,-,"PUERTO RICO
(18.215692, -66.414655)",
NEW HAMPSHIRE,2017,7,,-,0,,2,,,-,2,,,-,0,,0,,,-,,-,,-,0,,0,,,-,,-,"NEW HAMPSHIRE
(43.657736, -71.500736)",
WEST VIRGINIA,2017,7,,-,0,,3,,1,,3,,,-,0,,0,,,-,,-,,-,0,,0,,,-,,-,"WEST VIRGINIA
(38.668501, -80.709421)",
MAINE,2017,7,,-,1,,6,,2,,6,,,-,0,,0,,,-,,-,,-,0,,0,,,-,,-,"MAINE
(45.252223, -68.986647)",
WISCONSIN,2017,7,,N,0,,0,,,N,,N,,-,0,,0,,,-,,-,,-,0,,0,,,-,,-,"WISCONSIN
(44.395526, -89.834513)",
OKLAHOMA,2017,7,,-,0,,23,,3,,2,,,-,0,,0,,,-,,-,,-,0,,0,,,-,,-,"OKLAHOMA
(35.468494, -97.521264)",
DELAWARE,2017,7,,-,0,,0,,,-,,-,,-,0,,0,,,-,,-,,-,0,,0,,,-,,-,"DELAWARE
(39.008676, -75.574561)",
HAWAII,2017,7,,-,0,,0,,,-,,-,,-,0,,0,,,-,,-,,-,0,,0,,,-,,-,"HAWAII
(21.30992, -157.858158)",
COLORADO,2017,7,,-,0,,0,,,-,,-,,-,0,,0,,,-,,-,,-,0,,0,,,-,,-,"COLORADO
(38.841772, -106.132562)",
MISSISSIPPI,2017,7,,-,0,,1,,,-,,-,,-,0,,0,,,-,,-,,-,0,,0,,,-,,-,"MISSISSIPPI
(32.738663, -89.537312)",
MARYLAND,2017,7,,-,5,,21,,8,,26,,,-,0,,0,,,-,1,,,-,0,,1,,,-,,-,"MARYLAND
(39.290443, -76.612333)",
NEW YORK,2017,7,4,,8,,33,,34,,46,,,-,0,,0,,,-,,-,,-,0,,0,,,-,,-,"NEW YORK
(42.826892, -75.544286)",
UTAH,2017,7,,-,0,,3,,,-,,-,,-,0,,0,,,-,,-,,-,0,,0,,,-,,-,"UTAH
(39.359772, -111.584173)",
NORTH DAKOTA,2017,7,,-,0,,0,,,-,,-,,-,0,,0,,,-,,-,,-,0,,0,,,-,,-,"NORTH DAKOTA
(47.475879, -100.121011)",
CALIFORNIA,2017,7,,-,0,,8,,,-,5,,,-,0,,0,,,-,,-,,-,0,,0,,,-,,-,"CALIFORNIA
(37.640735, -121.002435)",
VERMONT,2017,7,,-,1,,3,,,-,2,,,-,0,,0,,,-,,-,,-,0,,0,,,-,,-,"VERMONT
(43.622479, -72.51927)",
INDIANA,2017,7,,-,0,,0,,,-,,-,,-,0,,0,,,-,,-,,-,0,,0,,,-,,-,"INDIANA
(39.76845, -86.156212)",
GEORGIA,2017,7,,-,0,,0,,,-,,-,,-,0,,0,,,-,,-,,-,0,,0,,,-,,-,"GEORGIA
(32.836038, -83.631709)",
ILLINOIS,2017,7,,-,0,,7,,,-,,-,,-,0,,0,,,-,,-,,-,0,,1,,,-,,-,"ILLINOIS
(40.477092, -88.993221)",
MINNESOTA,2017,7,,-,0,,0,,,-,,-,,-,0,,0,,,-,,-,,-,0,,0,,,-,,-,"MINNESOTA
(46.357661, -94.793397)",
TEXAS,2017,7,1,,12,,41,,18,,39,,,-,0,,0,,,-,,-,,-,0,,1,,1,,,-,"TEXAS
(31.827233, -99.423022)",
ALABAMA,2017,7,1,,1,,7,,5,,12,,,-,0,,0,,,-,,-,,-,0,,0,,,-,,-,"ALABAMA
(32.839182, -86.631125)",
ARIZONA,2017,7,,N,0,,0,,,N,,N,,-,0,,0,,,-,,-,,-,0,,0,,,-,,-,"ARIZONA
(34.869712, -111.760902)",
MICHIGAN,2017,7,,-,0,,3,,,-,,-,,-,0,,0,,,-,,-,,-,0,,0,,,-,,-,"MICHIGAN
(44.66399, -84.711206)",
ARKANSAS,2017,7,,-,0,,4,,3,,,-,,-,0,,0,,,-,,-,,-,0,,0,,,-,,-,"ARKANSAS
(34.748745, -92.275105)",
IOWA,2017,7,,-,0,,0,,,-,,-,,-,0,,0,,,-,,-,,-,0,,0,,,-,,-,"IOWA
(42.46942, -93.815856)",
UNITED STATES,2017,8,13,,52,,114,,137,,318,,,-,0,,2,,,-,2,,,-,0,,1,,1,,,-,,
NEW ENGLAND,2017,8,,-,3,,13,,4,,32,,,-,0,,0,,,-,,-,,-,0,,0,,,-,,-,,
MID. ATLANTIC,2017,8,5,,8,,33,,39,,52,,,-,0,,0,,,-,,-,,-,0,,0,,,-,,-,,
NEW YORK CITY,2017,8,,-,0,,0,,,-,,-,,-,0,,0,,,-,,-,,-,0,,0,,,-,,-,,
E.N. CENTRAL,2017,8,,-,2,,11,,1,,1,,,-,0,,0,,,-,,-,,-,0,,1,,,-,,-,,
W.N. CENTRAL,2017,8,,-,2,,8,,4,,11,,,-,0,,0,,,-,,-,,-,0,,0,,,-,,-,,
S. ATLANTIC,2017,8,5,,11,,24,,49,,138,,,-,0,,2,,,-,2,,,-,0,,1,,,-,,-,,
E.S. CENTRAL,2017,8,1,,1,,7,,6,,13,,,-,0,,0,,,-,,-,,-,0,,0,,,-,,-,,
W.S. CENTRAL,2017,8,2,,13,,42,,32,,52,,,-,0,,0,,,-,,-,,-,0,,1,,1,,,-,,
MOUNTAIN,2017,8,,-,1,,8,,,-,4,,,-,0,,0,,,-,,-,,-,0,,0,,,-,,-,,
PACIFIC,2017,8,,-,0,,8,,2,,15,,,-,0,,0,,,-,,-,,-,0,,0,,,-,,-,,
SOUTH CAROLINA,2017,8,,N,0,,0,,,N,,N,,-,0,,0,,,-,,-,,-,0,,0,,,-,,-,"SOUTH CAROLINA
(34.009286, -81.037094)",
AMER. SAMOA,2017,8,,U,0,,0,,,U,,U,,-,0,,0,,,-,,-,,-,0,,0,,,-,,-,,
GUAM,2017,8,,-,0,,0,,,-,,-,,-,0,,0,,,-,,-,,-,0,,0,,,-,,-,"GUAM
(13.3532, 144.653198)",
MAINE,2017,8,,-,1,,6,,2,,6,,,-,0,,0,,,-,,-,,-,0,,0,,,-,,-,"MAINE
(45.252223, -68.986647)",
ALABAMA,2017,8,1,,1,,7,,6,,13,,,-,0,,0,,,-,,-,,-,0,,0,,,-,,-,"ALABAMA
(32.839182, -86.631125)",
KENTUCKY,2017,8,,-,0,,5,,,-,,-,,-,0,,0,,,-,,-,,-,0,,0,,,-,,-,"KENTUCKY
(37.64591, -84.774043)",
MASSACHUSETTS,2017,8,,-,0,,0,,,-,,-,,-,0,,0,,,-,,-,,-,0,,0,,,-,,-,"MASSACHUSETTS
(42.268546, -72.085064)",
CONNECTICUT,2017,8,,-,1,,6,,2,,18,,,-,0,,0,,,-,,-,,-,0,,0,,,-,,-,"CONNECTICUT
(41.544654, -72.651713)",
ILLINOIS,2017,8,,-,0,,7,,,-,,-,,-,0,,0,,,-,,-,,-,0,,1,,,-,,-,"ILLINOIS
(40.477092, -88.993221)",
SOUTH DAKOTA,2017,8,,-,0,,3,,2,,3,,,-,0,,0,,,-,,-,,-,0,,0,,,-,,-,"SOUTH DAKOTA
(44.35371, -100.373709)",
VIRGIN ISL.,2017,8,,-,0,,0,,,-,,-,,-,0,,0,,,-,,-,,-,0,,0,,,-,,-,"VIRGIN ISLANDS
(18.060868, -64.840836)",
INDIANA,2017,8,,-,0,,0,,,-,,-,,-,0,,0,,,-,,-,,-,0,,0,,,-,,-,"INDIANA
(39.76845, -86.156212)",
NEW MEXICO,2017,8,,-,0,,1,,,-,1,,,-,0,,0,,,-,,-,,-,0,,0,,,-,,-,"NEW MEXICO
(34.520396, -106.244402)",
MICHIGAN,2017,8,,-,0,,3,,,-,,-,,-,0,,0,,,-,,-,,-,0,,0,,,-,,-,"MICHIGAN
(44.66399, -84.711206)",
COLORADO,2017,8,,-,0,,0,,,-,,-,,-,0,,0,,,-,,-,,-,0,,0,,,-,,-,"COLORADO
(38.841772, -106.132562)",
FLORIDA,2017,8,1,,0,,9,,19,,81,,,-,0,,2,,,-,1,,,-,0,,0,,,-,,-,"FLORIDA
(28.915325, -81.922409)",
NORTH CAROLINA,2017,8,4,,5,,10,,21,,23,,,-,0,,0,,,-,,-,,-,0,,0,,,-,,-,"NORTH CAROLINA
(35.47995, -79.180571)",
DELAWARE,2017,8,,-,0,,0,,,-,,-,,-,0,,0,,,-,,-,,-,0,,0,,,-,,-,"DELAWARE
(39.008676, -75.574561)",
PUERTO RICO,2017,8,,-,0,,0,,,-,,-,,-,0,,0,,,-,,-,,-,0,,0,,,-,,-,"PUERTO RICO
(18.215692, -66.414655)",
ALASKA,2017,8,,-,0,,3,,2,,6,,,-,0,,0,,,-,,-,,-,0,,0,,,-,,-,"ALASKA
(64.836661, -147.738891)",
NEBRASKA,2017,8,,-,0,,2,,1,,1,,,-,0,,0,,,-,,-,,-,0,,0,,,-,,-,"NEBRASKA
(41.640503, -99.367122)",
OREGON,2017,8,,-,0,,2,,,-,,-,,-,0,,0,,,-,,-,,-,0,,0,,,-,,-,"OREGON
(44.567912, -120.156945)",
C.N.M.I.,2017,8,,-,,-,,-,,-,,-,,-,,-,,-,,-,,-,,-,,-,,-,,-,,-,"NORTHERN MARIANA ISLANDS
(15.1834, 145.725693)",
MARYLAND,2017,8,,-,5,,21,,8,,31,,,-,0,,0,,,-,1,,,-,0,,1,,,-,,-,"MARYLAND
(39.290443, -76.612333)",
NORTH DAKOTA,2017,8,,-,0,,0,,,-,,-,,-,0,,0,,,-,,-,,-,0,,0,,,-,,-,"NORTH DAKOTA
(47.475879, -100.121011)",
TEXAS,2017,8,2,,12,,42,,26,,49,,,-,0,,0,,,-,,-,,-,0,,1,,1,,,-,"TEXAS
(31.827233, -99.423022)",
WISCONSIN,2017,8,,N,0,,0,,,N,,N,,-,0,,0,,,-,,-,,-,0,,0,,,-,,-,"WISCONSIN
(44.395526, -89.834513)",
NEVADA,2017,8,,-,0,,2,,,-,,-,,-,0,,0,,,-,,-,,-,0,,0,,,-,,-,"NEVADA
(39.491833, -117.070159)",
VERMONT,2017,8,,-,1,,3,,,-,4,,,-,0,,0,,,-,,-,,-,0,,0,,,-,,-,"VERMONT
(43.622479, -72.51927)",
UTAH,2017,8,,-,0,,3,,,-,,-,,-,0,,0,,,-,,-,,-,0,,0,,,-,,-,"UTAH
(39.359772, -111.584173)",
CALIFORNIA,2017,8,,-,0,,5,,,-,9,,,-,0,,0,,,-,,-,,-,0,,0,,,-,,-,"CALIFORNIA
(37.640735, -121.002435)",
NEW YORK,2017,8,5,,8,,33,,39,,52,,,-,0,,0,,,-,,-,,-,0,,0,,,-,,-,"NEW YORK
(42.826892, -75.544286)",
IDAHO,2017,8,,-,0,,5,,,-,,-,,-,0,,0,,,-,,-,,-,0,,0,,,-,,-,"IDAHO
(43.680635, -114.364237)",
NEW JERSEY,2017,8,,-,0,,0,,,-,,-,,-,0,,0,,,-,,-,,-,0,,0,,,-,,-,"NEW JERSEY
(40.104655, -74.386686)",
DIST. OF COL.,2017,8,,-,0,,0,,,-,,-,,-,0,,0,,,-,,-,,-,0,,0,,,-,,-,"DISTRICT OF COLUMBIA
(38.892062, -77.019912)",
LOUISIANA,2017,8,,-,0,,0,,,-,,-,,-,0,,0,,,-,,-,,-,0,,0,,,-,,-,"LOUISIANA
(31.2931, -92.463284)",
HAWAII,2017,8,,-,0,,0,,,-,,-,,-,0,,0,,,-,,-,,-,0,,0,,,-,,-,"HAWAII
(21.30992, -157.858158)",
MINNESOTA,2017,8,,-,0,,0,,,-,,-,,-,0,,0,,,-,,-,,-,0,,0,,,-,,-,"MINNESOTA
(46.357661, -94.793397)",
WEST VIRGINIA,2017,8,,-,0,,3,,1,,3,,,-,0,,0,,,-,,-,,-,0,,0,,,-,,-,"WEST VIRGINIA
(38.668501, -80.709421)",
IOWA,2017,8,,-,0,,0,,,-,,-,,-,0,,0,,,-,,-,,-,0,,0,,,-,,-,"IOWA
(42.46942, -93.815856)",
KANSAS,2017,8,,-,0,,8,,1,,5,,,-,0,,0,,,-,,-,,-,0,,0,,,-,,-,"KANSAS
(38.345528, -98.201847)",
OKLAHOMA,2017,8,,-,0,,23,,3,,3,,,-,0,,0,,,-,,-,,-,0,,0,,,-,,-,"OKLAHOMA
(35.468494, -97.521264)",
OHIO,2017,8,,-,0,,8,,1,,1,,,-,0,,0,,,-,,-,,-,0,,0,,,-,,-,"OHIO
(40.056807, -82.405897)",
MISSOURI,2017,8,,-,0,,4,,,-,2,,,-,0,,0,,,-,,-,,-,0,,0,,,-,,-,"MISSOURI
(38.636168, -92.566292)",
PENNSYLVANIA,2017,8,,-,0,,0,,,-,,-,,-,0,,0,,,-,,-,,-,0,,0,,,-,,-,"PENNSYLVANIA
(40.789676, -77.858055)",
WYOMING,2017,8,,-,0,,5,,,-,3,,,-,0,,0,,,-,,-,,-,0,,0,,,-,,-,"WYOMING
(43.23558, -108.110518)",
RHODE ISLAND,2017,8,,-,0,,4,,,-,2,,,-,0,,0,,,-,,-,,-,0,,0,,,-,,-,"RHODE ISLAND
(41.707447, -71.522488)",
WASHINGTON,2017,8,,-,0,,0,,,-,,-,,-,0,,0,,,-,,-,,-,0,,0,,,-,,-,"WASHINGTON
(47.517368, -120.467672)",
ARKANSAS,2017,8,,-,0,,4,,3,,,-,,-,0,,0,,,-,,-,,-,0,,0,,,-,,-,"ARKANSAS
(34.748745, -92.275105)",
NEW HAMPSHIRE,2017,8,,-,0,,2,,,-,2,,,-,0,,0,,,-,,-,,-,0,,0,,,-,,-,"NEW HAMPSHIRE
(43.657736, -71.500736)",
ARIZONA,2017,8,,N,0,,0,,,N,,N,,-,0,,0,,,-,,-,,-,0,,0,,,-,,-,"ARIZONA
(34.869712, -111.760902)",
VIRGINIA,2017,8,,-,0,,0,,,-,,-,,-,0,,0,,,-,,-,,-,0,,0,,,-,,-,"VIRGINIA
(37.542699, -78.45822)",
TENNESSEE,2017,8,,-,0,,0,,,-,,-,,-,0,,0,,,-,,-,,-,0,,0,,,-,,-,"TENNESSEE
(35.681402, -85.774444)",
MONTANA,2017,8,,-,0,,0,,,-,,-,,-,0,,0,,,-,,-,,-,0,,0,,,-,,-,"MONTANA
(47.062617, -109.430168)",
MISSISSIPPI,2017,8,,-,0,,1,,,-,,-,,-,0,,0,,,-,,-,,-,0,,0,,,-,,-,"MISSISSIPPI
(32.738663, -89.537312)",
GEORGIA,2017,8,,-,0,,0,,,-,,-,,-,0,,0,,,-,,-,,-,0,,0,,,-,,-,"GEORGIA
(32.836038, -83.631709)",
UNITED STATES,2017,9,35,,52,,114,,175,,363,,,-,0,,2,,1,,2,,,-,0,,1,,2,,,-,,
NEW ENGLAND,2017,9,1,,3,,13,,7,,34,,,-,0,,0,,,-,,-,,-,0,,1,,1,,,-,,
MID. ATLANTIC,2017,9,10,,8,,33,,49,,58,,,-,0,,1,,1,,,-,,-,0,,0,,,-,,-,,
NEW YORK CITY,2017,9,,-,0,,0,,,-,,-,,-,0,,0,,,-,,-,,-,0,,0,,,-,,-,,
E.N. CENTRAL,2017,9,,-,2,,11,,1,,1,,,-,0,,0,,,-,,-,,-,0,,1,,,-,,-,,
W.N. CENTRAL,2017,9,2,,2,,8,,6,,12,,,-,0,,0,,,-,,-,,-,0,,0,,,-,,-,,
S. ATLANTIC,2017,9,13,,11,,24,,62,,151,,,-,0,,2,,,-,2,,,-,0,,1,,,-,,-,,
E.S. CENTRAL,2017,9,1,,1,,7,,7,,14,,,-,0,,0,,,-,,-,,-,0,,0,,,-,,-,,
W.S. CENTRAL,2017,9,8,,13,,42,,41,,70,,,-,0,,0,,,-,,-,,-,0,,1,,1,,,-,,
MOUNTAIN,2017,9,,-,1,,8,,,-,4,,,-,0,,0,,,-,,-,,-,0,,0,,,-,,-,,
PACIFIC,2017,9,,-,0,,4,,2,,19,,,-,0,,0,,,-,,-,,-,0,,0,,,-,,-,,
AMER. SAMOA,2017,9,,U,0,,0,,,U,,U,,-,0,,0,,,-,,-,,-,0,,0,,,-,,-,,
MISSISSIPPI,2017,9,,-,0,,1,,,-,,-,,-,0,,0,,,-,,-,,-,0,,0,,,-,,-,"MISSISSIPPI
(32.738663, -89.537312)",
PUERTO RICO,2017,9,,-,0,,0,,,-,,-,,-,0,,0,,,-,,-,,-,0,,0,,,-,,-,"PUERTO RICO
(18.215692, -66.414655)",
ALABAMA,2017,9,1,,1,,7,,7,,13,,,-,0,,0,,,-,,-,,-,0,,0,,,-,,-,"ALABAMA
(32.839182, -86.631125)",
IOWA,2017,9,,-,0,,0,,,-,,-,,-,0,,0,,,-,,-,,-,0,,0,,,-,,-,"IOWA
(42.46942, -93.815856)",
GUAM,2017,9,,-,0,,0,,,-,,-,,-,0,,0,,,-,,-,,-,0,,0,,,-,,-,"GUAM
(13.3532, 144.653198)",
MAINE,2017,9,,-,1,,6,,2,,7,,,-,0,,0,,,-,,-,,-,0,,0,,,-,,-,"MAINE
(45.252223, -68.986647)",
KENTUCKY,2017,9,,-,0,,5,,,-,1,,,-,0,,0,,,-,,-,,-,0,,0,,,-,,-,"KENTUCKY
(37.64591, -84.774043)",
MARYLAND,2017,9,,-,5,,21,,8,,35,,,-,0,,0,,,-,1,,,-,0,,1,,,-,,-,"MARYLAND
(39.290443, -76.612333)",
KANSAS,2017,9,2,,0,,8,,3,,6,,,-,0,,0,,,-,,-,,-,0,,0,,,-,,-,"KANSAS
(38.345528, -98.201847)",
HAWAII,2017,9,,-,0,,0,,,-,,-,,-,0,,0,,,-,,-,,-,0,,0,,,-,,-,"HAWAII
(21.30992, -157.858158)",
MISSOURI,2017,9,,-,0,,4,,,-,2,,,-,0,,0,,,-,,-,,-,0,,0,,,-,,-,"MISSOURI
(38.636168, -92.566292)",
DIST. OF COL.,2017,9,,-,0,,0,,,-,,-,,-,0,,0,,,-,,-,,-,0,,0,,,-,,-,"DISTRICT OF COLUMBIA
(38.892062, -77.019912)",
VIRGIN ISL.,2017,9,,-,0,,0,,,-,,-,,-,0,,0,,,-,,-,,-,0,,0,,,-,,-,"VIRGIN ISLANDS
(18.060868, -64.840836)",
MASSACHUSETTS,2017,9,,-,0,,0,,,-,,-,,-,0,,0,,,-,,-,,-,0,,1,,1,,,-,"MASSACHUSETTS
(42.268546, -72.085064)",
NEW MEXICO,2017,9,,-,0,,1,,,-,1,,,-,0,,0,,,-,,-,,-,0,,0,,,-,,-,"NEW MEXICO
(34.520396, -106.244402)",
ARIZONA,2017,9,,N,0,,0,,,N,,N,,-,0,,0,,,-,,-,,-,0,,0,,,-,,-,"ARIZONA
(34.869712, -111.760902)",
TENNESSEE,2017,9,,-,0,,0,,,-,,-,,-,0,,0,,,-,,-,,-,0,,0,,,-,,-,"TENNESSEE
(35.681402, -85.774444)",
NORTH CAROLINA,2017,9,4,,5,,10,,25,,29,,,-,0,,0,,,-,,-,,-,0,,0,,,-,,-,"NORTH CAROLINA
(35.47995, -79.180571)",
TEXAS,2017,9,8,,12,,42,,35,,62,,,-,0,,0,,,-,,-,,-,0,,1,,1,,,-,"TEXAS
(31.827233, -99.423022)",
UTAH,2017,9,,-,0,,3,,,-,,-,,-,0,,0,,,-,,-,,-,0,,0,,,-,,-,"UTAH
(39.359772, -111.584173)",
CONNECTICUT,2017,9,,-,1,,6,,4,,19,,,-,0,,0,,,-,,-,,-,0,,0,,,-,,-,"CONNECTICUT
(41.544654, -72.651713)",
WASHINGTON,2017,9,,-,0,,0,,,-,,-,,-,0,,0,,,-,,-,,-,0,,0,,,-,,-,"WASHINGTON
(47.517368, -120.467672)",
NEVADA,2017,9,,-,0,,2,,,-,,-,,-,0,,0,,,-,,-,,-,0,,0,,,-,,-,"NEVADA
(39.491833, -117.070159)",
ILLINOIS,2017,9,,-,0,,7,,,-,,-,,-,0,,0,,,-,,-,,-,0,,1,,,-,,-,"ILLINOIS
(40.477092, -88.993221)",
SOUTH DAKOTA,2017,9,,-,0,,3,,2,,3,,,-,0,,0,,,-,,-,,-,0,,0,,,-,,-,"SOUTH DAKOTA
(44.35371, -100.373709)",
CALIFORNIA,2017,9,,-,0,,4,,,-,12,,,-,0,,0,,,-,,-,,-,0,,0,,,-,,-,"CALIFORNIA
(37.640735, -121.002435)",
FLORIDA,2017,9,8,,0,,9,,27,,84,,,-,0,,2,,,-,1,,,-,0,,0,,,-,,-,"FLORIDA
(28.915325, -81.922409)",
ARKANSAS,2017,9,,-,0,,4,,3,,4,,,-,0,,0,,,-,,-,,-,0,,0,,,-,,-,"ARKANSAS
(34.748745, -92.275105)",
VIRGINIA,2017,9,,-,0,,0,,,-,,-,,-,0,,0,,,-,,-,,-,0,,0,,,-,,-,"VIRGINIA
(37.542699, -78.45822)",
RHODE ISLAND,2017,9,1,,0,,4,,1,,2,,,-,0,,0,,,-,,-,,-,0,,0,,,-,,-,"RHODE ISLAND
(41.707447, -71.522488)",
WYOMING,2017,9,,-,0,,5,,,-,3,,,-,0,,0,,,-,,-,,-,0,,0,,,-,,-,"WYOMING
(43.23558, -108.110518)",
OHIO,2017,9,,-,0,,8,,1,,1,,,-,0,,0,,,-,,-,,-,0,,0,,,-,,-,"OHIO
(40.056807, -82.405897)",
COLORADO,2017,9,,-,0,,0,,,-,,-,,-,0,,0,,,-,,-,,-,0,,0,,,-,,-,"COLORADO
(38.841772, -106.132562)",
MONTANA,2017,9,,-,0,,0,,,-,,-,,-,0,,0,,,-,,-,,-,0,,0,,,-,,-,"MONTANA
(47.062617, -109.430168)",
C.N.M.I.,2017,9,,-,,-,,-,,-,,-,,-,,-,,-,,-,,-,,-,,-,,-,,-,,-,"NORTHERN MARIANA ISLANDS
(15.1834, 145.725693)",
NEW HAMPSHIRE,2017,9,,-,0,,2,,,-,2,,,-,0,,0,,,-,,-,,-,0,,0,,,-,,-,"NEW HAMPSHIRE
(43.657736, -71.500736)",
IDAHO,2017,9,,-,0,,5,,,-,,-,,-,0,,0,,,-,,-,,-,0,,0,,,-,,-,"IDAHO
(43.680635, -114.364237)",
LOUISIANA,2017,9,,-,0,,0,,,-,,-,,-,0,,0,,,-,,-,,-,0,,0,,,-,,-,"LOUISIANA
(31.2931, -92.463284)",
INDIANA,2017,9,,-,0,,0,,,-,,-,,-,0,,0,,,-,,-,,-,0,,0,,,-,,-,"INDIANA
(39.76845, -86.156212)",
NEW JERSEY,2017,9,,-,0,,0,,,-,,-,,-,0,,0,,,-,,-,,-,0,,0,,,-,,-,"NEW JERSEY
(40.104655, -74.386686)",
NEBRASKA,2017,9,,-,0,,2,,1,,1,,,-,0,,0,,,-,,-,,-,0,,0,,,-,,-,"NEBRASKA
(41.640503, -99.367122)",
VERMONT,2017,9,,-,1,,3,,,-,4,,,-,0,,0,,,-,,-,,-,0,,0,,,-,,-,"VERMONT
(43.622479, -72.51927)",
PENNSYLVANIA,2017,9,,-,0,,0,,,-,,-,,-,0,,1,,1,,,-,,-,0,,0,,,-,,-,"PENNSYLVANIA
(40.789676, -77.858055)",
OREGON,2017,9,,-,0,,2,,,-,,-,,-,0,,0,,,-,,-,,-,0,,0,,,-,,-,"OREGON
(44.567912, -120.156945)",
DELAWARE,2017,9,,-,0,,0,,,-,,-,,-,0,,0,,,-,,-,,-,0,,0,,,-,,-,"DELAWARE
(39.008676, -75.574561)",
OKLAHOMA,2017,9,,-,0,,23,,3,,4,,,-,0,,0,,,-,,-,,-,0,,0,,,-,,-,"OKLAHOMA
(35.468494, -97.521264)",
NEW YORK,2017,9,10,,8,,33,,49,,58,,,-,0,,0,,,-,,-,,-,0,,0,,,-,,-,"NEW YORK
(42.826892, -75.544286)",
GEORGIA,2017,9,,-,0,,0,,,-,,-,,-,0,,0,,,-,,-,,-,0,,0,,,-,,-,"GEORGIA
(32.836038, -83.631709)",
WISCONSIN,2017,9,,N,0,,0,,,N,,N,,-,0,,0,,,-,,-,,-,0,,0,,,-,,-,"WISCONSIN
(44.395526, -89.834513)",
SOUTH CAROLINA,2017,9,,N,0,,0,,,N,,N,,-,0,,0,,,-,,-,,-,0,,0,,,-,,-,"SOUTH CAROLINA
(34.009286, -81.037094)",
MINNESOTA,2017,9,,-,0,,0,,,-,,-,,-,0,,0,,,-,,-,,-,0,,0,,,-,,-,"MINNESOTA
(46.357661, -94.793397)",
MICHIGAN,2017,9,,-,0,,3,,,-,,-,,-,0,,0,,,-,,-,,-,0,,0,,,-,,-,"MICHIGAN
(44.66399, -84.711206)",
ALASKA,2017,9,,-,0,,1,,2,,7,,,-,0,,0,,,-,,-,,-,0,,0,,,-,,-,"ALASKA
(64.836661, -147.738891)",
WEST VIRGINIA,2017,9,1,,0,,3,,2,,3,,,-,0,,0,,,-,,-,,-,0,,0,,,-,,-,"WEST VIRGINIA
(38.668501, -80.709421)",
NORTH DAKOTA,2017,9,,-,0,,0,,,-,,-,,-,0,,0,,,-,,-,,-,0,,0,,,-,,-,"NORTH DAKOTA
(47.475879, -100.121011)",
UNITED STATES,2017,10,32,,52,,114,,228,,401,,,-,0,,2,,1,,2,,,-,0,,1,,2,,,-,,
NEW ENGLAND,2017,10,4,,3,,13,,11,,37,,,-,0,,0,,,-,,-,,-,0,,1,,1,,,-,,
MID. ATLANTIC,2017,10,11,,8,,33,,60,,61,,,-,0,,1,,1,,,-,,-,0,,0,,,-,,-,,
NEW YORK CITY,2017,10,,-,0,,0,,,-,,-,,-,0,,0,,,-,,-,,-,0,,0,,,-,,-,,
E.N. CENTRAL,2017,10,,-,2,,11,,1,,2,,,-,0,,0,,,-,,-,,-,0,,1,,,-,,-,,
W.N. CENTRAL,2017,10,,-,2,,8,,9,,13,,,-,0,,0,,,-,,-,,-,0,,0,,,-,,-,,
S. ATLANTIC,2017,10,6,,11,,24,,73,,161,,,-,0,,2,,,-,2,,,-,0,,1,,,-,,-,,
E.S. CENTRAL,2017,10,,-,2,,7,,11,,17,,,-,0,,0,,,-,,-,,-,0,,0,,,-,,-,,
W.S. CENTRAL,2017,10,11,,13,,42,,59,,84,,,-,0,,0,,,-,,-,,-,0,,1,,1,,,-,,
MOUNTAIN,2017,10,,-,1,,8,,,-,4,,,-,0,,0,,,-,,-,,-,0,,0,,,-,,-,,
PACIFIC,2017,10,,-,0,,4,,4,,22,,,-,0,,0,,,-,,-,,-,0,,0,,,-,,-,,
AMER. SAMOA,2017,10,,U,0,,0,,,U,,U,,-,0,,0,,,-,,-,,-,0,,0,,,-,,-,,
SOUTH CAROLINA,2017,10,,N,0,,0,,,N,,N,,-,0,,0,,,-,,-,,-,0,,0,,,-,,-,"SOUTH CAROLINA
(34.009286, -81.037094)",
ILLINOIS,2017,10,,-,0,,7,,,-,,-,,-,0,,0,,,-,,-,,-,0,,1,,,-,,-,"ILLINOIS
(40.477092, -88.993221)",
DIST. OF COL.,2017,10,,-,0,,0,,,-,,-,,-,0,,0,,,-,,-,,-,0,,0,,,-,,-,"DISTRICT OF COLUMBIA
(38.892062, -77.019912)",
MONTANA,2017,10,,-,0,,0,,,-,,-,,-,0,,0,,,-,,-,,-,0,,0,,,-,,-,"MONTANA
(47.062617, -109.430168)",
OKLAHOMA,2017,10,,-,0,,23,,3,,7,,,-,0,,0,,,-,,-,,-,0,,0,,,-,,-,"OKLAHOMA
(35.468494, -97.521264)",
DELAWARE,2017,10,,-,0,,0,,,-,,-,,-,0,,0,,,-,,-,,-,0,,0,,,-,,-,"DELAWARE
(39.008676, -75.574561)",
GEORGIA,2017,10,,-,0,,0,,,-,,-,,-,0,,0,,,-,,-,,-,0,,0,,,-,,-,"GEORGIA
(32.836038, -83.631709)",
WEST VIRGINIA,2017,10,,-,0,,3,,2,,3,,,-,0,,0,,,-,,-,,-,0,,0,,,-,,-,"WEST VIRGINIA
(38.668501, -80.709421)",
IDAHO,2017,10,,-,0,,5,,,-,,-,,-,0,,0,,,-,,-,,-,0,,0,,,-,,-,"IDAHO
(43.680635, -114.364237)",
VIRGINIA,2017,10,,-,0,,0,,,-,,-,,-,0,,0,,,-,,-,,-,0,,0,,,-,,-,"VIRGINIA
(37.542699, -78.45822)",
NEW JERSEY,2017,10,,-,0,,0,,,-,,-,,-,0,,0,,,-,,-,,-,0,,0,,,-,,-,"NEW JERSEY
(40.104655, -74.386686)",
WYOMING,2017,10,,-,0,,5,,,-,3,,,-,0,,0,,,-,,-,,-,0,,0,,,-,,-,"WYOMING
(43.23558, -108.110518)",
INDIANA,2017,10,,-,0,,0,,,-,,-,,-,0,,0,,,-,,-,,-,0,,0,,,-,,-,"INDIANA
(39.76845, -86.156212)",
MISSOURI,2017,10,,-,0,,4,,,-,2,,,-,0,,0,,,-,,-,,-,0,,0,,,-,,-,"MISSOURI
(38.636168, -92.566292)",
ALABAMA,2017,10,,-,1,,7,,7,,16,,,-,0,,0,,,-,,-,,-,0,,0,,,-,,-,"ALABAMA
(32.839182, -86.631125)",
COLORADO,2017,10,,-,0,,0,,,-,,-,,-,0,,0,,,-,,-,,-,0,,0,,,-,,-,"COLORADO
(38.841772, -106.132562)",
NEW MEXICO,2017,10,,-,0,,1,,,-,1,,,-,0,,0,,,-,,-,,-,0,,0,,,-,,-,"NEW MEXICO
(34.520396, -106.244402)",
NEW HAMPSHIRE,2017,10,,-,0,,2,,,-,2,,,-,0,,0,,,-,,-,,-,0,,0,,,-,,-,"NEW HAMPSHIRE
(43.657736, -71.500736)",
KENTUCKY,2017,10,,-,0,,5,,4,,1,,,-,0,,0,,,-,,-,,-,0,,0,,,-,,-,"KENTUCKY
(37.64591, -84.774043)",
NORTH DAKOTA,2017,10,,-,0,,0,,,-,,-,,-,0,,0,,,-,,-,,-,0,,0,,,-,,-,"NORTH DAKOTA
(47.475879, -100.121011)",
NEBRASKA,2017,10,,-,0,,2,,2,,1,,,-,0,,0,,,-,,-,,-,0,,0,,,-,,-,"NEBRASKA
(41.640503, -99.367122)",
VIRGIN ISL.,2017,10,,-,0,,0,,,-,,-,,-,0,,0,,,-,,-,,-,0,,0,,,-,,-,"VIRGIN ISLANDS
(18.060868, -64.840836)",
WASHINGTON,2017,10,,-,0,,0,,,-,,-,,-,0,,0,,,-,,-,,-,0,,0,,,-,,-,"WASHINGTON
(47.517368, -120.467672)",
NEW YORK,2017,10,11,,8,,33,,60,,61,,,-,0,,0,,,-,,-,,-,0,,0,,,-,,-,"NEW YORK
(42.826892, -75.544286)",
OHIO,2017,10,,-,0,,8,,1,,2,,,-,0,,0,,,-,,-,,-,0,,0,,,-,,-,"OHIO
(40.056807, -82.405897)",
NORTH CAROLINA,2017,10,6,,5,,10,,31,,32,,,-,0,,0,,,-,,-,,-,0,,0,,,-,,-,"NORTH CAROLINA
(35.47995, -79.180571)",
FLORIDA,2017,10,,-,0,,9,,32,,84,,,-,0,,2,,,-,1,,,-,0,,0,,,-,,-,"FLORIDA
(28.915325, -81.922409)",
ALASKA,2017,10,,-,0,,1,,4,,7,,,-,0,,0,,,-,,-,,-,0,,0,,,-,,-,"ALASKA
(64.836661, -147.738891)",
UTAH,2017,10,,-,0,,3,,,-,,-,,-,0,,0,,,-,,-,,-,0,,0,,,-,,-,"UTAH
(39.359772, -111.584173)",
NEVADA,2017,10,,-,0,,2,,,-,,-,,-,0,,0,,,-,,-,,-,0,,0,,,-,,-,"NEVADA
(39.491833, -117.070159)",
MARYLAND,2017,10,,-,5,,21,,8,,42,,,-,0,,0,,,-,1,,,-,0,,1,,,-,,-,"MARYLAND
(39.290443, -76.612333)",
HAWAII,2017,10,,-,0,,0,,,-,,-,,-,0,,0,,,-,,-,,-,0,,0,,,-,,-,"HAWAII
(21.30992, -157.858158)",
VERMONT,2017,10,4,,1,,3,,4,,5,,,-,0,,0,,,-,,-,,-,0,,0,,,-,,-,"VERMONT
(43.622479, -72.51927)",
KANSAS,2017,10,,-,0,,8,,3,,7,,,-,0,,0,,,-,,-,,-,0,,0,,,-,,-,"KANSAS
(38.345528, -98.201847)",
MINNESOTA,2017,10,,-,0,,0,,,-,,-,,-,0,,0,,,-,,-,,-,0,,0,,,-,,-,"MINNESOTA
(46.357661, -94.793397)",
SOUTH DAKOTA,2017,10,,-,0,,3,,4,,3,,,-,0,,0,,,-,,-,,-,0,,0,,,-,,-,"SOUTH DAKOTA
(44.35371, -100.373709)",
PUERTO RICO,2017,10,,-,0,,0,,,-,,-,,-,0,,0,,,-,,-,,-,0,,0,,,-,,-,"PUERTO RICO
(18.215692, -66.414655)",
TENNESSEE,2017,10,,-,0,,0,,,-,,-,,-,0,,0,,,-,,-,,-,0,,0,,,-,,-,"TENNESSEE
(35.681402, -85.774444)",
OREGON,2017,10,,-,0,,2,,,-,,-,,-,0,,0,,,-,,-,,-,0,,0,,,-,,-,"OREGON
(44.567912, -120.156945)",
MISSISSIPPI,2017,10,,-,0,,1,,,-,,-,,-,0,,0,,,-,,-,,-,0,,0,,,-,,-,"MISSISSIPPI
(32.738663, -89.537312)",
CONNECTICUT,2017,10,,-,1,,6,,4,,20,,,-,0,,0,,,-,,-,,-,0,,0,,,-,,-,"CONNECTICUT
(41.544654, -72.651713)",
RHODE ISLAND,2017,10,,-,0,,4,,1,,2,,,-,0,,0,,,-,,-,,-,0,,0,,,-,,-,"RHODE ISLAND
(41.707447, -71.522488)",
MAINE,2017,10,,-,1,,6,,2,,8,,,-,0,,0,,,-,,-,,-,0,,0,,,-,,-,"MAINE
(45.252223, -68.986647)",
TEXAS,2017,10,11,,12,,42,,52,,72,,,-,0,,0,,,-,,-,,-,0,,1,,1,,,-,"TEXAS
(31.827233, -99.423022)",
MASSACHUSETTS,2017,10,,-,0,,0,,,-,,-,,-,0,,0,,,-,,-,,-,0,,1,,1,,,-,"MASSACHUSETTS
(42.268546, -72.085064)",
C.N.M.I.,2017,10,,-,,-,,-,,-,,-,,-,,-,,-,,-,,-,,-,,-,,-,,-,,-,"NORTHERN MARIANA ISLANDS
(15.1834, 145.725693)",
MICHIGAN,2017,10,,-,0,,3,,,-,,-,,-,0,,0,,,-,,-,,-,0,,0,,,-,,-,"MICHIGAN
(44.66399, -84.711206)",
IOWA,2017,10,,-,0,,0,,,-,,-,,-,0,,0,,,-,,-,,-,0,,0,,,-,,-,"IOWA
(42.46942, -93.815856)",
GUAM,2017,10,,-,0,,0,,,-,,-,,-,0,,0,,,-,,-,,-,0,,0,,,-,,-,"GUAM
(13.3532, 144.653198)",
PENNSYLVANIA,2017,10,,-,0,,0,,,-,,-,,-,0,,1,,1,,,-,,-,0,,0,,,-,,-,"PENNSYLVANIA
(40.789676, -77.858055)",
LOUISIANA,2017,10,,-,0,,0,,,-,,-,,-,0,,0,,,-,,-,,-,0,,0,,,-,,-,"LOUISIANA
(31.2931, -92.463284)",
ARIZONA,2017,10,,N,0,,0,,,N,,N,,-,0,,0,,,-,,-,,-,0,,0,,,-,,-,"ARIZONA
(34.869712, -111.760902)",
WISCONSIN,2017,10,,N,0,,0,,,N,,N,,-,0,,0,,,-,,-,,-,0,,0,,,-,,-,"WISCONSIN
(44.395526, -89.834513)",
CALIFORNIA,2017,10,,-,0,,4,,,-,15,,,-,0,,0,,,-,,-,,-,0,,0,,,-,,-,"CALIFORNIA
(37.640735, -121.002435)",
ARKANSAS,2017,10,,-,0,,3,,4,,5,,,-,0,,0,,,-,,-,,-,0,,0,,,-,,-,"ARKANSAS
(34.748745, -92.275105)",
UNITED STATES,2017,11,16,,52,,114,,269,,464,,,-,0,,2,,1,,1,,,-,0,,2,,3,,,-,,
NEW ENGLAND,2017,11,,-,4,,13,,12,,41,,,-,0,,0,,,-,,-,,-,0,,1,,1,,,-,,
MID. ATLANTIC,2017,11,2,,8,,33,,62,,67,,,-,0,,1,,1,,,-,,-,0,,0,,,-,,-,,
NEW YORK CITY,2017,11,,-,0,,0,,,-,,-,,-,0,,0,,,-,,-,,-,0,,0,,,-,,-,,
E.N. CENTRAL,2017,11,,-,2,,11,,1,,2,,,-,0,,0,,,-,,-,,-,0,,1,,,-,,-,,
W.N. CENTRAL,2017,11,1,,2,,8,,10,,15,,,-,0,,0,,,-,,-,,-,0,,1,,1,,,-,,
S. ATLANTIC,2017,11,3,,11,,24,,100,,172,,,-,0,,2,,,-,1,,,-,0,,1,,,-,,-,,
E.S. CENTRAL,2017,11,,-,2,,7,,11,,18,,,-,0,,0,,,-,,-,,-,0,,0,,,-,,-,,
W.S. CENTRAL,2017,11,9,,14,,42,,68,,122,,,-,0,,0,,,-,,-,,-,0,,1,,1,,,-,,
MOUNTAIN,2017,11,,-,1,,8,,,-,5,,,-,0,,0,,,-,,-,,-,0,,0,,,-,,-,,
PACIFIC,2017,11,1,,0,,4,,5,,22,,,-,0,,0,,,-,,-,,-,0,,0,,,-,,-,,
AMER. SAMOA,2017,11,,U,0,,0,,,U,,U,,-,0,,0,,,-,,-,,-,0,,0,,,-,,-,,
OHIO,2017,11,,-,0,,8,,1,,2,,,-,0,,0,,,-,,-,,-,0,,0,,,-,,-,"OHIO
(40.056807, -82.405897)",
HAWAII,2017,11,,-,0,,0,,,-,,-,,-,0,,0,,,-,,-,,-,0,,0,,,-,,-,"HAWAII
(21.30992, -157.858158)",
DIST. OF COL.,2017,11,,-,0,,0,,,-,,-,,-,0,,0,,,-,,-,,-,0,,0,,,-,,-,"DISTRICT OF COLUMBIA
(38.892062, -77.019912)",
DELAWARE,2017,11,,-,0,,0,,,-,,-,,-,0,,0,,,-,,-,,-,0,,0,,,-,,-,"DELAWARE
(39.008676, -75.574561)",
WASHINGTON,2017,11,,-,0,,0,,,-,,-,,-,0,,0,,,-,,-,,-,0,,0,,,-,,-,"WASHINGTON
(47.517368, -120.467672)",
VIRGINIA,2017,11,,-,0,,0,,,-,,-,,-,0,,0,,,-,,-,,-,0,,0,,,-,,-,"VIRGINIA
(37.542699, -78.45822)",
IOWA,2017,11,,-,0,,0,,,-,,-,,-,0,,0,,,-,,-,,-,0,,0,,,-,,-,"IOWA
(42.46942, -93.815856)",
PENNSYLVANIA,2017,11,,-,0,,0,,,-,,-,,-,0,,1,,1,,,-,,-,0,,0,,,-,,-,"PENNSYLVANIA
(40.789676, -77.858055)",
MISSISSIPPI,2017,11,,-,0,,1,,,-,,-,,-,0,,0,,,-,,-,,-,0,,0,,,-,,-,"MISSISSIPPI
(32.738663, -89.537312)",
PUERTO RICO,2017,11,,-,0,,0,,,-,,-,,-,0,,0,,,-,,-,,-,0,,0,,,-,,-,"PUERTO RICO
(18.215692, -66.414655)",
MARYLAND,2017,11,,-,5,,21,,32,,45,,,-,0,,0,,,-,,-,,-,0,,1,,,-,,-,"MARYLAND
(39.290443, -76.612333)",
CALIFORNIA,2017,11,,-,0,,4,,,-,15,,,-,0,,0,,,-,,-,,-,0,,0,,,-,,-,"CALIFORNIA
(37.640735, -121.002435)",
OKLAHOMA,2017,11,3,,0,,23,,6,,10,,,-,0,,0,,,-,,-,,-,0,,0,,,-,,-,"OKLAHOMA
(35.468494, -97.521264)",
C.N.M.I.,2017,11,,-,,-,,-,,-,,-,,-,,-,,-,,-,,-,,-,,-,,-,,-,,-,"NORTHERN MARIANA ISLANDS
(15.1834, 145.725693)",
OREGON,2017,11,,-,0,,2,,,-,,-,,-,0,,0,,,-,,-,,-,0,,0,,,-,,-,"OREGON
(44.567912, -120.156945)",
MISSOURI,2017,11,,-,0,,4,,,-,2,,,-,0,,0,,,-,,-,,-,0,,1,,1,,,-,"MISSOURI
(38.636168, -92.566292)",
NORTH DAKOTA,2017,11,,-,0,,0,,,-,,-,,-,0,,0,,,-,,-,,-,0,,0,,,-,,-,"NORTH DAKOTA
(47.475879, -100.121011)",
VERMONT,2017,11,,-,1,,4,,4,,6,,,-,0,,0,,,-,,-,,-,0,,0,,,-,,-,"VERMONT
(43.622479, -72.51927)",
WYOMING,2017,11,,-,0,,5,,,-,4,,,-,0,,0,,,-,,-,,-,0,,0,,,-,,-,"WYOMING
(43.23558, -108.110518)",
VIRGIN ISL.,2017,11,,-,0,,0,,,-,,-,,-,0,,0,,,-,,-,,-,0,,0,,,-,,-,"VIRGIN ISLANDS
(18.060868, -64.840836)",
RHODE ISLAND,2017,11,,-,0,,4,,1,,2,,,-,0,,0,,,-,,-,,-,0,,0,,,-,,-,"RHODE ISLAND
(41.707447, -71.522488)",
INDIANA,2017,11,,-,0,,0,,,-,,-,,-,0,,0,,,-,,-,,-,0,,0,,,-,,-,"INDIANA
(39.76845, -86.156212)",
ARIZONA,2017,11,,N,0,,0,,,N,,N,,-,0,,0,,,-,,-,,-,0,,0,,,-,,-,"ARIZONA
(34.869712, -111.760902)",
NEW YORK,2017,11,2,,8,,33,,62,,67,,,-,0,,0,,,-,,-,,-,0,,0,,,-,,-,"NEW YORK
(42.826892, -75.544286)",
MASSACHUSETTS,2017,11,,-,0,,0,,,-,,-,,-,0,,0,,,-,,-,,-,0,,1,,1,,,-,"MASSACHUSETTS
(42.268546, -72.085064)",
MICHIGAN,2017,11,,-,0,,3,,,-,,-,,-,0,,0,,,-,,-,,-,0,,0,,,-,,-,"MICHIGAN
(44.66399, -84.711206)",
SOUTH DAKOTA,2017,11,,-,0,,3,,4,,3,,,-,0,,0,,,-,,-,,-,0,,0,,,-,,-,"SOUTH DAKOTA
(44.35371, -100.373709)",
IDAHO,2017,11,,-,0,,4,,,-,,-,,-,0,,0,,,-,,-,,-,0,,0,,,-,,-,"IDAHO
(43.680635, -114.364237)",
MINNESOTA,2017,11,,-,0,,0,,,-,,-,,-,0,,0,,,-,,-,,-,0,,0,,,-,,-,"MINNESOTA
(46.357661, -94.793397)",
CONNECTICUT,2017,11,,-,1,,6,,4,,22,,,-,0,,0,,,-,,-,,-,0,,0,,,-,,-,"CONNECTICUT
(41.544654, -72.651713)",
ALABAMA,2017,11,,-,1,,7,,7,,17,,,-,0,,0,,,-,,-,,-,0,,0,,,-,,-,"ALABAMA
(32.839182, -86.631125)",
FLORIDA,2017,11,,-,0,,9,,32,,84,,,-,0,,2,,,-,1,,,-,0,,0,,,-,,-,"FLORIDA
(28.915325, -81.922409)",
TEXAS,2017,11,6,,12,,42,,58,,107,,,-,0,,0,,,-,,-,,-,0,,1,,1,,,-,"TEXAS
(31.827233, -99.423022)",
WISCONSIN,2017,11,,N,0,,0,,,N,,N,,-,0,,0,,,-,,-,,-,0,,0,,,-,,-,"WISCONSIN
(44.395526, -89.834513)",
NEBRASKA,2017,11,,-,0,,2,,2,,1,,,-,0,,0,,,-,,-,,-,0,,0,,,-,,-,"NEBRASKA
(41.640503, -99.367122)",
KANSAS,2017,11,1,,0,,8,,4,,9,,,-,0,,0,,,-,,-,,-,0,,0,,,-,,-,"KANSAS
(38.345528, -98.201847)",
KENTUCKY,2017,11,,-,0,,5,,4,,1,,,-,0,,0,,,-,,-,,-,0,,0,,,-,,-,"KENTUCKY
(37.64591, -84.774043)",
NEW HAMPSHIRE,2017,11,,-,0,,2,,,-,2,,,-,0,,0,,,-,,-,,-,0,,0,,,-,,-,"NEW HAMPSHIRE
(43.657736, -71.500736)",
NEW MEXICO,2017,11,,-,0,,1,,,-,1,,,-,0,,0,,,-,,-,,-,0,,0,,,-,,-,"NEW MEXICO
(34.520396, -106.244402)",
SOUTH CAROLINA,2017,11,,N,0,,0,,,N,,N,,-,0,,0,,,-,,-,,-,0,,0,,,-,,-,"SOUTH CAROLINA
(34.009286, -81.037094)",
ALASKA,2017,11,1,,0,,1,,5,,7,,,-,0,,0,,,-,,-,,-,0,,0,,,-,,-,"ALASKA
(64.836661, -147.738891)",
TENNESSEE,2017,11,,-,0,,0,,,-,,-,,-,0,,0,,,-,,-,,-,0,,0,,,-,,-,"TENNESSEE
(35.681402, -85.774444)",
MONTANA,2017,11,,-,0,,0,,,-,,-,,-,0,,0,,,-,,-,,-,0,,0,,,-,,-,"MONTANA
(47.062617, -109.430168)",
UTAH,2017,11,,-,0,,3,,,-,,-,,-,0,,0,,,-,,-,,-,0,,0,,,-,,-,"UTAH
(39.359772, -111.584173)",
NEVADA,2017,11,,-,0,,2,,,-,,-,,-,0,,0,,,-,,-,,-,0,,0,,,-,,-,"NEVADA
(39.491833, -117.070159)",
ILLINOIS,2017,11,,-,0,,7,,,-,,-,,-,0,,0,,,-,,-,,-,0,,1,,,-,,-,"ILLINOIS
(40.477092, -88.993221)",
ARKANSAS,2017,11,,-,0,,3,,4,,5,,,-,0,,0,,,-,,-,,-,0,,0,,,-,,-,"ARKANSAS
(34.748745, -92.275105)",
NEW JERSEY,2017,11,,-,0,,0,,,-,,-,,-,0,,0,,,-,,-,,-,0,,0,,,-,,-,"NEW JERSEY
(40.104655, -74.386686)",
GEORGIA,2017,11,,-,0,,0,,,-,,-,,-,0,,0,,,-,,-,,-,0,,0,,,-,,-,"GEORGIA
(32.836038, -83.631709)",
LOUISIANA,2017,11,,-,0,,0,,,-,,-,,-,0,,0,,,-,,-,,-,0,,0,,,-,,-,"LOUISIANA
(31.2931, -92.463284)",
WEST VIRGINIA,2017,11,,-,0,,3,,2,,3,,,-,0,,0,,,-,,-,,-,0,,0,,,-,,-,"WEST VIRGINIA
(38.668501, -80.709421)",
GUAM,2017,11,,-,0,,0,,,-,,-,,-,0,,0,,,-,,-,,-,0,,0,,,-,,-,"GUAM
(13.3532, 144.653198)",
COLORADO,2017,11,,-,0,,0,,,-,,-,,-,0,,0,,,-,,-,,-,0,,0,,,-,,-,"COLORADO
(38.841772, -106.132562)",
NORTH CAROLINA,2017,11,3,,5,,10,,34,,40,,,-,0,,0,,,-,,-,,-,0,,0,,,-,,-,"NORTH CAROLINA
(35.47995, -79.180571)",
MAINE,2017,11,,-,1,,6,,3,,9,,,-,0,,0,,,-,,-,,-,0,,0,,,-,,-,"MAINE
(45.252223, -68.986647)",
UNITED STATES,2017,12,23,,50,,114,,298,,520,,,-,0,,2,,1,,1,,,-,0,,2,,3,,,-,,
NEW ENGLAND,2017,12,3,,3,,13,,16,,50,,,-,0,,0,,,-,,-,,-,0,,1,,1,,,-,,
MID. ATLANTIC,2017,12,6,,8,,33,,68,,77,,,-,0,,1,,1,,,-,,-,0,,0,,,-,,-,,
NEW YORK CITY,2017,12,,-,0,,0,,,-,,-,,-,0,,0,,,-,,-,,-,0,,0,,,-,,-,,
E.N. CENTRAL,2017,12,,-,2,,11,,1,,2,,,-,0,,0,,,-,,-,,-,0,,1,,,-,,-,,
W.N. CENTRAL,2017,12,4,,2,,8,,14,,18,,,-,0,,0,,,-,,-,,-,0,,1,,1,,,-,,
S. ATLANTIC,2017,12,1,,11,,24,,105,,187,,,-,0,,2,,,-,1,,,-,0,,1,,,-,,-,,
E.S. CENTRAL,2017,12,1,,2,,7,,12,,19,,,-,0,,0,,,-,,-,,-,0,,0,,,-,,-,,
W.S. CENTRAL,2017,12,8,,13,,42,,77,,136,,,-,0,,0,,,-,,-,,-,0,,1,,1,,,-,,
MOUNTAIN,2017,12,,-,1,,8,,,-,6,,,-,0,,0,,,-,,-,,-,0,,0,,,-,,-,,
PACIFIC,2017,12,,-,0,,4,,5,,25,,,-,0,,0,,,-,,-,,-,0,,0,,,-,,-,,
AMER. SAMOA,2017,12,,U,0,,0,,,U,,U,,-,0,,0,,,-,,-,,-,0,,0,,,-,,-,,
FLORIDA,2017,12,,-,0,,10,,36,,84,,,-,0,,2,,,-,1,,,-,0,,0,,,-,,-,"FLORIDA
(28.915325, -81.922409)",
NEW HAMPSHIRE,2017,12,,-,0,,2,,,-,2,,,-,0,,0,,,-,,-,,-,0,,0,,,-,,-,"NEW HAMPSHIRE
(43.657736, -71.500736)",
KENTUCKY,2017,12,,-,0,,5,,4,,1,,,-,0,,0,,,-,,-,,-,0,,0,,,-,,-,"KENTUCKY
(37.64591, -84.774043)",
OHIO,2017,12,,-,0,,8,,1,,2,,,-,0,,0,,,-,,-,,-,0,,0,,,-,,-,"OHIO
(40.056807, -82.405897)",
ALASKA,2017,12,,-,0,,1,,5,,8,,,-,0,,0,,,-,,-,,-,0,,0,,,-,,-,"ALASKA
(64.836661, -147.738891)",
COLORADO,2017,12,,-,0,,0,,,-,,-,,-,0,,0,,,-,,-,,-,0,,0,,,-,,-,"COLORADO
(38.841772, -106.132562)",
DIST. OF COL.,2017,12,,-,0,,0,,,-,,-,,-,0,,0,,,-,,-,,-,0,,0,,,-,,-,"DISTRICT OF COLUMBIA
(38.892062, -77.019912)",
MINNESOTA,2017,12,,-,0,,0,,,-,,-,,-,0,,0,,,-,,-,,-,0,,0,,,-,,-,"MINNESOTA
(46.357661, -94.793397)",
NEBRASKA,2017,12,,-,0,,2,,2,,1,,,-,0,,0,,,-,,-,,-,0,,0,,,-,,-,"NEBRASKA
(41.640503, -99.367122)",
PUERTO RICO,2017,12,,-,0,,0,,,-,,-,,-,0,,0,,,-,,-,,-,0,,0,,,-,,-,"PUERTO RICO
(18.215692, -66.414655)",
ALABAMA,2017,12,1,,1,,7,,8,,18,,,-,0,,0,,,-,,-,,-,0,,0,,,-,,-,"ALABAMA
(32.839182, -86.631125)",
CALIFORNIA,2017,12,,-,0,,4,,,-,17,,,-,0,,0,,,-,,-,,-,0,,0,,,-,,-,"CALIFORNIA
(37.640735, -121.002435)",
HAWAII,2017,12,,-,0,,0,,,-,,-,,-,0,,0,,,-,,-,,-,0,,0,,,-,,-,"HAWAII
(21.30992, -157.858158)",
KANSAS,2017,12,4,,0,,8,,8,,12,,,-,0,,0,,,-,,-,,-,0,,0,,,-,,-,"KANSAS
(38.345528, -98.201847)",
VERMONT,2017,12,2,,0,,4,,6,,8,,,-,0,,0,,,-,,-,,-,0,,0,,,-,,-,"VERMONT
(43.622479, -72.51927)",
NEW JERSEY,2017,12,,-,0,,0,,,-,,-,,-,0,,0,,,-,,-,,-,0,,0,,,-,,-,"NEW JERSEY
(40.104655, -74.386686)",
VIRGINIA,2017,12,,-,0,,0,,,-,,-,,-,0,,0,,,-,,-,,-,0,,0,,,-,,-,"VIRGINIA
(37.542699, -78.45822)",
DELAWARE,2017,12,,-,0,,0,,,-,,-,,-,0,,0,,,-,,-,,-,0,,0,,,-,,-,"DELAWARE
(39.008676, -75.574561)",
OKLAHOMA,2017,12,1,,0,,23,,7,,11,,,-,0,,0,,,-,,-,,-,0,,0,,,-,,-,"OKLAHOMA
(35.468494, -97.521264)",
NEVADA,2017,12,,-,0,,2,,,-,,-,,-,0,,0,,,-,,-,,-,0,,0,,,-,,-,"NEVADA
(39.491833, -117.070159)",
WEST VIRGINIA,2017,12,,-,0,,3,,2,,4,,,-,0,,0,,,-,,-,,-,0,,0,,,-,,-,"WEST VIRGINIA
(38.668501, -80.709421)",
NEW YORK,2017,12,6,,8,,33,,68,,77,,,-,0,,0,,,-,,-,,-,0,,0,,,-,,-,"NEW YORK
(42.826892, -75.544286)",
MISSOURI,2017,12,,-,0,,4,,,-,2,,,-,0,,0,,,-,,-,,-,0,,1,,1,,,-,"MISSOURI
(38.636168, -92.566292)",
CONNECTICUT,2017,12,,-,1,,6,,5,,26,,,-,0,,0,,,-,,-,,-,0,,0,,,-,,-,"CONNECTICUT
(41.544654, -72.651713)",
OREGON,2017,12,,-,0,,2,,,-,,-,,-,0,,0,,,-,,-,,-,0,,0,,,-,,-,"OREGON
(44.567912, -120.156945)",
MASSACHUSETTS,2017,12,,-,0,,0,,,-,,-,,-,0,,0,,,-,,-,,-,0,,1,,1,,,-,"MASSACHUSETTS
(42.268546, -72.085064)",
IDAHO,2017,12,,-,0,,4,,,-,,-,,-,0,,0,,,-,,-,,-,0,,0,,,-,,-,"IDAHO
(43.680635, -114.364237)",
C.N.M.I.,2017,12,,-,,-,,-,,-,,-,,-,,-,,-,,-,,-,,-,,-,,-,,-,,-,"NORTHERN MARIANA ISLANDS
(15.1834, 145.725693)",
ARKANSAS,2017,12,1,,0,,3,,5,,5,,,-,0,,0,,,-,,-,,-,0,,0,,,-,,-,"ARKANSAS
(34.748745, -92.275105)",
MARYLAND,2017,12,,-,5,,21,,32,,54,,,-,0,,0,,,-,,-,,-,0,,1,,,-,,-,"MARYLAND
(39.290443, -76.612333)",
NORTH DAKOTA,2017,12,,-,0,,0,,,-,,-,,-,0,,0,,,-,,-,,-,0,,0,,,-,,-,"NORTH DAKOTA
(47.475879, -100.121011)",
TENNESSEE,2017,12,,-,0,,0,,,-,,-,,-,0,,0,,,-,,-,,-,0,,0,,,-,,-,"TENNESSEE
(35.681402, -85.774444)",
WISCONSIN,2017,12,,N,0,,0,,,N,,N,,-,0,,0,,,-,,-,,-,0,,0,,,-,,-,"WISCONSIN
(44.395526, -89.834513)",
VIRGIN ISL.,2017,12,,-,0,,0,,,-,,-,,-,0,,0,,,-,,-,,-,0,,0,,,-,,-,"VIRGIN ISLANDS
(18.060868, -64.840836)",
MICHIGAN,2017,12,,-,0,,3,,,-,,-,,-,0,,0,,,-,,-,,-,0,,0,,,-,,-,"MICHIGAN
(44.66399, -84.711206)",
ARIZONA,2017,12,,N,0,,0,,,N,,N,,-,0,,0,,,-,,-,,-,0,,0,,,-,,-,"ARIZONA
(34.869712, -111.760902)",
NORTH CAROLINA,2017,12,1,,5,,10,,35,,45,,,-,0,,0,,,-,,-,,-,0,,0,,,-,,-,"NORTH CAROLINA
(35.47995, -79.180571)",
TEXAS,2017,12,6,,12,,42,,65,,120,,,-,0,,0,,,-,,-,,-,0,,1,,1,,,-,"TEXAS
(31.827233, -99.423022)",
WYOMING,2017,12,,-,0,,5,,,-,4,,,-,0,,0,,,-,,-,,-,0,,0,,,-,,-,"WYOMING
(43.23558, -108.110518)",
MAINE,2017,12,1,,1,,6,,4,,11,,,-,0,,0,,,-,,-,,-,0,,0,,,-,,-,"MAINE
(45.252223, -68.986647)",
GUAM,2017,12,,-,0,,0,,,-,,-,,-,0,,0,,,-,,-,,-,0,,0,,,-,,-,"GUAM
(13.3532, 144.653198)",
PENNSYLVANIA,2017,12,,-,0,,0,,,-,,-,,-,0,,1,,1,,,-,,-,0,,0,,,-,,-,"PENNSYLVANIA
(40.789676, -77.858055)",
MONTANA,2017,12,,-,0,,0,,,-,,-,,-,0,,0,,,-,,-,,-,0,,0,,,-,,-,"MONTANA
(47.062617, -109.430168)",
GEORGIA,2017,12,,-,0,,0,,,-,,-,,-,0,,0,,,-,,-,,-,0,,0,,,-,,-,"GEORGIA
(32.836038, -83.631709)",
RHODE ISLAND,2017,12,,-,0,,4,,1,,3,,,-,0,,0,,,-,,-,,-,0,,0,,,-,,-,"RHODE ISLAND
(41.707447, -71.522488)",
SOUTH CAROLINA,2017,12,,N,0,,0,,,N,,N,,-,0,,0,,,-,,-,,-,0,,0,,,-,,-,"SOUTH CAROLINA
(34.009286, -81.037094)",
UTAH,2017,12,,-,0,,3,,,-,,-,,-,0,,0,,,-,,-,,-,0,,0,,,-,,-,"UTAH
(39.359772, -111.584173)",
WASHINGTON,2017,12,,-,0,,0,,,-,,-,,-,0,,0,,,-,,-,,-,0,,0,,,-,,-,"WASHINGTON
(47.517368, -120.467672)",
SOUTH DAKOTA,2017,12,,-,0,,3,,4,,3,,,-,0,,0,,,-,,-,,-,0,,0,,,-,,-,"SOUTH DAKOTA
(44.35371, -100.373709)",
NEW MEXICO,2017,12,,-,0,,1,,,-,2,,,-,0,,0,,,-,,-,,-,0,,0,,,-,,-,"NEW MEXICO
(34.520396, -106.244402)",
INDIANA,2017,12,,-,0,,0,,,-,,-,,-,0,,0,,,-,,-,,-,0,,0,,,-,,-,"INDIANA
(39.76845, -86.156212)",
ILLINOIS,2017,12,,-,0,,7,,,-,,-,,-,0,,0,,,-,,-,,-,0,,1,,,-,,-,"ILLINOIS
(40.477092, -88.993221)",
IOWA,2017,12,,-,0,,0,,,-,,-,,-,0,,0,,,-,,-,,-,0,,0,,,-,,-,"IOWA
(42.46942, -93.815856)",
MISSISSIPPI,2017,12,,-,0,,1,,,-,,-,,-,0,,0,,,-,,-,,-,0,,0,,,-,,-,"MISSISSIPPI
(32.738663, -89.537312)",
LOUISIANA,2017,12,,-,0,,0,,,-,,-,,-,0,,0,,,-,,-,,-,0,,0,,,-,,-,"LOUISIANA
(31.2931, -92.463284)",
UNITED STATES,2017,13,46,,50,,114,,348,,570,,,-,0,,1,,1,,1,,,-,0,,2,,3,,,-,,
NEW ENGLAND,2017,13,5,,3,,13,,21,,60,,,-,0,,0,,,-,,-,,-,0,,1,,1,,,-,,
MID. ATLANTIC,2017,13,6,,8,,33,,74,,81,,,-,0,,1,,1,,,-,,-,0,,0,,,-,,-,,
NEW YORK CITY,2017,13,,-,0,,0,,,-,,-,,-,0,,0,,,-,,-,,-,0,,0,,,-,,-,,
E.N. CENTRAL,2017,13,1,,2,,11,,2,,4,,,-,0,,0,,,-,,-,,-,0,,1,,,-,,-,,
W.N. CENTRAL,2017,13,7,,2,,8,,21,,21,,,-,0,,0,,,-,,-,,-,0,,1,,1,,,-,,
S. ATLANTIC,2017,13,8,,11,,42,,117,,196,,,-,0,,0,,,-,1,,,-,0,,1,,,-,,-,,
E.S. CENTRAL,2017,13,3,,2,,7,,15,,20,,,-,0,,0,,,-,,-,,-,0,,0,,,-,,-,,
W.S. CENTRAL,2017,13,16,,13,,42,,93,,154,,,-,0,,0,,,-,,-,,-,0,,1,,1,,,-,,
MOUNTAIN,2017,13,,-,0,,8,,,-,6,,,-,0,,0,,,-,,-,,-,0,,0,,,-,,-,,
PACIFIC,2017,13,,-,0,,4,,5,,28,,,-,0,,0,,,-,,-,,-,0,,0,,,-,,-,,
AMER. SAMOA,2017,13,,U,0,,0,,,U,,U,,-,0,,0,,,-,,-,,-,0,,0,,,-,,-,,
TEXAS,2017,13,15,,12,,42,,80,,138,,,-,0,,0,,,-,,-,,-,0,,1,,1,,,-,"TEXAS
(31.827233, -99.423022)",
C.N.M.I.,2017,13,,-,,-,,-,,-,,-,,-,,-,,-,,-,,-,,-,,-,,-,,-,,-,"NORTHERN MARIANA ISLANDS
(15.1834, 145.725693)",
VERMONT,2017,13,1,,0,,4,,7,,8,,,-,0,,0,,,-,,-,,-,0,,0,,,-,,-,"VERMONT
(43.622479, -72.51927)",
OREGON,2017,13,,-,0,,2,,,-,,-,,-,0,,0,,,-,,-,,-,0,,0,,,-,,-,"OREGON
(44.567912, -120.156945)",
PUERTO RICO,2017,13,,-,0,,0,,,-,,-,,-,0,,0,,,-,,-,,-,0,,0,,,-,,-,"PUERTO RICO
(18.215692, -66.414655)",
IOWA,2017,13,,-,0,,0,,,-,,-,,-,0,,0,,,-,,-,,-,0,,0,,,-,,-,"IOWA
(42.46942, -93.815856)",
DELAWARE,2017,13,,-,0,,0,,,-,,-,,-,0,,0,,,-,,-,,-,0,,0,,,-,,-,"DELAWARE
(39.008676, -75.574561)",
ALASKA,2017,13,,-,0,,1,,5,,8,,,-,0,,0,,,-,,-,,-,0,,0,,,-,,-,"ALASKA
(64.836661, -147.738891)",
HAWAII,2017,13,,-,0,,0,,,-,,-,,-,0,,0,,,-,,-,,-,0,,0,,,-,,-,"HAWAII
(21.30992, -157.858158)",
KENTUCKY,2017,13,,-,0,,5,,4,,1,,,-,0,,0,,,-,,-,,-,0,,0,,,-,,-,"KENTUCKY
(37.64591, -84.774043)",
PENNSYLVANIA,2017,13,,-,0,,0,,,-,,-,,-,0,,1,,1,,,-,,-,0,,0,,,-,,-,"PENNSYLVANIA
(40.789676, -77.858055)",
MARYLAND,2017,13,,-,5,,21,,32,,58,,,-,0,,0,,,-,,-,,-,0,,1,,,-,,-,"MARYLAND
(39.290443, -76.612333)",
COLORADO,2017,13,,-,0,,0,,,-,,-,,-,0,,0,,,-,,-,,-,0,,0,,,-,,-,"COLORADO
(38.841772, -106.132562)",
NEW MEXICO,2017,13,,-,0,,1,,,-,2,,,-,0,,0,,,-,,-,,-,0,,0,,,-,,-,"NEW MEXICO
(34.520396, -106.244402)",
NEW HAMPSHIRE,2017,13,,-,0,,2,,,-,2,,,-,0,,0,,,-,,-,,-,0,,0,,,-,,-,"NEW HAMPSHIRE
(43.657736, -71.500736)",
MAINE,2017,13,2,,1,,6,,6,,17,,,-,0,,0,,,-,,-,,-,0,,0,,,-,,-,"MAINE
(45.252223, -68.986647)",
OKLAHOMA,2017,13,1,,0,,23,,8,,11,,,-,0,,0,,,-,,-,,-,0,,0,,,-,,-,"OKLAHOMA
(35.468494, -97.521264)",
TENNESSEE,2017,13,,-,0,,0,,,-,,-,,-,0,,0,,,-,,-,,-,0,,0,,,-,,-,"TENNESSEE
(35.681402, -85.774444)",
WYOMING,2017,13,,-,0,,5,,,-,4,,,-,0,,0,,,-,,-,,-,0,,0,,,-,,-,"WYOMING
(43.23558, -108.110518)",
MISSISSIPPI,2017,13,,-,0,,1,,,-,,-,,-,0,,0,,,-,,-,,-,0,,0,,,-,,-,"MISSISSIPPI
(32.738663, -89.537312)",
RHODE ISLAND,2017,13,2,,0,,4,,3,,3,,,-,0,,0,,,-,,-,,-,0,,0,,,-,,-,"RHODE ISLAND
(41.707447, -71.522488)",
MISSOURI,2017,13,2,,0,,4,,2,,2,,,-,0,,0,,,-,,-,,-,0,,1,,1,,,-,"MISSOURI
(38.636168, -92.566292)",
SOUTH CAROLINA,2017,13,,N,0,,0,,,N,,N,,-,0,,0,,,-,,-,,-,0,,0,,,-,,-,"SOUTH CAROLINA
(34.009286, -81.037094)",
VIRGIN ISL.,2017,13,,-,0,,0,,,-,,-,,-,0,,0,,,-,,-,,-,0,,0,,,-,,-,"VIRGIN ISLANDS
(18.060868, -64.840836)",
LOUISIANA,2017,13,,-,0,,0,,,-,,-,,-,0,,0,,,-,,-,,-,0,,0,,,-,,-,"LOUISIANA
(31.2931, -92.463284)",
INDIANA,2017,13,,-,0,,0,,,-,,-,,-,0,,0,,,-,,-,,-,0,,0,,,-,,-,"INDIANA
(39.76845, -86.156212)",
MICHIGAN,2017,13,,-,0,,4,,,-,2,,,-,0,,0,,,-,,-,,-,0,,0,,,-,,-,"MICHIGAN
(44.66399, -84.711206)",
SOUTH DAKOTA,2017,13,3,,0,,3,,7,,3,,,-,0,,0,,,-,,-,,-,0,,0,,,-,,-,"SOUTH DAKOTA
(44.35371, -100.373709)",
WEST VIRGINIA,2017,13,2,,0,,3,,4,,4,,,-,0,,0,,,-,,-,,-,0,,0,,,-,,-,"WEST VIRGINIA
(38.668501, -80.709421)",
NORTH CAROLINA,2017,13,6,,5,,10,,41,,52,,,-,0,,0,,,-,,-,,-,0,,0,,,-,,-,"NORTH CAROLINA
(35.47995, -79.180571)",
KANSAS,2017,13,2,,0,,8,,10,,14,,,-,0,,0,,,-,,-,,-,0,,0,,,-,,-,"KANSAS
(38.345528, -98.201847)",
MASSACHUSETTS,2017,13,,-,0,,0,,,-,,-,,-,0,,0,,,-,,-,,-,0,,1,,1,,,-,"MASSACHUSETTS
(42.268546, -72.085064)",
ILLINOIS,2017,13,,-,0,,7,,,-,,-,,-,0,,0,,,-,,-,,-,0,,1,,,-,,-,"ILLINOIS
(40.477092, -88.993221)",
NEBRASKA,2017,13,,-,0,,2,,2,,2,,,-,0,,0,,,-,,-,,-,0,,0,,,-,,-,"NEBRASKA
(41.640503, -99.367122)",
CALIFORNIA,2017,13,,-,0,,4,,,-,20,,,-,0,,0,,,-,,-,,-,0,,0,,,-,,-,"CALIFORNIA
(37.640735, -121.002435)",
NORTH DAKOTA,2017,13,,-,0,,0,,,-,,-,,-,0,,0,,,-,,-,,-,0,,0,,,-,,-,"NORTH DAKOTA
(47.475879, -100.121011)",
NEW YORK,2017,13,6,,8,,33,,74,,81,,,-,0,,0,,,-,,-,,-,0,,0,,,-,,-,"NEW YORK
(42.826892, -75.544286)",
NEVADA,2017,13,,-,0,,2,,,-,,-,,-,0,,0,,,-,,-,,-,0,,0,,,-,,-,"NEVADA
(39.491833, -117.070159)",
DIST. OF COL.,2017,13,,-,0,,0,,,-,,-,,-,0,,0,,,-,,-,,-,0,,0,,,-,,-,"DISTRICT OF COLUMBIA
(38.892062, -77.019912)",
MONTANA,2017,13,,-,0,,0,,,-,,-,,-,0,,0,,,-,,-,,-,0,,0,,,-,,-,"MONTANA
(47.062617, -109.430168)",
WASHINGTON,2017,13,,-,0,,0,,,-,,-,,-,0,,0,,,-,,-,,-,0,,0,,,-,,-,"WASHINGTON
(47.517368, -120.467672)",
CONNECTICUT,2017,13,,-,1,,6,,5,,30,,,-,0,,0,,,-,,-,,-,0,,0,,,-,,-,"CONNECTICUT
(41.544654, -72.651713)",
GUAM,2017,13,,-,0,,0,,,-,,-,,-,0,,0,,,-,,-,,-,0,,0,,,-,,-,"GUAM
(13.3532, 144.653198)",
MINNESOTA,2017,13,,-,0,,0,,,-,,-,,-,0,,0,,,-,,-,,-,0,,0,,,-,,-,"MINNESOTA
(46.357661, -94.793397)",
IDAHO,2017,13,,-,0,,4,,,-,,-,,-,0,,0,,,-,,-,,-,0,,0,,,-,,-,"IDAHO
(43.680635, -114.364237)",
ALABAMA,2017,13,3,,1,,7,,11,,19,,,-,0,,0,,,-,,-,,-,0,,0,,,-,,-,"ALABAMA
(32.839182, -86.631125)",
ARKANSAS,2017,13,,-,0,,3,,5,,5,,,-,0,,0,,,-,,-,,-,0,,0,,,-,,-,"ARKANSAS
(34.748745, -92.275105)",
FLORIDA,2017,13,,-,0,,40,,40,,82,,,-,0,,0,,,-,1,,,-,0,,0,,,-,,-,"FLORIDA
(28.915325, -81.922409)",
UTAH,2017,13,,-,0,,3,,,-,,-,,-,0,,0,,,-,,-,,-,0,,0,,,-,,-,"UTAH
(39.359772, -111.584173)",
OHIO,2017,13,1,,0,,8,,2,,2,,,-,0,,0,,,-,,-,,-,0,,0,,,-,,-,"OHIO
(40.056807, -82.405897)",
VIRGINIA,2017,13,,-,0,,0,,,-,,-,,-,0,,0,,,-,,-,,-,0,,0,,,-,,-,"VIRGINIA
(37.542699, -78.45822)",
GEORGIA,2017,13,,-,0,,0,,,-,,-,,-,0,,0,,,-,,-,,-,0,,0,,,-,,-,"GEORGIA
(32.836038, -83.631709)",
WISCONSIN,2017,13,,N,0,,0,,,N,,N,,-,0,,0,,,-,,-,,-,0,,0,,,-,,-,"WISCONSIN
(44.395526, -89.834513)",
ARIZONA,2017,13,,N,0,,0,,,N,,N,,-,0,,0,,,-,,-,,-,0,,0,,,-,,-,"ARIZONA
(34.869712, -111.760902)",
NEW JERSEY,2017,13,,-,0,,0,,,-,,-,,-,0,,0,,,-,,-,,-,0,,0,,,-,,-,"NEW JERSEY
(40.104655, -74.386686)",
UNITED STATES,2017,14,26,,50,,114,,391,,645,,1,,0,,1,,2,,1,,,-,0,,2,,3,,,-,,
NEW ENGLAND,2017,14,2,,4,,13,,24,,64,,,-,0,,0,,,-,,-,,-,0,,1,,1,,,-,,
MID. ATLANTIC,2017,14,1,,8,,33,,75,,114,,,-,0,,1,,1,,,-,,-,0,,0,,,-,,-,,
NEW YORK CITY,2017,14,,-,0,,0,,,-,,-,,-,0,,0,,,-,,-,,-,0,,0,,,-,,-,,
E.N. CENTRAL,2017,14,,-,2,,11,,2,,4,,,-,0,,0,,,-,,-,,-,0,,1,,,-,,-,,
W.N. CENTRAL,2017,14,5,,2,,8,,26,,22,,,-,0,,0,,,-,,-,,-,0,,1,,1,,,-,,
S. ATLANTIC,2017,14,10,,11,,43,,138,,209,,,-,0,,0,,,-,1,,,-,0,,1,,,-,,-,,
E.S. CENTRAL,2017,14,1,,2,,7,,16,,21,,,-,0,,0,,,-,,-,,-,0,,0,,,-,,-,,
W.S. CENTRAL,2017,14,6,,13,,42,,104,,173,,1,,0,,0,,1,,,-,,-,0,,1,,1,,,-,,
MOUNTAIN,2017,14,,-,0,,8,,,-,8,,,-,0,,0,,,-,,-,,-,0,,0,,,-,,-,,
PACIFIC,2017,14,1,,0,,4,,6,,30,,,-,0,,0,,,-,,-,,-,0,,0,,,-,,-,,
AMER. SAMOA,2017,14,,U,0,,0,,,U,,U,,-,0,,0,,,-,,-,,-,0,,0,,,-,,-,,
NEW HAMPSHIRE,2017,14,,-,0,,2,,,-,4,,,-,0,,0,,,-,,-,,-,0,,0,,,-,,-,"NEW HAMPSHIRE
(43.657736, -71.500736)",
MISSOURI,2017,14,,-,0,,4,,2,,2,,,-,0,,0,,,-,,-,,-,0,,1,,1,,,-,"MISSOURI
(38.636168, -92.566292)",
SOUTH CAROLINA,2017,14,,N,0,,0,,,N,,N,,-,0,,0,,,-,,-,,-,0,,0,,,-,,-,"SOUTH CAROLINA
(34.009286, -81.037094)",
NEVADA,2017,14,,-,0,,2,,,-,,-,,-,0,,0,,,-,,-,,-,0,,0,,,-,,-,"NEVADA
(39.491833, -117.070159)",
MICHIGAN,2017,14,,-,0,,4,,,-,2,,,-,0,,0,,,-,,-,,-,0,,0,,,-,,-,"MICHIGAN
(44.66399, -84.711206)",
TENNESSEE,2017,14,,-,0,,0,,,-,,-,,-,0,,0,,,-,,-,,-,0,,0,,,-,,-,"TENNESSEE
(35.681402, -85.774444)",
UTAH,2017,14,,-,0,,3,,,-,,-,,-,0,,0,,,-,,-,,-,0,,0,,,-,,-,"UTAH
(39.359772, -111.584173)",
INDIANA,2017,14,,-,0,,0,,,-,,-,,-,0,,0,,,-,,-,,-,0,,0,,,-,,-,"INDIANA
(39.76845, -86.156212)",
VIRGINIA,2017,14,,-,0,,0,,,-,,-,,-,0,,0,,,-,,-,,-,0,,0,,,-,,-,"VIRGINIA
(37.542699, -78.45822)",
WEST VIRGINIA,2017,14,1,,0,,3,,5,,6,,,-,0,,0,,,-,,-,,-,0,,0,,,-,,-,"WEST VIRGINIA
(38.668501, -80.709421)",
WASHINGTON,2017,14,,-,0,,0,,,-,,-,,-,0,,0,,,-,,-,,-,0,,0,,,-,,-,"WASHINGTON
(47.517368, -120.467672)",
COLORADO,2017,14,,-,0,,0,,,-,,-,,-,0,,0,,,-,,-,,-,0,,0,,,-,,-,"COLORADO
(38.841772, -106.132562)",
HAWAII,2017,14,,-,0,,0,,,-,,-,,-,0,,0,,,-,,-,,-,0,,0,,,-,,-,"HAWAII
(21.30992, -157.858158)",
OKLAHOMA,2017,14,,-,0,,23,,8,,11,,,-,0,,0,,,-,,-,,-,0,,0,,,-,,-,"OKLAHOMA
(35.468494, -97.521264)",
MASSACHUSETTS,2017,14,,-,0,,0,,,-,,-,,-,0,,0,,,-,,-,,-,0,,1,,1,,,-,"MASSACHUSETTS
(42.268546, -72.085064)",
TEXAS,2017,14,6,,12,,42,,91,,157,,,-,0,,0,,,-,,-,,-,0,,1,,1,,,-,"TEXAS
(31.827233, -99.423022)",
MISSISSIPPI,2017,14,,-,0,,1,,,-,,-,,-,0,,0,,,-,,-,,-,0,,0,,,-,,-,"MISSISSIPPI
(32.738663, -89.537312)",
ILLINOIS,2017,14,,-,0,,7,,,-,,-,,-,0,,0,,,-,,-,,-,0,,1,,,-,,-,"ILLINOIS
(40.477092, -88.993221)",
NORTH DAKOTA,2017,14,,-,0,,0,,,-,,-,,-,0,,0,,,-,,-,,-,0,,0,,,-,,-,"NORTH DAKOTA
(47.475879, -100.121011)",
PENNSYLVANIA,2017,14,,-,0,,0,,,-,,-,,-,0,,1,,1,,,-,,-,0,,0,,,-,,-,"PENNSYLVANIA
(40.789676, -77.858055)",
CONNECTICUT,2017,14,,-,1,,6,,6,,32,,,-,0,,0,,,-,,-,,-,0,,0,,,-,,-,"CONNECTICUT
(41.544654, -72.651713)",
ARIZONA,2017,14,,N,0,,0,,,N,,N,,-,0,,0,,,-,,-,,-,0,,0,,,-,,-,"ARIZONA
(34.869712, -111.760902)",
PUERTO RICO,2017,14,,-,0,,0,,,-,,-,,-,0,,0,,,-,,-,,-,0,,0,,,-,,-,"PUERTO RICO
(18.215692, -66.414655)",
NEW YORK,2017,14,1,,8,,33,,75,,114,,,-,0,,0,,,-,,-,,-,0,,0,,,-,,-,"NEW YORK
(42.826892, -75.544286)",
IDAHO,2017,14,,-,0,,4,,,-,,-,,-,0,,0,,,-,,-,,-,0,,0,,,-,,-,"IDAHO
(43.680635, -114.364237)",
KANSAS,2017,14,3,,0,,8,,13,,15,,,-,0,,0,,,-,,-,,-,0,,0,,,-,,-,"KANSAS
(38.345528, -98.201847)",
ALABAMA,2017,14,1,,1,,7,,12,,20,,,-,0,,0,,,-,,-,,-,0,,0,,,-,,-,"ALABAMA
(32.839182, -86.631125)",
IOWA,2017,14,,-,0,,0,,,-,,-,,-,0,,0,,,-,,-,,-,0,,0,,,-,,-,"IOWA
(42.46942, -93.815856)",
OHIO,2017,14,,-,0,,8,,2,,2,,,-,0,,0,,,-,,-,,-,0,,0,,,-,,-,"OHIO
(40.056807, -82.405897)",
DIST. OF COL.,2017,14,,-,0,,0,,,-,,-,,-,0,,0,,,-,,-,,-,0,,0,,,-,,-,"DISTRICT OF COLUMBIA
(38.892062, -77.019912)",
GEORGIA,2017,14,,-,0,,0,,,-,,-,,-,0,,0,,,-,,-,,-,0,,0,,,-,,-,"GEORGIA
(32.836038, -83.631709)",
MAINE,2017,14,,-,1,,3,,6,,17,,,-,0,,0,,,-,,-,,-,0,,0,,,-,,-,"MAINE
(45.252223, -68.986647)",
ARKANSAS,2017,14,,-,0,,3,,5,,5,,1,,0,,0,,1,,,-,,-,0,,0,,,-,,-,"ARKANSAS
(34.748745, -92.275105)",
GUAM,2017,14,,-,0,,0,,,-,,-,,-,0,,0,,,-,,-,,-,0,,0,,,-,,-,"GUAM
(13.3532, 144.653198)",
FLORIDA,2017,14,,-,0,,41,,41,,82,,,-,0,,0,,,-,1,,,-,0,,0,,,-,,-,"FLORIDA
(28.915325, -81.922409)",
SOUTH DAKOTA,2017,14,,-,0,,3,,7,,3,,,-,0,,0,,,-,,-,,-,0,,0,,,-,,-,"SOUTH DAKOTA
(44.35371, -100.373709)",
RHODE ISLAND,2017,14,,-,0,,4,,3,,3,,,-,0,,0,,,-,,-,,-,0,,0,,,-,,-,"RHODE ISLAND
(41.707447, -71.522488)",
MARYLAND,2017,14,3,,5,,21,,45,,65,,,-,0,,0,,,-,,-,,-,0,,1,,,-,,-,"MARYLAND
(39.290443, -76.612333)",
KENTUCKY,2017,14,,-,0,,5,,4,,1,,,-,0,,0,,,-,,-,,-,0,,0,,,-,,-,"KENTUCKY
(37.64591, -84.774043)",
OREGON,2017,14,,-,0,,2,,,-,,-,,-,0,,0,,,-,,-,,-,0,,0,,,-,,-,"OREGON
(44.567912, -120.156945)",
CALIFORNIA,2017,14,,-,0,,4,,,-,22,,,-,0,,0,,,-,,-,,-,0,,0,,,-,,-,"CALIFORNIA
(37.640735, -121.002435)",
ALASKA,2017,14,1,,0,,1,,6,,8,,,-,0,,0,,,-,,-,,-,0,,0,,,-,,-,"ALASKA
(64.836661, -147.738891)",
NEBRASKA,2017,14,2,,0,,2,,4,,2,,,-,0,,0,,,-,,-,,-,0,,0,,,-,,-,"NEBRASKA
(41.640503, -99.367122)",
WISCONSIN,2017,14,,N,0,,0,,,N,,N,,-,0,,0,,,-,,-,,-,0,,0,,,-,,-,"WISCONSIN
(44.395526, -89.834513)",
LOUISIANA,2017,14,,-,0,,0,,,-,,-,,-,0,,0,,,-,,-,,-,0,,0,,,-,,-,"LOUISIANA
(31.2931, -92.463284)",
NEW MEXICO,2017,14,,-,0,,1,,,-,2,,,-,0,,0,,,-,,-,,-,0,,0,,,-,,-,"NEW MEXICO
(34.520396, -106.244402)",
VIRGIN ISL.,2017,14,,-,0,,0,,,-,,-,,-,0,,0,,,-,,-,,-,0,,0,,,-,,-,"VIRGIN ISLANDS
(18.060868, -64.840836)",
DELAWARE,2017,14,,-,0,,0,,,-,,-,,-,0,,0,,,-,,-,,-,0,,0,,,-,,-,"DELAWARE
(39.008676, -75.574561)",
MONTANA,2017,14,,-,0,,0,,,-,,-,,-,0,,0,,,-,,-,,-,0,,0,,,-,,-,"MONTANA
(47.062617, -109.430168)",
VERMONT,2017,14,2,,1,,4,,9,,8,,,-,0,,0,,,-,,-,,-,0,,0,,,-,,-,"VERMONT
(43.622479, -72.51927)",
NORTH CAROLINA,2017,14,6,,5,,10,,47,,56,,,-,0,,0,,,-,,-,,-,0,,0,,,-,,-,"NORTH CAROLINA
(35.47995, -79.180571)",
MINNESOTA,2017,14,,-,0,,0,,,-,,-,,-,0,,0,,,-,,-,,-,0,,0,,,-,,-,"MINNESOTA
(46.357661, -94.793397)",
WYOMING,2017,14,,-,0,,5,,,-,6,,,-,0,,0,,,-,,-,,-,0,,0,,,-,,-,"WYOMING
(43.23558, -108.110518)",
C.N.M.I.,2017,14,,-,,-,,-,,-,,-,,-,,-,,-,,-,,-,,-,,-,,-,,-,,-,"NORTHERN MARIANA ISLANDS
(15.1834, 145.725693)",
NEW JERSEY,2017,14,,-,0,,0,,,-,,-,,-,0,,0,,,-,,-,,-,0,,0,,,-,,-,"NEW JERSEY
(40.104655, -74.386686)",
UNITED STATES,2017,15,30,,52,,119,,448,,726,,,-,0,,1,,2,,1,,,-,0,,2,,3,,,-,,
NEW ENGLAND,2017,15,,-,4,,13,,25,,70,,,-,0,,0,,,-,,-,,-,0,,1,,1,,,-,,
MID. ATLANTIC,2017,15,,-,8,,24,,75,,138,,,-,0,,1,,1,,,-,,-,0,,0,,,-,,-,,
NEW YORK CITY,2017,15,,-,0,,0,,,-,,-,,-,0,,0,,,-,,-,,-,0,,0,,,-,,-,,
E.N. CENTRAL,2017,15,,-,2,,11,,2,,4,,,-,0,,0,,,-,,-,,-,0,,1,,,-,,-,,
W.N. CENTRAL,2017,15,3,,2,,8,,28,,30,,,-,0,,0,,,-,,-,,-,0,,1,,1,,,-,,
S. ATLANTIC,2017,15,5,,11,,45,,145,,221,,,-,0,,0,,,-,1,,,-,0,,1,,,-,,-,,
E.S. CENTRAL,2017,15,1,,2,,7,,17,,22,,,-,0,,0,,,-,,-,,-,0,,0,,,-,,-,,
W.S. CENTRAL,2017,15,19,,13,,42,,125,,194,,,-,0,,1,,1,,,-,,-,0,,1,,1,,,-,,
MOUNTAIN,2017,15,,-,0,,8,,1,,9,,,-,0,,0,,,-,,-,,-,0,,0,,,-,,-,,
PACIFIC,2017,15,2,,4,,12,,30,,38,,,-,0,,0,,,-,,-,,-,0,,0,,,-,,-,,
AMER. SAMOA,2017,15,,U,0,,0,,,U,,U,,-,0,,0,,,-,,-,,-,0,,0,,,-,,-,,
NEBRASKA,2017,15,,-,0,,2,,4,,2,,,-,0,,0,,,-,,-,,-,0,,0,,,-,,-,"NEBRASKA
(41.640503, -99.367122)",
TENNESSEE,2017,15,,-,0,,0,,,-,,-,,-,0,,0,,,-,,-,,-,0,,0,,,-,,-,"TENNESSEE
(35.681402, -85.774444)",
PUERTO RICO,2017,15,,-,0,,0,,,-,,-,,-,0,,0,,,-,,-,,-,0,,0,,,-,,-,"PUERTO RICO
(18.215692, -66.414655)",
NEW YORK,2017,15,,-,8,,24,,75,,138,,,-,0,,0,,,-,,-,,-,0,,0,,,-,,-,"NEW YORK
(42.826892, -75.544286)",
IDAHO,2017,15,,-,0,,4,,,-,,-,,-,0,,0,,,-,,-,,-,0,,0,,,-,,-,"IDAHO
(43.680635, -114.364237)",
HAWAII,2017,15,,-,0,,0,,,-,,-,,-,0,,0,,,-,,-,,-,0,,0,,,-,,-,"HAWAII
(21.30992, -157.858158)",
WYOMING,2017,15,,-,0,,5,,,-,7,,,-,0,,0,,,-,,-,,-,0,,0,,,-,,-,"WYOMING
(43.23558, -108.110518)",
NEW HAMPSHIRE,2017,15,,-,0,,2,,1,,4,,,-,0,,0,,,-,,-,,-,0,,0,,,-,,-,"NEW HAMPSHIRE
(43.657736, -71.500736)",
TEXAS,2017,15,10,,12,,42,,103,,178,,,-,0,,0,,,-,,-,,-,0,,1,,1,,,-,"TEXAS
(31.827233, -99.423022)",
MISSOURI,2017,15,2,,0,,4,,4,,2,,,-,0,,0,,,-,,-,,-,0,,1,,1,,,-,"MISSOURI
(38.636168, -92.566292)",
ALABAMA,2017,15,1,,1,,7,,13,,21,,,-,0,,0,,,-,,-,,-,0,,0,,,-,,-,"ALABAMA
(32.839182, -86.631125)",
SOUTH DAKOTA,2017,15,,-,0,,3,,6,,3,,,-,0,,0,,,-,,-,,-,0,,0,,,-,,-,"SOUTH DAKOTA
(44.35371, -100.373709)",
NORTH CAROLINA,2017,15,5,,5,,10,,52,,60,,,-,0,,0,,,-,,-,,-,0,,0,,,-,,-,"NORTH CAROLINA
(35.47995, -79.180571)",
DIST. OF COL.,2017,15,,-,0,,0,,,-,,-,,-,0,,0,,,-,,-,,-,0,,0,,,-,,-,"DISTRICT OF COLUMBIA
(38.892062, -77.019912)",
INDIANA,2017,15,,-,0,,0,,,-,,-,,-,0,,0,,,-,,-,,-,0,,0,,,-,,-,"INDIANA
(39.76845, -86.156212)",
MONTANA,2017,15,,-,0,,0,,,-,,-,,-,0,,0,,,-,,-,,-,0,,0,,,-,,-,"MONTANA
(47.062617, -109.430168)",
MAINE,2017,15,,-,1,,4,,6,,19,,,-,0,,0,,,-,,-,,-,0,,0,,,-,,-,"MAINE
(45.252223, -68.986647)",
DELAWARE,2017,15,,-,0,,0,,,-,,-,,-,0,,0,,,-,,-,,-,0,,0,,,-,,-,"DELAWARE
(39.008676, -75.574561)",
C.N.M.I.,2017,15,,-,,-,,-,,-,,-,,-,,-,,-,,-,,-,,-,,-,,-,,-,,-,"NORTHERN MARIANA ISLANDS
(15.1834, 145.725693)",
NORTH DAKOTA,2017,15,,-,0,,0,,,-,,-,,-,0,,0,,,-,,-,,-,0,,0,,,-,,-,"NORTH DAKOTA
(47.475879, -100.121011)",
UTAH,2017,15,,-,0,,3,,,-,,-,,-,0,,0,,,-,,-,,-,0,,0,,,-,,-,"UTAH
(39.359772, -111.584173)",
MASSACHUSETTS,2017,15,,-,0,,0,,,-,,-,,-,0,,0,,,-,,-,,-,0,,1,,1,,,-,"MASSACHUSETTS
(42.268546, -72.085064)",
MARYLAND,2017,15,,-,5,,21,,45,,73,,,-,0,,0,,,-,,-,,-,0,,1,,,-,,-,"MARYLAND
(39.290443, -76.612333)",
NEVADA,2017,15,,-,0,,2,,1,,,-,,-,0,,0,,,-,,-,,-,0,,0,,,-,,-,"NEVADA
(39.491833, -117.070159)",
VIRGINIA,2017,15,,-,0,,0,,,-,,-,,-,0,,0,,,-,,-,,-,0,,0,,,-,,-,"VIRGINIA
(37.542699, -78.45822)",
FLORIDA,2017,15,,-,0,,43,,43,,82,,,-,0,,0,,,-,1,,,-,0,,0,,,-,,-,"FLORIDA
(28.915325, -81.922409)",
ILLINOIS,2017,15,,-,0,,7,,,-,,-,,-,0,,0,,,-,,-,,-,0,,1,,,-,,-,"ILLINOIS
(40.477092, -88.993221)",
NEW JERSEY,2017,15,,-,0,,0,,,-,,-,,-,0,,0,,,-,,-,,-,0,,0,,,-,,-,"NEW JERSEY
(40.104655, -74.386686)",
SOUTH CAROLINA,2017,15,,N,0,,0,,,N,,N,,-,0,,0,,,-,,-,,-,0,,0,,,-,,-,"SOUTH CAROLINA
(34.009286, -81.037094)",
NEW MEXICO,2017,15,,-,0,,1,,,-,2,,,-,0,,0,,,-,,-,,-,0,,0,,,-,,-,"NEW MEXICO
(34.520396, -106.244402)",
KANSAS,2017,15,1,,0,,8,,14,,23,,,-,0,,0,,,-,,-,,-,0,,0,,,-,,-,"KANSAS
(38.345528, -98.201847)",
ARKANSAS,2017,15,6,,0,,3,,11,,5,,,-,0,,1,,1,,,-,,-,0,,0,,,-,,-,"ARKANSAS
(34.748745, -92.275105)",
OREGON,2017,15,,-,0,,2,,,-,,-,,-,0,,0,,,-,,-,,-,0,,0,,,-,,-,"OREGON
(44.567912, -120.156945)",
COLORADO,2017,15,,-,0,,0,,,-,,-,,-,0,,0,,,-,,-,,-,0,,0,,,-,,-,"COLORADO
(38.841772, -106.132562)",
WEST VIRGINIA,2017,15,,-,0,,3,,5,,6,,,-,0,,0,,,-,,-,,-,0,,0,,,-,,-,"WEST VIRGINIA
(38.668501, -80.709421)",
RHODE ISLAND,2017,15,,-,0,,4,,3,,3,,,-,0,,0,,,-,,-,,-,0,,0,,,-,,-,"RHODE ISLAND
(41.707447, -71.522488)",
GUAM,2017,15,,-,0,,0,,,-,,-,,-,0,,0,,,-,,-,,-,0,,0,,,-,,-,"GUAM
(13.3532, 144.653198)",
MINNESOTA,2017,15,,-,0,,0,,,-,,-,,-,0,,0,,,-,,-,,-,0,,0,,,-,,-,"MINNESOTA
(46.357661, -94.793397)",
CONNECTICUT,2017,15,,-,1,,6,,6,,33,,,-,0,,0,,,-,,-,,-,0,,0,,,-,,-,"CONNECTICUT
(41.544654, -72.651713)",
OHIO,2017,15,,-,0,,8,,2,,2,,,-,0,,0,,,-,,-,,-,0,,0,,,-,,-,"OHIO
(40.056807, -82.405897)",
MISSISSIPPI,2017,15,,-,0,,1,,,-,,-,,-,0,,0,,,-,,-,,-,0,,0,,,-,,-,"MISSISSIPPI
(32.738663, -89.537312)",
VIRGIN ISL.,2017,15,,-,0,,0,,,-,,-,,-,0,,0,,,-,,-,,-,0,,0,,,-,,-,"VIRGIN ISLANDS
(18.060868, -64.840836)",
MICHIGAN,2017,15,,-,0,,4,,,-,2,,,-,0,,0,,,-,,-,,-,0,,0,,,-,,-,"MICHIGAN
(44.66399, -84.711206)",
ARIZONA,2017,15,,N,0,,0,,,N,,N,,-,0,,0,,,-,,-,,-,0,,0,,,-,,-,"ARIZONA
(34.869712, -111.760902)",
WASHINGTON,2017,15,,-,0,,0,,,-,,-,,-,0,,0,,,-,,-,,-,0,,0,,,-,,-,"WASHINGTON
(47.517368, -120.467672)",
WISCONSIN,2017,15,,N,0,,0,,,N,,N,,-,0,,0,,,-,,-,,-,0,,0,,,-,,-,"WISCONSIN
(44.395526, -89.834513)",
ALASKA,2017,15,,-,0,,1,,6,,8,,,-,0,,0,,,-,,-,,-,0,,0,,,-,,-,"ALASKA
(64.836661, -147.738891)",
CALIFORNIA,2017,15,2,,4,,12,,24,,30,,,-,0,,0,,,-,,-,,-,0,,0,,,-,,-,"CALIFORNIA
(37.640735, -121.002435)",
VERMONT,2017,15,,-,1,,4,,9,,11,,,-,0,,0,,,-,,-,,-,0,,0,,,-,,-,"VERMONT
(43.622479, -72.51927)",
OKLAHOMA,2017,15,3,,0,,23,,11,,11,,,-,0,,0,,,-,,-,,-,0,,0,,,-,,-,"OKLAHOMA
(35.468494, -97.521264)",
PENNSYLVANIA,2017,15,,-,0,,0,,,-,,-,,-,0,,1,,1,,,-,,-,0,,0,,,-,,-,"PENNSYLVANIA
(40.789676, -77.858055)",
LOUISIANA,2017,15,,-,0,,0,,,-,,-,,-,0,,0,,,-,,-,,-,0,,0,,,-,,-,"LOUISIANA
(31.2931, -92.463284)",
KENTUCKY,2017,15,,-,0,,5,,4,,1,,,-,0,,0,,,-,,-,,-,0,,0,,,-,,-,"KENTUCKY
(37.64591, -84.774043)",
IOWA,2017,15,,-,0,,0,,,-,,-,,-,0,,0,,,-,,-,,-,0,,0,,,-,,-,"IOWA
(42.46942, -93.815856)",
GEORGIA,2017,15,,-,0,,0,,,-,,-,,-,0,,0,,,-,,-,,-,0,,0,,,-,,-,"GEORGIA
(32.836038, -83.631709)",
