Reporting Area,MMWR Year,MMWR Week,"Spotted Fever Rickettsiosis§, Confirmed, Current week","Spotted Fever Rickettsiosis§, Confirmed, Current week, flag","Spotted Fever Rickettsiosis§, Confirmed, Previous 52 weeks Med","Spotted Fever Rickettsiosis§, Confirmed, Previous 52 weeks Med, flag","Spotted Fever Rickettsiosis§, Confirmed, Previous 52 weeks Max","Spotted Fever Rickettsiosis§, Confirmed, Previous 52 weeks Max, flag","Spotted Fever Rickettsiosis§, Confirmed, Cum 2017","Spotted Fever Rickettsiosis§, Confirmed, Cum 2017, flag","Spotted Fever Rickettsiosis§, Confirmed, Cum 2016","Spotted Fever Rickettsiosis§, Confirmed, Cum 2016, flag","Spotted Fever Rickettsiosis§, Probable, Current week","Spotted Fever Rickettsiosis§, Probable, Current week, flag","Spotted Fever Rickettsiosis§, Probable, Previous 52 weeks Med","Spotted Fever Rickettsiosis§, Probable, Previous 52 weeks Med, flag","Spotted Fever Rickettsiosis§, Probable, Previous 52 weeks Max","Spotted Fever Rickettsiosis§, Probable, Previous 52 weeks Max, flag","Spotted Fever Rickettsiosis§, Probable, Cum 2017","Spotted Fever Rickettsiosis§, Probable, Cum 2017, flag","Spotted Fever Rickettsiosis§, Probable, Cum 2016","Spotted Fever Rickettsiosis§, Probable, Cum 2016, flag","Syphilis, primary and secondary, Current week","Syphilis, primary and secondary, Current week, flag","Syphilis, primary and secondary, Previous 52 weeks Med","Syphilis, primary and secondary, Previous 52 weeks Med, flag","Syphilis, primary and secondary, Previous 52 weeks Max","Syphilis, primary and secondary, Previous 52 weeks Max, flag","Syphilis, primary and secondary, Cum 2017","Syphilis, primary and secondary, Cum 2017, flag","Syphilis, primary and secondary, Cum 2016","Syphilis, primary and secondary, Cum 2016, flag",Location 1,Location 2
UNITED STATES,2017,1,,-,2,,11,,,-,1,,1,,58,,216,,1,,8,,57,,499,,590,,57,,501,,,
NEW ENGLAND,2017,1,,-,0,,0,,,-,,-,,-,0,,2,,,-,,-,,-,15,,29,,,-,27,,,
MID. ATLANTIC,2017,1,,-,0,,1,,,-,,-,,-,2,,13,,,-,,-,7,,67,,91,,7,,67,,,
NEW YORK CITY,2017,1,,-,0,,0,,,-,,-,,-,0,,3,,,-,,-,2,,33,,47,,2,,42,,,
E.N. CENTRAL,2017,1,,-,0,,2,,,-,,-,,-,2,,15,,,-,1,,1,,46,,58,,1,,56,,,
W.N. CENTRAL,2017,1,,-,0,,2,,,-,,-,,-,8,,28,,,-,,-,,-,19,,32,,,-,26,,,
S. ATLANTIC,2017,1,,-,1,,10,,,-,1,,1,,17,,43,,1,,,-,2,,118,,161,,2,,120,,,
E.S. CENTRAL,2017,1,,-,0,,4,,,-,,-,,-,21,,65,,,-,6,,,-,18,,38,,,-,14,,,
W.S. CENTRAL,2017,1,,-,0,,1,,,-,,-,,-,9,,80,,,-,,-,35,,57,,77,,35,,39,,,
MOUNTAIN,2017,1,,-,0,,2,,,-,,-,,-,0,,3,,,-,,-,,-,30,,45,,,-,26,,,
PACIFIC,2017,1,,-,0,,1,,,-,,-,,-,0,,2,,,-,1,,12,,121,,155,,12,,126,,,
AMER. SAMOA,2017,1,,N,0,,0,,,N,,N,,N,0,,0,,,N,,N,,-,0,,0,,,-,,-,,
OKLAHOMA,2017,1,,-,0,,1,,,-,,-,,-,0,,2,,,-,,-,,-,3,,12,,,-,5,,"OKLAHOMA
(35.468494, -97.521264)",
DIST. OF COL.,2017,1,,-,0,,1,,,-,,-,,-,0,,1,,,-,,-,,-,1,,7,,,-,7,,"DISTRICT OF COLUMBIA
(38.892062, -77.019912)",
NORTH CAROLINA,2017,1,,-,0,,2,,,-,,-,,-,7,,27,,,-,,-,,-,19,,29,,,-,29,,"NORTH CAROLINA
(35.47995, -79.180571)",
PENNSYLVANIA,2017,1,,-,0,,1,,,-,,-,,-,0,,3,,,-,,-,4,,14,,24,,4,,17,,"PENNSYLVANIA
(40.789676, -77.858055)",
INDIANA,2017,1,,-,0,,0,,,-,,-,,-,0,,6,,,-,,-,,-,6,,12,,,-,9,,"INDIANA
(39.76845, -86.156212)",
IOWA,2017,1,,-,0,,0,,,-,,-,,-,0,,2,,,-,,-,,-,1,,4,,,-,3,,"IOWA
(42.46942, -93.815856)",
PUERTO RICO,2017,1,,N,0,,0,,,N,,N,,N,0,,0,,,N,,N,,-,8,,26,,,-,9,,"PUERTO RICO
(18.215692, -66.414655)",
C.N.M.I.,2017,1,,-,,-,,-,,-,,-,,-,,-,,-,,-,,-,,-,,-,,-,,-,,-,"NORTHERN MARIANA ISLANDS
(15.1834, 145.725693)",
NEW JERSEY,2017,1,,-,0,,1,,,-,,-,,-,1,,8,,,-,,-,,-,8,,16,,,-,8,,"NEW JERSEY
(40.104655, -74.386686)",
ALASKA,2017,1,,N,0,,0,,,N,,N,,N,0,,0,,,N,,N,,-,0,,1,,,-,,-,"ALASKA
(64.836661, -147.738891)",
NEW YORK,2017,1,,-,0,,1,,,-,,-,,-,0,,2,,,-,,-,1,,10,,19,,1,,,-,"NEW YORK
(42.826892, -75.544286)",
ILLINOIS,2017,1,,-,0,,1,,,-,,-,,-,1,,7,,,-,,-,,-,16,,27,,,-,27,,"ILLINOIS
(40.477092, -88.993221)",
MAINE,2017,1,,-,0,,0,,,-,,-,,-,0,,1,,,-,,-,,-,1,,4,,,-,,-,"MAINE
(45.252223, -68.986647)",
NORTH DAKOTA,2017,1,,-,0,,0,,,-,,-,,-,0,,1,,,-,,-,,-,0,,3,,,-,,-,"NORTH DAKOTA
(47.475879, -100.121011)",
MICHIGAN,2017,1,,-,0,,1,,,-,,-,,-,0,,2,,,-,1,,,-,6,,12,,,-,10,,"MICHIGAN
(44.66399, -84.711206)",
FLORIDA,2017,1,,-,0,,1,,,-,,-,1,,0,,2,,1,,,-,2,,45,,66,,2,,25,,"FLORIDA
(28.915325, -81.922409)",
ARKANSAS,2017,1,,-,0,,1,,,-,,-,,-,8,,75,,,-,,-,,-,2,,11,,,-,,-,"ARKANSAS
(34.748745, -92.275105)",
MISSOURI,2017,1,,-,0,,1,,,-,,-,,-,4,,22,,,-,,-,,-,7,,16,,,-,10,,"MISSOURI
(38.636168, -92.566292)",
NEW HAMPSHIRE,2017,1,,-,0,,0,,,-,,-,,-,0,,0,,,-,,-,,-,1,,11,,,-,2,,"NEW HAMPSHIRE
(43.657736, -71.500736)",
COLORADO,2017,1,,-,0,,0,,,-,,-,,-,0,,0,,,-,,-,,-,4,,14,,,-,4,,"COLORADO
(38.841772, -106.132562)",
WEST VIRGINIA,2017,1,,-,0,,0,,,-,,-,,-,0,,2,,,-,,-,,-,1,,4,,,-,,-,"WEST VIRGINIA
(38.668501, -80.709421)",
LOUISIANA,2017,1,,-,0,,0,,,-,,-,,-,0,,0,,,-,,-,,-,12,,30,,,-,1,,"LOUISIANA
(31.2931, -92.463284)",
UTAH,2017,1,,-,0,,0,,,-,,-,,-,0,,1,,,-,,-,,-,1,,6,,,-,3,,"UTAH
(39.359772, -111.584173)",
VIRGIN ISL.,2017,1,,-,0,,0,,,-,,-,,-,0,,0,,,-,,-,,-,0,,0,,,-,,-,"VIRGIN ISLANDS
(18.060868, -64.840836)",
MONTANA,2017,1,,-,0,,0,,,-,,-,,-,0,,1,,,-,,-,,-,0,,2,,,-,2,,"MONTANA
(47.062617, -109.430168)",
HAWAII,2017,1,,N,0,,0,,,N,,N,,N,0,,0,,,N,,N,,-,1,,6,,,-,3,,"HAWAII
(21.30992, -157.858158)",
WISCONSIN,2017,1,,-,0,,0,,,-,,-,,-,0,,2,,,-,,-,1,,2,,6,,1,,3,,"WISCONSIN
(44.395526, -89.834513)",
WASHINGTON,2017,1,,-,0,,0,,,-,,-,,-,0,,0,,,-,,-,3,,9,,21,,3,,7,,"WASHINGTON
(47.517368, -120.467672)",
DELAWARE,2017,1,,-,0,,0,,,-,,-,,-,0,,3,,,-,,-,,-,0,,7,,,-,7,,"DELAWARE
(39.008676, -75.574561)",
NEW MEXICO,2017,1,,-,0,,0,,,-,,-,,-,0,,0,,,-,,-,,-,3,,10,,,-,3,,"NEW MEXICO
(34.520396, -106.244402)",
OHIO,2017,1,,-,0,,1,,,-,,-,,-,0,,4,,,-,,-,,-,13,,22,,,-,7,,"OHIO
(40.056807, -82.405897)",
SOUTH CAROLINA,2017,1,,-,0,,1,,,-,,-,,-,0,,2,,,-,,-,,-,5,,15,,,-,8,,"SOUTH CAROLINA
(34.009286, -81.037094)",
MISSISSIPPI,2017,1,,-,0,,0,,,-,,-,,-,1,,7,,,-,,-,,-,5,,13,,,-,3,,"MISSISSIPPI
(32.738663, -89.537312)",
MARYLAND,2017,1,,-,0,,2,,,-,,-,,-,0,,6,,,-,,-,,-,8,,22,,,-,5,,"MARYLAND
(39.290443, -76.612333)",
KANSAS,2017,1,,-,0,,1,,,-,,-,,-,1,,10,,,-,,-,,-,2,,6,,,-,2,,"KANSAS
(38.345528, -98.201847)",
ALABAMA,2017,1,,-,0,,1,,,-,,-,,-,7,,24,,,-,1,,,-,3,,14,,,-,1,,"ALABAMA
(32.839182, -86.631125)",
CALIFORNIA,2017,1,,-,0,,0,,,-,,-,,-,0,,1,,,-,1,,6,,105,,128,,6,,109,,"CALIFORNIA
(37.640735, -121.002435)",
GUAM,2017,1,,N,0,,0,,,N,,N,,N,0,,0,,,N,,N,,-,0,,0,,,-,,-,"GUAM
(13.3532, 144.653198)",
RHODE ISLAND,2017,1,,-,0,,0,,,-,,-,,-,0,,1,,,-,,-,,-,1,,10,,,-,8,,"RHODE ISLAND
(41.707447, -71.522488)",
GEORGIA,2017,1,,-,1,,8,,,-,1,,,-,0,,0,,,-,,-,,-,25,,50,,,-,36,,"GEORGIA
(32.836038, -83.631709)",
VERMONT,2017,1,,-,0,,0,,,-,,-,,-,0,,1,,,-,,-,,-,0,,3,,,-,,-,"VERMONT
(43.622479, -72.51927)",
MINNESOTA,2017,1,,-,0,,0,,,-,,-,,-,0,,0,,,-,,-,,-,5,,11,,,-,11,,"MINNESOTA
(46.357661, -94.793397)",
MASSACHUSETTS,2017,1,,-,0,,0,,,-,,-,,-,0,,1,,,-,,-,,-,8,,17,,,-,12,,"MASSACHUSETTS
(42.268546, -72.085064)",
IDAHO,2017,1,,-,0,,1,,,-,,-,,-,0,,1,,,-,,-,,-,1,,5,,,-,3,,"IDAHO
(43.680635, -114.364237)",
CONNECTICUT,2017,1,,-,0,,0,,,-,,-,,-,0,,0,,,-,,-,,-,1,,7,,,-,5,,"CONNECTICUT
(41.544654, -72.651713)",
WYOMING,2017,1,,-,0,,0,,,-,,-,,-,0,,1,,,-,,-,,-,0,,1,,,-,,-,"WYOMING
(43.23558, -108.110518)",
TEXAS,2017,1,,-,0,,1,,,-,,-,,-,1,,6,,,-,,-,35,,38,,55,,35,,33,,"TEXAS
(31.827233, -99.423022)",
NEBRASKA,2017,1,,-,0,,0,,,-,,-,,-,0,,4,,,-,,-,,-,1,,6,,,-,,-,"NEBRASKA
(41.640503, -99.367122)",
KENTUCKY,2017,1,,-,0,,2,,,-,,-,,-,2,,11,,,-,1,,,-,3,,12,,,-,2,,"KENTUCKY
(37.64591, -84.774043)",
ARIZONA,2017,1,,-,0,,2,,,-,,-,,-,0,,1,,,-,,-,,-,12,,22,,,-,8,,"ARIZONA
(34.869712, -111.760902)",
VIRGINIA,2017,1,,-,0,,1,,,-,,-,,-,4,,19,,,-,,-,,-,3,,41,,,-,3,,"VIRGINIA
(37.542699, -78.45822)",
TENNESSEE,2017,1,,-,0,,1,,,-,,-,,-,10,,40,,,-,4,,,-,6,,15,,,-,8,,"TENNESSEE
(35.681402, -85.774444)",
OREGON,2017,1,,-,0,,1,,,-,,-,,-,0,,1,,,-,,-,3,,6,,15,,3,,7,,"OREGON
(44.567912, -120.156945)",
SOUTH DAKOTA,2017,1,,-,0,,1,,,-,,-,,-,0,,2,,,-,,-,,-,0,,2,,,-,,-,"SOUTH DAKOTA
(44.35371, -100.373709)",
NEVADA,2017,1,,-,0,,0,,,-,,-,,-,0,,1,,,-,,-,,-,7,,20,,,-,3,,"NEVADA
(39.491833, -117.070159)",
UNITED STATES,2017,2,,-,2,,11,,1,,3,,,-,58,,216,,1,,16,,85,,503,,602,,192,,1013,,,
NEW ENGLAND,2017,2,,-,0,,0,,,-,,-,,-,0,,2,,,-,,-,1,,14,,29,,2,,34,,,
MID. ATLANTIC,2017,2,,-,0,,1,,,-,,-,,-,2,,13,,,-,2,,8,,67,,91,,24,,142,,,
NEW YORK CITY,2017,2,,-,0,,0,,,-,,-,,-,0,,3,,,-,1,,2,,34,,47,,11,,83,,,
E.N. CENTRAL,2017,2,,-,0,,2,,,-,,-,,-,2,,15,,,-,1,,,-,45,,58,,3,,103,,,
W.N. CENTRAL,2017,2,,-,0,,2,,,-,,-,,-,8,,28,,,-,,-,,-,19,,32,,1,,45,,,
S. ATLANTIC,2017,2,,-,1,,10,,1,,2,,,-,17,,44,,1,,1,,4,,118,,161,,12,,253,,,
E.S. CENTRAL,2017,2,,-,0,,4,,,-,1,,,-,21,,65,,,-,10,,1,,25,,51,,4,,47,,,
W.S. CENTRAL,2017,2,,-,0,,1,,,-,,-,,-,9,,80,,,-,1,,35,,57,,77,,74,,105,,,
MOUNTAIN,2017,2,,-,0,,2,,,-,,-,,-,0,,2,,,-,,-,3,,31,,48,,9,,44,,,
PACIFIC,2017,2,,-,0,,1,,,-,,-,,-,0,,2,,,-,1,,33,,122,,155,,63,,240,,,
AMER. SAMOA,2017,2,,N,0,,0,,,N,,N,,N,0,,0,,,N,,N,,-,0,,0,,,-,,-,,
MAINE,2017,2,,-,0,,0,,,-,,-,,-,0,,1,,,-,,-,,-,1,,4,,,-,1,,"MAINE
(45.252223, -68.986647)",
MICHIGAN,2017,2,,-,0,,1,,,-,,-,,-,0,,2,,,-,1,,,-,6,,12,,,-,19,,"MICHIGAN
(44.66399, -84.711206)",
NORTH DAKOTA,2017,2,,-,0,,0,,,-,,-,,-,0,,1,,,-,,-,,-,0,,3,,,-,,-,"NORTH DAKOTA
(47.475879, -100.121011)",
NEW MEXICO,2017,2,,-,0,,0,,,-,,-,,-,0,,0,,,-,,-,,-,3,,10,,,-,7,,"NEW MEXICO
(34.520396, -106.244402)",
IOWA,2017,2,,-,0,,0,,,-,,-,,-,0,,2,,,-,,-,,-,1,,4,,,-,4,,"IOWA
(42.46942, -93.815856)",
HAWAII,2017,2,,N,0,,0,,,N,,N,,N,0,,0,,,N,,N,,-,1,,6,,,-,4,,"HAWAII
(21.30992, -157.858158)",
MASSACHUSETTS,2017,2,,-,0,,0,,,-,,-,,-,0,,1,,,-,,-,,-,8,,17,,,-,19,,"MASSACHUSETTS
(42.268546, -72.085064)",
ALABAMA,2017,2,,-,0,,1,,,-,,-,,-,7,,24,,,-,3,,1,,9,,28,,3,,16,,"ALABAMA
(32.839182, -86.631125)",
MISSOURI,2017,2,,-,0,,1,,,-,,-,,-,4,,22,,,-,,-,,-,7,,16,,1,,21,,"MISSOURI
(38.636168, -92.566292)",
NORTH CAROLINA,2017,2,,-,0,,2,,,-,,-,,-,7,,28,,,-,,-,,-,20,,28,,2,,48,,"NORTH CAROLINA
(35.47995, -79.180571)",
VERMONT,2017,2,,-,0,,0,,,-,,-,,-,0,,1,,,-,,-,,-,0,,3,,,-,,-,"VERMONT
(43.622479, -72.51927)",
GEORGIA,2017,2,,-,1,,8,,1,,2,,,-,0,,0,,,-,,-,,-,25,,50,,,-,71,,"GEORGIA
(32.836038, -83.631709)",
OHIO,2017,2,,-,0,,1,,,-,,-,,-,0,,4,,,-,,-,,-,14,,22,,,-,24,,"OHIO
(40.056807, -82.405897)",
TEXAS,2017,2,,-,0,,1,,,-,,-,,-,1,,6,,,-,,-,35,,38,,55,,74,,81,,"TEXAS
(31.827233, -99.423022)",
MINNESOTA,2017,2,,-,0,,0,,,-,,-,,-,0,,0,,,-,,-,,-,5,,10,,,-,16,,"MINNESOTA
(46.357661, -94.793397)",
KANSAS,2017,2,,-,0,,1,,,-,,-,,-,1,,10,,,-,,-,,-,2,,6,,,-,2,,"KANSAS
(38.345528, -98.201847)",
VIRGINIA,2017,2,,-,0,,1,,,-,,-,,-,4,,19,,,-,1,,,-,3,,41,,,-,14,,"VIRGINIA
(37.542699, -78.45822)",
OKLAHOMA,2017,2,,-,0,,1,,,-,,-,,-,0,,2,,,-,,-,,-,3,,12,,,-,8,,"OKLAHOMA
(35.468494, -97.521264)",
PENNSYLVANIA,2017,2,,-,0,,1,,,-,,-,,-,0,,3,,,-,1,,4,,14,,24,,10,,33,,"PENNSYLVANIA
(40.789676, -77.858055)",
CONNECTICUT,2017,2,,-,0,,0,,,-,,-,,-,0,,0,,,-,,-,,-,1,,7,,,-,6,,"CONNECTICUT
(41.544654, -72.651713)",
DIST. OF COL.,2017,2,,-,0,,1,,,-,,-,,-,0,,1,,,-,,-,,-,2,,7,,,-,11,,"DISTRICT OF COLUMBIA
(38.892062, -77.019912)",
NEW YORK,2017,2,,-,0,,1,,,-,,-,,-,0,,2,,,-,,-,2,,10,,19,,3,,5,,"NEW YORK
(42.826892, -75.544286)",
NEW HAMPSHIRE,2017,2,,-,0,,0,,,-,,-,,-,0,,1,,,-,,-,1,,1,,11,,2,,3,,"NEW HAMPSHIRE
(43.657736, -71.500736)",
ILLINOIS,2017,2,,-,0,,1,,,-,,-,,-,1,,7,,,-,,-,,-,16,,25,,,-,44,,"ILLINOIS
(40.477092, -88.993221)",
WEST VIRGINIA,2017,2,,-,0,,0,,,-,,-,,-,0,,2,,,-,,-,,-,1,,4,,,-,1,,"WEST VIRGINIA
(38.668501, -80.709421)",
ALASKA,2017,2,,N,0,,0,,,N,,N,,N,0,,0,,,N,,N,,-,0,,1,,,-,,-,"ALASKA
(64.836661, -147.738891)",
ARKANSAS,2017,2,,-,0,,1,,,-,,-,,-,8,,75,,,-,1,,,-,2,,11,,,-,5,,"ARKANSAS
(34.748745, -92.275105)",
IDAHO,2017,2,,-,0,,1,,,-,,-,,-,0,,1,,,-,,-,,-,1,,5,,,-,3,,"IDAHO
(43.680635, -114.364237)",
MARYLAND,2017,2,,-,0,,2,,,-,,-,,-,0,,6,,,-,,-,,-,8,,22,,,-,18,,"MARYLAND
(39.290443, -76.612333)",
NEVADA,2017,2,,-,0,,0,,,-,,-,,-,0,,1,,,-,,-,,-,8,,21,,3,,5,,"NEVADA
(39.491833, -117.070159)",
COLORADO,2017,2,,-,0,,0,,,-,,-,,-,0,,0,,,-,,-,1,,4,,14,,1,,7,,"COLORADO
(38.841772, -106.132562)",
NEW JERSEY,2017,2,,-,0,,1,,,-,,-,,-,1,,8,,,-,,-,,-,8,,16,,,-,21,,"NEW JERSEY
(40.104655, -74.386686)",
WISCONSIN,2017,2,,-,0,,0,,,-,,-,,-,0,,2,,,-,,-,,-,2,,6,,2,,4,,"WISCONSIN
(44.395526, -89.834513)",
UTAH,2017,2,,-,0,,0,,,-,,-,,-,0,,1,,,-,,-,,-,1,,6,,,-,4,,"UTAH
(39.359772, -111.584173)",
WASHINGTON,2017,2,,-,0,,0,,,-,,-,,-,0,,0,,,-,,-,8,,9,,21,,11,,15,,"WASHINGTON
(47.517368, -120.467672)",
OREGON,2017,2,,-,0,,1,,,-,,-,,-,0,,1,,,-,,-,,-,6,,15,,3,,13,,"OREGON
(44.567912, -120.156945)",
CALIFORNIA,2017,2,,-,0,,0,,,-,,-,,-,0,,1,,,-,1,,25,,104,,129,,49,,208,,"CALIFORNIA
(37.640735, -121.002435)",
LOUISIANA,2017,2,,-,0,,0,,,-,,-,,-,0,,0,,,-,,-,,-,12,,30,,,-,11,,"LOUISIANA
(31.2931, -92.463284)",
FLORIDA,2017,2,,-,0,,1,,,-,,-,,-,0,,2,,1,,,-,,-,45,,66,,2,,57,,"FLORIDA
(28.915325, -81.922409)",
ARIZONA,2017,2,,-,0,,2,,,-,,-,,-,0,,1,,,-,,-,2,,12,,22,,5,,16,,"ARIZONA
(34.869712, -111.760902)",
SOUTH CAROLINA,2017,2,,-,0,,1,,,-,,-,,-,0,,2,,,-,,-,4,,5,,15,,8,,23,,"SOUTH CAROLINA
(34.009286, -81.037094)",
KENTUCKY,2017,2,,-,0,,2,,,-,,-,,-,2,,11,,,-,3,,,-,3,,12,,,-,2,,"KENTUCKY
(37.64591, -84.774043)",
MISSISSIPPI,2017,2,,-,0,,0,,,-,,-,,-,1,,7,,,-,,-,,-,5,,13,,1,,10,,"MISSISSIPPI
(32.738663, -89.537312)",
PUERTO RICO,2017,2,,N,0,,0,,,N,,N,,N,0,,0,,,N,,N,,-,8,,26,,,-,18,,"PUERTO RICO
(18.215692, -66.414655)",
SOUTH DAKOTA,2017,2,,-,0,,1,,,-,,-,,-,0,,2,,,-,,-,,-,0,,2,,,-,2,,"SOUTH DAKOTA
(44.35371, -100.373709)",
TENNESSEE,2017,2,,-,0,,1,,,-,1,,,-,10,,40,,,-,4,,,-,6,,15,,,-,19,,"TENNESSEE
(35.681402, -85.774444)",
GUAM,2017,2,,N,0,,0,,,N,,N,,N,0,,0,,,N,,N,,-,0,,0,,,-,,-,"GUAM
(13.3532, 144.653198)",
VIRGIN ISL.,2017,2,,-,0,,0,,,-,,-,,-,0,,0,,,-,,-,,-,0,,0,,,-,,-,"VIRGIN ISLANDS
(18.060868, -64.840836)",
WYOMING,2017,2,,-,0,,0,,,-,,-,,-,0,,1,,,-,,-,,-,0,,1,,,-,,-,"WYOMING
(43.23558, -108.110518)",
NEBRASKA,2017,2,,-,0,,0,,,-,,-,,-,0,,4,,,-,,-,,-,1,,6,,,-,,-,"NEBRASKA
(41.640503, -99.367122)",
INDIANA,2017,2,,-,0,,0,,,-,,-,,-,0,,6,,,-,,-,,-,6,,12,,1,,12,,"INDIANA
(39.76845, -86.156212)",
C.N.M.I.,2017,2,,-,,-,,-,,-,,-,,-,,-,,-,,-,,-,,-,,-,,-,,-,,-,"NORTHERN MARIANA ISLANDS
(15.1834, 145.725693)",
RHODE ISLAND,2017,2,,-,0,,0,,,-,,-,,-,0,,1,,,-,,-,,-,1,,7,,,-,5,,"RHODE ISLAND
(41.707447, -71.522488)",
DELAWARE,2017,2,,-,0,,0,,,-,,-,,-,0,,3,,,-,,-,,-,0,,7,,,-,10,,"DELAWARE
(39.008676, -75.574561)",
MONTANA,2017,2,,-,0,,1,,,-,,-,,-,0,,1,,,-,,-,,-,0,,2,,,-,2,,"MONTANA
(47.062617, -109.430168)",
UNITED STATES,2017,3,,-,2,,11,,1,,6,,3,,58,,216,,7,,26,,80,,498,,596,,420,,1501,,,
NEW ENGLAND,2017,3,,-,0,,0,,,-,,-,,-,0,,2,,1,,,-,1,,14,,29,,4,,53,,,
MID. ATLANTIC,2017,3,,-,0,,1,,,-,,-,1,,2,,13,,1,,2,,14,,66,,91,,59,,188,,,
NEW YORK CITY,2017,3,,-,0,,0,,,-,,-,,-,0,,3,,,-,1,,1,,33,,47,,24,,113,,,
E.N. CENTRAL,2017,3,,-,0,,2,,,-,,-,,-,2,,15,,,-,1,,2,,45,,58,,18,,148,,,
W.N. CENTRAL,2017,3,,-,0,,2,,,-,,-,,-,8,,28,,,-,,-,1,,19,,32,,6,,62,,,
S. ATLANTIC,2017,3,,-,1,,10,,1,,5,,,-,17,,44,,2,,5,,4,,118,,161,,43,,385,,,
E.S. CENTRAL,2017,3,,-,0,,4,,,-,1,,1,,21,,65,,1,,15,,2,,22,,38,,10,,65,,,
W.S. CENTRAL,2017,3,,-,0,,1,,,-,,-,1,,9,,80,,2,,1,,24,,58,,77,,110,,156,,,
MOUNTAIN,2017,3,,-,0,,2,,,-,,-,,-,0,,2,,,-,,-,2,,31,,54,,20,,82,,,
PACIFIC,2017,3,,-,0,,1,,,-,,-,,-,0,,2,,,-,2,,30,,123,,155,,150,,362,,,
AMER. SAMOA,2017,3,,N,0,,0,,,N,,N,,N,0,,0,,,N,,N,,-,0,,0,,,-,,-,,
ALASKA,2017,3,,N,0,,0,,,N,,N,,N,0,,0,,,N,,N,,-,0,,1,,,-,,-,"ALASKA
(64.836661, -147.738891)",
NORTH DAKOTA,2017,3,,-,0,,0,,,-,,-,,-,0,,1,,,-,,-,,-,0,,3,,,-,,-,"NORTH DAKOTA
(47.475879, -100.121011)",
NEBRASKA,2017,3,,-,0,,0,,,-,,-,,-,0,,4,,,-,,-,,-,1,,6,,1,,,-,"NEBRASKA
(41.640503, -99.367122)",
NEW YORK,2017,3,,-,0,,1,,,-,,-,,-,0,,2,,,-,,-,7,,10,,19,,11,,8,,"NEW YORK
(42.826892, -75.544286)",
OHIO,2017,3,,-,0,,1,,,-,,-,,-,0,,4,,,-,,-,,-,13,,22,,7,,41,,"OHIO
(40.056807, -82.405897)",
WEST VIRGINIA,2017,3,,-,0,,0,,,-,,-,,-,0,,2,,,-,,-,,-,1,,4,,,-,1,,"WEST VIRGINIA
(38.668501, -80.709421)",
MONTANA,2017,3,,-,0,,1,,,-,,-,,-,0,,1,,,-,,-,,-,0,,2,,,-,3,,"MONTANA
(47.062617, -109.430168)",
IOWA,2017,3,,-,0,,0,,,-,,-,,-,0,,2,,,-,,-,,-,1,,4,,,-,5,,"IOWA
(42.46942, -93.815856)",
ALABAMA,2017,3,,-,0,,1,,,-,,-,1,,7,,24,,1,,4,,,-,5,,14,,3,,17,,"ALABAMA
(32.839182, -86.631125)",
VIRGINIA,2017,3,,-,0,,1,,,-,,-,,-,4,,19,,,-,2,,,-,3,,41,,,-,16,,"VIRGINIA
(37.542699, -78.45822)",
WASHINGTON,2017,3,,-,0,,0,,,-,,-,,-,0,,0,,,-,,-,13,,9,,21,,24,,25,,"WASHINGTON
(47.517368, -120.467672)",
OKLAHOMA,2017,3,,-,0,,1,,,-,,-,,-,0,,2,,,-,,-,,-,3,,12,,,-,15,,"OKLAHOMA
(35.468494, -97.521264)",
WYOMING,2017,3,,-,0,,0,,,-,,-,,-,0,,1,,,-,,-,,-,0,,1,,,-,,-,"WYOMING
(43.23558, -108.110518)",
MISSOURI,2017,3,,-,0,,1,,,-,,-,,-,5,,22,,,-,,-,1,,7,,16,,5,,28,,"MISSOURI
(38.636168, -92.566292)",
MARYLAND,2017,3,,-,0,,2,,,-,,-,,-,0,,6,,,-,,-,,-,8,,22,,3,,25,,"MARYLAND
(39.290443, -76.612333)",
MINNESOTA,2017,3,,-,0,,0,,,-,,-,,-,0,,0,,,-,,-,,-,5,,10,,,-,22,,"MINNESOTA
(46.357661, -94.793397)",
OREGON,2017,3,,-,0,,1,,,-,,-,,-,0,,1,,,-,,-,1,,6,,15,,8,,15,,"OREGON
(44.567912, -120.156945)",
ILLINOIS,2017,3,,-,0,,1,,,-,,-,,-,1,,7,,,-,,-,,-,17,,25,,,-,63,,"ILLINOIS
(40.477092, -88.993221)",
SOUTH CAROLINA,2017,3,,-,0,,1,,,-,,-,,-,1,,2,,1,,,-,1,,5,,12,,9,,30,,"SOUTH CAROLINA
(34.009286, -81.037094)",
PENNSYLVANIA,2017,3,,-,0,,1,,,-,,-,1,,0,,3,,1,,1,,6,,14,,24,,24,,42,,"PENNSYLVANIA
(40.789676, -77.858055)",
MAINE,2017,3,,-,0,,0,,,-,,-,,-,0,,1,,1,,,-,,-,1,,4,,,-,1,,"MAINE
(45.252223, -68.986647)",
GEORGIA,2017,3,,-,1,,8,,1,,5,,,-,0,,0,,,-,,-,,-,24,,50,,,-,114,,"GEORGIA
(32.836038, -83.631709)",
CALIFORNIA,2017,3,,-,0,,0,,,-,,-,,-,0,,1,,,-,2,,16,,107,,128,,118,,317,,"CALIFORNIA
(37.640735, -121.002435)",
SOUTH DAKOTA,2017,3,,-,0,,1,,,-,,-,,-,0,,2,,,-,,-,,-,0,,2,,,-,2,,"SOUTH DAKOTA
(44.35371, -100.373709)",
LOUISIANA,2017,3,,-,0,,0,,,-,,-,,-,0,,0,,,-,,-,,-,12,,30,,5,,28,,"LOUISIANA
(31.2931, -92.463284)",
COLORADO,2017,3,,-,0,,0,,,-,,-,,-,0,,0,,,-,,-,,-,4,,14,,2,,12,,"COLORADO
(38.841772, -106.132562)",
MISSISSIPPI,2017,3,,-,0,,0,,,-,,-,,-,1,,7,,,-,,-,1,,5,,13,,6,,15,,"MISSISSIPPI
(32.738663, -89.537312)",
MASSACHUSETTS,2017,3,,-,0,,0,,,-,,-,,-,0,,2,,,-,,-,,-,8,,17,,,-,34,,"MASSACHUSETTS
(42.268546, -72.085064)",
WISCONSIN,2017,3,,-,0,,0,,,-,,-,,-,0,,2,,,-,,-,,-,2,,6,,2,,6,,"WISCONSIN
(44.395526, -89.834513)",
INDIANA,2017,3,,-,0,,0,,,-,,-,,-,0,,6,,,-,,-,2,,6,,12,,9,,15,,"INDIANA
(39.76845, -86.156212)",
NEW JERSEY,2017,3,,-,0,,1,,,-,,-,,-,1,,8,,,-,,-,,-,8,,16,,,-,25,,"NEW JERSEY
(40.104655, -74.386686)",
NEW HAMPSHIRE,2017,3,,-,0,,0,,,-,,-,,-,0,,1,,,-,,-,1,,1,,11,,4,,5,,"NEW HAMPSHIRE
(43.657736, -71.500736)",
VERMONT,2017,3,,-,0,,0,,,-,,-,,-,0,,1,,,-,,-,,-,0,,3,,,-,,-,"VERMONT
(43.622479, -72.51927)",
C.N.M.I.,2017,3,,-,,-,,-,,-,,-,,-,,-,,-,,-,,-,,-,,-,,-,,-,,-,"NORTHERN MARIANA ISLANDS
(15.1834, 145.725693)",
RHODE ISLAND,2017,3,,-,0,,0,,,-,,-,,-,0,,1,,,-,,-,,-,1,,7,,,-,7,,"RHODE ISLAND
(41.707447, -71.522488)",
FLORIDA,2017,3,,-,0,,1,,,-,,-,,-,0,,2,,1,,,-,2,,45,,66,,28,,110,,"FLORIDA
(28.915325, -81.922409)",
DELAWARE,2017,3,,-,0,,0,,,-,,-,,-,0,,3,,,-,,-,1,,0,,7,,1,,10,,"DELAWARE
(39.008676, -75.574561)",
ARKANSAS,2017,3,,-,0,,1,,,-,,-,1,,8,,75,,2,,1,,,-,2,,11,,1,,7,,"ARKANSAS
(34.748745, -92.275105)",
GUAM,2017,3,,N,0,,0,,,N,,N,,N,0,,0,,,N,,N,,-,0,,0,,,-,,-,"GUAM
(13.3532, 144.653198)",
CONNECTICUT,2017,3,,-,0,,0,,,-,,-,,-,0,,0,,,-,,-,,-,1,,7,,,-,6,,"CONNECTICUT
(41.544654, -72.651713)",
ARIZONA,2017,3,,-,0,,2,,,-,,-,,-,0,,1,,,-,,-,1,,13,,23,,10,,31,,"ARIZONA
(34.869712, -111.760902)",
MICHIGAN,2017,3,,-,0,,1,,,-,,-,,-,0,,2,,,-,1,,,-,6,,12,,,-,23,,"MICHIGAN
(44.66399, -84.711206)",
NEVADA,2017,3,,-,0,,0,,,-,,-,,-,0,,1,,,-,,-,,-,8,,25,,7,,14,,"NEVADA
(39.491833, -117.070159)",
VIRGIN ISL.,2017,3,,-,0,,0,,,-,,-,,-,0,,0,,,-,,-,,-,0,,0,,,-,,-,"VIRGIN ISLANDS
(18.060868, -64.840836)",
TEXAS,2017,3,,-,0,,1,,,-,,-,,-,1,,6,,,-,,-,24,,38,,55,,104,,106,,"TEXAS
(31.827233, -99.423022)",
KANSAS,2017,3,,-,0,,1,,,-,,-,,-,1,,10,,,-,,-,,-,2,,6,,,-,5,,"KANSAS
(38.345528, -98.201847)",
IDAHO,2017,3,,-,0,,1,,,-,,-,,-,0,,1,,,-,,-,,-,1,,5,,,-,4,,"IDAHO
(43.680635, -114.364237)",
NEW MEXICO,2017,3,,-,0,,0,,,-,,-,,-,0,,0,,,-,,-,1,,3,,10,,1,,12,,"NEW MEXICO
(34.520396, -106.244402)",
PUERTO RICO,2017,3,,N,0,,0,,,N,,N,,N,0,,0,,,N,,N,,-,8,,26,,,-,22,,"PUERTO RICO
(18.215692, -66.414655)",
TENNESSEE,2017,3,,-,0,,1,,,-,1,,,-,10,,40,,,-,5,,,-,6,,15,,,-,27,,"TENNESSEE
(35.681402, -85.774444)",
UTAH,2017,3,,-,0,,0,,,-,,-,,-,0,,1,,,-,,-,,-,1,,6,,,-,6,,"UTAH
(39.359772, -111.584173)",
NORTH CAROLINA,2017,3,,-,0,,2,,,-,,-,,-,7,,28,,,-,3,,,-,20,,28,,2,,68,,"NORTH CAROLINA
(35.47995, -79.180571)",
DIST. OF COL.,2017,3,,-,0,,1,,,-,,-,,-,0,,1,,,-,,-,,-,1,,7,,,-,11,,"DISTRICT OF COLUMBIA
(38.892062, -77.019912)",
KENTUCKY,2017,3,,-,0,,2,,,-,,-,,-,2,,11,,,-,6,,1,,3,,12,,1,,6,,"KENTUCKY
(37.64591, -84.774043)",
HAWAII,2017,3,,N,0,,0,,,N,,N,,N,0,,0,,,N,,N,,-,1,,6,,,-,5,,"HAWAII
(21.30992, -157.858158)",
UNITED STATES,2017,4,,-,2,,11,,1,,7,,1,,59,,216,,8,,35,,116,,503,,597,,737,,2026,,,
NEW ENGLAND,2017,4,,-,0,,0,,,-,,-,,-,0,,2,,1,,,-,2,,14,,29,,18,,75,,,
MID. ATLANTIC,2017,4,,-,0,,1,,,-,,-,,-,2,,13,,1,,2,,29,,67,,91,,109,,255,,,
NEW YORK CITY,2017,4,,-,0,,0,,,-,,-,,-,0,,3,,,-,1,,4,,33,,49,,40,,145,,,
E.N. CENTRAL,2017,4,,-,0,,2,,,-,,-,,-,2,,15,,,-,1,,,-,46,,58,,34,,195,,,
W.N. CENTRAL,2017,4,,-,0,,2,,,-,,-,,-,7,,28,,,-,1,,1,,19,,32,,11,,94,,,
S. ATLANTIC,2017,4,,-,1,,10,,1,,5,,,-,17,,44,,2,,10,,15,,117,,161,,102,,513,,,
E.S. CENTRAL,2017,4,,-,0,,4,,,-,2,,1,,21,,65,,2,,18,,3,,21,,38,,22,,77,,,
W.S. CENTRAL,2017,4,,-,0,,1,,,-,,-,,-,9,,80,,2,,1,,40,,58,,77,,163,,216,,,
MOUNTAIN,2017,4,,-,0,,2,,,-,,-,,-,0,,2,,,-,,-,2,,31,,54,,41,,120,,,
PACIFIC,2017,4,,-,0,,1,,,-,,-,,-,0,,2,,,-,2,,24,,125,,155,,237,,481,,,
AMER. SAMOA,2017,4,,N,0,,0,,,N,,N,,N,0,,0,,,N,,N,,-,0,,0,,,-,,-,,
PUERTO RICO,2017,4,,N,0,,0,,,N,,N,,N,0,,0,,,N,,N,,-,8,,26,,4,,35,,"PUERTO RICO
(18.215692, -66.414655)",
VERMONT,2017,4,,-,0,,0,,,-,,-,,-,0,,1,,,-,,-,1,,0,,3,,1,,1,,"VERMONT
(43.622479, -72.51927)",
ARKANSAS,2017,4,,-,0,,1,,,-,,-,,-,8,,75,,2,,1,,,-,2,,11,,1,,9,,"ARKANSAS
(34.748745, -92.275105)",
VIRGIN ISL.,2017,4,,-,0,,0,,,-,,-,,-,0,,0,,,-,,-,,-,0,,0,,,-,,-,"VIRGIN ISLANDS
(18.060868, -64.840836)",
IOWA,2017,4,,-,0,,0,,,-,,-,,-,0,,2,,,-,,-,,-,1,,4,,,-,8,,"IOWA
(42.46942, -93.815856)",
TEXAS,2017,4,,-,0,,1,,,-,,-,,-,1,,6,,,-,,-,40,,38,,55,,149,,143,,"TEXAS
(31.827233, -99.423022)",
FLORIDA,2017,4,,-,0,,1,,,-,,-,,-,0,,2,,1,,,-,1,,45,,66,,61,,155,,"FLORIDA
(28.915325, -81.922409)",
NORTH CAROLINA,2017,4,,-,0,,2,,,-,,-,,-,7,,28,,,-,5,,,-,20,,28,,9,,88,,"NORTH CAROLINA
(35.47995, -79.180571)",
DELAWARE,2017,4,,-,0,,0,,,-,,-,,-,0,,3,,,-,,-,,-,0,,7,,1,,10,,"DELAWARE
(39.008676, -75.574561)",
KANSAS,2017,4,,-,0,,1,,,-,,-,,-,1,,10,,,-,1,,,-,2,,6,,1,,7,,"KANSAS
(38.345528, -98.201847)",
MARYLAND,2017,4,,-,0,,2,,,-,,-,,-,0,,6,,,-,,-,1,,8,,22,,8,,33,,"MARYLAND
(39.290443, -76.612333)",
HAWAII,2017,4,,N,0,,0,,,N,,N,,N,0,,0,,,N,,N,,-,1,,6,,,-,9,,"HAWAII
(21.30992, -157.858158)",
COLORADO,2017,4,,-,0,,0,,,-,,-,,-,0,,0,,,-,,-,1,,4,,14,,7,,14,,"COLORADO
(38.841772, -106.132562)",
INDIANA,2017,4,,-,0,,0,,,-,,-,,-,0,,6,,,-,,-,,-,6,,12,,15,,24,,"INDIANA
(39.76845, -86.156212)",
NEW JERSEY,2017,4,,-,0,,1,,,-,,-,,-,1,,8,,,-,,-,,-,8,,16,,2,,32,,"NEW JERSEY
(40.104655, -74.386686)",
MINNESOTA,2017,4,,-,0,,0,,,-,,-,,-,0,,0,,,-,,-,,-,5,,10,,,-,32,,"MINNESOTA
(46.357661, -94.793397)",
NORTH DAKOTA,2017,4,,-,0,,0,,,-,,-,,-,0,,1,,,-,,-,,-,0,,3,,,-,,-,"NORTH DAKOTA
(47.475879, -100.121011)",
RHODE ISLAND,2017,4,,-,0,,0,,,-,,-,,-,0,,1,,,-,,-,,-,1,,7,,,-,9,,"RHODE ISLAND
(41.707447, -71.522488)",
MISSOURI,2017,4,,-,0,,1,,,-,,-,,-,5,,22,,,-,,-,1,,7,,16,,9,,44,,"MISSOURI
(38.636168, -92.566292)",
NEW YORK,2017,4,,-,0,,1,,,-,,-,,-,0,,2,,,-,,-,19,,10,,19,,30,,17,,"NEW YORK
(42.826892, -75.544286)",
VIRGINIA,2017,4,,-,0,,1,,,-,,-,,-,4,,19,,,-,4,,,-,3,,41,,,-,16,,"VIRGINIA
(37.542699, -78.45822)",
ILLINOIS,2017,4,,-,0,,1,,,-,,-,,-,1,,7,,,-,,-,,-,17,,26,,,-,77,,"ILLINOIS
(40.477092, -88.993221)",
MISSISSIPPI,2017,4,,-,0,,0,,,-,,-,,-,1,,7,,,-,,-,,-,5,,13,,9,,17,,"MISSISSIPPI
(32.738663, -89.537312)",
GUAM,2017,4,,N,0,,0,,,N,,N,,N,0,,0,,,N,,N,,-,0,,0,,,-,,-,"GUAM
(13.3532, 144.653198)",
ALABAMA,2017,4,,-,0,,1,,,-,,-,,-,7,,24,,1,,4,,,-,6,,14,,9,,19,,"ALABAMA
(32.839182, -86.631125)",
OREGON,2017,4,,-,0,,1,,,-,,-,,-,0,,1,,,-,,-,2,,6,,15,,12,,24,,"OREGON
(44.567912, -120.156945)",
TENNESSEE,2017,4,,-,0,,1,,,-,1,,1,,10,,40,,1,,8,,2,,6,,15,,2,,34,,"TENNESSEE
(35.681402, -85.774444)",
UTAH,2017,4,,-,0,,0,,,-,,-,,-,0,,1,,,-,,-,,-,1,,6,,1,,9,,"UTAH
(39.359772, -111.584173)",
CALIFORNIA,2017,4,,-,0,,0,,,-,,-,,-,0,,1,,,-,2,,19,,106,,128,,198,,409,,"CALIFORNIA
(37.640735, -121.002435)",
WASHINGTON,2017,4,,-,0,,0,,,-,,-,,-,0,,0,,,-,,-,3,,9,,21,,27,,39,,"WASHINGTON
(47.517368, -120.467672)",
MONTANA,2017,4,,-,0,,1,,,-,,-,,-,0,,1,,,-,,-,,-,0,,2,,,-,3,,"MONTANA
(47.062617, -109.430168)",
SOUTH CAROLINA,2017,4,,-,0,,1,,,-,,-,,-,1,,2,,1,,1,,12,,5,,12,,21,,32,,"SOUTH CAROLINA
(34.009286, -81.037094)",
SOUTH DAKOTA,2017,4,,-,0,,1,,,-,,-,,-,0,,2,,,-,,-,,-,0,,2,,,-,2,,"SOUTH DAKOTA
(44.35371, -100.373709)",
WISCONSIN,2017,4,,-,0,,0,,,-,,-,,-,0,,2,,,-,,-,,-,2,,6,,6,,9,,"WISCONSIN
(44.395526, -89.834513)",
MICHIGAN,2017,4,,-,0,,1,,,-,,-,,-,0,,2,,,-,1,,,-,6,,12,,1,,27,,"MICHIGAN
(44.66399, -84.711206)",
ALASKA,2017,4,,N,0,,0,,,N,,N,,N,0,,0,,,N,,N,,-,0,,1,,,-,,-,"ALASKA
(64.836661, -147.738891)",
WYOMING,2017,4,,-,0,,0,,,-,,-,,-,0,,1,,,-,,-,,-,0,,1,,,-,,-,"WYOMING
(43.23558, -108.110518)",
MASSACHUSETTS,2017,4,,-,0,,0,,,-,,-,,-,0,,2,,,-,,-,1,,8,,18,,11,,46,,"MASSACHUSETTS
(42.268546, -72.085064)",
C.N.M.I.,2017,4,,-,,-,,-,,-,,-,,-,,-,,-,,-,,-,,-,,-,,-,,-,,-,"NORTHERN MARIANA ISLANDS
(15.1834, 145.725693)",
IDAHO,2017,4,,-,0,,1,,,-,,-,,-,0,,1,,,-,,-,,-,1,,5,,1,,4,,"IDAHO
(43.680635, -114.364237)",
LOUISIANA,2017,4,,-,0,,0,,,-,,-,,-,0,,0,,,-,,-,,-,12,,30,,13,,45,,"LOUISIANA
(31.2931, -92.463284)",
NEW HAMPSHIRE,2017,4,,-,0,,0,,,-,,-,,-,0,,1,,,-,,-,,-,1,,11,,5,,8,,"NEW HAMPSHIRE
(43.657736, -71.500736)",
OKLAHOMA,2017,4,,-,0,,1,,,-,,-,,-,0,,2,,,-,,-,,-,2,,12,,,-,19,,"OKLAHOMA
(35.468494, -97.521264)",
NEVADA,2017,4,,-,0,,0,,,-,,-,,-,0,,1,,,-,,-,1,,8,,25,,18,,22,,"NEVADA
(39.491833, -117.070159)",
ARIZONA,2017,4,,-,0,,2,,,-,,-,,-,0,,1,,,-,,-,,-,13,,23,,12,,46,,"ARIZONA
(34.869712, -111.760902)",
OHIO,2017,4,,-,0,,1,,,-,,-,,-,0,,4,,,-,,-,,-,13,,22,,12,,58,,"OHIO
(40.056807, -82.405897)",
PENNSYLVANIA,2017,4,,-,0,,1,,,-,,-,,-,0,,3,,1,,1,,6,,15,,24,,37,,61,,"PENNSYLVANIA
(40.789676, -77.858055)",
WEST VIRGINIA,2017,4,,-,0,,0,,,-,,-,,-,0,,2,,,-,,-,,-,1,,4,,,-,3,,"WEST VIRGINIA
(38.668501, -80.709421)",
GEORGIA,2017,4,,-,1,,8,,1,,5,,,-,0,,0,,,-,,-,,-,23,,50,,,-,164,,"GEORGIA
(32.836038, -83.631709)",
DIST. OF COL.,2017,4,,-,0,,1,,,-,,-,,-,0,,1,,,-,,-,1,,2,,7,,2,,12,,"DISTRICT OF COLUMBIA
(38.892062, -77.019912)",
KENTUCKY,2017,4,,-,0,,2,,,-,1,,,-,2,,11,,,-,6,,1,,3,,12,,2,,7,,"KENTUCKY
(37.64591, -84.774043)",
CONNECTICUT,2017,4,,-,0,,0,,,-,,-,,-,0,,0,,,-,,-,,-,1,,7,,1,,10,,"CONNECTICUT
(41.544654, -72.651713)",
MAINE,2017,4,,-,0,,0,,,-,,-,,-,0,,1,,1,,,-,,-,1,,4,,,-,1,,"MAINE
(45.252223, -68.986647)",
NEBRASKA,2017,4,,-,0,,0,,,-,,-,,-,0,,4,,,-,,-,,-,1,,6,,1,,1,,"NEBRASKA
(41.640503, -99.367122)",
NEW MEXICO,2017,4,,-,0,,0,,,-,,-,,-,0,,0,,,-,,-,,-,3,,10,,2,,22,,"NEW MEXICO
(34.520396, -106.244402)",
UNITED STATES,2017,5,,-,2,,11,,2,,7,,2,,59,,216,,22,,49,,122,,512,,605,,1063,,2571,,,
NEW YORK,2017,5,,-,0,,1,,,-,,-,,-,0,,2,,,-,,-,16,,10,,19,,46,,27,,"NEW YORK
(42.826892, -75.544286)",
NEW ENGLAND,2017,5,,-,0,,0,,,-,,-,,-,0,,2,,1,,,-,1,,14,,29,,22,,97,,,
MID. ATLANTIC,2017,5,,-,0,,1,,,-,,-,,-,2,,13,,2,,3,,27,,66,,91,,169,,329,,,
NEW YORK CITY,2017,5,,-,0,,0,,,-,,-,,-,0,,3,,,-,1,,5,,34,,49,,72,,188,,,
E.N. CENTRAL,2017,5,,-,0,,2,,,-,,-,,-,2,,15,,,-,1,,,-,50,,66,,43,,268,,,
W.N. CENTRAL,2017,5,,-,0,,2,,,-,,-,,-,7,,28,,2,,1,,2,,19,,29,,23,,109,,,
S. ATLANTIC,2017,5,,-,1,,10,,1,,5,,,-,17,,45,,2,,14,,13,,115,,161,,161,,642,,,
E.S. CENTRAL,2017,5,,-,0,,4,,,-,2,,1,,21,,65,,8,,22,,9,,22,,38,,50,,91,,,
W.S. CENTRAL,2017,5,,-,0,,1,,,-,,-,,-,10,,80,,6,,5,,38,,57,,77,,212,,276,,,
MOUNTAIN,2017,5,,-,0,,2,,1,,,-,1,,0,,2,,1,,,-,3,,31,,55,,61,,158,,,
PACIFIC,2017,5,,-,0,,1,,,-,,-,,-,0,,2,,,-,3,,29,,126,,156,,322,,601,,,
AMER. SAMOA,2017,5,,N,0,,0,,,N,,N,,N,0,,0,,,N,,N,,-,0,,0,,,-,,-,,
MICHIGAN,2017,5,,-,0,,1,,,-,,-,,-,0,,2,,,-,1,,,-,6,,12,,5,,37,,"MICHIGAN
(44.66399, -84.711206)",
WEST VIRGINIA,2017,5,,-,0,,0,,,-,,-,,-,0,,2,,,-,,-,,-,1,,4,,1,,3,,"WEST VIRGINIA
(38.668501, -80.709421)",
INDIANA,2017,5,,-,0,,0,,,-,,-,,-,0,,6,,,-,,-,,-,6,,12,,17,,34,,"INDIANA
(39.76845, -86.156212)",
GUAM,2017,5,,N,0,,0,,,N,,N,,N,0,,0,,,N,,N,,-,0,,0,,,-,,-,"GUAM
(13.3532, 144.653198)",
WASHINGTON,2017,5,,-,0,,0,,,-,,-,,-,0,,0,,,-,,-,8,,9,,21,,35,,44,,"WASHINGTON
(47.517368, -120.467672)",
PENNSYLVANIA,2017,5,,-,0,,1,,,-,,-,,-,0,,3,,1,,1,,6,,14,,24,,49,,74,,"PENNSYLVANIA
(40.789676, -77.858055)",
MAINE,2017,5,,-,0,,0,,,-,,-,,-,0,,1,,1,,,-,,-,1,,4,,1,,5,,"MAINE
(45.252223, -68.986647)",
NEW JERSEY,2017,5,,-,0,,1,,,-,,-,,-,1,,8,,1,,1,,,-,8,,16,,2,,40,,"NEW JERSEY
(40.104655, -74.386686)",
TEXAS,2017,5,,-,0,,1,,,-,,-,,-,1,,6,,2,,,-,37,,38,,54,,191,,182,,"TEXAS
(31.827233, -99.423022)",
SOUTH DAKOTA,2017,5,,-,0,,1,,,-,,-,,-,0,,2,,,-,,-,,-,0,,2,,,-,2,,"SOUTH DAKOTA
(44.35371, -100.373709)",
COLORADO,2017,5,,-,0,,0,,,-,,-,,-,0,,0,,,-,,-,2,,4,,14,,14,,20,,"COLORADO
(38.841772, -106.132562)",
MONTANA,2017,5,,-,0,,1,,,-,,-,,-,0,,1,,,-,,-,,-,0,,2,,,-,3,,"MONTANA
(47.062617, -109.430168)",
LOUISIANA,2017,5,,-,0,,0,,,-,,-,,-,0,,0,,,-,,-,1,,12,,30,,15,,51,,"LOUISIANA
(31.2931, -92.463284)",
RHODE ISLAND,2017,5,,-,0,,0,,,-,,-,,-,0,,1,,,-,,-,,-,1,,8,,,-,12,,"RHODE ISLAND
(41.707447, -71.522488)",
FLORIDA,2017,5,,-,0,,1,,,-,,-,,-,0,,2,,1,,,-,3,,46,,66,,95,,194,,"FLORIDA
(28.915325, -81.922409)",
SOUTH CAROLINA,2017,5,,-,0,,1,,,-,,-,,-,0,,2,,1,,2,,8,,5,,13,,30,,44,,"SOUTH CAROLINA
(34.009286, -81.037094)",
NEW HAMPSHIRE,2017,5,,-,0,,0,,,-,,-,,-,0,,1,,,-,,-,1,,1,,11,,7,,8,,"NEW HAMPSHIRE
(43.657736, -71.500736)",
DIST. OF COL.,2017,5,,-,0,,1,,,-,,-,,-,0,,1,,,-,,-,,-,2,,7,,2,,12,,"DISTRICT OF COLUMBIA
(38.892062, -77.019912)",
MASSACHUSETTS,2017,5,,-,0,,0,,,-,,-,,-,0,,2,,,-,,-,,-,8,,18,,11,,56,,"MASSACHUSETTS
(42.268546, -72.085064)",
MISSISSIPPI,2017,5,,-,0,,0,,,-,,-,,-,1,,7,,1,,1,,1,,5,,13,,17,,21,,"MISSISSIPPI
(32.738663, -89.537312)",
OHIO,2017,5,,-,0,,1,,,-,,-,,-,0,,4,,,-,,-,,-,13,,22,,12,,73,,"OHIO
(40.056807, -82.405897)",
KANSAS,2017,5,,-,0,,1,,,-,,-,,-,1,,10,,,-,1,,,-,2,,6,,3,,9,,"KANSAS
(38.345528, -98.201847)",
UTAH,2017,5,,-,0,,0,,,-,,-,,-,0,,1,,,-,,-,,-,1,,6,,2,,10,,"UTAH
(39.359772, -111.584173)",
PUERTO RICO,2017,5,,N,0,,0,,,N,,N,,N,0,,0,,,N,,N,,-,8,,26,,10,,47,,"PUERTO RICO
(18.215692, -66.414655)",
IDAHO,2017,5,,-,0,,1,,,-,,-,,-,0,,1,,,-,,-,,-,1,,5,,1,,9,,"IDAHO
(43.680635, -114.364237)",
NORTH CAROLINA,2017,5,,-,0,,2,,,-,,-,,-,7,,29,,,-,6,,1,,19,,28,,20,,111,,"NORTH CAROLINA
(35.47995, -79.180571)",
GEORGIA,2017,5,,-,1,,8,,1,,5,,,-,0,,0,,,-,,-,,-,22,,41,,,-,193,,"GEORGIA
(32.836038, -83.631709)",
VERMONT,2017,5,,-,0,,0,,,-,,-,,-,0,,1,,,-,,-,,-,0,,3,,1,,2,,"VERMONT
(43.622479, -72.51927)",
MINNESOTA,2017,5,,-,0,,0,,,-,,-,,-,0,,0,,,-,,-,,-,5,,10,,,-,37,,"MINNESOTA
(46.357661, -94.793397)",
MISSOURI,2017,5,,-,0,,1,,,-,,-,,-,5,,22,,2,,,-,2,,7,,14,,14,,50,,"MISSOURI
(38.636168, -92.566292)",
NORTH DAKOTA,2017,5,,-,0,,0,,,-,,-,,-,0,,1,,,-,,-,,-,0,,3,,1,,,-,"NORTH DAKOTA
(47.475879, -100.121011)",
OKLAHOMA,2017,5,,-,0,,1,,,-,,-,,-,0,,2,,,-,,-,,-,2,,12,,1,,31,,"OKLAHOMA
(35.468494, -97.521264)",
VIRGINIA,2017,5,,-,0,,1,,,-,,-,,-,4,,19,,,-,4,,,-,3,,41,,,-,31,,"VIRGINIA
(37.542699, -78.45822)",
NEBRASKA,2017,5,,-,0,,0,,,-,,-,,-,0,,4,,,-,,-,,-,1,,6,,1,,2,,"NEBRASKA
(41.640503, -99.367122)",
WISCONSIN,2017,5,,-,0,,0,,,-,,-,,-,0,,2,,,-,,-,,-,2,,6,,8,,12,,"WISCONSIN
(44.395526, -89.834513)",
OREGON,2017,5,,-,0,,1,,,-,,-,,-,0,,1,,,-,,-,3,,6,,15,,17,,28,,"OREGON
(44.567912, -120.156945)",
VIRGIN ISL.,2017,5,,-,0,,0,,,-,,-,,-,0,,0,,,-,,-,,-,0,,0,,,-,,-,"VIRGIN ISLANDS
(18.060868, -64.840836)",
IOWA,2017,5,,-,0,,0,,,-,,-,,-,0,,2,,,-,,-,,-,1,,4,,4,,9,,"IOWA
(42.46942, -93.815856)",
DELAWARE,2017,5,,-,0,,0,,,-,,-,,-,0,,3,,,-,2,,,-,0,,7,,1,,10,,"DELAWARE
(39.008676, -75.574561)",
ALABAMA,2017,5,,-,0,,1,,,-,,-,,-,7,,24,,1,,5,,3,,6,,14,,24,,23,,"ALABAMA
(32.839182, -86.631125)",
NEVADA,2017,5,,-,0,,0,,,-,,-,,-,0,,1,,,-,,-,,-,8,,25,,21,,31,,"NEVADA
(39.491833, -117.070159)",
HAWAII,2017,5,,N,0,,0,,,N,,N,,N,0,,0,,,N,,N,1,,1,,6,,1,,10,,"HAWAII
(21.30992, -157.858158)",
ARIZONA,2017,5,,-,0,,2,,1,,,-,1,,0,,1,,1,,,-,1,,13,,23,,20,,60,,"ARIZONA
(34.869712, -111.760902)",
MARYLAND,2017,5,,-,0,,2,,,-,,-,,-,0,,6,,,-,,-,1,,8,,22,,12,,44,,"MARYLAND
(39.290443, -76.612333)",
ARKANSAS,2017,5,,-,0,,1,,,-,,-,,-,8,,75,,4,,5,,,-,2,,11,,5,,12,,"ARKANSAS
(34.748745, -92.275105)",
CONNECTICUT,2017,5,,-,0,,0,,,-,,-,,-,0,,0,,,-,,-,,-,1,,7,,2,,14,,"CONNECTICUT
(41.544654, -72.651713)",
ALASKA,2017,5,,N,0,,0,,,N,,N,,N,0,,0,,,N,,N,,-,0,,1,,,-,,-,"ALASKA
(64.836661, -147.738891)",
ILLINOIS,2017,5,,-,0,,1,,,-,,-,,-,1,,7,,,-,,-,,-,21,,33,,1,,112,,"ILLINOIS
(40.477092, -88.993221)",
CALIFORNIA,2017,5,,-,0,,0,,,-,,-,,-,0,,1,,,-,3,,17,,108,,133,,269,,519,,"CALIFORNIA
(37.640735, -121.002435)",
C.N.M.I.,2017,5,,-,,-,,-,,-,,-,,-,,-,,-,,-,,-,,-,,-,,-,,-,,-,"NORTHERN MARIANA ISLANDS
(15.1834, 145.725693)",
KENTUCKY,2017,5,,-,0,,2,,,-,1,,,-,2,,11,,4,,8,,2,,3,,12,,4,,10,,"KENTUCKY
(37.64591, -84.774043)",
WYOMING,2017,5,,-,0,,0,,,-,,-,,-,0,,1,,,-,,-,,-,0,,1,,,-,,-,"WYOMING
(43.23558, -108.110518)",
TENNESSEE,2017,5,,-,0,,1,,,-,1,,1,,10,,40,,2,,8,,3,,6,,15,,5,,37,,"TENNESSEE
(35.681402, -85.774444)",
NEW MEXICO,2017,5,,-,0,,0,,,-,,-,,-,0,,0,,,-,,-,,-,3,,11,,3,,25,,"NEW MEXICO
(34.520396, -106.244402)",
UNITED STATES,2017,6,1,,3,,11,,3,,7,,1,,59,,216,,33,,61,,90,,515,,609,,1393,,3095,,,
NEW ENGLAND,2017,6,,-,0,,0,,,-,,-,,-,0,,2,,1,,,-,1,,14,,29,,23,,116,,,
MID. ATLANTIC,2017,6,,-,0,,1,,,-,,-,,-,2,,13,,4,,5,,9,,65,,91,,210,,387,,,
NEW YORK CITY,2017,6,,-,0,,0,,,-,,-,,-,0,,3,,,-,1,,4,,35,,49,,106,,221,,,
E.N. CENTRAL,2017,6,,-,0,,2,,,-,,-,,-,2,,15,,,-,2,,3,,51,,67,,74,,321,,,
W.N. CENTRAL,2017,6,,-,0,,2,,,-,,-,,-,7,,28,,2,,3,,2,,19,,29,,35,,137,,,
S. ATLANTIC,2017,6,1,,1,,10,,2,,5,,,-,17,,45,,4,,15,,7,,113,,162,,222,,774,,,
E.S. CENTRAL,2017,6,,-,0,,4,,,-,2,,1,,21,,65,,14,,27,,3,,22,,38,,60,,109,,,
W.S. CENTRAL,2017,6,,-,0,,1,,,-,,-,,-,10,,80,,7,,6,,36,,56,,77,,266,,335,,,
MOUNTAIN,2017,6,,-,0,,2,,1,,,-,,-,0,,2,,1,,,-,1,,31,,55,,88,,191,,,
PACIFIC,2017,6,,-,0,,1,,,-,,-,,-,0,,2,,,-,3,,28,,126,,156,,415,,725,,,
AMER. SAMOA,2017,6,,N,0,,0,,,N,,N,,N,0,,0,,,N,,N,,-,0,,0,,,-,,-,,
KANSAS,2017,6,,-,0,,1,,,-,,-,,-,1,,10,,,-,1,,1,,2,,6,,9,,11,,"KANSAS
(38.345528, -98.201847)",
MICHIGAN,2017,6,,-,0,,1,,,-,,-,,-,0,,2,,,-,1,,,-,6,,12,,5,,45,,"MICHIGAN
(44.66399, -84.711206)",
PUERTO RICO,2017,6,,N,0,,0,,,N,,N,,N,0,,0,,,N,,N,,-,8,,26,,13,,61,,"PUERTO RICO
(18.215692, -66.414655)",
MONTANA,2017,6,,-,0,,1,,,-,,-,,-,0,,1,,,-,,-,,-,0,,2,,,-,3,,"MONTANA
(47.062617, -109.430168)",
NEW YORK,2017,6,,-,0,,1,,,-,,-,,-,0,,2,,,-,1,,3,,10,,19,,49,,31,,"NEW YORK
(42.826892, -75.544286)",
CONNECTICUT,2017,6,,-,0,,0,,,-,,-,,-,0,,0,,,-,,-,,-,1,,7,,2,,17,,"CONNECTICUT
(41.544654, -72.651713)",
OHIO,2017,6,,-,0,,1,,,-,,-,,-,0,,4,,,-,,-,,-,13,,22,,31,,89,,"OHIO
(40.056807, -82.405897)",
INDIANA,2017,6,,-,0,,0,,,-,,-,,-,0,,6,,,-,,-,3,,6,,12,,24,,39,,"INDIANA
(39.76845, -86.156212)",
CALIFORNIA,2017,6,,-,0,,0,,,-,,-,,-,0,,1,,,-,3,,17,,108,,135,,350,,629,,"CALIFORNIA
(37.640735, -121.002435)",
FLORIDA,2017,6,1,,0,,1,,1,,,-,,-,0,,2,,1,,,-,5,,46,,66,,142,,236,,"FLORIDA
(28.915325, -81.922409)",
WASHINGTON,2017,6,,-,0,,0,,,-,,-,,-,0,,0,,,-,,-,8,,9,,21,,43,,52,,"WASHINGTON
(47.517368, -120.467672)",
KENTUCKY,2017,6,,-,0,,2,,,-,1,,,-,2,,11,,6,,8,,2,,3,,12,,6,,13,,"KENTUCKY
(37.64591, -84.774043)",
DIST. OF COL.,2017,6,,-,0,,1,,,-,,-,,-,0,,1,,,-,,-,,-,2,,7,,2,,14,,"DISTRICT OF COLUMBIA
(38.892062, -77.019912)",
OREGON,2017,6,,-,0,,1,,,-,,-,,-,0,,1,,,-,,-,3,,6,,15,,21,,33,,"OREGON
(44.567912, -120.156945)",
VERMONT,2017,6,,-,0,,0,,,-,,-,,-,0,,1,,,-,,-,,-,0,,3,,1,,4,,"VERMONT
(43.622479, -72.51927)",
UTAH,2017,6,,-,0,,0,,,-,,-,,-,0,,1,,,-,,-,,-,1,,6,,2,,13,,"UTAH
(39.359772, -111.584173)",
SOUTH DAKOTA,2017,6,,-,0,,1,,,-,,-,,-,0,,2,,,-,,-,,-,0,,2,,,-,2,,"SOUTH DAKOTA
(44.35371, -100.373709)",
NEBRASKA,2017,6,,-,0,,0,,,-,,-,,-,0,,4,,,-,,-,,-,1,,6,,1,,2,,"NEBRASKA
(41.640503, -99.367122)",
TEXAS,2017,6,,-,0,,1,,,-,,-,,-,1,,6,,2,,,-,35,,38,,53,,231,,213,,"TEXAS
(31.827233, -99.423022)",
LOUISIANA,2017,6,,-,0,,0,,,-,,-,,-,0,,0,,,-,,-,1,,12,,30,,27,,68,,"LOUISIANA
(31.2931, -92.463284)",
OKLAHOMA,2017,6,,-,0,,1,,,-,,-,,-,0,,2,,,-,,-,,-,2,,9,,2,,40,,"OKLAHOMA
(35.468494, -97.521264)",
MARYLAND,2017,6,,-,0,,2,,,-,,-,,-,0,,6,,1,,,-,1,,8,,22,,15,,66,,"MARYLAND
(39.290443, -76.612333)",
NEW JERSEY,2017,6,,-,0,,1,,,-,,-,,-,1,,8,,3,,1,,,-,8,,16,,2,,49,,"NEW JERSEY
(40.104655, -74.386686)",
HAWAII,2017,6,,N,0,,0,,,N,,N,,N,0,,0,,,N,,N,,-,1,,6,,1,,11,,"HAWAII
(21.30992, -157.858158)",
VIRGINIA,2017,6,,-,0,,1,,,-,,-,,-,4,,19,,,-,4,,,-,3,,41,,,-,34,,"VIRGINIA
(37.542699, -78.45822)",
SOUTH CAROLINA,2017,6,,-,0,,1,,,-,,-,,-,0,,2,,2,,2,,1,,5,,13,,31,,51,,"SOUTH CAROLINA
(34.009286, -81.037094)",
IOWA,2017,6,,-,0,,0,,,-,,-,,-,0,,2,,,-,,-,,-,1,,4,,6,,10,,"IOWA
(42.46942, -93.815856)",
WYOMING,2017,6,,-,0,,0,,,-,,-,,-,0,,1,,,-,,-,,-,0,,1,,1,,,-,"WYOMING
(43.23558, -108.110518)",
NORTH CAROLINA,2017,6,,-,0,,2,,,-,,-,,-,7,,29,,,-,7,,,-,20,,28,,30,,133,,"NORTH CAROLINA
(35.47995, -79.180571)",
GEORGIA,2017,6,,-,1,,8,,1,,5,,,-,0,,0,,,-,,-,,-,22,,41,,,-,224,,"GEORGIA
(32.836038, -83.631709)",
ALABAMA,2017,6,,-,0,,1,,,-,,-,,-,7,,24,,2,,9,,,-,6,,14,,24,,28,,"ALABAMA
(32.839182, -86.631125)",
NEW MEXICO,2017,6,,-,0,,0,,,-,,-,,-,0,,0,,,-,,-,,-,3,,11,,7,,28,,"NEW MEXICO
(34.520396, -106.244402)",
NEVADA,2017,6,,-,0,,0,,,-,,-,,-,0,,1,,,-,,-,,-,8,,25,,27,,37,,"NEVADA
(39.491833, -117.070159)",
NEW HAMPSHIRE,2017,6,,-,0,,0,,,-,,-,,-,0,,1,,,-,,-,,-,1,,11,,7,,9,,"NEW HAMPSHIRE
(43.657736, -71.500736)",
ILLINOIS,2017,6,,-,0,,1,,,-,,-,,-,1,,7,,,-,,-,,-,22,,35,,1,,130,,"ILLINOIS
(40.477092, -88.993221)",
VIRGIN ISL.,2017,6,,-,0,,0,,,-,,-,,-,0,,0,,,-,,-,,-,0,,0,,,-,,-,"VIRGIN ISLANDS
(18.060868, -64.840836)",
MISSISSIPPI,2017,6,,-,0,,0,,,-,,-,,-,1,,7,,2,,1,,,-,5,,13,,17,,26,,"MISSISSIPPI
(32.738663, -89.537312)",
RHODE ISLAND,2017,6,,-,0,,0,,,-,,-,,-,0,,1,,,-,,-,,-,1,,12,,,-,12,,"RHODE ISLAND
(41.707447, -71.522488)",
MASSACHUSETTS,2017,6,,-,0,,0,,,-,,-,,-,0,,2,,,-,,-,,-,8,,18,,11,,68,,"MASSACHUSETTS
(42.268546, -72.085064)",
COLORADO,2017,6,,-,0,,0,,,-,,-,,-,0,,0,,,-,,-,1,,4,,14,,21,,28,,"COLORADO
(38.841772, -106.132562)",
ARKANSAS,2017,6,,-,0,,1,,,-,,-,,-,8,,75,,5,,6,,,-,2,,11,,6,,14,,"ARKANSAS
(34.748745, -92.275105)",
NORTH DAKOTA,2017,6,,-,0,,0,,,-,,-,,-,0,,1,,,-,,-,,-,0,,3,,1,,2,,"NORTH DAKOTA
(47.475879, -100.121011)",
ALASKA,2017,6,,N,0,,0,,,N,,N,,N,0,,0,,,N,,N,,-,0,,1,,,-,,-,"ALASKA
(64.836661, -147.738891)",
MINNESOTA,2017,6,,-,0,,0,,,-,,-,,-,0,,0,,,-,,-,,-,5,,11,,,-,47,,"MINNESOTA
(46.357661, -94.793397)",
GUAM,2017,6,,N,0,,0,,,N,,N,,N,0,,0,,,N,,N,,-,0,,0,,,-,,-,"GUAM
(13.3532, 144.653198)",
DELAWARE,2017,6,,-,0,,0,,,-,,-,,-,0,,3,,,-,2,,,-,0,,7,,1,,11,,"DELAWARE
(39.008676, -75.574561)",
MAINE,2017,6,,-,0,,0,,,-,,-,,-,0,,1,,1,,,-,1,,1,,4,,2,,6,,"MAINE
(45.252223, -68.986647)",
C.N.M.I.,2017,6,,-,,-,,-,,-,,-,,-,,-,,-,,-,,-,,-,,-,,-,,-,,-,"NORTHERN MARIANA ISLANDS
(15.1834, 145.725693)",
IDAHO,2017,6,,-,0,,1,,,-,,-,,-,0,,1,,,-,,-,,-,1,,3,,1,,10,,"IDAHO
(43.680635, -114.364237)",
TENNESSEE,2017,6,,-,0,,1,,,-,1,,1,,10,,40,,4,,9,,1,,6,,15,,13,,42,,"TENNESSEE
(35.681402, -85.774444)",
ARIZONA,2017,6,,-,0,,2,,1,,,-,,-,0,,1,,1,,,-,,-,13,,23,,29,,72,,"ARIZONA
(34.869712, -111.760902)",
MISSOURI,2017,6,,-,0,,1,,,-,,-,,-,5,,22,,2,,2,,1,,7,,14,,18,,63,,"MISSOURI
(38.636168, -92.566292)",
WEST VIRGINIA,2017,6,,-,0,,0,,,-,,-,,-,0,,2,,,-,,-,,-,1,,4,,1,,5,,"WEST VIRGINIA
(38.668501, -80.709421)",
PENNSYLVANIA,2017,6,,-,0,,1,,,-,,-,,-,0,,3,,1,,2,,2,,15,,24,,53,,86,,"PENNSYLVANIA
(40.789676, -77.858055)",
WISCONSIN,2017,6,,-,0,,0,,,-,,-,,-,0,,2,,,-,1,,,-,2,,6,,13,,18,,"WISCONSIN
(44.395526, -89.834513)",
UNITED STATES,2017,7,,-,3,,11,,3,,7,,5,,59,,216,,44,,75,,88,,514,,610,,1817,,3597,,,
NEW ENGLAND,2017,7,,-,0,,0,,,-,,-,,-,0,,2,,1,,,-,,-,14,,29,,45,,130,,,
MID. ATLANTIC,2017,7,,-,0,,1,,,-,,-,,-,2,,13,,4,,7,,12,,65,,91,,264,,436,,,
NEW YORK CITY,2017,7,,-,0,,0,,,-,,-,,-,0,,3,,,-,2,,1,,35,,49,,122,,239,,,
E.N. CENTRAL,2017,7,,-,0,,2,,,-,,-,,-,2,,15,,,-,2,,1,,50,,67,,113,,387,,,
W.N. CENTRAL,2017,7,,-,0,,2,,,-,,-,,-,7,,28,,2,,4,,,-,19,,29,,46,,154,,,
S. ATLANTIC,2017,7,,-,1,,10,,2,,5,,2,,17,,44,,7,,18,,6,,112,,162,,313,,889,,,
E.S. CENTRAL,2017,7,,-,0,,4,,,-,2,,3,,21,,65,,20,,32,,11,,22,,38,,75,,138,,,
W.S. CENTRAL,2017,7,,-,0,,1,,,-,,-,,-,10,,80,,9,,9,,36,,56,,77,,330,,393,,,
MOUNTAIN,2017,7,,-,0,,2,,1,,,-,,-,0,,2,,1,,,-,,-,31,,55,,104,,218,,,
PACIFIC,2017,7,,-,0,,1,,,-,,-,,-,0,,2,,,-,3,,22,,126,,155,,527,,852,,,
AMER. SAMOA,2017,7,,N,0,,0,,,N,,N,,N,0,,0,,,N,,N,,-,0,,0,,,-,,-,,
ARKANSAS,2017,7,,-,0,,1,,,-,,-,,-,8,,75,,7,,9,,1,,2,,11,,10,,18,,"ARKANSAS
(34.748745, -92.275105)",
NEW JERSEY,2017,7,,-,0,,1,,,-,,-,,-,1,,8,,3,,2,,,-,7,,16,,6,,62,,"NEW JERSEY
(40.104655, -74.386686)",
UTAH,2017,7,,-,0,,0,,,-,,-,,-,0,,1,,,-,,-,,-,1,,6,,2,,13,,"UTAH
(39.359772, -111.584173)",
MICHIGAN,2017,7,,-,0,,1,,,-,,-,,-,0,,2,,,-,1,,,-,6,,12,,11,,53,,"MICHIGAN
(44.66399, -84.711206)",
KENTUCKY,2017,7,,-,0,,2,,,-,1,,2,,2,,11,,8,,8,,9,,3,,12,,15,,16,,"KENTUCKY
(37.64591, -84.774043)",
NORTH DAKOTA,2017,7,,-,0,,0,,,-,,-,,-,0,,1,,,-,,-,,-,0,,3,,1,,3,,"NORTH DAKOTA
(47.475879, -100.121011)",
KANSAS,2017,7,,-,0,,1,,,-,,-,,-,1,,10,,,-,1,,,-,2,,6,,12,,12,,"KANSAS
(38.345528, -98.201847)",
ARIZONA,2017,7,,-,0,,2,,1,,,-,,-,0,,1,,1,,,-,,-,13,,23,,41,,84,,"ARIZONA
(34.869712, -111.760902)",
WASHINGTON,2017,7,,-,0,,0,,,-,,-,,-,0,,0,,,-,,-,7,,9,,21,,50,,65,,"WASHINGTON
(47.517368, -120.467672)",
DELAWARE,2017,7,,-,0,,0,,,-,,-,,-,0,,3,,,-,3,,,-,0,,7,,1,,11,,"DELAWARE
(39.008676, -75.574561)",
COLORADO,2017,7,,-,0,,0,,,-,,-,,-,0,,0,,,-,,-,,-,4,,14,,23,,32,,"COLORADO
(38.841772, -106.132562)",
NEBRASKA,2017,7,,-,0,,0,,,-,,-,,-,0,,4,,,-,,-,,-,1,,6,,1,,2,,"NEBRASKA
(41.640503, -99.367122)",
DIST. OF COL.,2017,7,,-,0,,1,,,-,,-,,-,0,,1,,,-,,-,,-,1,,7,,2,,15,,"DISTRICT OF COLUMBIA
(38.892062, -77.019912)",
SOUTH CAROLINA,2017,7,,-,0,,1,,,-,,-,,-,0,,2,,2,,2,,,-,5,,13,,32,,55,,"SOUTH CAROLINA
(34.009286, -81.037094)",
GUAM,2017,7,,N,0,,0,,,N,,N,,N,0,,0,,,N,,N,,-,0,,0,,,-,,-,"GUAM
(13.3532, 144.653198)",
VIRGIN ISL.,2017,7,,-,0,,0,,,-,,-,,-,0,,0,,,-,,-,,-,0,,0,,,-,,-,"VIRGIN ISLANDS
(18.060868, -64.840836)",
FLORIDA,2017,7,,-,0,,1,,1,,,-,1,,0,,2,,2,,,-,6,,46,,66,,216,,274,,"FLORIDA
(28.915325, -81.922409)",
NEW MEXICO,2017,7,,-,0,,0,,,-,,-,,-,0,,0,,,-,,-,,-,3,,11,,9,,32,,"NEW MEXICO
(34.520396, -106.244402)",
RHODE ISLAND,2017,7,,-,0,,0,,,-,,-,,-,0,,1,,,-,,-,,-,1,,12,,,-,15,,"RHODE ISLAND
(41.707447, -71.522488)",
NEW YORK,2017,7,,-,0,,1,,,-,,-,,-,0,,2,,,-,1,,8,,10,,19,,57,,38,,"NEW YORK
(42.826892, -75.544286)",
WYOMING,2017,7,,-,0,,0,,,-,,-,,-,0,,1,,,-,,-,,-,0,,1,,1,,,-,"WYOMING
(43.23558, -108.110518)",
VERMONT,2017,7,,-,0,,0,,,-,,-,,-,0,,1,,,-,,-,,-,0,,3,,1,,5,,"VERMONT
(43.622479, -72.51927)",
TENNESSEE,2017,7,,-,0,,1,,,-,1,,,-,10,,40,,6,,9,,,-,6,,15,,13,,57,,"TENNESSEE
(35.681402, -85.774444)",
MONTANA,2017,7,,-,0,,1,,,-,,-,,-,0,,1,,,-,,-,,-,0,,2,,,-,3,,"MONTANA
(47.062617, -109.430168)",
WEST VIRGINIA,2017,7,,-,0,,0,,,-,,-,,-,0,,2,,,-,,-,,-,1,,4,,2,,8,,"WEST VIRGINIA
(38.668501, -80.709421)",
SOUTH DAKOTA,2017,7,,-,0,,1,,,-,,-,,-,0,,2,,,-,,-,,-,0,,2,,,-,3,,"SOUTH DAKOTA
(44.35371, -100.373709)",
MAINE,2017,7,,-,0,,0,,,-,,-,,-,0,,1,,1,,,-,,-,1,,4,,2,,7,,"MAINE
(45.252223, -68.986647)",
IOWA,2017,7,,-,0,,0,,,-,,-,,-,0,,2,,,-,,-,,-,1,,4,,6,,13,,"IOWA
(42.46942, -93.815856)",
OHIO,2017,7,,-,0,,1,,,-,,-,,-,0,,4,,,-,,-,,-,13,,22,,58,,107,,"OHIO
(40.056807, -82.405897)",
GEORGIA,2017,7,,-,1,,8,,1,,5,,,-,0,,0,,,-,,-,,-,21,,41,,,-,261,,"GEORGIA
(32.836038, -83.631709)",
WISCONSIN,2017,7,,-,0,,0,,,-,,-,,-,0,,2,,,-,1,,1,,2,,6,,15,,19,,"WISCONSIN
(44.395526, -89.834513)",
ILLINOIS,2017,7,,-,0,,1,,,-,,-,,-,1,,7,,,-,,-,,-,22,,36,,2,,161,,"ILLINOIS
(40.477092, -88.993221)",
LOUISIANA,2017,7,,-,0,,0,,,-,,-,,-,0,,0,,,-,,-,1,,12,,30,,38,,77,,"LOUISIANA
(31.2931, -92.463284)",
C.N.M.I.,2017,7,,-,,-,,-,,-,,-,,-,,-,,-,,-,,-,,-,,-,,-,,-,,-,"NORTHERN MARIANA ISLANDS
(15.1834, 145.725693)",
MINNESOTA,2017,7,,-,0,,0,,,-,,-,,-,0,,0,,,-,,-,,-,5,,11,,,-,52,,"MINNESOTA
(46.357661, -94.793397)",
INDIANA,2017,7,,-,0,,0,,,-,,-,,-,0,,6,,,-,,-,,-,6,,12,,27,,47,,"INDIANA
(39.76845, -86.156212)",
NORTH CAROLINA,2017,7,,-,0,,2,,,-,,-,,-,7,,29,,,-,8,,,-,19,,28,,37,,152,,"NORTH CAROLINA
(35.47995, -79.180571)",
PENNSYLVANIA,2017,7,,-,0,,1,,,-,,-,,-,0,,3,,1,,2,,3,,15,,24,,79,,97,,"PENNSYLVANIA
(40.789676, -77.858055)",
MISSISSIPPI,2017,7,,-,0,,0,,,-,,-,,-,1,,7,,2,,2,,2,,5,,13,,23,,31,,"MISSISSIPPI
(32.738663, -89.537312)",
CONNECTICUT,2017,7,,-,0,,0,,,-,,-,,-,0,,0,,,-,,-,,-,1,,7,,2,,20,,"CONNECTICUT
(41.544654, -72.651713)",
MARYLAND,2017,7,,-,0,,2,,,-,,-,1,,0,,6,,2,,,-,,-,8,,15,,23,,73,,"MARYLAND
(39.290443, -76.612333)",
TEXAS,2017,7,,-,0,,1,,,-,,-,,-,1,,6,,2,,,-,34,,38,,55,,280,,253,,"TEXAS
(31.827233, -99.423022)",
PUERTO RICO,2017,7,,N,0,,0,,,N,,N,,N,0,,0,,,N,,N,,-,8,,26,,22,,72,,"PUERTO RICO
(18.215692, -66.414655)",
CALIFORNIA,2017,7,,-,0,,0,,,-,,-,,-,0,,1,,,-,3,,12,,109,,140,,447,,732,,"CALIFORNIA
(37.640735, -121.002435)",
ALABAMA,2017,7,,-,0,,1,,,-,,-,1,,7,,24,,4,,13,,,-,6,,14,,24,,34,,"ALABAMA
(32.839182, -86.631125)",
MASSACHUSETTS,2017,7,,-,0,,0,,,-,,-,,-,0,,2,,,-,,-,,-,8,,19,,32,,74,,"MASSACHUSETTS
(42.268546, -72.085064)",
HAWAII,2017,7,,N,0,,0,,,N,,N,,N,0,,0,,,N,,N,,-,1,,6,,3,,12,,"HAWAII
(21.30992, -157.858158)",
IDAHO,2017,7,,-,0,,1,,,-,,-,,-,0,,1,,,-,,-,,-,1,,3,,1,,11,,"IDAHO
(43.680635, -114.364237)",
OREGON,2017,7,,-,0,,1,,,-,,-,,-,0,,1,,,-,,-,3,,6,,15,,27,,43,,"OREGON
(44.567912, -120.156945)",
ALASKA,2017,7,,N,0,,0,,,N,,N,,N,0,,0,,,N,,N,,-,0,,1,,,-,,-,"ALASKA
(64.836661, -147.738891)",
NEVADA,2017,7,,-,0,,0,,,-,,-,,-,0,,1,,,-,,-,,-,8,,25,,27,,43,,"NEVADA
(39.491833, -117.070159)",
MISSOURI,2017,7,,-,0,,1,,,-,,-,,-,5,,22,,2,,3,,,-,7,,14,,26,,69,,"MISSOURI
(38.636168, -92.566292)",
OKLAHOMA,2017,7,,-,0,,1,,,-,,-,,-,0,,2,,,-,,-,,-,2,,9,,2,,45,,"OKLAHOMA
(35.468494, -97.521264)",
NEW HAMPSHIRE,2017,7,,-,0,,0,,,-,,-,,-,0,,1,,,-,,-,,-,1,,11,,8,,9,,"NEW HAMPSHIRE
(43.657736, -71.500736)",
VIRGINIA,2017,7,,-,0,,1,,,-,,-,,-,4,,19,,1,,5,,,-,2,,41,,,-,40,,"VIRGINIA
(37.542699, -78.45822)",
UNITED STATES,2017,8,1,,3,,11,,4,,8,,1,,59,,216,,53,,82,,84,,515,,610,,2172,,4193,,,
NEW ENGLAND,2017,8,,-,0,,0,,,-,,-,,-,0,,2,,1,,,-,2,,14,,29,,49,,146,,,
MID. ATLANTIC,2017,8,,-,0,,1,,,-,,-,1,,2,,13,,5,,7,,13,,66,,91,,308,,512,,,
MAINE,2017,8,,-,0,,0,,,-,,-,,-,0,,1,,1,,,-,,-,1,,4,,3,,8,,"MAINE
(45.252223, -68.986647)",
NEW YORK CITY,2017,8,,-,0,,0,,,-,,-,,-,0,,3,,,-,2,,4,,35,,49,,150,,279,,,
E.N. CENTRAL,2017,8,,-,0,,2,,,-,,-,,-,2,,15,,,-,2,,2,,50,,67,,132,,435,,,
W.N. CENTRAL,2017,8,,-,0,,2,,,-,,-,,-,7,,28,,2,,5,,3,,18,,29,,64,,170,,,
S. ATLANTIC,2017,8,,-,1,,10,,2,,6,,,-,17,,44,,8,,23,,6,,111,,162,,372,,1016,,,
E.S. CENTRAL,2017,8,,-,0,,4,,,-,2,,,-,21,,65,,22,,33,,4,,22,,38,,82,,176,,,
W.S. CENTRAL,2017,8,,-,0,,1,,,-,,-,,-,10,,80,,14,,9,,23,,57,,77,,373,,470,,,
MOUNTAIN,2017,8,1,,0,,2,,2,,,-,,-,0,,2,,1,,,-,3,,31,,55,,134,,252,,,
PACIFIC,2017,8,,-,0,,1,,,-,,-,,-,0,,2,,,-,3,,28,,127,,157,,658,,1016,,,
AMER. SAMOA,2017,8,,N,0,,0,,,N,,N,,N,0,,0,,,N,,N,,-,0,,0,,,-,,-,,
WISCONSIN,2017,8,,-,0,,0,,,-,,-,,-,0,,2,,,-,1,,,-,2,,6,,20,,23,,"WISCONSIN
(44.395526, -89.834513)",
MARYLAND,2017,8,,-,0,,2,,,-,,-,,-,1,,6,,2,,,-,1,,8,,15,,30,,86,,"MARYLAND
(39.290443, -76.612333)",
TENNESSEE,2017,8,,-,0,,1,,,-,1,,,-,10,,40,,7,,9,,1,,6,,13,,14,,68,,"TENNESSEE
(35.681402, -85.774444)",
SOUTH DAKOTA,2017,8,,-,0,,1,,,-,,-,,-,0,,2,,,-,,-,,-,0,,2,,,-,3,,"SOUTH DAKOTA
(44.35371, -100.373709)",
DIST. OF COL.,2017,8,,-,0,,1,,,-,,-,,-,0,,1,,,-,,-,,-,2,,7,,2,,17,,"DISTRICT OF COLUMBIA
(38.892062, -77.019912)",
NEBRASKA,2017,8,,-,0,,0,,,-,,-,,-,0,,4,,,-,,-,,-,1,,6,,2,,2,,"NEBRASKA
(41.640503, -99.367122)",
ALABAMA,2017,8,,-,0,,1,,,-,,-,,-,7,,24,,5,,14,,,-,6,,14,,24,,43,,"ALABAMA
(32.839182, -86.631125)",
PENNSYLVANIA,2017,8,,-,0,,1,,,-,,-,,-,0,,3,,1,,2,,3,,15,,24,,85,,111,,"PENNSYLVANIA
(40.789676, -77.858055)",
SOUTH CAROLINA,2017,8,,-,0,,1,,,-,,-,,-,0,,2,,2,,2,,,-,5,,13,,33,,63,,"SOUTH CAROLINA
(34.009286, -81.037094)",
ILLINOIS,2017,8,,-,0,,1,,,-,,-,,-,1,,7,,,-,,-,,-,22,,38,,3,,178,,"ILLINOIS
(40.477092, -88.993221)",
NEW JERSEY,2017,8,,-,0,,1,,,-,,-,,-,1,,8,,3,,2,,,-,7,,16,,10,,75,,"NEW JERSEY
(40.104655, -74.386686)",
KENTUCKY,2017,8,,-,0,,2,,,-,1,,,-,2,,11,,8,,8,,3,,3,,12,,18,,28,,"KENTUCKY
(37.64591, -84.774043)",
ALASKA,2017,8,,N,0,,0,,,N,,N,,N,0,,0,,,N,,N,,-,0,,1,,,-,,-,"ALASKA
(64.836661, -147.738891)",
WASHINGTON,2017,8,,-,0,,0,,,-,,-,,-,0,,0,,,-,,-,7,,9,,21,,57,,73,,"WASHINGTON
(47.517368, -120.467672)",
OHIO,2017,8,,-,0,,1,,,-,,-,,-,0,,4,,,-,,-,,-,13,,22,,64,,122,,"OHIO
(40.056807, -82.405897)",
IOWA,2017,8,,-,0,,0,,,-,,-,,-,0,,2,,,-,,-,1,,1,,4,,8,,14,,"IOWA
(42.46942, -93.815856)",
VERMONT,2017,8,,-,0,,0,,,-,,-,,-,0,,1,,,-,,-,,-,0,,3,,1,,5,,"VERMONT
(43.622479, -72.51927)",
GEORGIA,2017,8,,-,1,,8,,1,,6,,,-,0,,0,,,-,,-,,-,21,,41,,,-,292,,"GEORGIA
(32.836038, -83.631709)",
NEW YORK,2017,8,,-,0,,1,,,-,,-,1,,0,,2,,1,,1,,6,,10,,21,,63,,47,,"NEW YORK
(42.826892, -75.544286)",
FLORIDA,2017,8,,-,0,,1,,1,,,-,,-,0,,2,,2,,,-,4,,47,,66,,266,,316,,"FLORIDA
(28.915325, -81.922409)",
IDAHO,2017,8,,-,0,,1,,,-,,-,,-,0,,1,,,-,,-,,-,1,,3,,1,,13,,"IDAHO
(43.680635, -114.364237)",
OKLAHOMA,2017,8,,-,0,,1,,,-,,-,,-,0,,2,,,-,,-,,-,2,,9,,3,,50,,"OKLAHOMA
(35.468494, -97.521264)",
UTAH,2017,8,,-,0,,0,,,-,,-,,-,0,,1,,,-,,-,,-,1,,6,,2,,17,,"UTAH
(39.359772, -111.584173)",
MINNESOTA,2017,8,,-,0,,0,,,-,,-,,-,0,,0,,,-,,-,,-,5,,11,,,-,62,,"MINNESOTA
(46.357661, -94.793397)",
NEW HAMPSHIRE,2017,8,,-,0,,0,,,-,,-,,-,0,,1,,,-,,-,2,,1,,11,,10,,11,,"NEW HAMPSHIRE
(43.657736, -71.500736)",
NORTH CAROLINA,2017,8,,-,0,,2,,,-,,-,,-,7,,29,,,-,11,,,-,19,,28,,37,,172,,"NORTH CAROLINA
(35.47995, -79.180571)",
TEXAS,2017,8,,-,0,,1,,,-,,-,,-,1,,7,,3,,,-,21,,38,,55,,304,,298,,"TEXAS
(31.827233, -99.423022)",
MASSACHUSETTS,2017,8,,-,0,,0,,,-,,-,,-,0,,2,,,-,,-,,-,8,,19,,32,,84,,"MASSACHUSETTS
(42.268546, -72.085064)",
OREGON,2017,8,,-,0,,1,,,-,,-,,-,0,,1,,,-,,-,5,,6,,15,,35,,53,,"OREGON
(44.567912, -120.156945)",
CALIFORNIA,2017,8,,-,0,,0,,,-,,-,,-,0,,2,,,-,3,,14,,109,,144,,559,,876,,"CALIFORNIA
(37.640735, -121.002435)",
WEST VIRGINIA,2017,8,,-,0,,0,,,-,,-,,-,0,,2,,,-,,-,,-,0,,4,,2,,9,,"WEST VIRGINIA
(38.668501, -80.709421)",
GUAM,2017,8,,N,0,,0,,,N,,N,,N,0,,0,,,N,,N,,-,0,,0,,,-,,-,"GUAM
(13.3532, 144.653198)",
VIRGINIA,2017,8,,-,0,,1,,,-,,-,,-,4,,19,,2,,7,,,-,1,,41,,,-,46,,"VIRGINIA
(37.542699, -78.45822)",
RHODE ISLAND,2017,8,,-,0,,0,,,-,,-,,-,0,,1,,,-,,-,,-,1,,15,,,-,15,,"RHODE ISLAND
(41.707447, -71.522488)",
NEVADA,2017,8,,-,0,,0,,,-,,-,,-,0,,1,,,-,,-,,-,8,,25,,41,,48,,"NEVADA
(39.491833, -117.070159)",
MICHIGAN,2017,8,,-,0,,1,,,-,,-,,-,0,,2,,,-,1,,,-,6,,12,,11,,56,,"MICHIGAN
(44.66399, -84.711206)",
CONNECTICUT,2017,8,,-,0,,0,,,-,,-,,-,0,,0,,,-,,-,,-,1,,7,,3,,23,,"CONNECTICUT
(41.544654, -72.651713)",
VIRGIN ISL.,2017,8,,-,0,,0,,,-,,-,,-,0,,0,,,-,,-,,-,0,,0,,,-,,-,"VIRGIN ISLANDS
(18.060868, -64.840836)",
ARKANSAS,2017,8,,-,0,,1,,,-,,-,,-,8,,75,,10,,9,,,-,2,,11,,14,,27,,"ARKANSAS
(34.748745, -92.275105)",
NORTH DAKOTA,2017,8,,-,0,,0,,,-,,-,,-,0,,1,,,-,,-,,-,0,,3,,2,,4,,"NORTH DAKOTA
(47.475879, -100.121011)",
HAWAII,2017,8,,N,0,,0,,,N,,N,,N,0,,0,,,N,,N,2,,1,,6,,7,,14,,"HAWAII
(21.30992, -157.858158)",
ARIZONA,2017,8,1,,0,,2,,2,,,-,,-,0,,1,,1,,,-,,-,13,,23,,47,,98,,"ARIZONA
(34.869712, -111.760902)",
MISSISSIPPI,2017,8,,-,0,,0,,,-,,-,,-,1,,7,,2,,2,,,-,5,,13,,26,,37,,"MISSISSIPPI
(32.738663, -89.537312)",
LOUISIANA,2017,8,,-,0,,0,,,-,,-,,-,0,,1,,1,,,-,2,,12,,30,,52,,95,,"LOUISIANA
(31.2931, -92.463284)",
MONTANA,2017,8,,-,0,,1,,,-,,-,,-,0,,1,,,-,,-,,-,0,,2,,,-,3,,"MONTANA
(47.062617, -109.430168)",
NEW MEXICO,2017,8,,-,0,,0,,,-,,-,,-,0,,0,,,-,,-,,-,3,,11,,11,,35,,"NEW MEXICO
(34.520396, -106.244402)",
INDIANA,2017,8,,-,0,,0,,,-,,-,,-,0,,6,,,-,,-,2,,6,,12,,34,,56,,"INDIANA
(39.76845, -86.156212)",
C.N.M.I.,2017,8,,-,,-,,-,,-,,-,,-,,-,,-,,-,,-,,-,,-,,-,,-,,-,"NORTHERN MARIANA ISLANDS
(15.1834, 145.725693)",
COLORADO,2017,8,,-,0,,0,,,-,,-,,-,0,,0,,,-,,-,3,,4,,14,,31,,38,,"COLORADO
(38.841772, -106.132562)",
MISSOURI,2017,8,,-,0,,1,,,-,,-,,-,5,,22,,2,,4,,2,,7,,14,,37,,70,,"MISSOURI
(38.636168, -92.566292)",
PUERTO RICO,2017,8,,N,0,,0,,,N,,N,,N,0,,0,,,N,,N,,-,8,,26,,37,,86,,"PUERTO RICO
(18.215692, -66.414655)",
DELAWARE,2017,8,,-,0,,0,,,-,,-,,-,0,,3,,,-,3,,1,,0,,7,,2,,15,,"DELAWARE
(39.008676, -75.574561)",
WYOMING,2017,8,,-,0,,0,,,-,,-,,-,0,,1,,,-,,-,,-,0,,1,,1,,,-,"WYOMING
(43.23558, -108.110518)",
KANSAS,2017,8,,-,0,,1,,,-,,-,,-,1,,10,,,-,1,,,-,2,,6,,15,,15,,"KANSAS
(38.345528, -98.201847)",
UNITED STATES,2017,9,1,,3,,11,,4,,8,,4,,59,,216,,64,,93,,93,,509,,610,,2590,,4722,,,
NEW ENGLAND,2017,9,,-,0,,0,,,-,,-,,-,0,,2,,1,,,-,2,,14,,29,,53,,165,,,
MID. ATLANTIC,2017,9,,-,0,,1,,,-,,-,1,,2,,13,,8,,7,,20,,65,,91,,383,,580,,,
NEW YORK CITY,2017,9,,-,0,,0,,,-,,-,1,,0,,3,,1,,2,,3,,35,,49,,187,,316,,,
E.N. CENTRAL,2017,9,,-,0,,2,,,-,,-,,-,2,,15,,,-,2,,,-,51,,67,,146,,491,,,
W.N. CENTRAL,2017,9,,-,0,,2,,,-,,-,,-,7,,28,,2,,6,,2,,18,,29,,106,,190,,,
S. ATLANTIC,2017,9,1,,1,,10,,3,,6,,1,,17,,44,,13,,25,,6,,111,,162,,456,,1139,,,
E.S. CENTRAL,2017,9,,-,0,,4,,,-,2,,1,,21,,65,,24,,39,,6,,22,,38,,91,,195,,,
W.S. CENTRAL,2017,9,,-,0,,1,,,-,,-,1,,10,,80,,15,,11,,29,,57,,71,,421,,524,,,
MOUNTAIN,2017,9,,-,0,,2,,1,,,-,,-,0,,2,,1,,,-,,-,31,,55,,161,,290,,,
PACIFIC,2017,9,,-,0,,1,,,-,,-,,-,0,,2,,,-,3,,28,,128,,162,,773,,1148,,,
AMER. SAMOA,2017,9,,N,0,,0,,,N,,N,,N,0,,0,,,N,,N,,-,0,,0,,,-,,-,,
NEBRASKA,2017,9,,-,0,,0,,,-,,-,,-,0,,4,,,-,,-,,-,1,,6,,2,,4,,"NEBRASKA
(41.640503, -99.367122)",
OHIO,2017,9,,-,0,,1,,,-,,-,,-,0,,4,,,-,,-,,-,13,,22,,71,,138,,"OHIO
(40.056807, -82.405897)",
GEORGIA,2017,9,,-,1,,8,,1,,6,,,-,0,,0,,,-,,-,,-,20,,41,,,-,312,,"GEORGIA
(32.836038, -83.631709)",
ALABAMA,2017,9,,-,0,,1,,,-,,-,,-,7,,24,,5,,18,,,-,6,,14,,24,,49,,"ALABAMA
(32.839182, -86.631125)",
MISSOURI,2017,9,,-,0,,1,,,-,,-,,-,5,,22,,2,,4,,1,,7,,14,,43,,79,,"MISSOURI
(38.636168, -92.566292)",
DIST. OF COL.,2017,9,,-,0,,1,,,-,,-,,-,0,,1,,,-,,-,,-,1,,7,,2,,18,,"DISTRICT OF COLUMBIA
(38.892062, -77.019912)",
LOUISIANA,2017,9,,-,0,,0,,,-,,-,,-,0,,1,,1,,,-,1,,12,,30,,60,,101,,"LOUISIANA
(31.2931, -92.463284)",
WASHINGTON,2017,9,,-,0,,0,,,-,,-,,-,0,,0,,,-,,-,4,,10,,23,,61,,81,,"WASHINGTON
(47.517368, -120.467672)",
NORTH CAROLINA,2017,9,,-,0,,2,,,-,,-,,-,7,,29,,1,,13,,,-,19,,28,,67,,199,,"NORTH CAROLINA
(35.47995, -79.180571)",
GUAM,2017,9,,N,0,,0,,,N,,N,,N,0,,0,,,N,,N,,-,0,,0,,,-,,-,"GUAM
(13.3532, 144.653198)",
MAINE,2017,9,,-,0,,0,,,-,,-,,-,0,,1,,1,,,-,,-,1,,4,,3,,9,,"MAINE
(45.252223, -68.986647)",
VIRGINIA,2017,9,,-,0,,1,,,-,,-,,-,5,,19,,2,,7,,,-,0,,41,,,-,52,,"VIRGINIA
(37.542699, -78.45822)",
ALASKA,2017,9,,N,0,,0,,,N,,N,,N,0,,0,,,N,,N,,-,0,,1,,,-,,-,"ALASKA
(64.836661, -147.738891)",
RHODE ISLAND,2017,9,,-,0,,0,,,-,,-,,-,0,,1,,,-,,-,,-,1,,17,,,-,16,,"RHODE ISLAND
(41.707447, -71.522488)",
IDAHO,2017,9,,-,0,,1,,,-,,-,,-,0,,1,,,-,,-,,-,0,,3,,1,,13,,"IDAHO
(43.680635, -114.364237)",
C.N.M.I.,2017,9,,-,,-,,-,,-,,-,,-,,-,,-,,-,,-,,-,,-,,-,,-,,-,"NORTHERN MARIANA ISLANDS
(15.1834, 145.725693)",
OKLAHOMA,2017,9,,-,0,,1,,,-,,-,,-,0,,2,,,-,,-,,-,2,,9,,3,,59,,"OKLAHOMA
(35.468494, -97.521264)",
MASSACHUSETTS,2017,9,,-,0,,0,,,-,,-,,-,0,,2,,,-,,-,,-,8,,19,,32,,95,,"MASSACHUSETTS
(42.268546, -72.085064)",
INDIANA,2017,9,,-,0,,0,,,-,,-,,-,0,,6,,,-,,-,,-,6,,12,,40,,63,,"INDIANA
(39.76845, -86.156212)",
TENNESSEE,2017,9,,-,0,,1,,,-,1,,1,,10,,40,,8,,9,,2,,6,,13,,16,,76,,"TENNESSEE
(35.681402, -85.774444)",
ILLINOIS,2017,9,,-,0,,1,,,-,,-,,-,1,,7,,,-,,-,,-,23,,38,,4,,204,,"ILLINOIS
(40.477092, -88.993221)",
SOUTH CAROLINA,2017,9,,-,0,,1,,,-,,-,,-,1,,2,,3,,2,,,-,5,,13,,39,,75,,"SOUTH CAROLINA
(34.009286, -81.037094)",
PUERTO RICO,2017,9,,N,0,,0,,,N,,N,,N,0,,0,,,N,,N,,-,8,,26,,47,,112,,"PUERTO RICO
(18.215692, -66.414655)",
CALIFORNIA,2017,9,,-,0,,0,,,-,,-,,-,0,,2,,,-,3,,19,,109,,150,,664,,987,,"CALIFORNIA
(37.640735, -121.002435)",
NEW YORK,2017,9,,-,0,,1,,,-,,-,,-,0,,2,,1,,1,,13,,10,,27,,76,,57,,"NEW YORK
(42.826892, -75.544286)",
TEXAS,2017,9,,-,0,,1,,,-,,-,1,,1,,7,,4,,,-,28,,38,,55,,343,,335,,"TEXAS
(31.827233, -99.423022)",
IOWA,2017,9,,-,0,,0,,,-,,-,,-,0,,2,,,-,,-,,-,1,,4,,8,,14,,"IOWA
(42.46942, -93.815856)",
OREGON,2017,9,,-,0,,1,,,-,,-,,-,0,,1,,,-,,-,5,,6,,15,,41,,64,,"OREGON
(44.567912, -120.156945)",
SOUTH DAKOTA,2017,9,,-,0,,1,,,-,,-,,-,0,,2,,,-,,-,,-,0,,2,,,-,3,,"SOUTH DAKOTA
(44.35371, -100.373709)",
NEW JERSEY,2017,9,,-,0,,1,,,-,,-,,-,1,,8,,4,,2,,,-,7,,16,,22,,78,,"NEW JERSEY
(40.104655, -74.386686)",
COLORADO,2017,9,,-,0,,0,,,-,,-,,-,0,,0,,,-,,-,,-,4,,14,,35,,43,,"COLORADO
(38.841772, -106.132562)",
WYOMING,2017,9,,-,0,,0,,,-,,-,,-,0,,1,,,-,,-,,-,0,,1,,1,,,-,"WYOMING
(43.23558, -108.110518)",
WEST VIRGINIA,2017,9,,-,0,,0,,,-,,-,,-,0,,2,,,-,,-,,-,0,,4,,2,,12,,"WEST VIRGINIA
(38.668501, -80.709421)",
NEW MEXICO,2017,9,,-,0,,0,,,-,,-,,-,0,,0,,,-,,-,,-,3,,11,,15,,43,,"NEW MEXICO
(34.520396, -106.244402)",
KENTUCKY,2017,9,,-,0,,2,,,-,1,,,-,2,,11,,8,,8,,2,,3,,10,,20,,30,,"KENTUCKY
(37.64591, -84.774043)",
MARYLAND,2017,9,1,,0,,2,,1,,,-,,-,1,,5,,4,,,-,2,,8,,15,,38,,91,,"MARYLAND
(39.290443, -76.612333)",
NORTH DAKOTA,2017,9,,-,0,,0,,,-,,-,,-,0,,1,,,-,,-,,-,0,,3,,2,,5,,"NORTH DAKOTA
(47.475879, -100.121011)",
MONTANA,2017,9,,-,0,,1,,,-,,-,,-,0,,1,,,-,,-,,-,0,,2,,,-,3,,"MONTANA
(47.062617, -109.430168)",
VERMONT,2017,9,,-,0,,0,,,-,,-,,-,0,,1,,,-,,-,,-,0,,3,,1,,5,,"VERMONT
(43.622479, -72.51927)",
FLORIDA,2017,9,,-,0,,1,,1,,,-,1,,0,,2,,3,,,-,4,,48,,66,,306,,365,,"FLORIDA
(28.915325, -81.922409)",
MICHIGAN,2017,9,,-,0,,1,,,-,,-,,-,0,,2,,,-,1,,,-,6,,12,,11,,59,,"MICHIGAN
(44.66399, -84.711206)",
VIRGIN ISL.,2017,9,,-,0,,0,,,-,,-,,-,0,,0,,,-,,-,,-,0,,0,,,-,,-,"VIRGIN ISLANDS
(18.060868, -64.840836)",
NEVADA,2017,9,,-,0,,0,,,-,,-,,-,0,,1,,,-,,-,,-,8,,25,,48,,59,,"NEVADA
(39.491833, -117.070159)",
DELAWARE,2017,9,,-,0,,0,,,-,,-,,-,0,,3,,,-,3,,,-,0,,7,,2,,15,,"DELAWARE
(39.008676, -75.574561)",
MISSISSIPPI,2017,9,,-,0,,0,,,-,,-,,-,2,,7,,3,,4,,2,,5,,13,,31,,40,,"MISSISSIPPI
(32.738663, -89.537312)",
MINNESOTA,2017,9,,-,0,,0,,,-,,-,,-,0,,0,,,-,,-,1,,5,,11,,35,,69,,"MINNESOTA
(46.357661, -94.793397)",
PENNSYLVANIA,2017,9,,-,0,,1,,,-,,-,,-,0,,3,,2,,2,,4,,15,,24,,98,,129,,"PENNSYLVANIA
(40.789676, -77.858055)",
KANSAS,2017,9,,-,0,,1,,,-,,-,,-,1,,10,,,-,2,,,-,2,,6,,16,,16,,"KANSAS
(38.345528, -98.201847)",
ARKANSAS,2017,9,,-,0,,1,,,-,,-,,-,8,,75,,10,,11,,,-,2,,11,,15,,29,,"ARKANSAS
(34.748745, -92.275105)",
WISCONSIN,2017,9,,-,0,,0,,,-,,-,,-,0,,2,,,-,1,,,-,2,,6,,20,,27,,"WISCONSIN
(44.395526, -89.834513)",
HAWAII,2017,9,,N,0,,0,,,N,,N,,N,0,,0,,,N,,N,,-,1,,6,,7,,16,,"HAWAII
(21.30992, -157.858158)",
ARIZONA,2017,9,,-,0,,2,,1,,,-,,-,0,,1,,1,,,-,,-,13,,23,,55,,108,,"ARIZONA
(34.869712, -111.760902)",
UTAH,2017,9,,-,0,,0,,,-,,-,,-,0,,1,,,-,,-,,-,1,,6,,6,,21,,"UTAH
(39.359772, -111.584173)",
NEW HAMPSHIRE,2017,9,,-,0,,0,,,-,,-,,-,0,,1,,,-,,-,2,,1,,11,,12,,12,,"NEW HAMPSHIRE
(43.657736, -71.500736)",
CONNECTICUT,2017,9,,-,0,,0,,,-,,-,,-,0,,0,,,-,,-,,-,1,,7,,5,,28,,"CONNECTICUT
(41.544654, -72.651713)",
UNITED STATES,2017,10,,-,3,,11,,4,,8,,2,,59,,216,,81,,107,,93,,462,,562,,2845,,4821,,,
NEW ENGLAND,2017,10,,-,0,,0,,,-,,-,,-,0,,2,,1,,,-,2,,13,,29,,85,,182,,,
MID. ATLANTIC,2017,10,,-,0,,1,,,-,,-,,-,2,,13,,8,,8,,21,,65,,91,,445,,657,,,
NEW YORK CITY,2017,10,,-,0,,0,,,-,,-,,-,0,,3,,1,,2,,4,,34,,49,,223,,359,,,
E.N. CENTRAL,2017,10,,-,0,,2,,,-,,-,,-,2,,15,,,-,3,,1,,50,,67,,172,,552,,,
W.N. CENTRAL,2017,10,,-,0,,2,,,-,,-,,-,7,,28,,4,,7,,3,,18,,29,,124,,208,,,
S. ATLANTIC,2017,10,,-,1,,10,,3,,6,,1,,17,,44,,17,,26,,5,,111,,162,,543,,1258,,,
E.S. CENTRAL,2017,10,,-,0,,4,,,-,2,,,-,21,,65,,30,,44,,4,,22,,38,,117,,210,,,
W.S. CENTRAL,2017,10,,-,0,,1,,,-,,-,1,,10,,80,,18,,15,,30,,57,,71,,475,,589,,,
MOUNTAIN,2017,10,,-,0,,2,,1,,,-,,-,0,,2,,3,,1,,6,,31,,56,,211,,318,,,
PACIFIC,2017,10,,-,0,,1,,,-,,-,,-,0,,3,,,-,3,,21,,89,,120,,673,,847,,,
AMER. SAMOA,2017,10,,N,0,,0,,,N,,N,,N,0,,0,,,N,,N,,-,0,,0,,,-,,-,,
VERMONT,2017,10,,-,0,,0,,,-,,-,,-,0,,1,,,-,,-,1,,0,,3,,2,,5,,"VERMONT
(43.622479, -72.51927)",
NEW JERSEY,2017,10,,-,0,,1,,,-,,-,,-,1,,8,,4,,3,,,-,7,,16,,29,,88,,"NEW JERSEY
(40.104655, -74.386686)",
ALABAMA,2017,10,,-,0,,1,,,-,,-,,-,7,,24,,6,,21,,,-,6,,14,,24,,54,,"ALABAMA
(32.839182, -86.631125)",
NEW HAMPSHIRE,2017,10,,-,0,,0,,,-,,-,,-,0,,1,,,-,,-,,-,1,,11,,12,,13,,"NEW HAMPSHIRE
(43.657736, -71.500736)",
GUAM,2017,10,,N,0,,0,,,N,,N,,N,0,,0,,,N,,N,,-,0,,0,,,-,,-,"GUAM
(13.3532, 144.653198)",
KANSAS,2017,10,,-,0,,1,,,-,,-,,-,1,,10,,,-,2,,,-,2,,6,,19,,22,,"KANSAS
(38.345528, -98.201847)",
OHIO,2017,10,,-,0,,1,,,-,,-,,-,0,,4,,,-,,-,,-,13,,22,,92,,155,,"OHIO
(40.056807, -82.405897)",
VIRGINIA,2017,10,,-,0,,1,,,-,,-,,-,5,,19,,2,,8,,,-,0,,41,,,-,56,,"VIRGINIA
(37.542699, -78.45822)",
NEW YORK,2017,10,,-,0,,1,,,-,,-,,-,0,,2,,1,,1,,12,,10,,28,,88,,69,,"NEW YORK
(42.826892, -75.544286)",
UTAH,2017,10,,-,0,,0,,,-,,-,,-,0,,1,,,-,,-,,-,1,,6,,10,,21,,"UTAH
(39.359772, -111.584173)",
TENNESSEE,2017,10,,-,0,,1,,,-,1,,,-,10,,40,,11,,11,,2,,7,,13,,38,,81,,"TENNESSEE
(35.681402, -85.774444)",
PENNSYLVANIA,2017,10,,-,0,,1,,,-,,-,,-,0,,3,,2,,2,,5,,15,,24,,105,,141,,"PENNSYLVANIA
(40.789676, -77.858055)",
MISSOURI,2017,10,,-,0,,1,,,-,,-,,-,5,,22,,4,,5,,3,,7,,14,,54,,85,,"MISSOURI
(38.636168, -92.566292)",
LOUISIANA,2017,10,,-,0,,0,,,-,,-,,-,0,,1,,1,,,-,1,,12,,30,,70,,117,,"LOUISIANA
(31.2931, -92.463284)",
DELAWARE,2017,10,,-,0,,0,,,-,,-,,-,0,,3,,,-,3,,,-,0,,7,,2,,17,,"DELAWARE
(39.008676, -75.574561)",
IDAHO,2017,10,,-,0,,1,,,-,,-,,-,0,,1,,,-,,-,,-,0,,3,,1,,15,,"IDAHO
(43.680635, -114.364237)",
FLORIDA,2017,10,,-,0,,1,,1,,,-,,-,0,,2,,3,,,-,2,,47,,66,,349,,414,,"FLORIDA
(28.915325, -81.922409)",
NEVADA,2017,10,,-,0,,0,,,-,,-,,-,0,,1,,,-,,-,3,,8,,25,,63,,66,,"NEVADA
(39.491833, -117.070159)",
NEBRASKA,2017,10,,-,0,,0,,,-,,-,,-,0,,4,,,-,,-,,-,1,,6,,2,,4,,"NEBRASKA
(41.640503, -99.367122)",
CALIFORNIA,2017,10,,-,0,,0,,,-,,-,,-,0,,3,,,-,3,,11,,71,,108,,549,,667,,"CALIFORNIA
(37.640735, -121.002435)",
WEST VIRGINIA,2017,10,,-,0,,0,,,-,,-,,-,0,,2,,,-,,-,1,,0,,4,,6,,12,,"WEST VIRGINIA
(38.668501, -80.709421)",
SOUTH CAROLINA,2017,10,,-,0,,1,,,-,,-,1,,1,,2,,6,,2,,1,,5,,13,,52,,79,,"SOUTH CAROLINA
(34.009286, -81.037094)",
MARYLAND,2017,10,,-,0,,2,,1,,,-,,-,1,,5,,5,,,-,1,,9,,15,,53,,103,,"MARYLAND
(39.290443, -76.612333)",
WASHINGTON,2017,10,,-,0,,0,,,-,,-,,-,0,,0,,,-,,-,6,,10,,23,,67,,94,,"WASHINGTON
(47.517368, -120.467672)",
ARKANSAS,2017,10,,-,0,,1,,,-,,-,1,,8,,75,,13,,14,,,-,2,,11,,18,,31,,"ARKANSAS
(34.748745, -92.275105)",
MONTANA,2017,10,,-,0,,1,,,-,,-,,-,0,,1,,,-,,-,,-,0,,2,,,-,3,,"MONTANA
(47.062617, -109.430168)",
CONNECTICUT,2017,10,,-,0,,0,,,-,,-,,-,0,,0,,,-,,-,1,,1,,7,,8,,33,,"CONNECTICUT
(41.544654, -72.651713)",
KENTUCKY,2017,10,,-,0,,2,,,-,1,,,-,2,,11,,10,,8,,1,,3,,10,,21,,31,,"KENTUCKY
(37.64591, -84.774043)",
SOUTH DAKOTA,2017,10,,-,0,,1,,,-,,-,,-,0,,2,,,-,,-,,-,0,,2,,1,,3,,"SOUTH DAKOTA
(44.35371, -100.373709)",
MISSISSIPPI,2017,10,,-,0,,0,,,-,,-,,-,1,,7,,3,,4,,1,,5,,13,,34,,44,,"MISSISSIPPI
(32.738663, -89.537312)",
NEW MEXICO,2017,10,,-,0,,0,,,-,,-,,-,0,,0,,,-,,-,,-,3,,11,,18,,48,,"NEW MEXICO
(34.520396, -106.244402)",
ILLINOIS,2017,10,,-,0,,1,,,-,,-,,-,1,,7,,,-,1,,,-,22,,38,,5,,226,,"ILLINOIS
(40.477092, -88.993221)",
DIST. OF COL.,2017,10,,-,0,,1,,,-,,-,,-,0,,1,,,-,,-,,-,1,,7,,2,,19,,"DISTRICT OF COLUMBIA
(38.892062, -77.019912)",
VIRGIN ISL.,2017,10,,-,0,,0,,,-,,-,,-,0,,0,,,-,,-,,-,0,,0,,,-,,-,"VIRGIN ISLANDS
(18.060868, -64.840836)",
HAWAII,2017,10,,N,0,,0,,,N,,N,,N,0,,0,,,N,,N,,-,1,,6,,9,,18,,"HAWAII
(21.30992, -157.858158)",
COLORADO,2017,10,,-,0,,0,,,-,,-,,-,0,,0,,,-,,-,2,,4,,14,,44,,46,,"COLORADO
(38.841772, -106.132562)",
C.N.M.I.,2017,10,,-,,-,,-,,-,,-,,-,,-,,-,,-,,-,,-,,-,,-,,-,,-,"NORTHERN MARIANA ISLANDS
(15.1834, 145.725693)",
OKLAHOMA,2017,10,,-,0,,1,,,-,,-,,-,0,,2,,,-,,-,,-,1,,9,,4,,65,,"OKLAHOMA
(35.468494, -97.521264)",
RHODE ISLAND,2017,10,,-,0,,0,,,-,,-,,-,0,,1,,,-,,-,,-,1,,18,,,-,18,,"RHODE ISLAND
(41.707447, -71.522488)",
MAINE,2017,10,,-,0,,0,,,-,,-,,-,0,,1,,1,,,-,,-,1,,4,,4,,10,,"MAINE
(45.252223, -68.986647)",
WYOMING,2017,10,,-,0,,0,,,-,,-,,-,0,,1,,,-,,-,,-,0,,1,,1,,,-,"WYOMING
(43.23558, -108.110518)",
GEORGIA,2017,10,,-,1,,8,,1,,6,,,-,0,,0,,,-,,-,,-,20,,41,,,-,337,,"GEORGIA
(32.836038, -83.631709)",
MINNESOTA,2017,10,,-,0,,0,,,-,,-,,-,0,,0,,,-,,-,,-,5,,11,,38,,74,,"MINNESOTA
(46.357661, -94.793397)",
WISCONSIN,2017,10,,-,0,,0,,,-,,-,,-,0,,2,,,-,1,,,-,2,,6,,20,,31,,"WISCONSIN
(44.395526, -89.834513)",
OREGON,2017,10,,-,0,,1,,,-,,-,,-,0,,1,,,-,,-,4,,6,,15,,48,,68,,"OREGON
(44.567912, -120.156945)",
TEXAS,2017,10,,-,0,,1,,,-,,-,,-,1,,7,,4,,1,,29,,39,,55,,383,,376,,"TEXAS
(31.827233, -99.423022)",
MICHIGAN,2017,10,,-,0,,1,,,-,,-,,-,0,,2,,,-,1,,,-,6,,12,,13,,66,,"MICHIGAN
(44.66399, -84.711206)",
INDIANA,2017,10,,-,0,,0,,,-,,-,,-,0,,6,,,-,,-,1,,6,,12,,42,,74,,"INDIANA
(39.76845, -86.156212)",
ARIZONA,2017,10,,-,0,,2,,1,,,-,,-,0,,1,,3,,1,,1,,13,,23,,74,,119,,"ARIZONA
(34.869712, -111.760902)",
NORTH CAROLINA,2017,10,,-,0,,2,,,-,,-,,-,7,,29,,1,,13,,,-,19,,28,,79,,221,,"NORTH CAROLINA
(35.47995, -79.180571)",
MASSACHUSETTS,2017,10,,-,0,,0,,,-,,-,,-,0,,2,,,-,,-,,-,8,,21,,59,,103,,"MASSACHUSETTS
(42.268546, -72.085064)",
ALASKA,2017,10,,N,0,,0,,,N,,N,,N,0,,0,,,N,,N,,-,0,,1,,,-,,-,"ALASKA
(64.836661, -147.738891)",
PUERTO RICO,2017,10,,N,0,,0,,,N,,N,,N,0,,0,,,N,,N,,-,8,,19,,59,,125,,"PUERTO RICO
(18.215692, -66.414655)",
IOWA,2017,10,,-,0,,0,,,-,,-,,-,0,,2,,,-,,-,,-,1,,4,,8,,15,,"IOWA
(42.46942, -93.815856)",
NORTH DAKOTA,2017,10,,-,0,,0,,,-,,-,,-,0,,1,,,-,,-,,-,0,,3,,2,,5,,"NORTH DAKOTA
(47.475879, -100.121011)",
UNITED STATES,2017,11,,-,3,,11,,4,,12,,4,,59,,219,,118,,129,,60,,513,,624,,3371,,5837,,,
NEW ENGLAND,2017,11,,-,0,,0,,,-,,-,,-,0,,2,,2,,,-,1,,13,,29,,107,,195,,,
MID. ATLANTIC,2017,11,,-,0,,1,,,-,,-,,-,2,,13,,14,,11,,9,,72,,104,,512,,766,,,
NEW YORK CITY,2017,11,,-,0,,0,,,-,,-,,-,0,,3,,1,,3,,1,,34,,49,,244,,391,,,
E.N. CENTRAL,2017,11,,-,0,,2,,,-,,-,,-,2,,15,,1,,5,,1,,50,,68,,186,,612,,,
W.N. CENTRAL,2017,11,,-,0,,2,,,-,1,,,-,7,,28,,4,,8,,2,,18,,29,,148,,234,,,
S. ATLANTIC,2017,11,,-,1,,10,,3,,8,,2,,16,,44,,28,,31,,2,,109,,162,,583,,1384,,,
E.S. CENTRAL,2017,11,,-,0,,4,,,-,2,,1,,21,,66,,45,,51,,2,,23,,38,,149,,241,,,
W.S. CENTRAL,2017,11,,-,0,,1,,,-,,-,1,,11,,80,,21,,18,,37,,56,,71,,536,,650,,,
MOUNTAIN,2017,11,,-,0,,2,,1,,1,,,-,0,,3,,3,,2,,1,,31,,56,,238,,341,,,
PACIFIC,2017,11,,-,0,,1,,,-,,-,,-,0,,3,,,-,3,,5,,127,,165,,912,,1414,,,
AMER. SAMOA,2017,11,,N,0,,0,,,N,,N,,N,0,,0,,,N,,N,,-,0,,0,,,-,,-,,
UTAH,2017,11,,-,0,,0,,,-,,-,,-,0,,1,,,-,,-,,-,1,,6,,10,,23,,"UTAH
(39.359772, -111.584173)",
GUAM,2017,11,,N,0,,0,,,N,,N,,N,0,,0,,,N,,N,,-,0,,0,,,-,,-,"GUAM
(13.3532, 144.653198)",
NEBRASKA,2017,11,,-,0,,0,,,-,,-,,-,0,,4,,,-,,-,,-,1,,6,,5,,4,,"NEBRASKA
(41.640503, -99.367122)",
MICHIGAN,2017,11,,-,0,,1,,,-,,-,,-,0,,2,,,-,1,,,-,6,,12,,16,,76,,"MICHIGAN
(44.66399, -84.711206)",
VIRGINIA,2017,11,,-,0,,1,,,-,,-,1,,5,,19,,3,,10,,,-,0,,41,,,-,64,,"VIRGINIA
(37.542699, -78.45822)",
MARYLAND,2017,11,,-,0,,2,,1,,,-,,-,1,,5,,5,,,-,,-,9,,15,,58,,113,,"MARYLAND
(39.290443, -76.612333)",
NEW JERSEY,2017,11,,-,0,,1,,,-,,-,,-,1,,8,,6,,3,,,-,7,,16,,34,,95,,"NEW JERSEY
(40.104655, -74.386686)",
MINNESOTA,2017,11,,-,0,,0,,,-,,-,,-,0,,0,,,-,,-,,-,5,,11,,44,,84,,"MINNESOTA
(46.357661, -94.793397)",
HAWAII,2017,11,,N,0,,0,,,N,,N,,N,0,,0,,,N,,N,,-,1,,6,,10,,20,,"HAWAII
(21.30992, -157.858158)",
LOUISIANA,2017,11,,-,0,,0,,,-,,-,,-,0,,2,,1,,,-,3,,12,,30,,83,,136,,"LOUISIANA
(31.2931, -92.463284)",
FLORIDA,2017,11,,-,0,,1,,1,,,-,1,,0,,2,,4,,1,,2,,47,,66,,380,,464,,"FLORIDA
(28.915325, -81.922409)",
ALABAMA,2017,11,,-,0,,1,,,-,,-,,-,7,,24,,20,,22,,1,,7,,14,,55,,64,,"ALABAMA
(32.839182, -86.631125)",
GEORGIA,2017,11,,-,1,,8,,1,,8,,,-,0,,0,,,-,,-,,-,20,,41,,,-,368,,"GEORGIA
(32.836038, -83.631709)",
NORTH DAKOTA,2017,11,,-,0,,0,,,-,,-,,-,0,,1,,,-,,-,,-,0,,3,,2,,5,,"NORTH DAKOTA
(47.475879, -100.121011)",
WASHINGTON,2017,11,,-,0,,0,,,-,,-,,-,0,,0,,,-,,-,2,,9,,23,,69,,103,,"WASHINGTON
(47.517368, -120.467672)",
TEXAS,2017,11,,-,0,,1,,,-,,-,1,,1,,7,,7,,3,,33,,38,,55,,423,,412,,"TEXAS
(31.827233, -99.423022)",
ALASKA,2017,11,,N,0,,0,,,N,,N,,N,0,,0,,,N,,N,,-,0,,1,,,-,,-,"ALASKA
(64.836661, -147.738891)",
PENNSYLVANIA,2017,11,,-,0,,1,,,-,,-,,-,0,,6,,6,,4,,2,,21,,39,,140,,204,,"PENNSYLVANIA
(40.789676, -77.858055)",
NEW MEXICO,2017,11,,-,0,,0,,,-,,-,,-,0,,0,,,-,,-,,-,3,,11,,21,,48,,"NEW MEXICO
(34.520396, -106.244402)",
ARIZONA,2017,11,,-,0,,2,,1,,1,,,-,0,,1,,3,,2,,1,,13,,23,,87,,126,,"ARIZONA
(34.869712, -111.760902)",
KENTUCKY,2017,11,,-,0,,2,,,-,1,,1,,2,,11,,11,,10,,,-,3,,10,,21,,38,,"KENTUCKY
(37.64591, -84.774043)",
CALIFORNIA,2017,11,,-,0,,0,,,-,,-,,-,0,,3,,,-,3,,,-,107,,153,,779,,1215,,"CALIFORNIA
(37.640735, -121.002435)",
ARKANSAS,2017,11,,-,0,,1,,,-,,-,,-,8,,75,,13,,15,,1,,2,,11,,23,,31,,"ARKANSAS
(34.748745, -92.275105)",
OREGON,2017,11,,-,0,,1,,,-,,-,,-,0,,1,,,-,,-,3,,6,,15,,54,,76,,"OREGON
(44.567912, -120.156945)",
IOWA,2017,11,,-,0,,0,,,-,,-,,-,0,,2,,,-,,-,,-,1,,4,,10,,17,,"IOWA
(42.46942, -93.815856)",
DELAWARE,2017,11,,-,0,,0,,,-,,-,,-,0,,3,,,-,3,,,-,0,,7,,2,,18,,"DELAWARE
(39.008676, -75.574561)",
C.N.M.I.,2017,11,,-,,-,,-,,-,,-,,-,,-,,-,,-,,-,,-,,-,,-,,-,,-,"NORTHERN MARIANA ISLANDS
(15.1834, 145.725693)",
MAINE,2017,11,,-,0,,0,,,-,,-,,-,0,,1,,1,,,-,,-,1,,4,,4,,11,,"MAINE
(45.252223, -68.986647)",
SOUTH DAKOTA,2017,11,,-,0,,1,,,-,,-,,-,0,,2,,,-,,-,,-,0,,2,,1,,4,,"SOUTH DAKOTA
(44.35371, -100.373709)",
NEVADA,2017,11,,-,0,,0,,,-,,-,,-,0,,1,,,-,,-,,-,8,,25,,74,,73,,"NEVADA
(39.491833, -117.070159)",
CONNECTICUT,2017,11,,-,0,,0,,,-,,-,,-,0,,0,,,-,,-,1,,1,,7,,10,,35,,"CONNECTICUT
(41.544654, -72.651713)",
VIRGIN ISL.,2017,11,,-,0,,0,,,-,,-,,-,0,,0,,,-,,-,,-,0,,0,,,-,,-,"VIRGIN ISLANDS
(18.060868, -64.840836)",
WYOMING,2017,11,,-,0,,0,,,-,,-,,-,0,,1,,,-,,-,,-,0,,1,,1,,,-,"WYOMING
(43.23558, -108.110518)",
RHODE ISLAND,2017,11,,-,0,,0,,,-,,-,,-,0,,1,,,-,,-,,-,0,,18,,,-,21,,"RHODE ISLAND
(41.707447, -71.522488)",
MISSISSIPPI,2017,11,,-,0,,0,,,-,,-,,-,1,,7,,3,,6,,,-,6,,15,,34,,48,,"MISSISSIPPI
(32.738663, -89.537312)",
NEW YORK,2017,11,,-,0,,1,,,-,,-,,-,0,,2,,1,,1,,6,,10,,29,,94,,76,,"NEW YORK
(42.826892, -75.544286)",
OKLAHOMA,2017,11,,-,0,,1,,,-,,-,,-,0,,2,,,-,,-,,-,2,,9,,7,,71,,"OKLAHOMA
(35.468494, -97.521264)",
MONTANA,2017,11,,-,0,,1,,,-,,-,,-,0,,1,,,-,,-,,-,0,,2,,,-,5,,"MONTANA
(47.062617, -109.430168)",
MISSOURI,2017,11,,-,0,,1,,,-,,-,,-,5,,22,,4,,6,,1,,7,,14,,62,,95,,"MISSOURI
(38.636168, -92.566292)",
OHIO,2017,11,,-,0,,1,,,-,,-,,-,0,,4,,,-,,-,,-,13,,22,,92,,166,,"OHIO
(40.056807, -82.405897)",
WISCONSIN,2017,11,,-,0,,0,,,-,,-,,-,0,,2,,,-,2,,,-,2,,6,,20,,35,,"WISCONSIN
(44.395526, -89.834513)",
TENNESSEE,2017,11,,-,0,,1,,,-,1,,,-,10,,40,,11,,13,,1,,7,,13,,39,,91,,"TENNESSEE
(35.681402, -85.774444)",
IDAHO,2017,11,,-,0,,1,,,-,,-,,-,0,,1,,,-,,-,,-,0,,3,,1,,16,,"IDAHO
(43.680635, -114.364237)",
DIST. OF COL.,2017,11,,-,0,,1,,,-,,-,,-,0,,1,,,-,,-,,-,1,,7,,2,,20,,"DISTRICT OF COLUMBIA
(38.892062, -77.019912)",
INDIANA,2017,11,,-,0,,0,,,-,,-,,-,0,,6,,,-,,-,1,,6,,12,,51,,82,,"INDIANA
(39.76845, -86.156212)",
KANSAS,2017,11,,-,0,,1,,,-,1,,,-,1,,10,,,-,2,,1,,2,,6,,24,,25,,"KANSAS
(38.345528, -98.201847)",
MASSACHUSETTS,2017,11,,-,0,,0,,,-,,-,,-,0,,2,,,-,,-,,-,8,,21,,79,,110,,"MASSACHUSETTS
(42.268546, -72.085064)",
ILLINOIS,2017,11,,-,0,,1,,,-,,-,,-,1,,7,,1,,2,,,-,23,,39,,7,,253,,"ILLINOIS
(40.477092, -88.993221)",
PUERTO RICO,2017,11,,N,0,,0,,,N,,N,,N,0,,0,,,N,,N,,-,8,,19,,59,,135,,"PUERTO RICO
(18.215692, -66.414655)",
VERMONT,2017,11,,-,0,,0,,,-,,-,,-,0,,1,,,-,,-,,-,0,,3,,2,,5,,"VERMONT
(43.622479, -72.51927)",
NORTH CAROLINA,2017,11,,-,0,,2,,,-,,-,,-,7,,29,,10,,15,,,-,19,,28,,81,,241,,"NORTH CAROLINA
(35.47995, -79.180571)",
COLORADO,2017,11,,-,0,,0,,,-,,-,,-,0,,1,,,-,,-,,-,4,,14,,44,,50,,"COLORADO
(38.841772, -106.132562)",
SOUTH CAROLINA,2017,11,,-,0,,1,,,-,,-,,-,1,,5,,6,,2,,,-,5,,13,,54,,82,,"SOUTH CAROLINA
(34.009286, -81.037094)",
NEW HAMPSHIRE,2017,11,,-,0,,0,,,-,,-,,-,0,,1,,1,,,-,,-,1,,11,,12,,13,,"NEW HAMPSHIRE
(43.657736, -71.500736)",
WEST VIRGINIA,2017,11,,-,0,,0,,,-,,-,,-,0,,2,,,-,,-,,-,1,,4,,6,,14,,"WEST VIRGINIA
(38.668501, -80.709421)",
UNITED STATES,2017,12,,-,2,,11,,7,,12,,3,,59,,219,,135,,157,,122,,508,,614,,4007,,6267,,,
NEW ENGLAND,2017,12,,-,0,,0,,,-,,-,,-,0,,2,,2,,,-,,-,14,,29,,145,,206,,,
MID. ATLANTIC,2017,12,,-,0,,1,,,-,,-,,-,2,,13,,14,,13,,20,,66,,89,,570,,786,,,
NEW YORK CITY,2017,12,,-,0,,0,,,-,,-,,-,0,,3,,1,,4,,1,,34,,49,,279,,433,,,
E.N. CENTRAL,2017,12,,-,0,,2,,,-,,-,,-,2,,15,,1,,8,,14,,49,,68,,242,,669,,,
W.N. CENTRAL,2017,12,,-,0,,2,,1,,1,,,-,7,,28,,7,,8,,4,,18,,29,,171,,250,,,
S. ATLANTIC,2017,12,,-,1,,10,,5,,8,,1,,15,,44,,31,,39,,5,,111,,162,,659,,1493,,,
E.S. CENTRAL,2017,12,,-,0,,4,,,-,2,,,-,21,,66,,48,,62,,7,,23,,38,,165,,265,,,
W.S. CENTRAL,2017,12,,-,0,,1,,,-,,-,2,,11,,80,,29,,22,,37,,56,,71,,596,,688,,,
MOUNTAIN,2017,12,,-,0,,2,,1,,1,,,-,0,,3,,3,,2,,,-,32,,57,,296,,372,,,
PACIFIC,2017,12,,-,0,,1,,,-,,-,,-,0,,3,,,-,3,,35,,127,,168,,1163,,1538,,,
AMER. SAMOA,2017,12,,N,0,,0,,,N,,N,,N,0,,0,,,N,,N,,-,0,,0,,,-,,-,,
CALIFORNIA,2017,12,,-,0,,0,,,-,,-,,-,0,,3,,,-,3,,23,,107,,156,,1013,,1320,,"CALIFORNIA
(37.640735, -121.002435)",
NEW JERSEY,2017,12,,-,0,,1,,,-,,-,,-,1,,8,,6,,3,,,-,7,,16,,38,,105,,"NEW JERSEY
(40.104655, -74.386686)",
KANSAS,2017,12,,-,0,,1,,,-,1,,,-,1,,10,,,-,2,,,-,2,,6,,26,,28,,"KANSAS
(38.345528, -98.201847)",
OHIO,2017,12,,-,0,,1,,,-,,-,,-,0,,4,,,-,,-,,-,13,,22,,125,,180,,"OHIO
(40.056807, -82.405897)",
CONNECTICUT,2017,12,,-,0,,0,,,-,,-,,-,0,,0,,,-,,-,,-,1,,7,,10,,38,,"CONNECTICUT
(41.544654, -72.651713)",
ILLINOIS,2017,12,,-,0,,1,,,-,,-,,-,1,,7,,1,,3,,,-,22,,39,,7,,276,,"ILLINOIS
(40.477092, -88.993221)",
OKLAHOMA,2017,12,,-,0,,1,,,-,,-,,-,0,,2,,,-,,-,,-,1,,9,,7,,73,,"OKLAHOMA
(35.468494, -97.521264)",
WISCONSIN,2017,12,,-,0,,0,,,-,,-,,-,0,,2,,,-,2,,14,,2,,6,,38,,37,,"WISCONSIN
(44.395526, -89.834513)",
IDAHO,2017,12,,-,0,,1,,,-,,-,,-,0,,1,,,-,,-,,-,1,,3,,9,,16,,"IDAHO
(43.680635, -114.364237)",
DELAWARE,2017,12,,-,0,,0,,,-,,-,,-,0,,3,,,-,3,,,-,0,,7,,3,,18,,"DELAWARE
(39.008676, -75.574561)",
ARIZONA,2017,12,,-,0,,2,,1,,1,,,-,0,,1,,3,,2,,,-,13,,23,,95,,141,,"ARIZONA
(34.869712, -111.760902)",
MINNESOTA,2017,12,,-,0,,0,,,-,,-,,-,0,,0,,,-,,-,,-,5,,11,,53,,91,,"MINNESOTA
(46.357661, -94.793397)",
WASHINGTON,2017,12,,-,0,,0,,,-,,-,,-,0,,0,,,-,,-,8,,9,,23,,77,,115,,"WASHINGTON
(47.517368, -120.467672)",
NEBRASKA,2017,12,,-,0,,0,,,-,,-,,-,0,,4,,,-,,-,,-,1,,6,,5,,4,,"NEBRASKA
(41.640503, -99.367122)",
ALABAMA,2017,12,,-,0,,1,,,-,,-,,-,7,,24,,21,,25,,2,,7,,14,,61,,70,,"ALABAMA
(32.839182, -86.631125)",
IOWA,2017,12,,-,0,,0,,,-,,-,,-,0,,2,,,-,,-,,-,1,,4,,14,,18,,"IOWA
(42.46942, -93.815856)",
WYOMING,2017,12,,-,0,,0,,,-,,-,,-,0,,1,,,-,,-,,-,0,,1,,1,,,-,"WYOMING
(43.23558, -108.110518)",
TEXAS,2017,12,,-,0,,1,,,-,,-,,-,1,,7,,8,,3,,37,,39,,55,,464,,437,,"TEXAS
(31.827233, -99.423022)",
MAINE,2017,12,,-,0,,0,,,-,,-,,-,0,,1,,1,,,-,,-,1,,4,,5,,11,,"MAINE
(45.252223, -68.986647)",
VIRGIN ISL.,2017,12,,-,0,,0,,,-,,-,,-,0,,0,,,-,,-,,-,0,,0,,,-,,-,"VIRGIN ISLANDS
(18.060868, -64.840836)",
PENNSYLVANIA,2017,12,,-,0,,1,,,-,,-,,-,0,,6,,6,,4,,5,,15,,35,,145,,165,,"PENNSYLVANIA
(40.789676, -77.858055)",
TENNESSEE,2017,12,,-,0,,1,,,-,1,,,-,10,,40,,12,,16,,,-,7,,13,,39,,99,,"TENNESSEE
(35.681402, -85.774444)",
SOUTH DAKOTA,2017,12,,-,0,,1,,,-,,-,,-,0,,2,,,-,,-,,-,0,,2,,2,,5,,"SOUTH DAKOTA
(44.35371, -100.373709)",
NORTH DAKOTA,2017,12,,-,0,,0,,,-,,-,,-,0,,1,,,-,,-,,-,0,,3,,2,,5,,"NORTH DAKOTA
(47.475879, -100.121011)",
MICHIGAN,2017,12,,-,0,,1,,,-,,-,,-,0,,2,,,-,1,,,-,5,,12,,19,,88,,"MICHIGAN
(44.66399, -84.711206)",
MASSACHUSETTS,2017,12,,-,0,,0,,,-,,-,,-,0,,2,,,-,,-,,-,9,,22,,113,,117,,"MASSACHUSETTS
(42.268546, -72.085064)",
ALASKA,2017,12,,N,0,,0,,,N,,N,,N,0,,0,,,N,,N,,-,0,,1,,,-,,-,"ALASKA
(64.836661, -147.738891)",
NEVADA,2017,12,,-,0,,0,,,-,,-,,-,0,,1,,,-,,-,,-,9,,25,,90,,80,,"NEVADA
(39.491833, -117.070159)",
LOUISIANA,2017,12,,-,0,,0,,,-,,-,,-,0,,2,,1,,,-,,-,12,,30,,102,,143,,"LOUISIANA
(31.2931, -92.463284)",
KENTUCKY,2017,12,,-,0,,2,,,-,1,,,-,2,,11,,11,,11,,2,,3,,13,,23,,40,,"KENTUCKY
(37.64591, -84.774043)",
INDIANA,2017,12,,-,0,,0,,,-,,-,,-,0,,6,,,-,2,,,-,6,,12,,53,,88,,"INDIANA
(39.76845, -86.156212)",
PUERTO RICO,2017,12,,N,0,,0,,,N,,N,,N,0,,0,,,N,,N,,-,8,,19,,74,,139,,"PUERTO RICO
(18.215692, -66.414655)",
UTAH,2017,12,,-,0,,0,,,-,,-,,-,0,,1,,,-,,-,,-,1,,6,,11,,26,,"UTAH
(39.359772, -111.584173)",
MISSOURI,2017,12,,-,0,,1,,1,,,-,,-,5,,22,,7,,6,,4,,7,,14,,69,,99,,"MISSOURI
(38.636168, -92.566292)",
WEST VIRGINIA,2017,12,,-,0,,0,,,-,,-,,-,0,,2,,,-,,-,,-,1,,4,,9,,15,,"WEST VIRGINIA
(38.668501, -80.709421)",
NORTH CAROLINA,2017,12,,-,0,,2,,,-,,-,,-,7,,29,,11,,25,,,-,19,,28,,90,,265,,"NORTH CAROLINA
(35.47995, -79.180571)",
HAWAII,2017,12,,N,0,,0,,,N,,N,,N,0,,0,,,N,,N,,-,1,,6,,12,,22,,"HAWAII
(21.30992, -157.858158)",
MARYLAND,2017,12,,-,0,,1,,1,,,-,,-,0,,3,,5,,,-,,-,9,,15,,63,,127,,"MARYLAND
(39.290443, -76.612333)",
ARKANSAS,2017,12,,-,0,,1,,,-,,-,2,,8,,75,,20,,19,,,-,2,,11,,23,,35,,"ARKANSAS
(34.748745, -92.275105)",
NEW MEXICO,2017,12,,-,0,,0,,,-,,-,,-,0,,0,,,-,,-,,-,3,,11,,29,,50,,"NEW MEXICO
(34.520396, -106.244402)",
VERMONT,2017,12,,-,0,,0,,,-,,-,,-,0,,2,,,-,,-,,-,0,,3,,5,,6,,"VERMONT
(43.622479, -72.51927)",
OREGON,2017,12,,-,0,,1,,,-,,-,,-,0,,1,,,-,,-,4,,6,,15,,61,,81,,"OREGON
(44.567912, -120.156945)",
COLORADO,2017,12,,-,0,,0,,,-,,-,,-,0,,1,,,-,,-,,-,4,,14,,51,,54,,"COLORADO
(38.841772, -106.132562)",
DIST. OF COL.,2017,12,,-,0,,1,,,-,,-,,-,0,,1,,1,,,-,,-,2,,7,,2,,26,,"DISTRICT OF COLUMBIA
(38.892062, -77.019912)",
FLORIDA,2017,12,,-,0,,1,,1,,,-,1,,0,,2,,5,,1,,4,,46,,66,,426,,520,,"FLORIDA
(28.915325, -81.922409)",
MONTANA,2017,12,,-,0,,1,,,-,,-,,-,0,,1,,,-,,-,,-,0,,3,,10,,5,,"MONTANA
(47.062617, -109.430168)",
SOUTH CAROLINA,2017,12,,-,0,,1,,,-,,-,,-,1,,5,,6,,2,,1,,5,,13,,66,,93,,"SOUTH CAROLINA
(34.009286, -81.037094)",
GUAM,2017,12,,N,0,,0,,,N,,N,,N,0,,0,,,N,,N,,-,0,,0,,,-,,-,"GUAM
(13.3532, 144.653198)",
MISSISSIPPI,2017,12,,-,0,,0,,,-,,-,,-,1,,8,,4,,10,,3,,6,,15,,42,,56,,"MISSISSIPPI
(32.738663, -89.537312)",
GEORGIA,2017,12,,-,1,,8,,3,,8,,,-,0,,0,,,-,,-,,-,22,,41,,,-,353,,"GEORGIA
(32.836038, -83.631709)",
NEW YORK,2017,12,,-,0,,1,,,-,,-,,-,0,,2,,1,,2,,14,,10,,29,,108,,83,,"NEW YORK
(42.826892, -75.544286)",
C.N.M.I.,2017,12,,-,,-,,-,,-,,-,,-,,-,,-,,-,,-,,-,,-,,-,,-,,-,"NORTHERN MARIANA ISLANDS
(15.1834, 145.725693)",
VIRGINIA,2017,12,,-,0,,1,,,-,,-,,-,5,,18,,3,,8,,,-,0,,41,,,-,76,,"VIRGINIA
(37.542699, -78.45822)",
NEW HAMPSHIRE,2017,12,,-,0,,0,,,-,,-,,-,0,,1,,1,,,-,,-,1,,11,,12,,13,,"NEW HAMPSHIRE
(43.657736, -71.500736)",
RHODE ISLAND,2017,12,,-,0,,0,,,-,,-,,-,0,,1,,,-,,-,,-,0,,18,,,-,21,,"RHODE ISLAND
(41.707447, -71.522488)",
UNITED STATES,2017,13,,-,2,,11,,8,,15,,12,,57,,218,,167,,190,,123,,502,,624,,4508,,6808,,,
NEW ENGLAND,2017,13,,-,0,,0,,,-,,-,1,,0,,3,,3,,1,,1,,14,,29,,159,,206,,,
MID. ATLANTIC,2017,13,,-,0,,1,,,-,,-,,-,1,,8,,15,,10,,23,,66,,92,,639,,852,,,
NEW YORK CITY,2017,13,,-,0,,0,,,-,,-,,-,0,,3,,1,,4,,3,,34,,49,,315,,472,,,
E.N. CENTRAL,2017,13,,-,0,,2,,,-,,-,,-,2,,15,,1,,11,,3,,49,,69,,272,,723,,,
W.N. CENTRAL,2017,13,,-,0,,2,,1,,1,,,-,7,,28,,10,,13,,2,,18,,29,,189,,266,,,
S. ATLANTIC,2017,13,,-,1,,10,,5,,10,,,-,15,,44,,35,,47,,7,,111,,162,,784,,1622,,,
E.S. CENTRAL,2017,13,,-,0,,4,,,-,2,,4,,21,,66,,60,,72,,5,,23,,38,,180,,301,,,
W.S. CENTRAL,2017,13,,-,0,,1,,,-,,-,7,,11,,80,,39,,31,,46,,56,,71,,670,,740,,,
MOUNTAIN,2017,13,,-,0,,2,,2,,2,,,-,0,,3,,3,,2,,,-,32,,57,,310,,403,,,
PACIFIC,2017,13,,-,0,,1,,,-,,-,,-,0,,3,,1,,3,,36,,128,,171,,1305,,1695,,,
AMER. SAMOA,2017,13,,N,0,,0,,,N,,N,,N,0,,0,,,N,,N,,-,0,,0,,,-,,-,,
NEW YORK,2017,13,,-,0,,1,,,-,,-,,-,0,,2,,1,,2,,11,,11,,27,,119,,94,,"NEW YORK
(42.826892, -75.544286)",
VIRGINIA,2017,13,,-,0,,1,,,-,,-,,-,5,,18,,4,,12,,,-,0,,41,,,-,83,,"VIRGINIA
(37.542699, -78.45822)",
ARIZONA,2017,13,,-,0,,2,,2,,2,,,-,0,,1,,3,,2,,,-,13,,23,,105,,150,,"ARIZONA
(34.869712, -111.760902)",
KENTUCKY,2017,13,,-,0,,2,,,-,1,,2,,2,,11,,15,,13,,,-,3,,13,,23,,45,,"KENTUCKY
(37.64591, -84.774043)",
NEVADA,2017,13,,-,0,,0,,,-,,-,,-,0,,1,,,-,,-,,-,9,,25,,90,,90,,"NEVADA
(39.491833, -117.070159)",
NEW MEXICO,2017,13,,-,0,,0,,,-,,-,,-,0,,0,,,-,,-,,-,3,,11,,32,,52,,"NEW MEXICO
(34.520396, -106.244402)",
ALABAMA,2017,13,,-,0,,1,,,-,,-,2,,7,,24,,26,,28,,2,,7,,14,,66,,84,,"ALABAMA
(32.839182, -86.631125)",
SOUTH CAROLINA,2017,13,,-,0,,1,,,-,,-,,-,1,,5,,6,,2,,6,,5,,13,,75,,102,,"SOUTH CAROLINA
(34.009286, -81.037094)",
SOUTH DAKOTA,2017,13,,-,0,,1,,,-,,-,,-,0,,2,,,-,,-,,-,0,,2,,2,,5,,"SOUTH DAKOTA
(44.35371, -100.373709)",
NEBRASKA,2017,13,,-,0,,0,,,-,,-,,-,0,,4,,,-,,-,,-,1,,6,,5,,6,,"NEBRASKA
(41.640503, -99.367122)",
MAINE,2017,13,,-,0,,0,,,-,,-,,-,0,,1,,1,,1,,,-,1,,4,,5,,12,,"MAINE
(45.252223, -68.986647)",
FLORIDA,2017,13,,-,0,,1,,1,,,-,,-,0,,2,,5,,1,,,-,46,,66,,485,,568,,"FLORIDA
(28.915325, -81.922409)",
PUERTO RICO,2017,13,,N,0,,0,,,N,,N,,N,0,,0,,,N,,N,1,,8,,19,,79,,158,,"PUERTO RICO
(18.215692, -66.414655)",
NEW HAMPSHIRE,2017,13,,-,0,,0,,,-,,-,,-,0,,1,,1,,,-,,-,1,,11,,13,,15,,"NEW HAMPSHIRE
(43.657736, -71.500736)",
MARYLAND,2017,13,,-,0,,1,,1,,,-,,-,0,,3,,5,,,-,,-,9,,15,,70,,139,,"MARYLAND
(39.290443, -76.612333)",
INDIANA,2017,13,,-,0,,0,,,-,,-,,-,0,,6,,,-,4,,1,,6,,12,,61,,95,,"INDIANA
(39.76845, -86.156212)",
OREGON,2017,13,,-,0,,1,,,-,,-,,-,0,,1,,,-,,-,8,,6,,15,,72,,90,,"OREGON
(44.567912, -120.156945)",
NORTH CAROLINA,2017,13,,-,0,,2,,,-,,-,,-,7,,29,,14,,29,,,-,19,,28,,117,,286,,"NORTH CAROLINA
(35.47995, -79.180571)",
UTAH,2017,13,,-,0,,0,,,-,,-,,-,0,,1,,,-,,-,,-,1,,6,,12,,30,,"UTAH
(39.359772, -111.584173)",
ARKANSAS,2017,13,,-,0,,1,,,-,,-,6,,8,,75,,28,,25,,,-,2,,11,,25,,36,,"ARKANSAS
(34.748745, -92.275105)",
MINNESOTA,2017,13,,-,0,,0,,,-,,-,,-,0,,0,,,-,,-,,-,5,,11,,53,,95,,"MINNESOTA
(46.357661, -94.793397)",
COLORADO,2017,13,,-,0,,0,,,-,,-,,-,0,,1,,,-,,-,,-,4,,14,,51,,60,,"COLORADO
(38.841772, -106.132562)",
PENNSYLVANIA,2017,13,,-,0,,1,,,-,,-,,-,0,,6,,6,,4,,9,,15,,35,,160,,181,,"PENNSYLVANIA
(40.789676, -77.858055)",
MISSOURI,2017,13,,-,0,,1,,1,,,-,,-,5,,22,,9,,6,,2,,7,,14,,81,,106,,"MISSOURI
(38.636168, -92.566292)",
IOWA,2017,13,,-,0,,0,,,-,,-,,-,0,,2,,,-,,-,,-,1,,5,,17,,19,,"IOWA
(42.46942, -93.815856)",
IDAHO,2017,13,,-,0,,1,,,-,,-,,-,0,,1,,,-,,-,,-,1,,3,,9,,16,,"IDAHO
(43.680635, -114.364237)",
DIST. OF COL.,2017,13,,-,0,,1,,,-,,-,,-,0,,1,,1,,,-,,-,1,,7,,2,,28,,"DISTRICT OF COLUMBIA
(38.892062, -77.019912)",
GUAM,2017,13,,N,0,,0,,,N,,N,,N,0,,0,,,N,,N,,-,0,,0,,,-,,-,"GUAM
(13.3532, 144.653198)",
HAWAII,2017,13,,N,0,,0,,,N,,N,,N,0,,0,,,N,,N,,-,1,,6,,12,,28,,"HAWAII
(21.30992, -157.858158)",
MICHIGAN,2017,13,,-,0,,1,,,-,,-,,-,0,,2,,,-,2,,,-,7,,12,,23,,94,,"MICHIGAN
(44.66399, -84.711206)",
TEXAS,2017,13,,-,0,,1,,,-,,-,1,,1,,8,,10,,6,,45,,39,,55,,517,,468,,"TEXAS
(31.827233, -99.423022)",
OKLAHOMA,2017,13,,-,0,,1,,,-,,-,,-,0,,2,,,-,,-,,-,1,,9,,7,,78,,"OKLAHOMA
(35.468494, -97.521264)",
RHODE ISLAND,2017,13,,-,0,,0,,,-,,-,,-,0,,1,,,-,,-,,-,0,,18,,,-,,-,"RHODE ISLAND
(41.707447, -71.522488)",
WASHINGTON,2017,13,,-,0,,0,,,-,,-,,-,0,,0,,,-,,-,7,,9,,23,,84,,131,,"WASHINGTON
(47.517368, -120.467672)",
WEST VIRGINIA,2017,13,,-,0,,0,,,-,,-,,-,0,,2,,,-,,-,,-,1,,4,,10,,15,,"WEST VIRGINIA
(38.668501, -80.709421)",
GEORGIA,2017,13,,-,1,,8,,3,,10,,,-,0,,0,,,-,,-,,-,22,,41,,20,,381,,"GEORGIA
(32.836038, -83.631709)",
KANSAS,2017,13,,-,0,,1,,,-,1,,,-,1,,10,,1,,7,,,-,2,,6,,29,,28,,"KANSAS
(38.345528, -98.201847)",
OHIO,2017,13,,-,0,,1,,,-,,-,,-,0,,4,,,-,,-,,-,13,,22,,136,,193,,"OHIO
(40.056807, -82.405897)",
MISSISSIPPI,2017,13,,-,0,,0,,,-,,-,,-,1,,8,,5,,11,,2,,6,,15,,51,,60,,"MISSISSIPPI
(32.738663, -89.537312)",
VIRGIN ISL.,2017,13,,-,0,,0,,,-,,-,,-,0,,0,,,-,,-,,-,0,,0,,,-,,-,"VIRGIN ISLANDS
(18.060868, -64.840836)",
VERMONT,2017,13,,-,0,,0,,,-,,-,,-,0,,2,,,-,,-,,-,0,,3,,5,,6,,"VERMONT
(43.622479, -72.51927)",
LOUISIANA,2017,13,,-,0,,0,,,-,,-,,-,0,,2,,1,,,-,1,,12,,30,,121,,158,,"LOUISIANA
(31.2931, -92.463284)",
DELAWARE,2017,13,,-,0,,0,,,-,,-,,-,0,,3,,,-,3,,1,,0,,7,,5,,20,,"DELAWARE
(39.008676, -75.574561)",
CONNECTICUT,2017,13,,-,0,,0,,,-,,-,1,,0,,2,,1,,,-,,-,1,,7,,11,,41,,"CONNECTICUT
(41.544654, -72.651713)",
ILLINOIS,2017,13,,-,0,,1,,,-,,-,,-,0,,7,,1,,3,,,-,22,,40,,9,,302,,"ILLINOIS
(40.477092, -88.993221)",
NEW JERSEY,2017,13,,-,0,,0,,,-,,-,,-,0,,3,,7,,,-,,-,7,,15,,45,,105,,"NEW JERSEY
(40.104655, -74.386686)",
ALASKA,2017,13,,N,0,,0,,,N,,N,,N,0,,0,,,N,,N,,-,0,,1,,,-,,-,"ALASKA
(64.836661, -147.738891)",
CALIFORNIA,2017,13,,-,0,,1,,,-,,-,,-,0,,3,,1,,3,,21,,109,,159,,1137,,1446,,"CALIFORNIA
(37.640735, -121.002435)",
NORTH DAKOTA,2017,13,,-,0,,0,,,-,,-,,-,0,,1,,,-,,-,,-,0,,3,,2,,7,,"NORTH DAKOTA
(47.475879, -100.121011)",
WYOMING,2017,13,,-,0,,0,,,-,,-,,-,0,,1,,,-,,-,,-,0,,1,,1,,,-,"WYOMING
(43.23558, -108.110518)",
C.N.M.I.,2017,13,,-,,-,,-,,-,,-,,-,,-,,-,,-,,-,,-,,-,,-,,-,,-,"NORTHERN MARIANA ISLANDS
(15.1834, 145.725693)",
MASSACHUSETTS,2017,13,,-,0,,0,,,-,,-,,-,0,,2,,,-,,-,1,,10,,22,,125,,132,,"MASSACHUSETTS
(42.268546, -72.085064)",
WISCONSIN,2017,13,,-,0,,0,,,-,,-,,-,0,,2,,,-,2,,2,,2,,15,,43,,39,,"WISCONSIN
(44.395526, -89.834513)",
MONTANA,2017,13,,-,0,,1,,,-,,-,,-,0,,1,,,-,,-,,-,0,,3,,10,,5,,"MONTANA
(47.062617, -109.430168)",
TENNESSEE,2017,13,,-,0,,1,,,-,1,,,-,10,,40,,14,,20,,1,,6,,13,,40,,112,,"TENNESSEE
(35.681402, -85.774444)",
UNITED STATES,2017,14,1,,2,,11,,11,,17,,10,,58,,219,,200,,211,,110,,503,,633,,5067,,7348,,,
NEW ENGLAND,2017,14,,-,0,,0,,,-,,-,,-,0,,2,,3,,2,,,-,14,,29,,164,,211,,,
MID. ATLANTIC,2017,14,,-,0,,1,,,-,,-,1,,2,,8,,18,,10,,19,,65,,92,,709,,927,,,
NEW YORK CITY,2017,14,,-,0,,0,,,-,,-,1,,0,,3,,2,,4,,1,,33,,49,,350,,514,,,
E.N. CENTRAL,2017,14,,-,0,,2,,,-,,-,,-,2,,15,,3,,12,,2,,48,,70,,334,,780,,,
W.N. CENTRAL,2017,14,,-,0,,2,,2,,1,,2,,7,,28,,14,,15,,2,,19,,29,,213,,287,,,
S. ATLANTIC,2017,14,1,,1,,10,,6,,12,,1,,15,,45,,38,,52,,8,,110,,162,,899,,1758,,,
E.S. CENTRAL,2017,14,,-,0,,4,,,-,2,,,-,21,,67,,64,,81,,5,,23,,38,,213,,324,,,
W.S. CENTRAL,2017,14,,-,0,,1,,,-,,-,6,,13,,80,,56,,34,,43,,58,,71,,738,,798,,,
MOUNTAIN,2017,14,,-,0,,2,,2,,2,,,-,0,,3,,3,,2,,3,,32,,57,,355,,441,,,
PACIFIC,2017,14,,-,0,,1,,1,,,-,,-,0,,3,,1,,3,,28,,129,,174,,1442,,1822,,,
AMER. SAMOA,2017,14,,N,0,,0,,,N,,N,,N,0,,0,,,N,,N,,-,0,,0,,,-,,-,,
OKLAHOMA,2017,14,,-,0,,1,,,-,,-,,-,0,,2,,,-,,-,,-,1,,9,,7,,84,,"OKLAHOMA
(35.468494, -97.521264)",
NEW HAMPSHIRE,2017,14,,-,0,,0,,,-,,-,,-,0,,1,,1,,,-,,-,1,,11,,13,,15,,"NEW HAMPSHIRE
(43.657736, -71.500736)",
WISCONSIN,2017,14,,-,0,,0,,,-,,-,,-,0,,2,,,-,2,,,-,2,,16,,48,,42,,"WISCONSIN
(44.395526, -89.834513)",
NORTH CAROLINA,2017,14,,-,0,,2,,,-,,-,,-,7,,29,,14,,30,,,-,19,,28,,136,,313,,"NORTH CAROLINA
(35.47995, -79.180571)",
MICHIGAN,2017,14,,-,0,,1,,,-,,-,,-,0,,2,,1,,2,,,-,7,,12,,26,,101,,"MICHIGAN
(44.66399, -84.711206)",
DIST. OF COL.,2017,14,,-,0,,1,,,-,,-,,-,0,,1,,1,,,-,,-,1,,7,,2,,33,,"DISTRICT OF COLUMBIA
(38.892062, -77.019912)",
NEW JERSEY,2017,14,,-,0,,0,,,-,,-,,-,0,,3,,7,,,-,,-,6,,15,,49,,113,,"NEW JERSEY
(40.104655, -74.386686)",
OHIO,2017,14,,-,0,,1,,,-,,-,,-,0,,4,,,-,,-,,-,13,,22,,179,,207,,"OHIO
(40.056807, -82.405897)",
CALIFORNIA,2017,14,,-,0,,1,,,-,,-,,-,0,,3,,1,,3,,14,,109,,159,,1258,,1558,,"CALIFORNIA
(37.640735, -121.002435)",
SOUTH DAKOTA,2017,14,,-,0,,1,,,-,,-,,-,0,,2,,,-,,-,,-,0,,2,,2,,5,,"SOUTH DAKOTA
(44.35371, -100.373709)",
IOWA,2017,14,,-,0,,0,,,-,,-,,-,0,,2,,,-,,-,,-,1,,5,,17,,22,,"IOWA
(42.46942, -93.815856)",
NEW YORK,2017,14,,-,0,,1,,,-,,-,,-,0,,2,,3,,2,,13,,11,,28,,132,,100,,"NEW YORK
(42.826892, -75.544286)",
ILLINOIS,2017,14,,-,0,,1,,,-,,-,,-,1,,7,,2,,3,,,-,21,,41,,15,,329,,"ILLINOIS
(40.477092, -88.993221)",
WASHINGTON,2017,14,,-,0,,0,,,-,,-,,-,0,,0,,,-,,-,7,,9,,23,,91,,141,,"WASHINGTON
(47.517368, -120.467672)",
HAWAII,2017,14,,N,0,,0,,,N,,N,,N,0,,0,,,N,,N,,-,1,,4,,14,,30,,"HAWAII
(21.30992, -157.858158)",
ARKANSAS,2017,14,,-,0,,1,,,-,,-,6,,9,,75,,43,,28,,,-,2,,10,,29,,36,,"ARKANSAS
(34.748745, -92.275105)",
COLORADO,2017,14,,-,0,,0,,,-,,-,,-,0,,1,,,-,,-,,-,4,,14,,53,,64,,"COLORADO
(38.841772, -106.132562)",
MARYLAND,2017,14,1,,0,,1,,2,,,-,,-,0,,3,,5,,,-,,-,9,,15,,70,,146,,"MARYLAND
(39.290443, -76.612333)",
NEVADA,2017,14,,-,0,,0,,,-,,-,,-,0,,1,,,-,,-,3,,9,,25,,117,,101,,"NEVADA
(39.491833, -117.070159)",
CONNECTICUT,2017,14,,-,0,,0,,,-,,-,,-,0,,2,,1,,,-,,-,1,,7,,13,,41,,"CONNECTICUT
(41.544654, -72.651713)",
ARIZONA,2017,14,,-,0,,2,,2,,2,,,-,0,,1,,3,,2,,,-,13,,24,,116,,165,,"ARIZONA
(34.869712, -111.760902)",
GEORGIA,2017,14,,-,1,,8,,3,,12,,,-,0,,0,,,-,,-,1,,22,,41,,55,,405,,"GEORGIA
(32.836038, -83.631709)",
NORTH DAKOTA,2017,14,,-,0,,0,,,-,,-,,-,0,,1,,,-,,-,,-,0,,3,,3,,7,,"NORTH DAKOTA
(47.475879, -100.121011)",
PUERTO RICO,2017,14,,N,0,,0,,,N,,N,,N,0,,0,,,N,,N,1,,8,,19,,83,,167,,"PUERTO RICO
(18.215692, -66.414655)",
VIRGINIA,2017,14,,-,0,,1,,,-,,-,1,,5,,18,,6,,16,,,-,0,,41,,,-,89,,"VIRGINIA
(37.542699, -78.45822)",
WEST VIRGINIA,2017,14,,-,0,,0,,,-,,-,,-,0,,2,,,-,,-,,-,1,,4,,10,,15,,"WEST VIRGINIA
(38.668501, -80.709421)",
NEW MEXICO,2017,14,,-,0,,0,,,-,,-,,-,0,,0,,,-,,-,,-,3,,11,,34,,57,,"NEW MEXICO
(34.520396, -106.244402)",
MAINE,2017,14,,-,0,,0,,,-,,-,,-,0,,1,,1,,1,,,-,1,,4,,7,,13,,"MAINE
(45.252223, -68.986647)",
TEXAS,2017,14,,-,0,,1,,,-,,-,,-,1,,8,,12,,6,,41,,39,,55,,565,,511,,"TEXAS
(31.827233, -99.423022)",
INDIANA,2017,14,,-,0,,0,,,-,,-,,-,0,,6,,,-,5,,2,,6,,12,,66,,101,,"INDIANA
(39.76845, -86.156212)",
VERMONT,2017,14,,-,0,,0,,,-,,-,,-,0,,2,,,-,,-,,-,0,,3,,6,,6,,"VERMONT
(43.622479, -72.51927)",
DELAWARE,2017,14,,-,0,,0,,,-,,-,,-,0,,3,,,-,3,,3,,0,,7,,8,,20,,"DELAWARE
(39.008676, -75.574561)",
WYOMING,2017,14,,-,0,,0,,,-,,-,,-,0,,1,,,-,,-,,-,0,,1,,,-,,-,"WYOMING
(43.23558, -108.110518)",
KANSAS,2017,14,,-,0,,1,,,-,1,,,-,1,,11,,2,,8,,,-,2,,6,,31,,32,,"KANSAS
(38.345528, -98.201847)",
ALASKA,2017,14,,N,0,,0,,,N,,N,,N,0,,0,,,N,,N,,-,0,,1,,,-,,-,"ALASKA
(64.836661, -147.738891)",
MONTANA,2017,14,,-,0,,1,,,-,,-,,-,0,,1,,,-,,-,,-,0,,3,,10,,5,,"MONTANA
(47.062617, -109.430168)",
MINNESOTA,2017,14,,-,0,,0,,,-,,-,,-,0,,0,,,-,,-,1,,5,,11,,66,,103,,"MINNESOTA
(46.357661, -94.793397)",
PENNSYLVANIA,2017,14,,-,0,,1,,,-,,-,,-,0,,6,,6,,4,,5,,15,,35,,178,,200,,"PENNSYLVANIA
(40.789676, -77.858055)",
VIRGIN ISL.,2017,14,,-,0,,0,,,-,,-,,-,0,,0,,,-,,-,,-,0,,0,,,-,,-,"VIRGIN ISLANDS
(18.060868, -64.840836)",
OREGON,2017,14,,-,0,,1,,1,,,-,,-,0,,1,,,-,,-,7,,6,,15,,79,,93,,"OREGON
(44.567912, -120.156945)",
ALABAMA,2017,14,,-,0,,1,,,-,,-,,-,7,,24,,28,,30,,,-,7,,13,,66,,89,,"ALABAMA
(32.839182, -86.631125)",
MISSISSIPPI,2017,14,,-,0,,0,,,-,,-,,-,1,,9,,5,,12,,2,,6,,15,,56,,65,,"MISSISSIPPI
(32.738663, -89.537312)",
TENNESSEE,2017,14,,-,0,,1,,,-,1,,,-,10,,40,,16,,26,,,-,7,,12,,64,,119,,"TENNESSEE
(35.681402, -85.774444)",
IDAHO,2017,14,,-,0,,1,,,-,,-,,-,0,,1,,,-,,-,,-,1,,3,,12,,16,,"IDAHO
(43.680635, -114.364237)",
LOUISIANA,2017,14,,-,0,,0,,,-,,-,,-,0,,2,,1,,,-,2,,14,,30,,137,,167,,"LOUISIANA
(31.2931, -92.463284)",
UTAH,2017,14,,-,0,,0,,,-,,-,,-,0,,1,,,-,,-,,-,1,,6,,13,,33,,"UTAH
(39.359772, -111.584173)",
C.N.M.I.,2017,14,,-,,-,,-,,-,,-,,-,,-,,-,,-,,-,,-,,-,,-,,-,,-,"NORTHERN MARIANA ISLANDS
(15.1834, 145.725693)",
KENTUCKY,2017,14,,-,0,,2,,,-,1,,,-,2,,11,,15,,13,,3,,3,,13,,27,,51,,"KENTUCKY
(37.64591, -84.774043)",
NEBRASKA,2017,14,,-,0,,0,,,-,,-,,-,0,,4,,,-,,-,,-,1,,6,,5,,7,,"NEBRASKA
(41.640503, -99.367122)",
RHODE ISLAND,2017,14,,-,0,,0,,,-,,-,,-,0,,2,,,-,,-,,-,0,,18,,,-,,-,"RHODE ISLAND
(41.707447, -71.522488)",
MISSOURI,2017,14,,-,0,,1,,2,,,-,2,,5,,22,,12,,7,,1,,7,,14,,89,,111,,"MISSOURI
(38.636168, -92.566292)",
FLORIDA,2017,14,,-,0,,1,,1,,,-,,-,0,,2,,5,,1,,3,,46,,65,,532,,633,,"FLORIDA
(28.915325, -81.922409)",
SOUTH CAROLINA,2017,14,,-,0,,1,,,-,,-,,-,1,,5,,7,,2,,1,,5,,13,,86,,104,,"SOUTH CAROLINA
(34.009286, -81.037094)",
GUAM,2017,14,,N,0,,0,,,N,,N,,N,0,,0,,,N,,N,,-,0,,0,,,-,,-,"GUAM
(13.3532, 144.653198)",
MASSACHUSETTS,2017,14,,-,0,,0,,,-,,-,,-,0,,2,,,-,1,,,-,9,,22,,125,,136,,"MASSACHUSETTS
(42.268546, -72.085064)",
UNITED STATES,2017,15,2,,2,,10,,14,,18,,12,,58,,219,,230,,262,,80,,503,,636,,5498,,7858,,,
NEW ENGLAND,2017,15,,-,0,,0,,,-,,-,,-,0,,2,,3,,2,,1,,14,,29,,177,,228,,,
MID. ATLANTIC,2017,15,,-,0,,1,,,-,,-,,-,2,,8,,20,,10,,13,,65,,91,,755,,978,,,
NEW YORK CITY,2017,15,,-,0,,0,,,-,,-,,-,0,,3,,2,,4,,3,,33,,48,,360,,544,,,
E.N. CENTRAL,2017,15,,-,0,,2,,,-,,-,,-,2,,15,,5,,12,,1,,47,,70,,338,,844,,,
W.N. CENTRAL,2017,15,1,,0,,2,,3,,1,,1,,7,,28,,21,,22,,1,,19,,29,,230,,300,,,
S. ATLANTIC,2017,15,1,,1,,9,,7,,13,,1,,15,,44,,41,,67,,8,,110,,162,,1009,,1875,,,
E.S. CENTRAL,2017,15,,-,0,,4,,,-,2,,1,,21,,67,,68,,102,,8,,23,,38,,221,,343,,,
W.S. CENTRAL,2017,15,,-,0,,1,,,-,,-,9,,13,,80,,68,,41,,27,,58,,71,,789,,864,,,
MOUNTAIN,2017,15,,-,0,,3,,3,,2,,,-,0,,3,,3,,3,,3,,32,,57,,398,,474,,,
PACIFIC,2017,15,,-,0,,1,,1,,,-,,-,0,,3,,1,,3,,18,,129,,176,,1581,,1952,,,
AMER. SAMOA,2017,15,,N,0,,0,,,N,,N,,N,0,,0,,,N,,N,,-,0,,0,,,-,,-,,
WISCONSIN,2017,15,,-,0,,0,,,-,,-,,-,0,,2,,,-,2,,,-,2,,16,,48,,45,,"WISCONSIN
(44.395526, -89.834513)",
NEBRASKA,2017,15,,-,0,,0,,,-,,-,,-,0,,4,,,-,,-,,-,1,,6,,5,,7,,"NEBRASKA
(41.640503, -99.367122)",
MISSISSIPPI,2017,15,,-,0,,0,,,-,,-,,-,1,,9,,6,,13,,,-,6,,15,,56,,71,,"MISSISSIPPI
(32.738663, -89.537312)",
COLORADO,2017,15,,-,0,,0,,,-,,-,,-,0,,1,,,-,,-,,-,4,,14,,58,,70,,"COLORADO
(38.841772, -106.132562)",
VIRGINIA,2017,15,,-,0,,1,,,-,,-,1,,5,,18,,9,,20,,,-,0,,41,,,-,89,,"VIRGINIA
(37.542699, -78.45822)",
INDIANA,2017,15,,-,0,,0,,,-,,-,,-,0,,6,,,-,5,,1,,6,,12,,70,,113,,"INDIANA
(39.76845, -86.156212)",
MONTANA,2017,15,,-,0,,1,,,-,,-,,-,0,,1,,,-,,-,,-,0,,3,,10,,8,,"MONTANA
(47.062617, -109.430168)",
ARIZONA,2017,15,,-,0,,3,,3,,2,,,-,0,,1,,3,,3,,,-,13,,24,,142,,172,,"ARIZONA
(34.869712, -111.760902)",
IDAHO,2017,15,,-,0,,1,,,-,,-,,-,0,,1,,,-,,-,,-,1,,3,,12,,19,,"IDAHO
(43.680635, -114.364237)",
CONNECTICUT,2017,15,,-,0,,0,,,-,,-,,-,0,,2,,1,,,-,1,,1,,7,,15,,41,,"CONNECTICUT
(41.544654, -72.651713)",
NORTH DAKOTA,2017,15,,-,0,,0,,,-,,-,,-,0,,1,,,-,,-,,-,0,,3,,3,,7,,"NORTH DAKOTA
(47.475879, -100.121011)",
FLORIDA,2017,15,,-,0,,0,,,-,,-,,-,0,,0,,,-,,-,3,,46,,63,,578,,683,,"FLORIDA
(28.915325, -81.922409)",
PENNSYLVANIA,2017,15,,-,0,,1,,,-,,-,,-,0,,6,,8,,4,,,-,15,,35,,196,,209,,"PENNSYLVANIA
(40.789676, -77.858055)",
MASSACHUSETTS,2017,15,,-,0,,0,,,-,,-,,-,0,,2,,,-,1,,,-,10,,22,,135,,148,,"MASSACHUSETTS
(42.268546, -72.085064)",
MICHIGAN,2017,15,,-,0,,1,,,-,,-,,-,0,,2,,1,,2,,,-,6,,12,,27,,115,,"MICHIGAN
(44.66399, -84.711206)",
NEW YORK,2017,15,,-,0,,1,,,-,,-,,-,0,,2,,3,,2,,10,,11,,28,,142,,108,,"NEW YORK
(42.826892, -75.544286)",
WEST VIRGINIA,2017,15,,-,0,,0,,,-,,-,,-,0,,2,,,-,,-,,-,1,,4,,11,,16,,"WEST VIRGINIA
(38.668501, -80.709421)",
ARKANSAS,2017,15,,-,0,,1,,,-,,-,9,,10,,75,,55,,33,,,-,3,,10,,35,,46,,"ARKANSAS
(34.748745, -92.275105)",
NEW JERSEY,2017,15,,-,0,,0,,,-,,-,,-,0,,3,,7,,,-,,-,6,,15,,57,,117,,"NEW JERSEY
(40.104655, -74.386686)",
OREGON,2017,15,,-,0,,1,,1,,,-,,-,0,,1,,,-,,-,1,,6,,15,,82,,100,,"OREGON
(44.567912, -120.156945)",
GEORGIA,2017,15,,-,1,,8,,3,,13,,,-,0,,0,,,-,,-,2,,21,,41,,87,,430,,"GEORGIA
(32.836038, -83.631709)",
CALIFORNIA,2017,15,,-,0,,1,,,-,,-,,-,0,,3,,1,,3,,13,,110,,161,,1390,,1670,,"CALIFORNIA
(37.640735, -121.002435)",
NORTH CAROLINA,2017,15,,-,0,,2,,,-,,-,,-,7,,29,,18,,38,,,-,19,,28,,141,,332,,"NORTH CAROLINA
(35.47995, -79.180571)",
C.N.M.I.,2017,15,,-,,-,,-,,-,,-,,-,,-,,-,,-,,-,,-,,-,,-,,-,,-,"NORTHERN MARIANA ISLANDS
(15.1834, 145.725693)",
SOUTH DAKOTA,2017,15,,-,0,,1,,,-,,-,,-,0,,2,,,-,,-,,-,0,,2,,2,,6,,"SOUTH DAKOTA
(44.35371, -100.373709)",
GUAM,2017,15,,N,0,,0,,,N,,N,,N,0,,0,,,N,,N,,-,0,,0,,,-,,-,"GUAM
(13.3532, 144.653198)",
NEW HAMPSHIRE,2017,15,,-,0,,0,,,-,,-,,-,0,,1,,1,,,-,,-,1,,11,,14,,17,,"NEW HAMPSHIRE
(43.657736, -71.500736)",
WASHINGTON,2017,15,,-,0,,0,,,-,,-,,-,0,,0,,,-,,-,4,,9,,23,,95,,150,,"WASHINGTON
(47.517368, -120.467672)",
DELAWARE,2017,15,,-,0,,0,,,-,,-,,-,0,,3,,,-,6,,,-,0,,7,,8,,20,,"DELAWARE
(39.008676, -75.574561)",
ALABAMA,2017,15,,-,0,,1,,,-,,-,,-,7,,24,,29,,38,,,-,7,,13,,66,,95,,"ALABAMA
(32.839182, -86.631125)",
MAINE,2017,15,,-,0,,0,,,-,,-,,-,0,,1,,1,,1,,,-,1,,4,,7,,14,,"MAINE
(45.252223, -68.986647)",
VIRGIN ISL.,2017,15,,-,0,,0,,,-,,-,,-,0,,0,,,-,,-,,-,0,,0,,,-,,-,"VIRGIN ISLANDS
(18.060868, -64.840836)",
MARYLAND,2017,15,1,,0,,1,,4,,,-,,-,0,,3,,6,,1,,,-,9,,15,,85,,161,,"MARYLAND
(39.290443, -76.612333)",
ILLINOIS,2017,15,,-,0,,1,,,-,,-,,-,1,,7,,4,,3,,,-,20,,41,,6,,353,,"ILLINOIS
(40.477092, -88.993221)",
HAWAII,2017,15,,N,0,,0,,,N,,N,,N,0,,0,,,N,,N,,-,1,,4,,14,,32,,"HAWAII
(21.30992, -157.858158)",
DIST. OF COL.,2017,15,,-,0,,1,,,-,,-,,-,0,,1,,1,,,-,,-,1,,7,,2,,36,,"DISTRICT OF COLUMBIA
(38.892062, -77.019912)",
TENNESSEE,2017,15,,-,0,,1,,,-,1,,1,,10,,40,,18,,35,,,-,7,,12,,64,,125,,"TENNESSEE
(35.681402, -85.774444)",
WYOMING,2017,15,,-,0,,0,,,-,,-,,-,0,,1,,,-,,-,,-,0,,1,,,-,1,,"WYOMING
(43.23558, -108.110518)",
IOWA,2017,15,,-,0,,0,,,-,,-,,-,0,,2,,,-,,-,,-,1,,5,,17,,23,,"IOWA
(42.46942, -93.815856)",
RHODE ISLAND,2017,15,,-,0,,0,,,-,,-,,-,0,,2,,,-,,-,,-,0,,18,,,-,1,,"RHODE ISLAND
(41.707447, -71.522488)",
LOUISIANA,2017,15,,-,0,,0,,,-,,-,,-,0,,2,,1,,,-,1,,14,,30,,147,,179,,"LOUISIANA
(31.2931, -92.463284)",
NEVADA,2017,15,,-,0,,0,,,-,,-,,-,0,,1,,,-,,-,2,,9,,25,,126,,111,,"NEVADA
(39.491833, -117.070159)",
TEXAS,2017,15,,-,0,,1,,,-,,-,,-,1,,10,,12,,8,,26,,39,,55,,597,,553,,"TEXAS
(31.827233, -99.423022)",
MISSOURI,2017,15,1,,0,,1,,3,,,-,1,,5,,22,,16,,13,,,-,7,,14,,95,,115,,"MISSOURI
(38.636168, -92.566292)",
OHIO,2017,15,,-,0,,1,,,-,,-,,-,0,,4,,,-,,-,,-,13,,22,,187,,218,,"OHIO
(40.056807, -82.405897)",
KANSAS,2017,15,,-,0,,1,,,-,1,,,-,2,,11,,5,,9,,1,,2,,6,,36,,34,,"KANSAS
(38.345528, -98.201847)",
SOUTH CAROLINA,2017,15,,-,0,,1,,,-,,-,,-,1,,5,,7,,2,,3,,5,,16,,97,,108,,"SOUTH CAROLINA
(34.009286, -81.037094)",
VERMONT,2017,15,,-,0,,0,,,-,,-,,-,0,,2,,,-,,-,,-,0,,3,,6,,7,,"VERMONT
(43.622479, -72.51927)",
OKLAHOMA,2017,15,,-,0,,1,,,-,,-,,-,0,,2,,,-,,-,,-,1,,9,,10,,86,,"OKLAHOMA
(35.468494, -97.521264)",
ALASKA,2017,15,,N,0,,0,,,N,,N,,N,0,,0,,,N,,N,,-,0,,1,,,-,,-,"ALASKA
(64.836661, -147.738891)",
NEW MEXICO,2017,15,,-,0,,0,,,-,,-,,-,0,,0,,,-,,-,1,,3,,11,,37,,57,,"NEW MEXICO
(34.520396, -106.244402)",
UTAH,2017,15,,-,0,,0,,,-,,-,,-,0,,1,,,-,,-,,-,1,,6,,13,,36,,"UTAH
(39.359772, -111.584173)",
KENTUCKY,2017,15,,-,0,,2,,,-,1,,,-,2,,11,,15,,16,,8,,3,,13,,35,,52,,"KENTUCKY
(37.64591, -84.774043)",
PUERTO RICO,2017,15,,N,0,,0,,,N,,N,,N,0,,0,,,N,,N,1,,8,,19,,89,,174,,"PUERTO RICO
(18.215692, -66.414655)",
MINNESOTA,2017,15,,-,0,,0,,,-,,-,,-,0,,0,,,-,,-,,-,5,,11,,72,,108,,"MINNESOTA
(46.357661, -94.793397)",
